{
	"start":	{
		"connected":	[{
				"socket":	5,
				"local_host":	"10.0.1.1",
				"local_port":	52538,
				"remote_host":	"10.0.0.1",
				"remote_port":	5201
			}],
		"version":	"iperf 3.9+",
		"system_info":	"Linux han-3 5.10.0 #9 SMP PREEMPT Tue Feb 23 15:01:43 PST 2021 x86_64",
		"timestamp":	{
			"time":	"Mon, 22 May 2023 23:29:41 GMT",
			"timesecs":	1684798181
		},
		"connecting_to":	{
			"host":	"10.0.0.1",
			"port":	5201
		},
		"cookie":	"uyuodphfca4jh5ssbvte5lu4at25vnwemoys",
		"tcp_mss_default":	8948,
		"target_bitrate":	2000000000,
		"sock_bufsize":	0,
		"sndbuf_actual":	16384,
		"rcvbuf_actual":	131072,
		"test_start":	{
			"protocol":	"TCP",
			"num_streams":	1,
			"blksize":	131072,
			"omit":	0,
			"duration":	100,
			"bytes":	0,
			"blocks":	0,
			"reverse":	0,
			"tos":	0
		}
	},
	"intervals":	[{
			"streams":	[{
					"socket":	5,
					"start":	0,
					"end":	60.000072,
					"seconds":	60.000072479248047,
					"bytes":	14999879680,
					"bits_per_second":	1999981541.3806963,
					"retransmits":	9,
					"snd_cwnd":	402660,
					"rtt":	320,
					"rttvar":	12,
					"pmtu":	9000,
					"omitted":	false,
					"sender":	true
				}],
			"sum":	{
				"start":	0,
				"end":	60.000072,
				"seconds":	60.000072479248047,
				"bytes":	14999879680,
				"bits_per_second":	1999981541.3806963,
				"retransmits":	9,
				"omitted":	false,
				"sender":	true
			}
		}, {
			"streams":	[{
					"socket":	5,
					"start":	60.000072,
					"end":	100.000081,
					"seconds":	40.000007629394531,
					"bytes":	10000007168,
					"bits_per_second":	2000001052.1300728,
					"retransmits":	0,
					"snd_cwnd":	402660,
					"rtt":	328,
					"rttvar":	10,
					"pmtu":	9000,
					"omitted":	false,
					"sender":	true
				}],
			"sum":	{
				"start":	60.000072,
				"end":	100.000081,
				"seconds":	40.000007629394531,
				"bytes":	10000007168,
				"bits_per_second":	2000001052.1300728,
				"retransmits":	0,
				"omitted":	false,
				"sender":	true
			}
		}],
	"end":	{
		"streams":	[{
				"sender":	{
					"socket":	5,
					"start":	0,
					"end":	100.000081,
					"seconds":	100.000081,
					"bytes":	24999886848,
					"bits_per_second":	1999989327.8486445,
					"retransmits":	9,
					"max_snd_cwnd":	402660,
					"max_rtt":	328,
					"min_rtt":	320,
					"mean_rtt":	324,
					"sender":	true
				},
				"receiver":	{
					"socket":	5,
					"start":	0,
					"end":	100.00017,
					"seconds":	100.000081,
					"bytes":	24999886848,
					"bits_per_second":	1999987547.8611686,
					"sender":	true
				}
			}],
		"sum_sent":	{
			"start":	0,
			"end":	100.000081,
			"seconds":	100.000081,
			"bytes":	24999886848,
			"bits_per_second":	1999989327.8486445,
			"retransmits":	9,
			"sender":	true
		},
		"sum_received":	{
			"start":	0,
			"end":	100.00017,
			"seconds":	100.00017,
			"bytes":	24999886848,
			"bits_per_second":	1999987547.8611686,
			"sender":	true
		},
		"cpu_utilization_percent":	{
			"host_total":	8.0555361643482666,
			"host_user":	1.6114148255827818,
			"host_system":	6.4441223387417947,
			"remote_total":	23.246953204834924,
			"remote_user":	1.2393211267020563,
			"remote_system":	22.007630079097243
		},
		"sender_tcp_congestion":	"cubic",
		"receiver_tcp_congestion":	"reno"
	}
}
