{
	"start":	{
		"connected":	[{
				"socket":	5,
				"local_host":	"10.0.1.1",
				"local_port":	52112,
				"remote_host":	"10.0.0.1",
				"remote_port":	5201
			}],
		"version":	"iperf 3.9+",
		"system_info":	"Linux han-3 5.10.0 #9 SMP PREEMPT Tue Feb 23 15:01:43 PST 2021 x86_64",
		"timestamp":	{
			"time":	"Mon, 22 May 2023 22:01:16 GMT",
			"timesecs":	1684792876
		},
		"connecting_to":	{
			"host":	"10.0.0.1",
			"port":	5201
		},
		"cookie":	"wv7dkc2wpvo43msmczy33d5jjubouxd3j6px",
		"tcp_mss_default":	8948,
		"target_bitrate":	1000000000,
		"sock_bufsize":	0,
		"sndbuf_actual":	16384,
		"rcvbuf_actual":	131072,
		"test_start":	{
			"protocol":	"TCP",
			"num_streams":	1,
			"blksize":	131072,
			"omit":	0,
			"duration":	100,
			"bytes":	0,
			"blocks":	0,
			"reverse":	0,
			"tos":	0
		}
	},
	"intervals":	[{
			"streams":	[{
					"socket":	5,
					"start":	0,
					"end":	60.000063,
					"seconds":	60.000064849853516,
					"bytes":	7499939840,
					"bits_per_second":	999990897.84561265,
					"retransmits":	3,
					"snd_cwnd":	286336,
					"rtt":	269,
					"rttvar":	36,
					"pmtu":	9000,
					"omitted":	false,
					"sender":	true
				}],
			"sum":	{
				"start":	0,
				"end":	60.000063,
				"seconds":	60.000064849853516,
				"bytes":	7499939840,
				"bits_per_second":	999990897.84561265,
				"retransmits":	3,
				"omitted":	false,
				"sender":	true
			}
		}, {
			"streams":	[{
					"socket":	5,
					"start":	60.000063,
					"end":	100.000083,
					"seconds":	40.000019073486328,
					"bytes":	5000003584,
					"bits_per_second":	1000000239.9627274,
					"retransmits":	0,
					"snd_cwnd":	286336,
					"rtt":	291,
					"rttvar":	17,
					"pmtu":	9000,
					"omitted":	false,
					"sender":	true
				}],
			"sum":	{
				"start":	60.000063,
				"end":	100.000083,
				"seconds":	40.000019073486328,
				"bytes":	5000003584,
				"bits_per_second":	1000000239.9627274,
				"retransmits":	0,
				"omitted":	false,
				"sender":	true
			}
		}],
	"end":	{
		"streams":	[{
				"sender":	{
					"socket":	5,
					"start":	0,
					"end":	100.000083,
					"seconds":	100.000083,
					"bytes":	12499943424,
					"bits_per_second":	999994643.92444551,
					"retransmits":	3,
					"max_snd_cwnd":	286336,
					"max_rtt":	291,
					"min_rtt":	269,
					"mean_rtt":	280,
					"sender":	true
				},
				"receiver":	{
					"socket":	5,
					"start":	0,
					"end":	100.000438,
					"seconds":	100.000083,
					"bytes":	12499943424,
					"bits_per_second":	999991093.95900846,
					"sender":	true
				}
			}],
		"sum_sent":	{
			"start":	0,
			"end":	100.000083,
			"seconds":	100.000083,
			"bytes":	12499943424,
			"bits_per_second":	999994643.92444551,
			"retransmits":	3,
			"sender":	true
		},
		"sum_received":	{
			"start":	0,
			"end":	100.000438,
			"seconds":	100.000438,
			"bytes":	12499943424,
			"bits_per_second":	999991093.95900846,
			"sender":	true
		},
		"cpu_utilization_percent":	{
			"host_total":	6.2463978921426051,
			"host_user":	3.1231979460934118,
			"host_system":	3.1231979460934118,
			"remote_total":	14.446832995410325,
			"remote_user":	0.65959528578739279,
			"remote_system":	13.787238709114222
		},
		"sender_tcp_congestion":	"cubic",
		"receiver_tcp_congestion":	"reno"
	}
}
