{
	"start":	{
		"connected":	[{
				"socket":	5,
				"local_host":	"10.0.1.1",
				"local_port":	51924,
				"remote_host":	"10.0.0.1",
				"remote_port":	5201
			}],
		"version":	"iperf 3.9+",
		"system_info":	"Linux han-3 5.10.0 #9 SMP PREEMPT Tue Feb 23 15:01:43 PST 2021 x86_64",
		"timestamp":	{
			"time":	"Mon, 22 May 2023 21:04:14 GMT",
			"timesecs":	1684789454
		},
		"connecting_to":	{
			"host":	"10.0.0.1",
			"port":	5201
		},
		"cookie":	"habhspx5y2ktvajybdnv2gpn6iczqphalx6e",
		"tcp_mss_default":	8948,
		"target_bitrate":	1000000000,
		"sock_bufsize":	0,
		"sndbuf_actual":	16384,
		"rcvbuf_actual":	131072,
		"test_start":	{
			"protocol":	"TCP",
			"num_streams":	1,
			"blksize":	131072,
			"omit":	0,
			"duration":	60,
			"bytes":	0,
			"blocks":	0,
			"reverse":	0,
			"tos":	0
		}
	},
	"intervals":	[{
			"streams":	[{
					"socket":	5,
					"start":	0,
					"end":	60.000092,
					"seconds":	60.000091552734375,
					"bytes":	7499939840,
					"bits_per_second":	999990452.80232823,
					"retransmits":	10,
					"snd_cwnd":	143168,
					"rtt":	263,
					"rttvar":	95,
					"pmtu":	9000,
					"omitted":	false,
					"sender":	true
				}],
			"sum":	{
				"start":	0,
				"end":	60.000092,
				"seconds":	60.000091552734375,
				"bytes":	7499939840,
				"bits_per_second":	999990452.80232823,
				"retransmits":	10,
				"omitted":	false,
				"sender":	true
			}
		}],
	"end":	{
		"streams":	[{
				"sender":	{
					"socket":	5,
					"start":	0,
					"end":	60.000092,
					"seconds":	60.000092,
					"bytes":	7499939840,
					"bits_per_second":	999990445.34798372,
					"retransmits":	10,
					"max_snd_cwnd":	143168,
					"max_rtt":	263,
					"min_rtt":	263,
					"mean_rtt":	263,
					"sender":	true
				},
				"receiver":	{
					"socket":	5,
					"start":	0,
					"end":	60.000275,
					"seconds":	60.000092,
					"bytes":	7499939840,
					"bits_per_second":	999987395.39110446,
					"sender":	true
				}
			}],
		"sum_sent":	{
			"start":	0,
			"end":	60.000092,
			"seconds":	60.000092,
			"bytes":	7499939840,
			"bits_per_second":	999990445.34798372,
			"retransmits":	10,
			"sender":	true
		},
		"sum_received":	{
			"start":	0,
			"end":	60.000275,
			"seconds":	60.000275,
			"bytes":	7499939840,
			"bits_per_second":	999987395.39110446,
			"sender":	true
		},
		"cpu_utilization_percent":	{
			"host_total":	8.0317868471113,
			"host_user":	4.0171708745441137,
			"host_system":	4.01461763916991,
			"remote_total":	14.157525398828142,
			"remote_user":	0.71084795460751249,
			"remote_system":	13.446677444220628
		},
		"sender_tcp_congestion":	"cubic",
		"receiver_tcp_congestion":	"reno"
	}
}
