{
	"start":	{
		"connected":	[{
				"socket":	5,
				"local_host":	"10.0.1.1",
				"local_port":	54492,
				"remote_host":	"10.0.0.1",
				"remote_port":	5201
			}],
		"version":	"iperf 3.9+",
		"system_info":	"Linux han-3 5.10.0 #9 SMP PREEMPT Tue Feb 23 15:01:43 PST 2021 x86_64",
		"timestamp":	{
			"time":	"Tue, 23 May 2023 06:03:24 GMT",
			"timesecs":	1684821804
		},
		"connecting_to":	{
			"host":	"10.0.0.1",
			"port":	5201
		},
		"cookie":	"zvn6feoxk2ftqle2nevf32rl5b33z4nrharf",
		"tcp_mss_default":	8948,
		"target_bitrate":	7000000000,
		"sock_bufsize":	0,
		"sndbuf_actual":	16384,
		"rcvbuf_actual":	131072,
		"test_start":	{
			"protocol":	"TCP",
			"num_streams":	1,
			"blksize":	131072,
			"omit":	0,
			"duration":	50,
			"bytes":	0,
			"blocks":	0,
			"reverse":	0,
			"tos":	0
		}
	},
	"intervals":	[{
			"streams":	[{
					"socket":	5,
					"start":	0,
					"end":	50.00013,
					"seconds":	50.000129699707031,
					"bytes":	43749474304,
					"bits_per_second":	6999897730.9463,
					"retransmits":	23,
					"snd_cwnd":	1163240,
					"rtt":	497,
					"rttvar":	31,
					"pmtu":	9000,
					"omitted":	false,
					"sender":	true
				}],
			"sum":	{
				"start":	0,
				"end":	50.00013,
				"seconds":	50.000129699707031,
				"bytes":	43749474304,
				"bits_per_second":	6999897730.9463,
				"retransmits":	23,
				"omitted":	false,
				"sender":	true
			}
		}],
	"end":	{
		"streams":	[{
				"sender":	{
					"socket":	5,
					"start":	0,
					"end":	50.00013,
					"seconds":	50.00013,
					"bytes":	43749474304,
					"bits_per_second":	6999897688.90601,
					"retransmits":	23,
					"max_snd_cwnd":	1163240,
					"max_rtt":	497,
					"min_rtt":	497,
					"mean_rtt":	497,
					"sender":	true
				},
				"receiver":	{
					"socket":	5,
					"start":	0,
					"end":	50.000277,
					"seconds":	50.00013,
					"bytes":	43749474304,
					"bits_per_second":	6999877109.3208151,
					"sender":	true
				}
			}],
		"sum_sent":	{
			"start":	0,
			"end":	50.00013,
			"seconds":	50.00013,
			"bytes":	43749474304,
			"bits_per_second":	6999897688.90601,
			"retransmits":	23,
			"sender":	true
		},
		"sum_received":	{
			"start":	0,
			"end":	50.000277,
			"seconds":	50.000277,
			"bytes":	43749474304,
			"bits_per_second":	6999877109.3208151,
			"sender":	true
		},
		"cpu_utilization_percent":	{
			"host_total":	33.981657496188049,
			"host_user":	0.48245032399375709,
			"host_system":	33.499203172407164,
			"remote_total":	45.6875248061583,
			"remote_user":	4.09225485201663,
			"remote_system":	41.595269954141671
		},
		"sender_tcp_congestion":	"cubic",
		"receiver_tcp_congestion":	"reno"
	}
}
