{
	"start":	{
		"connected":	[{
				"socket":	5,
				"local_host":	"10.0.1.1",
				"local_port":	56020,
				"remote_host":	"10.0.0.1",
				"remote_port":	5201
			}],
		"version":	"iperf 3.9+",
		"system_info":	"Linux han-3 5.10.0 #9 SMP PREEMPT Tue Feb 23 15:01:43 PST 2021 x86_64",
		"timestamp":	{
			"time":	"Tue, 23 May 2023 11:37:01 GMT",
			"timesecs":	1684841821
		},
		"connecting_to":	{
			"host":	"10.0.0.1",
			"port":	5201
		},
		"cookie":	"2mgtxbkqz5tsglymzfcudcqcmtqmfh63xhev",
		"tcp_mss_default":	8948,
		"target_bitrate":	10000000000,
		"sock_bufsize":	0,
		"sndbuf_actual":	16384,
		"rcvbuf_actual":	131072,
		"test_start":	{
			"protocol":	"TCP",
			"num_streams":	1,
			"blksize":	131072,
			"omit":	0,
			"duration":	100,
			"bytes":	0,
			"blocks":	0,
			"reverse":	0,
			"tos":	0
		}
	},
	"intervals":	[{
			"streams":	[{
					"socket":	5,
					"start":	0,
					"end":	60.000139,
					"seconds":	60.000137329101562,
					"bytes":	74231840768,
					"bits_per_second":	9897556115.3585167,
					"retransmits":	1833,
					"snd_cwnd":	1664328,
					"rtt":	1270,
					"rttvar":	15,
					"pmtu":	9000,
					"omitted":	false,
					"sender":	true
				}],
			"sum":	{
				"start":	0,
				"end":	60.000139,
				"seconds":	60.000137329101562,
				"bytes":	74231840768,
				"bits_per_second":	9897556115.3585167,
				"retransmits":	1833,
				"omitted":	false,
				"sender":	true
			}
		}, {
			"streams":	[{
					"socket":	5,
					"start":	60.000139,
					"end":	100.000055,
					"seconds":	39.999916076660156,
					"bytes":	49498161152,
					"bits_per_second":	9899653000.69858,
					"retransmits":	1083,
					"snd_cwnd":	1440628,
					"rtt":	1174,
					"rttvar":	17,
					"pmtu":	9000,
					"omitted":	false,
					"sender":	true
				}],
			"sum":	{
				"start":	60.000139,
				"end":	100.000055,
				"seconds":	39.999916076660156,
				"bytes":	49498161152,
				"bits_per_second":	9899653000.69858,
				"retransmits":	1083,
				"omitted":	false,
				"sender":	true
			}
		}],
	"end":	{
		"streams":	[{
				"sender":	{
					"socket":	5,
					"start":	0,
					"end":	100.000055,
					"seconds":	100.000055,
					"bytes":	123730001920,
					"bits_per_second":	9898394709.48291,
					"retransmits":	2916,
					"max_snd_cwnd":	1664328,
					"max_rtt":	1270,
					"min_rtt":	1174,
					"mean_rtt":	1222,
					"sender":	true
				},
				"receiver":	{
					"socket":	5,
					"start":	0,
					"end":	100.001334,
					"seconds":	100.000055,
					"bytes":	123728715060,
					"bits_per_second":	9898165163.27672,
					"sender":	true
				}
			}],
		"sum_sent":	{
			"start":	0,
			"end":	100.000055,
			"seconds":	100.000055,
			"bytes":	123730001920,
			"bits_per_second":	9898394709.48291,
			"retransmits":	2916,
			"sender":	true
		},
		"sum_received":	{
			"start":	0,
			"end":	100.001334,
			"seconds":	100.001334,
			"bytes":	123728715060,
			"bits_per_second":	9898165163.27672,
			"sender":	true
		},
		"cpu_utilization_percent":	{
			"host_total":	32.357544582515068,
			"host_user":	2.5728414883052237,
			"host_system":	29.784703094209846,
			"remote_total":	50.602376956282214,
			"remote_user":	3.278281599171907,
			"remote_system":	47.3240953571103
		},
		"sender_tcp_congestion":	"cubic",
		"receiver_tcp_congestion":	"reno"
	}
}
