{
	"start":	{
		"connected":	[{
				"socket":	5,
				"local_host":	"10.0.1.1",
				"local_port":	55462,
				"remote_host":	"10.0.0.1",
				"remote_port":	5201
			}],
		"version":	"iperf 3.9+",
		"system_info":	"Linux han-3 5.10.0 #9 SMP PREEMPT Tue Feb 23 15:01:43 PST 2021 x86_64",
		"timestamp":	{
			"time":	"Tue, 23 May 2023 09:29:35 GMT",
			"timesecs":	1684834175
		},
		"connecting_to":	{
			"host":	"10.0.0.1",
			"port":	5201
		},
		"cookie":	"6y6c3q5yogh6nvffuzit6f2crm5mpqpaesxs",
		"tcp_mss_default":	8948,
		"target_bitrate":	9000000000,
		"sock_bufsize":	0,
		"sndbuf_actual":	16384,
		"rcvbuf_actual":	131072,
		"test_start":	{
			"protocol":	"TCP",
			"num_streams":	1,
			"blksize":	131072,
			"omit":	0,
			"duration":	70,
			"bytes":	0,
			"blocks":	0,
			"reverse":	0,
			"tos":	0
		}
	},
	"intervals":	[{
			"streams":	[{
					"socket":	5,
					"start":	0,
					"end":	60.000097,
					"seconds":	60.000095367431641,
					"bytes":	67499327488,
					"bits_per_second":	8999896026.78385,
					"retransmits":	28,
					"snd_cwnd":	1682224,
					"rtt":	760,
					"rttvar":	19,
					"pmtu":	9000,
					"omitted":	false,
					"sender":	true
				}],
			"sum":	{
				"start":	0,
				"end":	60.000097,
				"seconds":	60.000095367431641,
				"bytes":	67499327488,
				"bits_per_second":	8999896026.78385,
				"retransmits":	28,
				"omitted":	false,
				"sender":	true
			}
		}, {
			"streams":	[{
					"socket":	5,
					"start":	60.000097,
					"end":	70.000072,
					"seconds":	9.9999752044677734,
					"bytes":	11249909760,
					"bits_per_second":	8999950123.8553333,
					"retransmits":	0,
					"snd_cwnd":	1682224,
					"rtt":	706,
					"rttvar":	20,
					"pmtu":	9000,
					"omitted":	false,
					"sender":	true
				}],
			"sum":	{
				"start":	60.000097,
				"end":	70.000072,
				"seconds":	9.9999752044677734,
				"bytes":	11249909760,
				"bits_per_second":	8999950123.8553333,
				"retransmits":	0,
				"omitted":	false,
				"sender":	true
			}
		}],
	"end":	{
		"streams":	[{
				"sender":	{
					"socket":	5,
					"start":	0,
					"end":	70.000072,
					"seconds":	70.000072,
					"bytes":	78749237248,
					"bits_per_second":	8999903571.2991829,
					"retransmits":	28,
					"max_snd_cwnd":	1682224,
					"max_rtt":	760,
					"min_rtt":	706,
					"mean_rtt":	733,
					"sender":	true
				},
				"receiver":	{
					"socket":	5,
					"start":	0,
					"end":	70.00024,
					"seconds":	70.000072,
					"bytes":	78749237248,
					"bits_per_second":	8999881971.60467,
					"sender":	true
				}
			}],
		"sum_sent":	{
			"start":	0,
			"end":	70.000072,
			"seconds":	70.000072,
			"bytes":	78749237248,
			"bits_per_second":	8999903571.2991829,
			"retransmits":	28,
			"sender":	true
		},
		"sum_received":	{
			"start":	0,
			"end":	70.00024,
			"seconds":	70.00024,
			"bytes":	78749237248,
			"bits_per_second":	8999881971.60467,
			"sender":	true
		},
		"cpu_utilization_percent":	{
			"host_total":	35.948664295140446,
			"host_user":	1.3652279896472623,
			"host_system":	34.583436305493187,
			"remote_total":	59.943499252900082,
			"remote_user":	2.065416897426871,
			"remote_system":	57.878078072993979
		},
		"sender_tcp_congestion":	"cubic",
		"receiver_tcp_congestion":	"reno"
	}
}
