{
	"start":	{
		"connected":	[{
				"socket":	5,
				"local_host":	"10.0.1.1",
				"local_port":	54612,
				"remote_host":	"10.0.0.1",
				"remote_port":	5201
			}],
		"version":	"iperf 3.9+",
		"system_info":	"Linux han-3 5.10.0 #9 SMP PREEMPT Tue Feb 23 15:01:43 PST 2021 x86_64",
		"timestamp":	{
			"time":	"Tue, 23 May 2023 06:32:25 GMT",
			"timesecs":	1684823545
		},
		"connecting_to":	{
			"host":	"10.0.0.1",
			"port":	5201
		},
		"cookie":	"wb35guo5ot2gzzb7qimplmkh2klzi6o4eeas",
		"tcp_mss_default":	8948,
		"target_bitrate":	7000000000,
		"sock_bufsize":	0,
		"sndbuf_actual":	16384,
		"rcvbuf_actual":	131072,
		"test_start":	{
			"protocol":	"TCP",
			"num_streams":	1,
			"blksize":	131072,
			"omit":	0,
			"duration":	80,
			"bytes":	0,
			"blocks":	0,
			"reverse":	0,
			"tos":	0
		}
	},
	"intervals":	[{
			"streams":	[{
					"socket":	5,
					"start":	0,
					"end":	60.000095,
					"seconds":	60.000095367431641,
					"bytes":	52499447808,
					"bits_per_second":	6999915248.3343515,
					"retransmits":	28,
					"snd_cwnd":	1100604,
					"rtt":	543,
					"rttvar":	57,
					"pmtu":	9000,
					"omitted":	false,
					"sender":	true
				}],
			"sum":	{
				"start":	0,
				"end":	60.000095,
				"seconds":	60.000095367431641,
				"bytes":	52499447808,
				"bits_per_second":	6999915248.3343515,
				"retransmits":	28,
				"omitted":	false,
				"sender":	true
			}
		}, {
			"streams":	[{
					"socket":	5,
					"start":	60.000095,
					"end":	80.000158,
					"seconds":	20.000062942504883,
					"bytes":	17500078080,
					"bits_per_second":	7000009202.09433,
					"retransmits":	0,
					"snd_cwnd":	1127448,
					"rtt":	542,
					"rttvar":	14,
					"pmtu":	9000,
					"omitted":	false,
					"sender":	true
				}],
			"sum":	{
				"start":	60.000095,
				"end":	80.000158,
				"seconds":	20.000062942504883,
				"bytes":	17500078080,
				"bits_per_second":	7000009202.09433,
				"retransmits":	0,
				"omitted":	false,
				"sender":	true
			}
		}],
	"end":	{
		"streams":	[{
				"sender":	{
					"socket":	5,
					"start":	0,
					"end":	80.000158,
					"seconds":	80.000158,
					"bytes":	69999525888,
					"bits_per_second":	6999938763.92094,
					"retransmits":	28,
					"max_snd_cwnd":	1127448,
					"max_rtt":	543,
					"min_rtt":	542,
					"mean_rtt":	542,
					"sender":	true
				},
				"receiver":	{
					"socket":	5,
					"start":	0,
					"end":	80.000257,
					"seconds":	80.000158,
					"bytes":	69999525888,
					"bits_per_second":	6999930101.5245485,
					"sender":	true
				}
			}],
		"sum_sent":	{
			"start":	0,
			"end":	80.000158,
			"seconds":	80.000158,
			"bytes":	69999525888,
			"bits_per_second":	6999938763.92094,
			"retransmits":	28,
			"sender":	true
		},
		"sum_received":	{
			"start":	0,
			"end":	80.000257,
			"seconds":	80.000257,
			"bytes":	69999525888,
			"bits_per_second":	6999930101.5245485,
			"sender":	true
		},
		"cpu_utilization_percent":	{
			"host_total":	33.3565821288231,
			"host_user":	1.3822944074982659,
			"host_system":	31.974288971282483,
			"remote_total":	49.0218424946908,
			"remote_user":	2.1891564435013926,
			"remote_system":	46.832686051189413
		},
		"sender_tcp_congestion":	"cubic",
		"receiver_tcp_congestion":	"reno"
	}
}
