{
	"start":	{
		"connected":	[{
				"socket":	5,
				"local_host":	"10.0.1.1",
				"local_port":	52042,
				"remote_host":	"10.0.0.1",
				"remote_port":	5201
			}],
		"version":	"iperf 3.9+",
		"system_info":	"Linux han-3 5.10.0 #9 SMP PREEMPT Tue Feb 23 15:01:43 PST 2021 x86_64",
		"timestamp":	{
			"time":	"Mon, 22 May 2023 21:37:16 GMT",
			"timesecs":	1684791436
		},
		"connecting_to":	{
			"host":	"10.0.0.1",
			"port":	5201
		},
		"cookie":	"d2gr5qfgqsmeejz743wp3kxqrsfud6tmfz56",
		"tcp_mss_default":	8948,
		"target_bitrate":	1000000000,
		"sock_bufsize":	0,
		"sndbuf_actual":	16384,
		"rcvbuf_actual":	131072,
		"test_start":	{
			"protocol":	"TCP",
			"num_streams":	1,
			"blksize":	131072,
			"omit":	0,
			"duration":	90,
			"bytes":	0,
			"blocks":	0,
			"reverse":	0,
			"tos":	0
		}
	},
	"intervals":	[{
			"streams":	[{
					"socket":	5,
					"start":	0,
					"end":	60.000123,
					"seconds":	60.0001220703125,
					"bytes":	7499939840,
					"bits_per_second":	999989944.181917,
					"retransmits":	3,
					"snd_cwnd":	375816,
					"rtt":	221,
					"rttvar":	45,
					"pmtu":	9000,
					"omitted":	false,
					"sender":	true
				}],
			"sum":	{
				"start":	0,
				"end":	60.000123,
				"seconds":	60.0001220703125,
				"bytes":	7499939840,
				"bits_per_second":	999989944.181917,
				"retransmits":	3,
				"omitted":	false,
				"sender":	true
			}
		}, {
			"streams":	[{
					"socket":	5,
					"start":	60.000123,
					"end":	90.000136,
					"seconds":	30.00001335144043,
					"bytes":	3749969920,
					"bits_per_second":	999991533.62242031,
					"retransmits":	0,
					"snd_cwnd":	375816,
					"rtt":	211,
					"rttvar":	18,
					"pmtu":	9000,
					"omitted":	false,
					"sender":	true
				}],
			"sum":	{
				"start":	60.000123,
				"end":	90.000136,
				"seconds":	30.00001335144043,
				"bytes":	3749969920,
				"bits_per_second":	999991533.62242031,
				"retransmits":	0,
				"omitted":	false,
				"sender":	true
			}
		}],
	"end":	{
		"streams":	[{
				"sender":	{
					"socket":	5,
					"start":	0,
					"end":	90.000136,
					"seconds":	90.000136,
					"bytes":	11249909760,
					"bits_per_second":	999990467.56996,
					"retransmits":	3,
					"max_snd_cwnd":	375816,
					"max_rtt":	221,
					"min_rtt":	211,
					"mean_rtt":	216,
					"sender":	true
				},
				"receiver":	{
					"socket":	5,
					"start":	0,
					"end":	90.000287,
					"seconds":	90.000136,
					"bytes":	11249909760,
					"bits_per_second":	999988789.8135258,
					"sender":	true
				}
			}],
		"sum_sent":	{
			"start":	0,
			"end":	90.000136,
			"seconds":	90.000136,
			"bytes":	11249909760,
			"bits_per_second":	999990467.56996,
			"retransmits":	3,
			"sender":	true
		},
		"sum_received":	{
			"start":	0,
			"end":	90.000287,
			"seconds":	90.000287,
			"bytes":	11249909760,
			"bits_per_second":	999988789.8135258,
			"sender":	true
		},
		"cpu_utilization_percent":	{
			"host_total":	7.8354181236903448,
			"host_user":	1.9321515888685235,
			"host_system":	5.9032676459050943,
			"remote_total":	14.15248626230929,
			"remote_user":	0.687824640171978,
			"remote_system":	13.464661622137314
		},
		"sender_tcp_congestion":	"cubic",
		"receiver_tcp_congestion":	"reno"
	}
}
