{
	"start":	{
		"connected":	[{
				"socket":	5,
				"local_host":	"10.0.1.1",
				"local_port":	53978,
				"remote_host":	"10.0.0.1",
				"remote_port":	5201
			}],
		"version":	"iperf 3.9+",
		"system_info":	"Linux han-3 5.10.0 #9 SMP PREEMPT Tue Feb 23 15:01:43 PST 2021 x86_64",
		"timestamp":	{
			"time":	"Tue, 23 May 2023 04:18:58 GMT",
			"timesecs":	1684815538
		},
		"connecting_to":	{
			"host":	"10.0.0.1",
			"port":	5201
		},
		"cookie":	"trgbnbobyfhwrrvk26tbm7pleynhrihdbguz",
		"tcp_mss_default":	8948,
		"target_bitrate":	6000000000,
		"sock_bufsize":	0,
		"sndbuf_actual":	16384,
		"rcvbuf_actual":	131072,
		"test_start":	{
			"protocol":	"TCP",
			"num_streams":	1,
			"blksize":	131072,
			"omit":	0,
			"duration":	30,
			"bytes":	0,
			"blocks":	0,
			"reverse":	0,
			"tos":	0
		}
	},
	"intervals":	[{
			"streams":	[{
					"socket":	5,
					"start":	0,
					"end":	30.000127,
					"seconds":	30.0001277923584,
					"bytes":	22499557376,
					"bits_per_second":	5999856409.0733147,
					"retransmits":	17,
					"snd_cwnd":	930592,
					"rtt":	627,
					"rttvar":	66,
					"pmtu":	9000,
					"omitted":	false,
					"sender":	true
				}],
			"sum":	{
				"start":	0,
				"end":	30.000127,
				"seconds":	30.0001277923584,
				"bytes":	22499557376,
				"bits_per_second":	5999856409.0733147,
				"retransmits":	17,
				"omitted":	false,
				"sender":	true
			}
		}],
	"end":	{
		"streams":	[{
				"sender":	{
					"socket":	5,
					"start":	0,
					"end":	30.000127,
					"seconds":	30.000127,
					"bytes":	22499557376,
					"bits_per_second":	5999856567.54053,
					"retransmits":	17,
					"max_snd_cwnd":	930592,
					"max_rtt":	627,
					"min_rtt":	627,
					"mean_rtt":	627,
					"sender":	true
				},
				"receiver":	{
					"socket":	5,
					"start":	0,
					"end":	30.000219,
					"seconds":	30.000127,
					"bytes":	22499557376,
					"bits_per_second":	5999838168.114706,
					"sender":	true
				}
			}],
		"sum_sent":	{
			"start":	0,
			"end":	30.000127,
			"seconds":	30.000127,
			"bytes":	22499557376,
			"bits_per_second":	5999856567.54053,
			"retransmits":	17,
			"sender":	true
		},
		"sum_received":	{
			"start":	0,
			"end":	30.000219,
			"seconds":	30.000219,
			"bytes":	22499557376,
			"bits_per_second":	5999838168.114706,
			"sender":	true
		},
		"cpu_utilization_percent":	{
			"host_total":	24.709147657840834,
			"host_user":	0,
			"host_system":	24.70915099090497,
			"remote_total":	46.733067310099351,
			"remote_user":	3.8685201099227831,
			"remote_system":	42.864550528184871
		},
		"sender_tcp_congestion":	"cubic",
		"receiver_tcp_congestion":	"reno"
	}
}
