{
	"start":	{
		"connected":	[{
				"socket":	5,
				"local_host":	"10.0.1.1",
				"local_port":	55788,
				"remote_host":	"10.0.0.1",
				"remote_port":	5201
			}],
		"version":	"iperf 3.9+",
		"system_info":	"Linux han-3 5.10.0 #9 SMP PREEMPT Tue Feb 23 15:01:43 PST 2021 x86_64",
		"timestamp":	{
			"time":	"Tue, 23 May 2023 10:35:19 GMT",
			"timesecs":	1684838119
		},
		"connecting_to":	{
			"host":	"10.0.0.1",
			"port":	5201
		},
		"cookie":	"otdn26wntcoj3ikm2zn3p6l4sigoca4oyf6v",
		"tcp_mss_default":	8948,
		"target_bitrate":	10000000000,
		"sock_bufsize":	0,
		"sndbuf_actual":	16384,
		"rcvbuf_actual":	131072,
		"test_start":	{
			"protocol":	"TCP",
			"num_streams":	1,
			"blksize":	131072,
			"omit":	0,
			"duration":	50,
			"bytes":	0,
			"blocks":	0,
			"reverse":	0,
			"tos":	0
		}
	},
	"intervals":	[{
			"streams":	[{
					"socket":	5,
					"start":	0,
					"end":	50.00003,
					"seconds":	50.000030517578125,
					"bytes":	61861527552,
					"bits_per_second":	9897838367.15889,
					"retransmits":	1520,
					"snd_cwnd":	1261668,
					"rtt":	998,
					"rttvar":	23,
					"pmtu":	9000,
					"omitted":	false,
					"sender":	true
				}],
			"sum":	{
				"start":	0,
				"end":	50.00003,
				"seconds":	50.000030517578125,
				"bytes":	61861527552,
				"bits_per_second":	9897838367.15889,
				"retransmits":	1520,
				"omitted":	false,
				"sender":	true
			}
		}],
	"end":	{
		"streams":	[{
				"sender":	{
					"socket":	5,
					"start":	0,
					"end":	50.00003,
					"seconds":	50.00003,
					"bytes":	61861527552,
					"bits_per_second":	9897838469.61692,
					"retransmits":	1520,
					"max_snd_cwnd":	1261668,
					"max_rtt":	998,
					"min_rtt":	998,
					"mean_rtt":	998,
					"sender":	true
				},
				"receiver":	{
					"socket":	5,
					"start":	0,
					"end":	50.00132,
					"seconds":	50.00003,
					"bytes":	61860075800,
					"bits_per_second":	9897350837.93788,
					"sender":	true
				}
			}],
		"sum_sent":	{
			"start":	0,
			"end":	50.00003,
			"seconds":	50.00003,
			"bytes":	61861527552,
			"bits_per_second":	9897838469.61692,
			"retransmits":	1520,
			"sender":	true
		},
		"sum_received":	{
			"start":	0,
			"end":	50.00132,
			"seconds":	50.00132,
			"bytes":	61860075800,
			"bits_per_second":	9897350837.93788,
			"sender":	true
		},
		"cpu_utilization_percent":	{
			"host_total":	31.826588517726378,
			"host_user":	2.6426095531345712,
			"host_system":	29.183976964663284,
			"remote_total":	44.878363035436266,
			"remote_user":	2.959245778921908,
			"remote_system":	41.919117256514355
		},
		"sender_tcp_congestion":	"cubic",
		"receiver_tcp_congestion":	"reno"
	}
}
