{
	"start":	{
		"connected":	[{
				"socket":	5,
				"local_host":	"10.0.1.1",
				"local_port":	54328,
				"remote_host":	"10.0.0.1",
				"remote_port":	5201
			}],
		"version":	"iperf 3.9+",
		"system_info":	"Linux han-3 5.10.0 #9 SMP PREEMPT Tue Feb 23 15:01:43 PST 2021 x86_64",
		"timestamp":	{
			"time":	"Tue, 23 May 2023 05:42:52 GMT",
			"timesecs":	1684820572
		},
		"connecting_to":	{
			"host":	"10.0.0.1",
			"port":	5201
		},
		"cookie":	"gjaqu6bvt5i2smgmrtjr4qrym242uwzudx7z",
		"tcp_mss_default":	8948,
		"target_bitrate":	7000000000,
		"sock_bufsize":	0,
		"sndbuf_actual":	16384,
		"rcvbuf_actual":	131072,
		"test_start":	{
			"protocol":	"TCP",
			"num_streams":	1,
			"blksize":	131072,
			"omit":	0,
			"duration":	10,
			"bytes":	0,
			"blocks":	0,
			"reverse":	0,
			"tos":	0
		}
	},
	"intervals":	[{
			"streams":	[{
					"socket":	5,
					"start":	0,
					"end":	10.000071,
					"seconds":	10.000070571899414,
					"bytes":	8749318144,
					"bits_per_second":	6999405119.0685978,
					"retransmits":	19,
					"snd_cwnd":	1029020,
					"rtt":	562,
					"rttvar":	30,
					"pmtu":	9000,
					"omitted":	false,
					"sender":	true
				}],
			"sum":	{
				"start":	0,
				"end":	10.000071,
				"seconds":	10.000070571899414,
				"bytes":	8749318144,
				"bits_per_second":	6999405119.0685978,
				"retransmits":	19,
				"omitted":	false,
				"sender":	true
			}
		}],
	"end":	{
		"streams":	[{
				"sender":	{
					"socket":	5,
					"start":	0,
					"end":	10.000071,
					"seconds":	10.000071,
					"bytes":	8749318144,
					"bits_per_second":	6999404819.4257822,
					"retransmits":	19,
					"max_snd_cwnd":	1029020,
					"max_rtt":	562,
					"min_rtt":	562,
					"mean_rtt":	562,
					"sender":	true
				},
				"receiver":	{
					"socket":	5,
					"start":	0,
					"end":	10.000165,
					"seconds":	10.000071,
					"bytes":	8749318144,
					"bits_per_second":	6999339026.10607,
					"sender":	true
				}
			}],
		"sum_sent":	{
			"start":	0,
			"end":	10.000071,
			"seconds":	10.000071,
			"bytes":	8749318144,
			"bits_per_second":	6999404819.4257822,
			"retransmits":	19,
			"sender":	true
		},
		"sum_received":	{
			"start":	0,
			"end":	10.000165,
			"seconds":	10.000165,
			"bytes":	8749318144,
			"bits_per_second":	6999339026.10607,
			"sender":	true
		},
		"cpu_utilization_percent":	{
			"host_total":	20.321512997637068,
			"host_user":	1.2550994036928156,
			"host_system":	19.0663935987331,
			"remote_total":	50.664401331092023,
			"remote_user":	0,
			"remote_system":	50.664401331092023
		},
		"sender_tcp_congestion":	"cubic",
		"receiver_tcp_congestion":	"reno"
	}
}
