{
	"start":	{
		"connected":	[{
				"socket":	5,
				"local_host":	"10.0.1.1",
				"local_port":	55226,
				"remote_host":	"10.0.0.1",
				"remote_port":	5201
			}],
		"version":	"iperf 3.9+",
		"system_info":	"Linux han-3 5.10.0 #9 SMP PREEMPT Tue Feb 23 15:01:43 PST 2021 x86_64",
		"timestamp":	{
			"time":	"Tue, 23 May 2023 08:47:52 GMT",
			"timesecs":	1684831672
		},
		"connecting_to":	{
			"host":	"10.0.0.1",
			"port":	5201
		},
		"cookie":	"3ixrrupilqzcv4hkilpeeoh5n3bhjwhoron2",
		"tcp_mss_default":	8948,
		"target_bitrate":	9000000000,
		"sock_bufsize":	0,
		"sndbuf_actual":	16384,
		"rcvbuf_actual":	131072,
		"test_start":	{
			"protocol":	"TCP",
			"num_streams":	1,
			"blksize":	131072,
			"omit":	0,
			"duration":	20,
			"bytes":	0,
			"blocks":	0,
			"reverse":	0,
			"tos":	0
		}
	},
	"intervals":	[{
			"streams":	[{
					"socket":	5,
					"start":	0,
					"end":	20.000084,
					"seconds":	20.000083923339844,
					"bytes":	22499426304,
					"bits_per_second":	8999732757.2184658,
					"retransmits":	21,
					"snd_cwnd":	1422732,
					"rtt":	628,
					"rttvar":	9,
					"pmtu":	9000,
					"omitted":	false,
					"sender":	true
				}],
			"sum":	{
				"start":	0,
				"end":	20.000084,
				"seconds":	20.000083923339844,
				"bytes":	22499426304,
				"bits_per_second":	8999732757.2184658,
				"retransmits":	21,
				"omitted":	false,
				"sender":	true
			}
		}],
	"end":	{
		"streams":	[{
				"sender":	{
					"socket":	5,
					"start":	0,
					"end":	20.000084,
					"seconds":	20.000084,
					"bytes":	22499426304,
					"bits_per_second":	8999732722.7225647,
					"retransmits":	21,
					"max_snd_cwnd":	1422732,
					"max_rtt":	628,
					"min_rtt":	628,
					"mean_rtt":	628,
					"sender":	true
				},
				"receiver":	{
					"socket":	5,
					"start":	0,
					"end":	20.000221,
					"seconds":	20.000084,
					"bytes":	22499426304,
					"bits_per_second":	8999671075.23462,
					"sender":	true
				}
			}],
		"sum_sent":	{
			"start":	0,
			"end":	20.000084,
			"seconds":	20.000084,
			"bytes":	22499426304,
			"bits_per_second":	8999732722.7225647,
			"retransmits":	21,
			"sender":	true
		},
		"sum_received":	{
			"start":	0,
			"end":	20.000221,
			"seconds":	20.000221,
			"bytes":	22499426304,
			"bits_per_second":	8999671075.23462,
			"sender":	true
		},
		"cpu_utilization_percent":	{
			"host_total":	38.488321744491955,
			"host_user":	4.4762159159554153,
			"host_system":	34.012105828536541,
			"remote_total":	57.970301024454464,
			"remote_user":	2.41350308527299,
			"remote_system":	55.556797939181479
		},
		"sender_tcp_congestion":	"cubic",
		"receiver_tcp_congestion":	"reno"
	}
}
