{
	"start":	{
		"connected":	[{
				"socket":	5,
				"local_host":	"10.0.1.1",
				"local_port":	51872,
				"remote_host":	"10.0.0.1",
				"remote_port":	5201
			}],
		"version":	"iperf 3.9+",
		"system_info":	"Linux han-3 5.10.0 #9 SMP PREEMPT Tue Feb 23 15:01:43 PST 2021 x86_64",
		"timestamp":	{
			"time":	"Mon, 22 May 2023 20:52:54 GMT",
			"timesecs":	1684788774
		},
		"connecting_to":	{
			"host":	"10.0.0.1",
			"port":	5201
		},
		"cookie":	"nl3g556yv7lptmeccbqkfk2wv6orhfs3u73y",
		"tcp_mss_default":	8948,
		"target_bitrate":	1000000000,
		"sock_bufsize":	0,
		"sndbuf_actual":	16384,
		"rcvbuf_actual":	131072,
		"test_start":	{
			"protocol":	"TCP",
			"num_streams":	1,
			"blksize":	131072,
			"omit":	0,
			"duration":	50,
			"bytes":	0,
			"blocks":	0,
			"reverse":	0,
			"tos":	0
		}
	},
	"intervals":	[{
			"streams":	[{
					"socket":	5,
					"start":	0,
					"end":	50.000134,
					"seconds":	50.0001335144043,
					"bytes":	6249906176,
					"bits_per_second":	999982317.91913033,
					"retransmits":	4,
					"snd_cwnd":	286336,
					"rtt":	220,
					"rttvar":	11,
					"pmtu":	9000,
					"omitted":	false,
					"sender":	true
				}],
			"sum":	{
				"start":	0,
				"end":	50.000134,
				"seconds":	50.0001335144043,
				"bytes":	6249906176,
				"bits_per_second":	999982317.91913033,
				"retransmits":	4,
				"omitted":	false,
				"sender":	true
			}
		}],
	"end":	{
		"streams":	[{
				"sender":	{
					"socket":	5,
					"start":	0,
					"end":	50.000134,
					"seconds":	50.000134,
					"bytes":	6249906176,
					"bits_per_second":	999982308.207414,
					"retransmits":	4,
					"max_snd_cwnd":	286336,
					"max_rtt":	220,
					"min_rtt":	220,
					"mean_rtt":	220,
					"sender":	true
				},
				"receiver":	{
					"socket":	5,
					"start":	0,
					"end":	50.000323,
					"seconds":	50.000134,
					"bytes":	6249906176,
					"bits_per_second":	999978528.298707,
					"sender":	true
				}
			}],
		"sum_sent":	{
			"start":	0,
			"end":	50.000134,
			"seconds":	50.000134,
			"bytes":	6249906176,
			"bits_per_second":	999982308.207414,
			"retransmits":	4,
			"sender":	true
		},
		"sum_received":	{
			"start":	0,
			"end":	50.000323,
			"seconds":	50.000323,
			"bytes":	6249906176,
			"bits_per_second":	999978528.298707,
			"sender":	true
		},
		"cpu_utilization_percent":	{
			"host_total":	5.95525559695019,
			"host_user":	0,
			"host_system":	5.9552535970483849,
			"remote_total":	15.358797299230773,
			"remote_user":	2.2191997268964974,
			"remote_system":	13.139597572334278
		},
		"sender_tcp_congestion":	"cubic",
		"receiver_tcp_congestion":	"reno"
	}
}
