{
	"start":	{
		"connected":	[{
				"socket":	5,
				"local_host":	"10.0.1.1",
				"local_port":	53566,
				"remote_host":	"10.0.0.1",
				"remote_port":	5201
			}],
		"version":	"iperf 3.9+",
		"system_info":	"Linux han-3 5.10.0 #9 SMP PREEMPT Tue Feb 23 15:01:43 PST 2021 x86_64",
		"timestamp":	{
			"time":	"Tue, 23 May 2023 02:50:53 GMT",
			"timesecs":	1684810253
		},
		"connecting_to":	{
			"host":	"10.0.0.1",
			"port":	5201
		},
		"cookie":	"mm6cssq5vnske5urx4xvap647zs3mee3jk4l",
		"tcp_mss_default":	8948,
		"target_bitrate":	5000000000,
		"sock_bufsize":	0,
		"sndbuf_actual":	16384,
		"rcvbuf_actual":	131072,
		"test_start":	{
			"protocol":	"TCP",
			"num_streams":	1,
			"blksize":	131072,
			"omit":	0,
			"duration":	40,
			"bytes":	0,
			"blocks":	0,
			"reverse":	0,
			"tos":	0
		}
	},
	"intervals":	[{
			"streams":	[{
					"socket":	5,
					"start":	0,
					"end":	40.000133,
					"seconds":	40.0001335144043,
					"bytes":	24999624704,
					"bits_per_second":	4999908251.8057051,
					"retransmits":	17,
					"snd_cwnd":	1592744,
					"rtt":	440,
					"rttvar":	21,
					"pmtu":	9000,
					"omitted":	false,
					"sender":	true
				}],
			"sum":	{
				"start":	0,
				"end":	40.000133,
				"seconds":	40.0001335144043,
				"bytes":	24999624704,
				"bits_per_second":	4999908251.8057051,
				"retransmits":	17,
				"omitted":	false,
				"sender":	true
			}
		}],
	"end":	{
		"streams":	[{
				"sender":	{
					"socket":	5,
					"start":	0,
					"end":	40.000133,
					"seconds":	40.000133,
					"bytes":	24999624704,
					"bits_per_second":	4999908316.10485,
					"retransmits":	17,
					"max_snd_cwnd":	1592744,
					"max_rtt":	440,
					"min_rtt":	440,
					"mean_rtt":	440,
					"sender":	true
				},
				"receiver":	{
					"socket":	5,
					"start":	0,
					"end":	40.000257,
					"seconds":	40.000133,
					"bytes":	24999624704,
					"bits_per_second":	4999892816.4886541,
					"sender":	true
				}
			}],
		"sum_sent":	{
			"start":	0,
			"end":	40.000133,
			"seconds":	40.000133,
			"bytes":	24999624704,
			"bits_per_second":	4999908316.10485,
			"retransmits":	17,
			"sender":	true
		},
		"sum_received":	{
			"start":	0,
			"end":	40.000257,
			"seconds":	40.000257,
			"bytes":	24999624704,
			"bits_per_second":	4999892816.4886541,
			"sender":	true
		},
		"cpu_utilization_percent":	{
			"host_total":	24.544189350726526,
			"host_user":	1.1952388135271461,
			"host_system":	23.348950537199382,
			"remote_total":	38.096618688460318,
			"remote_user":	1.7019236790280265,
			"remote_system":	36.394692512665351
		},
		"sender_tcp_congestion":	"cubic",
		"receiver_tcp_congestion":	"reno"
	}
}
