{
	"start":	{
		"connected":	[{
				"socket":	5,
				"local_host":	"10.0.1.1",
				"local_port":	53454,
				"remote_host":	"10.0.0.1",
				"remote_port":	5201
			}],
		"version":	"iperf 3.9+",
		"system_info":	"Linux han-3 5.10.0 #9 SMP PREEMPT Tue Feb 23 15:01:43 PST 2021 x86_64",
		"timestamp":	{
			"time":	"Tue, 23 May 2023 02:39:22 GMT",
			"timesecs":	1684809562
		},
		"connecting_to":	{
			"host":	"10.0.0.1",
			"port":	5201
		},
		"cookie":	"ygkdojdthxvftiyyz7biqdrodgy57ews6aau",
		"tcp_mss_default":	8948,
		"target_bitrate":	5000000000,
		"sock_bufsize":	0,
		"sndbuf_actual":	16384,
		"rcvbuf_actual":	131072,
		"test_start":	{
			"protocol":	"TCP",
			"num_streams":	1,
			"blksize":	131072,
			"omit":	0,
			"duration":	10,
			"bytes":	0,
			"blocks":	0,
			"reverse":	0,
			"tos":	0
		}
	},
	"intervals":	[{
			"streams":	[{
					"socket":	5,
					"start":	0,
					"end":	10.000071,
					"seconds":	10.000070571899414,
					"bytes":	6249512960,
					"bits_per_second":	4999575085.049,
					"retransmits":	12,
					"snd_cwnd":	796372,
					"rtt":	503,
					"rttvar":	29,
					"pmtu":	9000,
					"omitted":	false,
					"sender":	true
				}],
			"sum":	{
				"start":	0,
				"end":	10.000071,
				"seconds":	10.000070571899414,
				"bytes":	6249512960,
				"bits_per_second":	4999575085.049,
				"retransmits":	12,
				"omitted":	false,
				"sender":	true
			}
		}],
	"end":	{
		"streams":	[{
				"sender":	{
					"socket":	5,
					"start":	0,
					"end":	10.000071,
					"seconds":	10.000071,
					"bytes":	6249512960,
					"bits_per_second":	4999574871.0184155,
					"retransmits":	12,
					"max_snd_cwnd":	796372,
					"max_rtt":	503,
					"min_rtt":	503,
					"mean_rtt":	503,
					"sender":	true
				},
				"receiver":	{
					"socket":	5,
					"start":	0,
					"end":	10.000186,
					"seconds":	10.000071,
					"bytes":	6249512960,
					"bits_per_second":	4999517376.9767885,
					"sender":	true
				}
			}],
		"sum_sent":	{
			"start":	0,
			"end":	10.000071,
			"seconds":	10.000071,
			"bytes":	6249512960,
			"bits_per_second":	4999574871.0184155,
			"retransmits":	12,
			"sender":	true
		},
		"sum_received":	{
			"start":	0,
			"end":	10.000186,
			"seconds":	10.000186,
			"bytes":	6249512960,
			"bits_per_second":	4999517376.9767885,
			"sender":	true
		},
		"cpu_utilization_percent":	{
			"host_total":	16.630664860677712,
			"host_user":	0,
			"host_system":	16.630664860677712,
			"remote_total":	43.78519427173314,
			"remote_user":	0,
			"remote_system":	43.785204222929487
		},
		"sender_tcp_congestion":	"cubic",
		"receiver_tcp_congestion":	"reno"
	}
}
