{
	"start":	{
		"connected":	[{
				"socket":	5,
				"local_host":	"10.0.1.1",
				"local_port":	55862,
				"remote_host":	"10.0.0.1",
				"remote_port":	5201
			}],
		"version":	"iperf 3.9+",
		"system_info":	"Linux han-3 5.10.0 #9 SMP PREEMPT Tue Feb 23 15:01:43 PST 2021 x86_64",
		"timestamp":	{
			"time":	"Tue, 23 May 2023 10:51:00 GMT",
			"timesecs":	1684839060
		},
		"connecting_to":	{
			"host":	"10.0.0.1",
			"port":	5201
		},
		"cookie":	"zxgdvpjrrdkleoyvmgafqw76t5kxy3yrtjax",
		"tcp_mss_default":	8948,
		"target_bitrate":	10000000000,
		"sock_bufsize":	0,
		"sndbuf_actual":	16384,
		"rcvbuf_actual":	131072,
		"test_start":	{
			"protocol":	"TCP",
			"num_streams":	1,
			"blksize":	131072,
			"omit":	0,
			"duration":	60,
			"bytes":	0,
			"blocks":	0,
			"reverse":	0,
			"tos":	0
		}
	},
	"intervals":	[{
			"streams":	[{
					"socket":	5,
					"start":	0,
					"end":	60.000198,
					"seconds":	60.000198364257812,
					"bytes":	74218340352,
					"bits_per_second":	9895745997.5614948,
					"retransmits":	2339,
					"snd_cwnd":	1413784,
					"rtt":	1183,
					"rttvar":	36,
					"pmtu":	9000,
					"omitted":	false,
					"sender":	true
				}],
			"sum":	{
				"start":	0,
				"end":	60.000198,
				"seconds":	60.000198364257812,
				"bytes":	74218340352,
				"bits_per_second":	9895745997.5614948,
				"retransmits":	2339,
				"omitted":	false,
				"sender":	true
			}
		}],
	"end":	{
		"streams":	[{
				"sender":	{
					"socket":	5,
					"start":	0,
					"end":	60.000198,
					"seconds":	60.000198,
					"bytes":	74218340352,
					"bits_per_second":	9895746057.63801,
					"retransmits":	2339,
					"max_snd_cwnd":	1413784,
					"max_rtt":	1183,
					"min_rtt":	1183,
					"mean_rtt":	1183,
					"sender":	true
				},
				"receiver":	{
					"socket":	5,
					"start":	0,
					"end":	60.0017,
					"seconds":	60.000198,
					"bytes":	74217288156,
					"bits_per_second":	9895358052.32185,
					"sender":	true
				}
			}],
		"sum_sent":	{
			"start":	0,
			"end":	60.000198,
			"seconds":	60.000198,
			"bytes":	74218340352,
			"bits_per_second":	9895746057.63801,
			"retransmits":	2339,
			"sender":	true
		},
		"sum_received":	{
			"start":	0,
			"end":	60.0017,
			"seconds":	60.0017,
			"bytes":	74217288156,
			"bits_per_second":	9895358052.32185,
			"sender":	true
		},
		"cpu_utilization_percent":	{
			"host_total":	33.786655015596182,
			"host_user":	2.9888055660616,
			"host_system":	30.797849449534588,
			"remote_total":	52.551147786552434,
			"remote_user":	2.8309575174343049,
			"remote_system":	49.720181942067143
		},
		"sender_tcp_congestion":	"cubic",
		"receiver_tcp_congestion":	"reno"
	}
}
