{
	"start":	{
		"connected":	[{
				"socket":	5,
				"local_host":	"10.0.1.1",
				"local_port":	53394,
				"remote_host":	"10.0.0.1",
				"remote_port":	5201
			}],
		"version":	"iperf 3.9+",
		"system_info":	"Linux han-3 5.10.0 #9 SMP PREEMPT Tue Feb 23 15:01:43 PST 2021 x86_64",
		"timestamp":	{
			"time":	"Tue, 23 May 2023 02:26:31 GMT",
			"timesecs":	1684808791
		},
		"connecting_to":	{
			"host":	"10.0.0.1",
			"port":	5201
		},
		"cookie":	"do2rxtjaaau7s44sak5ym45ndlglmp26mqnc",
		"tcp_mss_default":	8948,
		"target_bitrate":	4000000000,
		"sock_bufsize":	0,
		"sndbuf_actual":	16384,
		"rcvbuf_actual":	131072,
		"test_start":	{
			"protocol":	"TCP",
			"num_streams":	1,
			"blksize":	131072,
			"omit":	0,
			"duration":	100,
			"bytes":	0,
			"blocks":	0,
			"reverse":	0,
			"tos":	0
		}
	},
	"intervals":	[{
			"streams":	[{
					"socket":	5,
					"start":	0,
					"end":	60.000067,
					"seconds":	60.000068664550781,
					"bytes":	29999628288,
					"bits_per_second":	3999945860.8252387,
					"retransmits":	10,
					"snd_cwnd":	671100,
					"rtt":	492,
					"rttvar":	13,
					"pmtu":	9000,
					"omitted":	false,
					"sender":	true
				}],
			"sum":	{
				"start":	0,
				"end":	60.000067,
				"seconds":	60.000068664550781,
				"bytes":	29999628288,
				"bits_per_second":	3999945860.8252387,
				"retransmits":	10,
				"omitted":	false,
				"sender":	true
			}
		}, {
			"streams":	[{
					"socket":	5,
					"start":	60.000067,
					"end":	100.000141,
					"seconds":	40.000072479248047,
					"bytes":	20000014336,
					"bits_per_second":	3999995619.283133,
					"retransmits":	4,
					"snd_cwnd":	671100,
					"rtt":	356,
					"rttvar":	58,
					"pmtu":	9000,
					"omitted":	false,
					"sender":	true
				}],
			"sum":	{
				"start":	60.000067,
				"end":	100.000141,
				"seconds":	40.000072479248047,
				"bytes":	20000014336,
				"bits_per_second":	3999995619.283133,
				"retransmits":	4,
				"omitted":	false,
				"sender":	true
			}
		}],
	"end":	{
		"streams":	[{
				"sender":	{
					"socket":	5,
					"start":	0,
					"end":	100.000141,
					"seconds":	100.000141,
					"bytes":	49999642624,
					"bits_per_second":	3999965769.9682646,
					"retransmits":	14,
					"max_snd_cwnd":	671100,
					"max_rtt":	492,
					"min_rtt":	356,
					"mean_rtt":	424,
					"sender":	true
				},
				"receiver":	{
					"socket":	5,
					"start":	0,
					"end":	100.000314,
					"seconds":	100.000141,
					"bytes":	49999642624,
					"bits_per_second":	3999958850.04921,
					"sender":	true
				}
			}],
		"sum_sent":	{
			"start":	0,
			"end":	100.000141,
			"seconds":	100.000141,
			"bytes":	49999642624,
			"bits_per_second":	3999965769.9682646,
			"retransmits":	14,
			"sender":	true
		},
		"sum_received":	{
			"start":	0,
			"end":	100.000314,
			"seconds":	100.000314,
			"bytes":	49999642624,
			"bits_per_second":	3999958850.04921,
			"sender":	true
		},
		"cpu_utilization_percent":	{
			"host_total":	17.396676907874845,
			"host_user":	3.3869995121323138,
			"host_system":	14.009676395767769,
			"remote_total":	40.4370859668207,
			"remote_user":	1.9297523412199851,
			"remote_system":	38.507334625078819
		},
		"sender_tcp_congestion":	"cubic",
		"receiver_tcp_congestion":	"reno"
	}
}
