{
	"start":	{
		"connected":	[{
				"socket":	5,
				"local_host":	"10.0.1.1",
				"local_port":	53302,
				"remote_host":	"10.0.0.1",
				"remote_port":	5201
			}],
		"version":	"iperf 3.9+",
		"system_info":	"Linux han-3 5.10.0 #9 SMP PREEMPT Tue Feb 23 15:01:43 PST 2021 x86_64",
		"timestamp":	{
			"time":	"Tue, 23 May 2023 01:57:10 GMT",
			"timesecs":	1684807030
		},
		"connecting_to":	{
			"host":	"10.0.0.1",
			"port":	5201
		},
		"cookie":	"kqzkidba6466xkcegh3rkabjaemrafkzzr4z",
		"tcp_mss_default":	8948,
		"target_bitrate":	4000000000,
		"sock_bufsize":	0,
		"sndbuf_actual":	16384,
		"rcvbuf_actual":	131072,
		"test_start":	{
			"protocol":	"TCP",
			"num_streams":	1,
			"blksize":	131072,
			"omit":	0,
			"duration":	80,
			"bytes":	0,
			"blocks":	0,
			"reverse":	0,
			"tos":	0
		}
	},
	"intervals":	[{
			"streams":	[{
					"socket":	5,
					"start":	0,
					"end":	60.000065,
					"seconds":	60.000064849853516,
					"bytes":	29999628288,
					"bits_per_second":	3999946115.1346726,
					"retransmits":	7,
					"snd_cwnd":	671100,
					"rtt":	465,
					"rttvar":	42,
					"pmtu":	9000,
					"omitted":	false,
					"sender":	true
				}],
			"sum":	{
				"start":	0,
				"end":	60.000065,
				"seconds":	60.000064849853516,
				"bytes":	29999628288,
				"bits_per_second":	3999946115.1346726,
				"retransmits":	7,
				"omitted":	false,
				"sender":	true
			}
		}, {
			"streams":	[{
					"socket":	5,
					"start":	60.000065,
					"end":	80.000075,
					"seconds":	20.000009536743164,
					"bytes":	10000007168,
					"bits_per_second":	4000000959.85091,
					"retransmits":	0,
					"snd_cwnd":	671100,
					"rtt":	459,
					"rttvar":	52,
					"pmtu":	9000,
					"omitted":	false,
					"sender":	true
				}],
			"sum":	{
				"start":	60.000065,
				"end":	80.000075,
				"seconds":	20.000009536743164,
				"bytes":	10000007168,
				"bits_per_second":	4000000959.85091,
				"retransmits":	0,
				"omitted":	false,
				"sender":	true
			}
		}],
	"end":	{
		"streams":	[{
				"sender":	{
					"socket":	5,
					"start":	0,
					"end":	80.000075,
					"seconds":	80.000075,
					"bytes":	39999635456,
					"bits_per_second":	3999959795.637692,
					"retransmits":	7,
					"max_snd_cwnd":	671100,
					"max_rtt":	465,
					"min_rtt":	459,
					"mean_rtt":	462,
					"sender":	true
				},
				"receiver":	{
					"socket":	5,
					"start":	0,
					"end":	80.000194,
					"seconds":	80.000075,
					"bytes":	39999635456,
					"bits_per_second":	3999953845.7119246,
					"sender":	true
				}
			}],
		"sum_sent":	{
			"start":	0,
			"end":	80.000075,
			"seconds":	80.000075,
			"bytes":	39999635456,
			"bits_per_second":	3999959795.637692,
			"retransmits":	7,
			"sender":	true
		},
		"sum_received":	{
			"start":	0,
			"end":	80.000194,
			"seconds":	80.000194,
			"bytes":	39999635456,
			"bits_per_second":	3999953845.7119246,
			"sender":	true
		},
		"cpu_utilization_percent":	{
			"host_total":	14.19284584246266,
			"host_user":	10.643957526002014,
			"host_system":	3.5488870664960182,
			"remote_total":	40.242628919920584,
			"remote_user":	1.7123881293162235,
			"remote_system":	38.530238292044316
		},
		"sender_tcp_congestion":	"cubic",
		"receiver_tcp_congestion":	"reno"
	}
}
