{
	"start":	{
		"connected":	[{
				"socket":	5,
				"local_host":	"10.0.1.1",
				"local_port":	55214,
				"remote_host":	"10.0.0.1",
				"remote_port":	5201
			}],
		"version":	"iperf 3.9+",
		"system_info":	"Linux han-3 5.10.0 #9 SMP PREEMPT Tue Feb 23 15:01:43 PST 2021 x86_64",
		"timestamp":	{
			"time":	"Tue, 23 May 2023 08:46:52 GMT",
			"timesecs":	1684831612
		},
		"connecting_to":	{
			"host":	"10.0.0.1",
			"port":	5201
		},
		"cookie":	"naqpig5zkpny2jcigb5kcg4thlhjshewctzx",
		"tcp_mss_default":	8948,
		"target_bitrate":	9000000000,
		"sock_bufsize":	0,
		"sndbuf_actual":	16384,
		"rcvbuf_actual":	131072,
		"test_start":	{
			"protocol":	"TCP",
			"num_streams":	1,
			"blksize":	131072,
			"omit":	0,
			"duration":	20,
			"bytes":	0,
			"blocks":	0,
			"reverse":	0,
			"tos":	0
		}
	},
	"intervals":	[{
			"streams":	[{
					"socket":	5,
					"start":	0,
					"end":	20.000074,
					"seconds":	20.00007438659668,
					"bytes":	22499426304,
					"bits_per_second":	8999737048.6094971,
					"retransmits":	19,
					"snd_cwnd":	1476420,
					"rtt":	644,
					"rttvar":	43,
					"pmtu":	9000,
					"omitted":	false,
					"sender":	true
				}],
			"sum":	{
				"start":	0,
				"end":	20.000074,
				"seconds":	20.00007438659668,
				"bytes":	22499426304,
				"bits_per_second":	8999737048.6094971,
				"retransmits":	19,
				"omitted":	false,
				"sender":	true
			}
		}],
	"end":	{
		"streams":	[{
				"sender":	{
					"socket":	5,
					"start":	0,
					"end":	20.000074,
					"seconds":	20.000074,
					"bytes":	22499426304,
					"bits_per_second":	8999737222.5722752,
					"retransmits":	19,
					"max_snd_cwnd":	1476420,
					"max_rtt":	644,
					"min_rtt":	644,
					"mean_rtt":	644,
					"sender":	true
				},
				"receiver":	{
					"socket":	5,
					"start":	0,
					"end":	20.000331,
					"seconds":	20.000074,
					"bytes":	22499319920,
					"bits_per_second":	8999579024.9671364,
					"sender":	true
				}
			}],
		"sum_sent":	{
			"start":	0,
			"end":	20.000074,
			"seconds":	20.000074,
			"bytes":	22499426304,
			"bits_per_second":	8999737222.5722752,
			"retransmits":	19,
			"sender":	true
		},
		"sum_received":	{
			"start":	0,
			"end":	20.000331,
			"seconds":	20.000331,
			"bytes":	22499319920,
			"bits_per_second":	8999579024.9671364,
			"sender":	true
		},
		"cpu_utilization_percent":	{
			"host_total":	37.8098039906781,
			"host_user":	2.0628260708171262,
			"host_system":	35.746977919860981,
			"remote_total":	56.5333095257927,
			"remote_user":	4.48022835288561,
			"remote_system":	52.0530911481336
		},
		"sender_tcp_congestion":	"cubic",
		"receiver_tcp_congestion":	"reno"
	}
}
