{
	"start":	{
		"connected":	[{
				"socket":	5,
				"local_host":	"10.0.1.1",
				"local_port":	55936,
				"remote_host":	"10.0.0.1",
				"remote_port":	5201
			}],
		"version":	"iperf 3.9+",
		"system_info":	"Linux han-3 5.10.0 #9 SMP PREEMPT Tue Feb 23 15:01:43 PST 2021 x86_64",
		"timestamp":	{
			"time":	"Tue, 23 May 2023 11:10:21 GMT",
			"timesecs":	1684840221
		},
		"connecting_to":	{
			"host":	"10.0.0.1",
			"port":	5201
		},
		"cookie":	"enbg36xbeqw3dk72bujek66u7pjajvotyh6q",
		"tcp_mss_default":	8948,
		"target_bitrate":	10000000000,
		"sock_bufsize":	0,
		"sndbuf_actual":	16384,
		"rcvbuf_actual":	131072,
		"test_start":	{
			"protocol":	"TCP",
			"num_streams":	1,
			"blksize":	131072,
			"omit":	0,
			"duration":	80,
			"bytes":	0,
			"blocks":	0,
			"reverse":	0,
			"tos":	0
		}
	},
	"intervals":	[{
			"streams":	[{
					"socket":	5,
					"start":	0,
					"end":	60.000116,
					"seconds":	60.000114440917969,
					"bytes":	74227122176,
					"bits_per_second":	9896930746.56934,
					"retransmits":	2010,
					"snd_cwnd":	1673276,
					"rtt":	1307,
					"rttvar":	6,
					"pmtu":	9000,
					"omitted":	false,
					"sender":	true
				}],
			"sum":	{
				"start":	0,
				"end":	60.000116,
				"seconds":	60.000114440917969,
				"bytes":	74227122176,
				"bits_per_second":	9896930746.56934,
				"retransmits":	2010,
				"omitted":	false,
				"sender":	true
			}
		}, {
			"streams":	[{
					"socket":	5,
					"start":	60.000116,
					"end":	80.000031,
					"seconds":	19.999914169311523,
					"bytes":	24747442176,
					"bits_per_second":	9899019352.38231,
					"retransmits":	725,
					"snd_cwnd":	1261668,
					"rtt":	919,
					"rttvar":	17,
					"pmtu":	9000,
					"omitted":	false,
					"sender":	true
				}],
			"sum":	{
				"start":	60.000116,
				"end":	80.000031,
				"seconds":	19.999914169311523,
				"bytes":	24747442176,
				"bits_per_second":	9899019352.38231,
				"retransmits":	725,
				"omitted":	false,
				"sender":	true
			}
		}],
	"end":	{
		"streams":	[{
				"sender":	{
					"socket":	5,
					"start":	0,
					"end":	80.000031,
					"seconds":	80.000031,
					"bytes":	98974564352,
					"bits_per_second":	9897452599.9371166,
					"retransmits":	2735,
					"max_snd_cwnd":	1673276,
					"max_rtt":	1307,
					"min_rtt":	919,
					"mean_rtt":	1113,
					"sender":	true
				},
				"receiver":	{
					"socket":	5,
					"start":	0,
					"end":	80.001046,
					"seconds":	80.000031,
					"bytes":	98973082740,
					"bits_per_second":	9897178868.3862953,
					"sender":	true
				}
			}],
		"sum_sent":	{
			"start":	0,
			"end":	80.000031,
			"seconds":	80.000031,
			"bytes":	98974564352,
			"bits_per_second":	9897452599.9371166,
			"retransmits":	2735,
			"sender":	true
		},
		"sum_received":	{
			"start":	0,
			"end":	80.001046,
			"seconds":	80.001046,
			"bytes":	98973082740,
			"bits_per_second":	9897178868.3862953,
			"sender":	true
		},
		"cpu_utilization_percent":	{
			"host_total":	31.594940732797816,
			"host_user":	2.7108347366895571,
			"host_system":	28.884104746143542,
			"remote_total":	51.075857414998836,
			"remote_user":	2.3198077128059222,
			"remote_system":	48.756049702192918
		},
		"sender_tcp_congestion":	"cubic",
		"receiver_tcp_congestion":	"reno"
	}
}
