{
	"start":	{
		"connected":	[{
				"socket":	5,
				"local_host":	"10.0.1.1",
				"local_port":	54942,
				"remote_host":	"10.0.0.1",
				"remote_port":	5201
			}],
		"version":	"iperf 3.9+",
		"system_info":	"Linux han-3 5.10.0 #9 SMP PREEMPT Tue Feb 23 15:01:43 PST 2021 x86_64",
		"timestamp":	{
			"time":	"Tue, 23 May 2023 07:37:39 GMT",
			"timesecs":	1684827459
		},
		"connecting_to":	{
			"host":	"10.0.0.1",
			"port":	5201
		},
		"cookie":	"nybopn5r7ptwl3yfxgy73kgr2g223muutj36",
		"tcp_mss_default":	8948,
		"target_bitrate":	8000000000,
		"sock_bufsize":	0,
		"sndbuf_actual":	16384,
		"rcvbuf_actual":	131072,
		"test_start":	{
			"protocol":	"TCP",
			"num_streams":	1,
			"blksize":	131072,
			"omit":	0,
			"duration":	50,
			"bytes":	0,
			"blocks":	0,
			"reverse":	0,
			"tos":	0
		}
	},
	"intervals":	[{
			"streams":	[{
					"socket":	5,
					"start":	0,
					"end":	50.000077,
					"seconds":	50.000076293945312,
					"bytes":	49999380480,
					"bits_per_second":	7999888669.9386263,
					"retransmits":	21,
					"snd_cwnd":	1422732,
					"rtt":	716,
					"rttvar":	29,
					"pmtu":	9000,
					"omitted":	false,
					"sender":	true
				}],
			"sum":	{
				"start":	0,
				"end":	50.000077,
				"seconds":	50.000076293945312,
				"bytes":	49999380480,
				"bits_per_second":	7999888669.9386263,
				"retransmits":	21,
				"omitted":	false,
				"sender":	true
			}
		}],
	"end":	{
		"streams":	[{
				"sender":	{
					"socket":	5,
					"start":	0,
					"end":	50.000077,
					"seconds":	50.000077,
					"bytes":	49999380480,
					"bits_per_second":	7999888556.9716225,
					"retransmits":	21,
					"max_snd_cwnd":	1422732,
					"max_rtt":	716,
					"min_rtt":	716,
					"mean_rtt":	716,
					"sender":	true
				},
				"receiver":	{
					"socket":	5,
					"start":	0,
					"end":	50.000222,
					"seconds":	50.000077,
					"bytes":	49999380480,
					"bits_per_second":	7999865357.3978128,
					"sender":	true
				}
			}],
		"sum_sent":	{
			"start":	0,
			"end":	50.000077,
			"seconds":	50.000077,
			"bytes":	49999380480,
			"bits_per_second":	7999888556.9716225,
			"retransmits":	21,
			"sender":	true
		},
		"sum_received":	{
			"start":	0,
			"end":	50.000222,
			"seconds":	50.000222,
			"bytes":	49999380480,
			"bits_per_second":	7999865357.3978128,
			"sender":	true
		},
		"cpu_utilization_percent":	{
			"host_total":	30.683433443417929,
			"host_user":	2.4517576187009218,
			"host_system":	28.2316738248152,
			"remote_total":	53.714710792886557,
			"remote_user":	3.020576240542475,
			"remote_system":	50.694136550215788
		},
		"sender_tcp_congestion":	"cubic",
		"receiver_tcp_congestion":	"reno"
	}
}
