{
	"start":	{
		"connected":	[{
				"socket":	5,
				"local_host":	"10.0.1.1",
				"local_port":	54704,
				"remote_host":	"10.0.0.1",
				"remote_port":	5201
			}],
		"version":	"iperf 3.9+",
		"system_info":	"Linux han-3 5.10.0 #9 SMP PREEMPT Tue Feb 23 15:01:43 PST 2021 x86_64",
		"timestamp":	{
			"time":	"Tue, 23 May 2023 07:01:46 GMT",
			"timesecs":	1684825306
		},
		"connecting_to":	{
			"host":	"10.0.0.1",
			"port":	5201
		},
		"cookie":	"kcjo5hoc3yr2bgtillndt43p6uixrqeju7ud",
		"tcp_mss_default":	8948,
		"target_bitrate":	7000000000,
		"sock_bufsize":	0,
		"sndbuf_actual":	16384,
		"rcvbuf_actual":	131072,
		"test_start":	{
			"protocol":	"TCP",
			"num_streams":	1,
			"blksize":	131072,
			"omit":	0,
			"duration":	100,
			"bytes":	0,
			"blocks":	0,
			"reverse":	0,
			"tos":	0
		}
	},
	"intervals":	[{
			"streams":	[{
					"socket":	5,
					"start":	0,
					"end":	60.000062,
					"seconds":	60.00006103515625,
					"bytes":	52499447808,
					"bits_per_second":	6999919253.71391,
					"retransmits":	18,
					"snd_cwnd":	1109552,
					"rtt":	648,
					"rttvar":	77,
					"pmtu":	9000,
					"omitted":	false,
					"sender":	true
				}],
			"sum":	{
				"start":	0,
				"end":	60.000062,
				"seconds":	60.00006103515625,
				"bytes":	52499447808,
				"bits_per_second":	6999919253.71391,
				"retransmits":	18,
				"omitted":	false,
				"sender":	true
			}
		}, {
			"streams":	[{
					"socket":	5,
					"start":	60.000062,
					"end":	100.000075,
					"seconds":	40.0000114440918,
					"bytes":	35000025088,
					"bits_per_second":	7000003014.8830729,
					"retransmits":	0,
					"snd_cwnd":	1109552,
					"rtt":	574,
					"rttvar":	39,
					"pmtu":	9000,
					"omitted":	false,
					"sender":	true
				}],
			"sum":	{
				"start":	60.000062,
				"end":	100.000075,
				"seconds":	40.0000114440918,
				"bytes":	35000025088,
				"bits_per_second":	7000003014.8830729,
				"retransmits":	0,
				"omitted":	false,
				"sender":	true
			}
		}],
	"end":	{
		"streams":	[{
				"sender":	{
					"socket":	5,
					"start":	0,
					"end":	100.000075,
					"seconds":	100.000075,
					"bytes":	87499472896,
					"bits_per_second":	6999952581.7155638,
					"retransmits":	18,
					"max_snd_cwnd":	1109552,
					"max_rtt":	648,
					"min_rtt":	574,
					"mean_rtt":	611,
					"sender":	true
				},
				"receiver":	{
					"socket":	5,
					"start":	0,
					"end":	100.000206,
					"seconds":	100.000075,
					"bytes":	87499472896,
					"bits_per_second":	6999943411.7965717,
					"sender":	true
				}
			}],
		"sum_sent":	{
			"start":	0,
			"end":	100.000075,
			"seconds":	100.000075,
			"bytes":	87499472896,
			"bits_per_second":	6999952581.7155638,
			"retransmits":	18,
			"sender":	true
		},
		"sum_received":	{
			"start":	0,
			"end":	100.000206,
			"seconds":	100.000206,
			"bytes":	87499472896,
			"bits_per_second":	6999943411.7965717,
			"sender":	true
		},
		"cpu_utilization_percent":	{
			"host_total":	27.174789085971106,
			"host_user":	4.3459312665429461,
			"host_system":	22.828856819454106,
			"remote_total":	47.144405722682677,
			"remote_user":	3.1003141813967536,
			"remote_system":	44.044092540775
		},
		"sender_tcp_congestion":	"cubic",
		"receiver_tcp_congestion":	"reno"
	}
}
