{
	"start":	{
		"connected":	[{
				"socket":	5,
				"local_host":	"10.0.1.1",
				"local_port":	55536,
				"remote_host":	"10.0.0.1",
				"remote_port":	5201
			}],
		"version":	"iperf 3.9+",
		"system_info":	"Linux han-3 5.10.0 #9 SMP PREEMPT Tue Feb 23 15:01:43 PST 2021 x86_64",
		"timestamp":	{
			"time":	"Tue, 23 May 2023 09:51:16 GMT",
			"timesecs":	1684835476
		},
		"connecting_to":	{
			"host":	"10.0.0.1",
			"port":	5201
		},
		"cookie":	"ym6yl4pewj6og3gaywntxgr5tsbbk2mfz56d",
		"tcp_mss_default":	8948,
		"target_bitrate":	9000000000,
		"sock_bufsize":	0,
		"sndbuf_actual":	16384,
		"rcvbuf_actual":	131072,
		"test_start":	{
			"protocol":	"TCP",
			"num_streams":	1,
			"blksize":	131072,
			"omit":	0,
			"duration":	90,
			"bytes":	0,
			"blocks":	0,
			"reverse":	0,
			"tos":	0
		}
	},
	"intervals":	[{
			"streams":	[{
					"socket":	5,
					"start":	0,
					"end":	60.000107,
					"seconds":	60.000106811523438,
					"bytes":	67499196416,
					"bits_per_second":	8999876833.95741,
					"retransmits":	72,
					"snd_cwnd":	1530108,
					"rtt":	640,
					"rttvar":	62,
					"pmtu":	9000,
					"omitted":	false,
					"sender":	true
				}],
			"sum":	{
				"start":	0,
				"end":	60.000107,
				"seconds":	60.000106811523438,
				"bytes":	67499196416,
				"bits_per_second":	8999876833.95741,
				"retransmits":	72,
				"omitted":	false,
				"sender":	true
			}
		}, {
			"streams":	[{
					"socket":	5,
					"start":	60.000107,
					"end":	90.000076,
					"seconds":	29.999969482421875,
					"bytes":	33750384640,
					"bits_per_second":	9000111726.05376,
					"retransmits":	1,
					"snd_cwnd":	2308584,
					"rtt":	497,
					"rttvar":	15,
					"pmtu":	9000,
					"omitted":	false,
					"sender":	true
				}],
			"sum":	{
				"start":	60.000107,
				"end":	90.000076,
				"seconds":	29.999969482421875,
				"bytes":	33750384640,
				"bits_per_second":	9000111726.05376,
				"retransmits":	1,
				"omitted":	false,
				"sender":	true
			}
		}],
	"end":	{
		"streams":	[{
				"sender":	{
					"socket":	5,
					"start":	0,
					"end":	90.000076,
					"seconds":	90.000076,
					"bytes":	101249581056,
					"bits_per_second":	8999955160.5712,
					"retransmits":	73,
					"max_snd_cwnd":	2308584,
					"max_rtt":	640,
					"min_rtt":	497,
					"mean_rtt":	568,
					"sender":	true
				},
				"receiver":	{
					"socket":	5,
					"start":	0,
					"end":	90.000361,
					"seconds":	90.000076,
					"bytes":	101249581056,
					"bits_per_second":	8999926660.8275051,
					"sender":	true
				}
			}],
		"sum_sent":	{
			"start":	0,
			"end":	90.000076,
			"seconds":	90.000076,
			"bytes":	101249581056,
			"bits_per_second":	8999955160.5712,
			"retransmits":	73,
			"sender":	true
		},
		"sum_received":	{
			"start":	0,
			"end":	90.000361,
			"seconds":	90.000361,
			"bytes":	101249581056,
			"bits_per_second":	8999926660.8275051,
			"sender":	true
		},
		"cpu_utilization_percent":	{
			"host_total":	38.711104953210942,
			"host_user":	2.06339827350158,
			"host_system":	36.647705568620722,
			"remote_total":	53.521609435923281,
			"remote_user":	3.947944944558194,
			"remote_system":	49.5736567178831
		},
		"sender_tcp_congestion":	"cubic",
		"receiver_tcp_congestion":	"reno"
	}
}
