{
	"start":	{
		"connected":	[{
				"socket":	5,
				"local_host":	"10.0.1.1",
				"local_port":	55084,
				"remote_host":	"10.0.0.1",
				"remote_port":	5201
			}],
		"version":	"iperf 3.9+",
		"system_info":	"Linux han-3 5.10.0 #9 SMP PREEMPT Tue Feb 23 15:01:43 PST 2021 x86_64",
		"timestamp":	{
			"time":	"Tue, 23 May 2023 08:15:01 GMT",
			"timesecs":	1684829701
		},
		"connecting_to":	{
			"host":	"10.0.0.1",
			"port":	5201
		},
		"cookie":	"edvuq6jscqirbou5shnjh5ornt5k4jk4tiog",
		"tcp_mss_default":	8948,
		"target_bitrate":	8000000000,
		"sock_bufsize":	0,
		"sndbuf_actual":	16384,
		"rcvbuf_actual":	131072,
		"test_start":	{
			"protocol":	"TCP",
			"num_streams":	1,
			"blksize":	131072,
			"omit":	0,
			"duration":	90,
			"bytes":	0,
			"blocks":	0,
			"reverse":	0,
			"tos":	0
		}
	},
	"intervals":	[{
			"streams":	[{
					"socket":	5,
					"start":	0,
					"end":	60.000064,
					"seconds":	60.000064849853516,
					"bytes":	59999518720,
					"bits_per_second":	7999927182.7649,
					"retransmits":	87,
					"snd_cwnd":	1932768,
					"rtt":	629,
					"rttvar":	51,
					"pmtu":	9000,
					"omitted":	false,
					"sender":	true
				}],
			"sum":	{
				"start":	0,
				"end":	60.000064,
				"seconds":	60.000064849853516,
				"bytes":	59999518720,
				"bits_per_second":	7999927182.7649,
				"retransmits":	87,
				"omitted":	false,
				"sender":	true
			}
		}, {
			"streams":	[{
					"socket":	5,
					"start":	60.000064,
					"end":	90.000103,
					"seconds":	30.000038146972656,
					"bytes":	29999890432,
					"bits_per_second":	7999960609.3907127,
					"retransmits":	243,
					"snd_cwnd":	1592744,
					"rtt":	512,
					"rttvar":	67,
					"pmtu":	9000,
					"omitted":	false,
					"sender":	true
				}],
			"sum":	{
				"start":	60.000064,
				"end":	90.000103,
				"seconds":	30.000038146972656,
				"bytes":	29999890432,
				"bits_per_second":	7999960609.3907127,
				"retransmits":	243,
				"omitted":	false,
				"sender":	true
			}
		}],
	"end":	{
		"streams":	[{
				"sender":	{
					"socket":	5,
					"start":	0,
					"end":	90.000103,
					"seconds":	90.000103,
					"bytes":	89999409152,
					"bits_per_second":	7999938324.6928062,
					"retransmits":	330,
					"max_snd_cwnd":	1932768,
					"max_rtt":	629,
					"min_rtt":	512,
					"mean_rtt":	570,
					"sender":	true
				},
				"receiver":	{
					"socket":	5,
					"start":	0,
					"end":	90.000129,
					"seconds":	90.000103,
					"bytes":	89999409152,
					"bits_per_second":	7999936013.6028252,
					"sender":	true
				}
			}],
		"sum_sent":	{
			"start":	0,
			"end":	90.000103,
			"seconds":	90.000103,
			"bytes":	89999409152,
			"bits_per_second":	7999938324.6928062,
			"retransmits":	330,
			"sender":	true
		},
		"sum_received":	{
			"start":	0,
			"end":	90.000129,
			"seconds":	90.000129,
			"bytes":	89999409152,
			"bits_per_second":	7999936013.6028252,
			"sender":	true
		},
		"cpu_utilization_percent":	{
			"host_total":	35.157396000223237,
			"host_user":	4.0182884549311719,
			"host_system":	31.139106434212721,
			"remote_total":	55.958610342182133,
			"remote_user":	3.782128596791781,
			"remote_system":	52.176481745390355
		},
		"sender_tcp_congestion":	"cubic",
		"receiver_tcp_congestion":	"reno"
	}
}
