{
	"start":	{
		"connected":	[{
				"socket":	5,
				"local_host":	"10.0.1.1",
				"local_port":	52274,
				"remote_host":	"10.0.0.1",
				"remote_port":	5201
			}],
		"version":	"iperf 3.9+",
		"system_info":	"Linux han-3 5.10.0 #9 SMP PREEMPT Tue Feb 23 15:01:43 PST 2021 x86_64",
		"timestamp":	{
			"time":	"Mon, 22 May 2023 22:18:18 GMT",
			"timesecs":	1684793898
		},
		"connecting_to":	{
			"host":	"10.0.0.1",
			"port":	5201
		},
		"cookie":	"hjbjpa4hve7trj4mugnijfrqazmmd4f24ep5",
		"tcp_mss_default":	8948,
		"target_bitrate":	2000000000,
		"sock_bufsize":	0,
		"sndbuf_actual":	16384,
		"rcvbuf_actual":	131072,
		"test_start":	{
			"protocol":	"TCP",
			"num_streams":	1,
			"blksize":	131072,
			"omit":	0,
			"duration":	40,
			"bytes":	0,
			"blocks":	0,
			"reverse":	0,
			"tos":	0
		}
	},
	"intervals":	[{
			"streams":	[{
					"socket":	5,
					"start":	0,
					"end":	40.000149,
					"seconds":	40.000148773193359,
					"bytes":	9999876096,
					"bits_per_second":	1999967780.6601665,
					"retransmits":	32,
					"snd_cwnd":	402660,
					"rtt":	333,
					"rttvar":	73,
					"pmtu":	9000,
					"omitted":	false,
					"sender":	true
				}],
			"sum":	{
				"start":	0,
				"end":	40.000149,
				"seconds":	40.000148773193359,
				"bytes":	9999876096,
				"bits_per_second":	1999967780.6601665,
				"retransmits":	32,
				"omitted":	false,
				"sender":	true
			}
		}],
	"end":	{
		"streams":	[{
				"sender":	{
					"socket":	5,
					"start":	0,
					"end":	40.000149,
					"seconds":	40.000149,
					"bytes":	9999876096,
					"bits_per_second":	1999967769.3200593,
					"retransmits":	32,
					"max_snd_cwnd":	402660,
					"max_rtt":	333,
					"min_rtt":	333,
					"mean_rtt":	333,
					"sender":	true
				},
				"receiver":	{
					"socket":	5,
					"start":	0,
					"end":	40.000379,
					"seconds":	40.000149,
					"bytes":	9999876096,
					"bits_per_second":	1999956269.6143453,
					"sender":	true
				}
			}],
		"sum_sent":	{
			"start":	0,
			"end":	40.000149,
			"seconds":	40.000149,
			"bytes":	9999876096,
			"bits_per_second":	1999967769.3200593,
			"retransmits":	32,
			"sender":	true
		},
		"sum_received":	{
			"start":	0,
			"end":	40.000379,
			"seconds":	40.000379,
			"bytes":	9999876096,
			"bits_per_second":	1999956269.6143453,
			"sender":	true
		},
		"cpu_utilization_percent":	{
			"host_total":	13.07135975409463,
			"host_user":	3.2321126892949872,
			"host_system":	9.8392495646509044,
			"remote_total":	25.520410902970248,
			"remote_user":	1.8913302997894093,
			"remote_system":	23.629080603180839
		},
		"sender_tcp_congestion":	"cubic",
		"receiver_tcp_congestion":	"reno"
	}
}
