{
	"start":	{
		"connected":	[{
				"socket":	5,
				"local_host":	"10.0.1.1",
				"local_port":	55494,
				"remote_host":	"10.0.0.1",
				"remote_port":	5201
			}],
		"version":	"iperf 3.9+",
		"system_info":	"Linux han-3 5.10.0 #9 SMP PREEMPT Tue Feb 23 15:01:43 PST 2021 x86_64",
		"timestamp":	{
			"time":	"Tue, 23 May 2023 09:38:36 GMT",
			"timesecs":	1684834716
		},
		"connecting_to":	{
			"host":	"10.0.0.1",
			"port":	5201
		},
		"cookie":	"4psykbcuyxrbpfaawkqw3kxl53fewftvknf6",
		"tcp_mss_default":	8948,
		"target_bitrate":	9000000000,
		"sock_bufsize":	0,
		"sndbuf_actual":	16384,
		"rcvbuf_actual":	131072,
		"test_start":	{
			"protocol":	"TCP",
			"num_streams":	1,
			"blksize":	131072,
			"omit":	0,
			"duration":	80,
			"bytes":	0,
			"blocks":	0,
			"reverse":	0,
			"tos":	0
		}
	},
	"intervals":	[{
			"streams":	[{
					"socket":	5,
					"start":	0,
					"end":	60.000112,
					"seconds":	60.0001106262207,
					"bytes":	67499327488,
					"bits_per_second":	8999893737.99615,
					"retransmits":	87,
					"snd_cwnd":	2335428,
					"rtt":	524,
					"rttvar":	35,
					"pmtu":	9000,
					"omitted":	false,
					"sender":	true
				}],
			"sum":	{
				"start":	0,
				"end":	60.000112,
				"seconds":	60.0001106262207,
				"bytes":	67499327488,
				"bits_per_second":	8999893737.99615,
				"retransmits":	87,
				"omitted":	false,
				"sender":	true
			}
		}, {
			"streams":	[{
					"socket":	5,
					"start":	60.000112,
					"end":	80.000085,
					"seconds":	19.999973297119141,
					"bytes":	22500212736,
					"bits_per_second":	9000097110.8260441,
					"retransmits":	1,
					"snd_cwnd":	2335428,
					"rtt":	582,
					"rttvar":	14,
					"pmtu":	9000,
					"omitted":	false,
					"sender":	true
				}],
			"sum":	{
				"start":	60.000112,
				"end":	80.000085,
				"seconds":	19.999973297119141,
				"bytes":	22500212736,
				"bits_per_second":	9000097110.8260441,
				"retransmits":	1,
				"omitted":	false,
				"sender":	true
			}
		}],
	"end":	{
		"streams":	[{
				"sender":	{
					"socket":	5,
					"start":	0,
					"end":	80.000085,
					"seconds":	80.000085,
					"bytes":	89999540224,
					"bits_per_second":	8999944459.95901,
					"retransmits":	88,
					"max_snd_cwnd":	2335428,
					"max_rtt":	582,
					"min_rtt":	524,
					"mean_rtt":	553,
					"sender":	true
				},
				"receiver":	{
					"socket":	5,
					"start":	0,
					"end":	80.000611,
					"seconds":	80.000085,
					"bytes":	89999538068,
					"bits_per_second":	8999885070.1777763,
					"sender":	true
				}
			}],
		"sum_sent":	{
			"start":	0,
			"end":	80.000085,
			"seconds":	80.000085,
			"bytes":	89999540224,
			"bits_per_second":	8999944459.95901,
			"retransmits":	88,
			"sender":	true
		},
		"sum_received":	{
			"start":	0,
			"end":	80.000611,
			"seconds":	80.000611,
			"bytes":	89999538068,
			"bits_per_second":	8999885070.1777763,
			"sender":	true
		},
		"cpu_utilization_percent":	{
			"host_total":	41.6337036157203,
			"host_user":	2.1237610770819471,
			"host_system":	39.509940038715065,
			"remote_total":	54.168489645176024,
			"remote_user":	3.37175981535662,
			"remote_system":	50.796728580669246
		},
		"sender_tcp_congestion":	"cubic",
		"receiver_tcp_congestion":	"reno"
	}
}
