{
	"start":	{
		"connected":	[{
				"socket":	5,
				"local_host":	"10.0.1.1",
				"local_port":	52036,
				"remote_host":	"10.0.0.1",
				"remote_port":	5201
			}],
		"version":	"iperf 3.9+",
		"system_info":	"Linux han-3 5.10.0 #9 SMP PREEMPT Tue Feb 23 15:01:43 PST 2021 x86_64",
		"timestamp":	{
			"time":	"Mon, 22 May 2023 21:35:46 GMT",
			"timesecs":	1684791346
		},
		"connecting_to":	{
			"host":	"10.0.0.1",
			"port":	5201
		},
		"cookie":	"ymtbgpywomno2b54p35tfz3zn5dtouitp57y",
		"tcp_mss_default":	8948,
		"target_bitrate":	1000000000,
		"sock_bufsize":	0,
		"sndbuf_actual":	16384,
		"rcvbuf_actual":	131072,
		"test_start":	{
			"protocol":	"TCP",
			"num_streams":	1,
			"blksize":	131072,
			"omit":	0,
			"duration":	90,
			"bytes":	0,
			"blocks":	0,
			"reverse":	0,
			"tos":	0
		}
	},
	"intervals":	[{
			"streams":	[{
					"socket":	5,
					"start":	0,
					"end":	60.000071,
					"seconds":	60.000072479248047,
					"bytes":	7499939840,
					"bits_per_second":	999990770.690348,
					"retransmits":	6,
					"snd_cwnd":	286336,
					"rtt":	273,
					"rttvar":	42,
					"pmtu":	9000,
					"omitted":	false,
					"sender":	true
				}],
			"sum":	{
				"start":	0,
				"end":	60.000071,
				"seconds":	60.000072479248047,
				"bytes":	7499939840,
				"bits_per_second":	999990770.690348,
				"retransmits":	6,
				"omitted":	false,
				"sender":	true
			}
		}, {
			"streams":	[{
					"socket":	5,
					"start":	60.000071,
					"end":	90.000081,
					"seconds":	30.000009536743164,
					"bytes":	3749969920,
					"bits_per_second":	999991660.777879,
					"retransmits":	0,
					"snd_cwnd":	286336,
					"rtt":	268,
					"rttvar":	62,
					"pmtu":	9000,
					"omitted":	false,
					"sender":	true
				}],
			"sum":	{
				"start":	60.000071,
				"end":	90.000081,
				"seconds":	30.000009536743164,
				"bytes":	3749969920,
				"bits_per_second":	999991660.777879,
				"retransmits":	0,
				"omitted":	false,
				"sender":	true
			}
		}],
	"end":	{
		"streams":	[{
				"sender":	{
					"socket":	5,
					"start":	0,
					"end":	90.000081,
					"seconds":	90.000081,
					"bytes":	11249909760,
					"bits_per_second":	999991078.674696,
					"retransmits":	6,
					"max_snd_cwnd":	286336,
					"max_rtt":	273,
					"min_rtt":	268,
					"mean_rtt":	270,
					"sender":	true
				},
				"receiver":	{
					"socket":	5,
					"start":	0,
					"end":	90.000225,
					"seconds":	90.000081,
					"bytes":	11249909760,
					"bits_per_second":	999989478.69297,
					"sender":	true
				}
			}],
		"sum_sent":	{
			"start":	0,
			"end":	90.000081,
			"seconds":	90.000081,
			"bytes":	11249909760,
			"bits_per_second":	999991078.674696,
			"retransmits":	6,
			"sender":	true
		},
		"sum_received":	{
			"start":	0,
			"end":	90.000225,
			"seconds":	90.000225,
			"bytes":	11249909760,
			"bits_per_second":	999989478.69297,
			"sender":	true
		},
		"cpu_utilization_percent":	{
			"host_total":	5.7719491404456935,
			"host_user":	2.3089558739304423,
			"host_system":	3.46299326651525,
			"remote_total":	15.098398444258395,
			"remote_user":	3.3746171424432507,
			"remote_system":	11.723780191250171
		},
		"sender_tcp_congestion":	"cubic",
		"receiver_tcp_congestion":	"reno"
	}
}
