{
	"start":	{
		"connected":	[{
				"socket":	5,
				"local_host":	"10.0.1.1",
				"local_port":	53160,
				"remote_host":	"10.0.0.1",
				"remote_port":	5201
			}],
		"version":	"iperf 3.9+",
		"system_info":	"Linux han-3 5.10.0 #9 SMP PREEMPT Tue Feb 23 15:01:43 PST 2021 x86_64",
		"timestamp":	{
			"time":	"Tue, 23 May 2023 01:23:59 GMT",
			"timesecs":	1684805039
		},
		"connecting_to":	{
			"host":	"10.0.0.1",
			"port":	5201
		},
		"cookie":	"hwefrd427k43cqzlxcxmkpvb2ym7y4fvsxcm",
		"tcp_mss_default":	8948,
		"target_bitrate":	4000000000,
		"sock_bufsize":	0,
		"sndbuf_actual":	16384,
		"rcvbuf_actual":	131072,
		"test_start":	{
			"protocol":	"TCP",
			"num_streams":	1,
			"blksize":	131072,
			"omit":	0,
			"duration":	50,
			"bytes":	0,
			"blocks":	0,
			"reverse":	0,
			"tos":	0
		}
	},
	"intervals":	[{
			"streams":	[{
					"socket":	5,
					"start":	0,
					"end":	50.000073,
					"seconds":	50.000072479248047,
					"bytes":	24999624704,
					"bits_per_second":	3999934154.3956051,
					"retransmits":	9,
					"snd_cwnd":	671100,
					"rtt":	446,
					"rttvar":	25,
					"pmtu":	9000,
					"omitted":	false,
					"sender":	true
				}],
			"sum":	{
				"start":	0,
				"end":	50.000073,
				"seconds":	50.000072479248047,
				"bytes":	24999624704,
				"bits_per_second":	3999934154.3956051,
				"retransmits":	9,
				"omitted":	false,
				"sender":	true
			}
		}],
	"end":	{
		"streams":	[{
				"sender":	{
					"socket":	5,
					"start":	0,
					"end":	50.000073,
					"seconds":	50.000073,
					"bytes":	24999624704,
					"bits_per_second":	3999934112.7361956,
					"retransmits":	9,
					"max_snd_cwnd":	671100,
					"max_rtt":	446,
					"min_rtt":	446,
					"mean_rtt":	446,
					"sender":	true
				},
				"receiver":	{
					"socket":	5,
					"start":	0,
					"end":	50.000267,
					"seconds":	50.000073,
					"bytes":	24999624704,
					"bits_per_second":	3999918593.0747128,
					"sender":	true
				}
			}],
		"sum_sent":	{
			"start":	0,
			"end":	50.000073,
			"seconds":	50.000073,
			"bytes":	24999624704,
			"bits_per_second":	3999934112.7361956,
			"retransmits":	9,
			"sender":	true
		},
		"sum_received":	{
			"start":	0,
			"end":	50.000267,
			"seconds":	50.000267,
			"bytes":	24999624704,
			"bits_per_second":	3999918593.0747128,
			"sender":	true
		},
		"cpu_utilization_percent":	{
			"host_total":	14.860179022480594,
			"host_user":	0,
			"host_system":	14.860175022684343,
			"remote_total":	40.96984177883715,
			"remote_user":	1.6285664408621188,
			"remote_system":	39.341275337975034
		},
		"sender_tcp_congestion":	"cubic",
		"receiver_tcp_congestion":	"reno"
	}
}
