{
	"start":	{
		"connected":	[{
				"socket":	5,
				"local_host":	"10.0.1.1",
				"local_port":	55508,
				"remote_host":	"10.0.0.1",
				"remote_port":	5201
			}],
		"version":	"iperf 3.9+",
		"system_info":	"Linux han-3 5.10.0 #9 SMP PREEMPT Tue Feb 23 15:01:43 PST 2021 x86_64",
		"timestamp":	{
			"time":	"Tue, 23 May 2023 09:42:36 GMT",
			"timesecs":	1684834956
		},
		"connecting_to":	{
			"host":	"10.0.0.1",
			"port":	5201
		},
		"cookie":	"ufpltxgfga5vibyxiubqfp723nyrhozhdswn",
		"tcp_mss_default":	8948,
		"target_bitrate":	9000000000,
		"sock_bufsize":	0,
		"sndbuf_actual":	16384,
		"rcvbuf_actual":	131072,
		"test_start":	{
			"protocol":	"TCP",
			"num_streams":	1,
			"blksize":	131072,
			"omit":	0,
			"duration":	80,
			"bytes":	0,
			"blocks":	0,
			"reverse":	0,
			"tos":	0
		}
	},
	"intervals":	[{
			"streams":	[{
					"socket":	5,
					"start":	0,
					"end":	60.000105,
					"seconds":	60.000106811523438,
					"bytes":	67499458560,
					"bits_per_second":	8999911786.42852,
					"retransmits":	25,
					"snd_cwnd":	1762756,
					"rtt":	606,
					"rttvar":	17,
					"pmtu":	9000,
					"omitted":	false,
					"sender":	true
				}],
			"sum":	{
				"start":	0,
				"end":	60.000105,
				"seconds":	60.000106811523438,
				"bytes":	67499458560,
				"bits_per_second":	8999911786.42852,
				"retransmits":	25,
				"omitted":	false,
				"sender":	true
			}
		}, {
			"streams":	[{
					"socket":	5,
					"start":	60.000105,
					"end":	80.00012,
					"seconds":	20.000015258789062,
					"bytes":	22499819520,
					"bits_per_second":	8999920941.60524,
					"retransmits":	0,
					"snd_cwnd":	1762756,
					"rtt":	618,
					"rttvar":	15,
					"pmtu":	9000,
					"omitted":	false,
					"sender":	true
				}],
			"sum":	{
				"start":	60.000105,
				"end":	80.00012,
				"seconds":	20.000015258789062,
				"bytes":	22499819520,
				"bits_per_second":	8999920941.60524,
				"retransmits":	0,
				"omitted":	false,
				"sender":	true
			}
		}],
	"end":	{
		"streams":	[{
				"sender":	{
					"socket":	5,
					"start":	0,
					"end":	80.00012,
					"seconds":	80.00012,
					"bytes":	89999278080,
					"bits_per_second":	8999914308.12854,
					"retransmits":	25,
					"max_snd_cwnd":	1762756,
					"max_rtt":	618,
					"min_rtt":	606,
					"mean_rtt":	612,
					"sender":	true
				},
				"receiver":	{
					"socket":	5,
					"start":	0,
					"end":	80.000287,
					"seconds":	80.00012,
					"bytes":	89999278080,
					"bits_per_second":	8999895520.87482,
					"sender":	true
				}
			}],
		"sum_sent":	{
			"start":	0,
			"end":	80.00012,
			"seconds":	80.00012,
			"bytes":	89999278080,
			"bits_per_second":	8999914308.12854,
			"retransmits":	25,
			"sender":	true
		},
		"sum_received":	{
			"start":	0,
			"end":	80.000287,
			"seconds":	80.000287,
			"bytes":	89999278080,
			"bits_per_second":	8999895520.87482,
			"sender":	true
		},
		"cpu_utilization_percent":	{
			"host_total":	38.4354045187762,
			"host_user":	3.7593969925199047,
			"host_system":	34.676010026191953,
			"remote_total":	55.508399754354933,
			"remote_user":	3.1147288862901417,
			"remote_system":	52.3936721173023
		},
		"sender_tcp_congestion":	"cubic",
		"receiver_tcp_congestion":	"reno"
	}
}
