{
	"start":	{
		"connected":	[{
				"socket":	5,
				"local_host":	"10.0.1.1",
				"local_port":	52202,
				"remote_host":	"10.0.0.1",
				"remote_port":	5201
			}],
		"version":	"iperf 3.9+",
		"system_info":	"Linux han-3 5.10.0 #9 SMP PREEMPT Tue Feb 23 15:01:43 PST 2021 x86_64",
		"timestamp":	{
			"time":	"Mon, 22 May 2023 22:08:27 GMT",
			"timesecs":	1684793307
		},
		"connecting_to":	{
			"host":	"10.0.0.1",
			"port":	5201
		},
		"cookie":	"qvcbdqvzsmwp5aibfpnzyjgq33jbmf42cnkm",
		"tcp_mss_default":	8948,
		"target_bitrate":	2000000000,
		"sock_bufsize":	0,
		"sndbuf_actual":	16384,
		"rcvbuf_actual":	131072,
		"test_start":	{
			"protocol":	"TCP",
			"num_streams":	1,
			"blksize":	131072,
			"omit":	0,
			"duration":	30,
			"bytes":	0,
			"blocks":	0,
			"reverse":	0,
			"tos":	0
		}
	},
	"intervals":	[{
			"streams":	[{
					"socket":	5,
					"start":	0,
					"end":	30.000098,
					"seconds":	30.000097274780273,
					"bytes":	7499808768,
					"bits_per_second":	1999942520.0010269,
					"retransmits":	4,
					"snd_cwnd":	402660,
					"rtt":	376,
					"rttvar":	40,
					"pmtu":	9000,
					"omitted":	false,
					"sender":	true
				}],
			"sum":	{
				"start":	0,
				"end":	30.000098,
				"seconds":	30.000097274780273,
				"bytes":	7499808768,
				"bits_per_second":	1999942520.0010269,
				"retransmits":	4,
				"omitted":	false,
				"sender":	true
			}
		}],
	"end":	{
		"streams":	[{
				"sender":	{
					"socket":	5,
					"start":	0,
					"end":	30.000098,
					"seconds":	30.000098,
					"bytes":	7499808768,
					"bits_per_second":	1999942471.6545925,
					"retransmits":	4,
					"max_snd_cwnd":	402660,
					"max_rtt":	376,
					"min_rtt":	376,
					"mean_rtt":	376,
					"sender":	true
				},
				"receiver":	{
					"socket":	5,
					"start":	0,
					"end":	30.000239,
					"seconds":	30.000098,
					"bytes":	7499808768,
					"bits_per_second":	1999933071.99986,
					"sender":	true
				}
			}],
		"sum_sent":	{
			"start":	0,
			"end":	30.000098,
			"seconds":	30.000098,
			"bytes":	7499808768,
			"bits_per_second":	1999942471.6545925,
			"retransmits":	4,
			"sender":	true
		},
		"sum_received":	{
			"start":	0,
			"end":	30.000239,
			"seconds":	30.000239,
			"bytes":	7499808768,
			"bits_per_second":	1999933071.99986,
			"sender":	true
		},
		"cpu_utilization_percent":	{
			"host_total":	9.15195013611616,
			"host_user":	4.57597340152007,
			"host_system":	4.57597340152007,
			"remote_total":	23.5526123923794,
			"remote_user":	1.1890966808067776,
			"remote_system":	22.363515711572628
		},
		"sender_tcp_congestion":	"cubic",
		"receiver_tcp_congestion":	"reno"
	}
}
