{
	"start":	{
		"connected":	[{
				"socket":	5,
				"local_host":	"10.0.1.1",
				"local_port":	52746,
				"remote_host":	"10.0.0.1",
				"remote_port":	5201
			}],
		"version":	"iperf 3.9+",
		"system_info":	"Linux han-3 5.10.0 #9 SMP PREEMPT Tue Feb 23 15:01:43 PST 2021 x86_64",
		"timestamp":	{
			"time":	"Mon, 22 May 2023 23:56:24 GMT",
			"timesecs":	1684799784
		},
		"connecting_to":	{
			"host":	"10.0.0.1",
			"port":	5201
		},
		"cookie":	"tcv2ag3r6wjb4qzpdcpzd6jridlf2fqrdgyo",
		"tcp_mss_default":	8948,
		"target_bitrate":	3000000000,
		"sock_bufsize":	0,
		"sndbuf_actual":	16384,
		"rcvbuf_actual":	131072,
		"test_start":	{
			"protocol":	"TCP",
			"num_streams":	1,
			"blksize":	131072,
			"omit":	0,
			"duration":	50,
			"bytes":	0,
			"blocks":	0,
			"reverse":	0,
			"tos":	0
		}
	},
	"intervals":	[{
			"streams":	[{
					"socket":	5,
					"start":	0,
					"end":	50.000089,
					"seconds":	50.0000877380371,
					"bytes":	18749718528,
					"bits_per_second":	2999949700.2860374,
					"retransmits":	4,
					"snd_cwnd":	536880,
					"rtt":	339,
					"rttvar":	15,
					"pmtu":	9000,
					"omitted":	false,
					"sender":	true
				}],
			"sum":	{
				"start":	0,
				"end":	50.000089,
				"seconds":	50.0000877380371,
				"bytes":	18749718528,
				"bits_per_second":	2999949700.2860374,
				"retransmits":	4,
				"omitted":	false,
				"sender":	true
			}
		}],
	"end":	{
		"streams":	[{
				"sender":	{
					"socket":	5,
					"start":	0,
					"end":	50.000089,
					"seconds":	50.000089,
					"bytes":	18749718528,
					"bits_per_second":	2999949624.5696683,
					"retransmits":	4,
					"max_snd_cwnd":	536880,
					"max_rtt":	339,
					"min_rtt":	339,
					"mean_rtt":	339,
					"sender":	true
				},
				"receiver":	{
					"socket":	5,
					"start":	0,
					"end":	50.000205,
					"seconds":	50.000089,
					"bytes":	18749718528,
					"bits_per_second":	2999942664.7150745,
					"sender":	true
				}
			}],
		"sum_sent":	{
			"start":	0,
			"end":	50.000089,
			"seconds":	50.000089,
			"bytes":	18749718528,
			"bits_per_second":	2999949624.5696683,
			"retransmits":	4,
			"sender":	true
		},
		"sum_received":	{
			"start":	0,
			"end":	50.000205,
			"seconds":	50.000205,
			"bytes":	18749718528,
			"bits_per_second":	2999942664.7150745,
			"sender":	true
		},
		"cpu_utilization_percent":	{
			"host_total":	11.656652860059561,
			"host_user":	0,
			"host_system":	11.656654859954367,
			"remote_total":	33.706295517311979,
			"remote_user":	0.96798929535493272,
			"remote_system":	32.738306221957046
		},
		"sender_tcp_congestion":	"cubic",
		"receiver_tcp_congestion":	"reno"
	}
}
