{
	"start":	{
		"connected":	[{
				"socket":	5,
				"local_host":	"10.0.1.1",
				"local_port":	53316,
				"remote_host":	"10.0.0.1",
				"remote_port":	5201
			}],
		"version":	"iperf 3.9+",
		"system_info":	"Linux han-3 5.10.0 #9 SMP PREEMPT Tue Feb 23 15:01:43 PST 2021 x86_64",
		"timestamp":	{
			"time":	"Tue, 23 May 2023 02:01:10 GMT",
			"timesecs":	1684807270
		},
		"connecting_to":	{
			"host":	"10.0.0.1",
			"port":	5201
		},
		"cookie":	"paqkwo4cnfzwahsrony5tlitdo4ergqcv3co",
		"tcp_mss_default":	8948,
		"target_bitrate":	4000000000,
		"sock_bufsize":	0,
		"sndbuf_actual":	16384,
		"rcvbuf_actual":	131072,
		"test_start":	{
			"protocol":	"TCP",
			"num_streams":	1,
			"blksize":	131072,
			"omit":	0,
			"duration":	80,
			"bytes":	0,
			"blocks":	0,
			"reverse":	0,
			"tos":	0
		}
	},
	"intervals":	[{
			"streams":	[{
					"socket":	5,
					"start":	0,
					"end":	60.000029,
					"seconds":	60.000030517578125,
					"bytes":	29999628288,
					"bits_per_second":	3999948403.9210348,
					"retransmits":	12,
					"snd_cwnd":	1252720,
					"rtt":	574,
					"rttvar":	32,
					"pmtu":	9000,
					"omitted":	false,
					"sender":	true
				}],
			"sum":	{
				"start":	0,
				"end":	60.000029,
				"seconds":	60.000030517578125,
				"bytes":	29999628288,
				"bits_per_second":	3999948403.9210348,
				"retransmits":	12,
				"omitted":	false,
				"sender":	true
			}
		}, {
			"streams":	[{
					"socket":	5,
					"start":	60.000029,
					"end":	80.000047,
					"seconds":	20.0000171661377,
					"bytes":	10000007168,
					"bits_per_second":	3999999433.9729466,
					"retransmits":	0,
					"snd_cwnd":	1252720,
					"rtt":	462,
					"rttvar":	29,
					"pmtu":	9000,
					"omitted":	false,
					"sender":	true
				}],
			"sum":	{
				"start":	60.000029,
				"end":	80.000047,
				"seconds":	20.0000171661377,
				"bytes":	10000007168,
				"bits_per_second":	3999999433.9729466,
				"retransmits":	0,
				"omitted":	false,
				"sender":	true
			}
		}],
	"end":	{
		"streams":	[{
				"sender":	{
					"socket":	5,
					"start":	0,
					"end":	80.000047,
					"seconds":	80.000047,
					"bytes":	39999635456,
					"bits_per_second":	3999961195.622798,
					"retransmits":	12,
					"max_snd_cwnd":	1252720,
					"max_rtt":	574,
					"min_rtt":	462,
					"mean_rtt":	518,
					"sender":	true
				},
				"receiver":	{
					"socket":	5,
					"start":	0,
					"end":	80.000194,
					"seconds":	80.000047,
					"bytes":	39999635456,
					"bits_per_second":	3999953845.7119246,
					"sender":	true
				}
			}],
		"sum_sent":	{
			"start":	0,
			"end":	80.000047,
			"seconds":	80.000047,
			"bytes":	39999635456,
			"bits_per_second":	3999961195.622798,
			"retransmits":	12,
			"sender":	true
		},
		"sum_received":	{
			"start":	0,
			"end":	80.000194,
			"seconds":	80.000194,
			"bytes":	39999635456,
			"bits_per_second":	3999953845.7119246,
			"sender":	true
		},
		"cpu_utilization_percent":	{
			"host_total":	14.858214760646444,
			"host_user":	2.9707494789781568,
			"host_system":	11.887464031705846,
			"remote_total":	41.9777677741331,
			"remote_user":	2.5443685626521471,
			"remote_system":	39.433399211480946
		},
		"sender_tcp_congestion":	"cubic",
		"receiver_tcp_congestion":	"reno"
	}
}
