{
	"start":	{
		"connected":	[{
				"socket":	5,
				"local_host":	"10.0.1.1",
				"local_port":	55202,
				"remote_host":	"10.0.0.1",
				"remote_port":	5201
			}],
		"version":	"iperf 3.9+",
		"system_info":	"Linux han-3 5.10.0 #9 SMP PREEMPT Tue Feb 23 15:01:43 PST 2021 x86_64",
		"timestamp":	{
			"time":	"Tue, 23 May 2023 08:46:22 GMT",
			"timesecs":	1684831582
		},
		"connecting_to":	{
			"host":	"10.0.0.1",
			"port":	5201
		},
		"cookie":	"xubwfvli6kz6mzwwzxwl4phwqzadolcelbij",
		"tcp_mss_default":	8948,
		"target_bitrate":	9000000000,
		"sock_bufsize":	0,
		"sndbuf_actual":	16384,
		"rcvbuf_actual":	131072,
		"test_start":	{
			"protocol":	"TCP",
			"num_streams":	1,
			"blksize":	131072,
			"omit":	0,
			"duration":	10,
			"bytes":	0,
			"blocks":	0,
			"reverse":	0,
			"tos":	0
		}
	},
	"intervals":	[{
			"streams":	[{
					"socket":	5,
					"start":	0,
					"end":	10.000077,
					"seconds":	10.000077247619629,
					"bytes":	11249254400,
					"bits_per_second":	8999334002.28701,
					"retransmits":	97,
					"snd_cwnd":	1377992,
					"rtt":	687,
					"rttvar":	33,
					"pmtu":	9000,
					"omitted":	false,
					"sender":	true
				}],
			"sum":	{
				"start":	0,
				"end":	10.000077,
				"seconds":	10.000077247619629,
				"bytes":	11249254400,
				"bits_per_second":	8999334002.28701,
				"retransmits":	97,
				"omitted":	false,
				"sender":	true
			}
		}],
	"end":	{
		"streams":	[{
				"sender":	{
					"socket":	5,
					"start":	0,
					"end":	10.000077,
					"seconds":	10.000077,
					"bytes":	11249254400,
					"bits_per_second":	8999334225.1264668,
					"retransmits":	97,
					"max_snd_cwnd":	1377992,
					"max_rtt":	687,
					"min_rtt":	687,
					"mean_rtt":	687,
					"sender":	true
				},
				"receiver":	{
					"socket":	5,
					"start":	0,
					"end":	10.000458,
					"seconds":	10.000077,
					"bytes":	11249154312,
					"bits_per_second":	8998911299.4624844,
					"sender":	true
				}
			}],
		"sum_sent":	{
			"start":	0,
			"end":	10.000077,
			"seconds":	10.000077,
			"bytes":	11249254400,
			"bits_per_second":	8999334225.1264668,
			"retransmits":	97,
			"sender":	true
		},
		"sum_received":	{
			"start":	0,
			"end":	10.000458,
			"seconds":	10.000458,
			"bytes":	11249154312,
			"bits_per_second":	8998911299.4624844,
			"sender":	true
		},
		"cpu_utilization_percent":	{
			"host_total":	33.030708838144882,
			"host_user":	0,
			"host_system":	33.030688843133639,
			"remote_total":	58.664271387647119,
			"remote_user":	7.4540869473148739,
			"remote_system":	51.210184440332242
		},
		"sender_tcp_congestion":	"cubic",
		"receiver_tcp_congestion":	"reno"
	}
}
