{
	"start":	{
		"connected":	[{
				"socket":	5,
				"local_host":	"10.0.1.1",
				"local_port":	53826,
				"remote_host":	"10.0.0.1",
				"remote_port":	5201
			}],
		"version":	"iperf 3.9+",
		"system_info":	"Linux han-3 5.10.0 #9 SMP PREEMPT Tue Feb 23 15:01:43 PST 2021 x86_64",
		"timestamp":	{
			"time":	"Tue, 23 May 2023 03:56:36 GMT",
			"timesecs":	1684814196
		},
		"connecting_to":	{
			"host":	"10.0.0.1",
			"port":	5201
		},
		"cookie":	"emlkdjoaqyhalsulpop2lpsti3w5zafm33za",
		"tcp_mss_default":	8948,
		"target_bitrate":	5000000000,
		"sock_bufsize":	0,
		"sndbuf_actual":	16384,
		"rcvbuf_actual":	131072,
		"test_start":	{
			"protocol":	"TCP",
			"num_streams":	1,
			"blksize":	131072,
			"omit":	0,
			"duration":	100,
			"bytes":	0,
			"blocks":	0,
			"reverse":	0,
			"tos":	0
		}
	},
	"intervals":	[{
			"streams":	[{
					"socket":	5,
					"start":	0,
					"end":	60.000061,
					"seconds":	60.00006103515625,
					"bytes":	37499568128,
					"bits_per_second":	4999937330.8673964,
					"retransmits":	12,
					"snd_cwnd":	796372,
					"rtt":	526,
					"rttvar":	24,
					"pmtu":	9000,
					"omitted":	false,
					"sender":	true
				}],
			"sum":	{
				"start":	0,
				"end":	60.000061,
				"seconds":	60.00006103515625,
				"bytes":	37499568128,
				"bits_per_second":	4999937330.8673964,
				"retransmits":	12,
				"omitted":	false,
				"sender":	true
			}
		}, {
			"streams":	[{
					"socket":	5,
					"start":	60.000061,
					"end":	100.000074,
					"seconds":	40.0000114440918,
					"bytes":	25000017920,
					"bits_per_second":	5000002153.48791,
					"retransmits":	1,
					"snd_cwnd":	796372,
					"rtt":	548,
					"rttvar":	34,
					"pmtu":	9000,
					"omitted":	false,
					"sender":	true
				}],
			"sum":	{
				"start":	60.000061,
				"end":	100.000074,
				"seconds":	40.0000114440918,
				"bytes":	25000017920,
				"bits_per_second":	5000002153.48791,
				"retransmits":	1,
				"omitted":	false,
				"sender":	true
			}
		}],
	"end":	{
		"streams":	[{
				"sender":	{
					"socket":	5,
					"start":	0,
					"end":	100.000074,
					"seconds":	100.000074,
					"bytes":	62499586048,
					"bits_per_second":	4999963183.8672438,
					"retransmits":	13,
					"max_snd_cwnd":	796372,
					"max_rtt":	548,
					"min_rtt":	526,
					"mean_rtt":	537,
					"sender":	true
				},
				"receiver":	{
					"socket":	5,
					"start":	0,
					"end":	100.000205,
					"seconds":	100.000074,
					"bytes":	62499586048,
					"bits_per_second":	4999956633.9289,
					"sender":	true
				}
			}],
		"sum_sent":	{
			"start":	0,
			"end":	100.000074,
			"seconds":	100.000074,
			"bytes":	62499586048,
			"bits_per_second":	4999963183.8672438,
			"retransmits":	13,
			"sender":	true
		},
		"sum_received":	{
			"start":	0,
			"end":	100.000205,
			"seconds":	100.000205,
			"bytes":	62499586048,
			"bits_per_second":	4999956633.9289,
			"sender":	true
		},
		"cpu_utilization_percent":	{
			"host_total":	18.255017545364176,
			"host_user":	0,
			"host_system":	18.255018545339333,
			"remote_total":	43.710209795007451,
			"remote_user":	2.7856864178868861,
			"remote_system":	40.924523377120565
		},
		"sender_tcp_congestion":	"cubic",
		"receiver_tcp_congestion":	"reno"
	}
}
