{
	"start":	{
		"connected":	[{
				"socket":	5,
				"local_host":	"10.0.1.1",
				"local_port":	55484,
				"remote_host":	"10.0.0.1",
				"remote_port":	5201
			}],
		"version":	"iperf 3.9+",
		"system_info":	"Linux han-3 5.10.0 #9 SMP PREEMPT Tue Feb 23 15:01:43 PST 2021 x86_64",
		"timestamp":	{
			"time":	"Tue, 23 May 2023 09:35:55 GMT",
			"timesecs":	1684834555
		},
		"connecting_to":	{
			"host":	"10.0.0.1",
			"port":	5201
		},
		"cookie":	"v7vl7w2n6g5ldmq4syerzjthowqeizeqnjmx",
		"tcp_mss_default":	8948,
		"target_bitrate":	9000000000,
		"sock_bufsize":	0,
		"sndbuf_actual":	16384,
		"rcvbuf_actual":	131072,
		"test_start":	{
			"protocol":	"TCP",
			"num_streams":	1,
			"blksize":	131072,
			"omit":	0,
			"duration":	80,
			"bytes":	0,
			"blocks":	0,
			"reverse":	0,
			"tos":	0
		}
	},
	"intervals":	[{
			"streams":	[{
					"socket":	5,
					"start":	0,
					"end":	60.000107,
					"seconds":	60.000106811523438,
					"bytes":	67499196416,
					"bits_per_second":	8999876833.95741,
					"retransmits":	79,
					"snd_cwnd":	2138572,
					"rtt":	712,
					"rttvar":	83,
					"pmtu":	9000,
					"omitted":	false,
					"sender":	true
				}],
			"sum":	{
				"start":	0,
				"end":	60.000107,
				"seconds":	60.000106811523438,
				"bytes":	67499196416,
				"bits_per_second":	8999876833.95741,
				"retransmits":	79,
				"omitted":	false,
				"sender":	true
			}
		}, {
			"streams":	[{
					"socket":	5,
					"start":	60.000107,
					"end":	80.000126,
					"seconds":	20.000019073486328,
					"bytes":	22499950592,
					"bits_per_second":	8999971653.7581863,
					"retransmits":	15,
					"snd_cwnd":	2138572,
					"rtt":	625,
					"rttvar":	46,
					"pmtu":	9000,
					"omitted":	false,
					"sender":	true
				}],
			"sum":	{
				"start":	60.000107,
				"end":	80.000126,
				"seconds":	20.000019073486328,
				"bytes":	22499950592,
				"bits_per_second":	8999971653.7581863,
				"retransmits":	15,
				"omitted":	false,
				"sender":	true
			}
		}],
	"end":	{
		"streams":	[{
				"sender":	{
					"socket":	5,
					"start":	0,
					"end":	80.000126,
					"seconds":	80.000126,
					"bytes":	89999147008,
					"bits_per_second":	8999900525.95667,
					"retransmits":	94,
					"max_snd_cwnd":	2138572,
					"max_rtt":	712,
					"min_rtt":	625,
					"mean_rtt":	668,
					"sender":	true
				},
				"receiver":	{
					"socket":	5,
					"start":	0,
					"end":	80.000467,
					"seconds":	80.000126,
					"bytes":	89999147008,
					"bits_per_second":	8999862164.1046162,
					"sender":	true
				}
			}],
		"sum_sent":	{
			"start":	0,
			"end":	80.000126,
			"seconds":	80.000126,
			"bytes":	89999147008,
			"bits_per_second":	8999900525.95667,
			"retransmits":	94,
			"sender":	true
		},
		"sum_received":	{
			"start":	0,
			"end":	80.000467,
			"seconds":	80.000467,
			"bytes":	89999147008,
			"bits_per_second":	8999862164.1046162,
			"sender":	true
		},
		"cpu_utilization_percent":	{
			"host_total":	37.917387065948141,
			"host_user":	2.13242312187984,
			"host_system":	35.7849651940291,
			"remote_total":	59.106889973029077,
			"remote_user":	3.6795206032437662,
			"remote_system":	55.427368120622369
		},
		"sender_tcp_congestion":	"cubic",
		"receiver_tcp_congestion":	"reno"
	}
}
