{
	"start":	{
		"connected":	[{
				"socket":	5,
				"local_host":	"10.0.1.1",
				"local_port":	53118,
				"remote_host":	"10.0.0.1",
				"remote_port":	5201
			}],
		"version":	"iperf 3.9+",
		"system_info":	"Linux han-3 5.10.0 #9 SMP PREEMPT Tue Feb 23 15:01:43 PST 2021 x86_64",
		"timestamp":	{
			"time":	"Tue, 23 May 2023 01:17:08 GMT",
			"timesecs":	1684804628
		},
		"connecting_to":	{
			"host":	"10.0.0.1",
			"port":	5201
		},
		"cookie":	"yfyj3oobk47xymgho3frrto7r2pghy5rfozf",
		"tcp_mss_default":	8948,
		"target_bitrate":	4000000000,
		"sock_bufsize":	0,
		"sndbuf_actual":	16384,
		"rcvbuf_actual":	131072,
		"test_start":	{
			"protocol":	"TCP",
			"num_streams":	1,
			"blksize":	131072,
			"omit":	0,
			"duration":	40,
			"bytes":	0,
			"blocks":	0,
			"reverse":	0,
			"tos":	0
		}
	},
	"intervals":	[{
			"streams":	[{
					"socket":	5,
					"start":	0,
					"end":	40.000141,
					"seconds":	40.000141143798828,
					"bytes":	19999621120,
					"bits_per_second":	3999910109.9373026,
					"retransmits":	14,
					"snd_cwnd":	680048,
					"rtt":	354,
					"rttvar":	49,
					"pmtu":	9000,
					"omitted":	false,
					"sender":	true
				}],
			"sum":	{
				"start":	0,
				"end":	40.000141,
				"seconds":	40.000141143798828,
				"bytes":	19999621120,
				"bits_per_second":	3999910109.9373026,
				"retransmits":	14,
				"omitted":	false,
				"sender":	true
			}
		}],
	"end":	{
		"streams":	[{
				"sender":	{
					"socket":	5,
					"start":	0,
					"end":	40.000141,
					"seconds":	40.000141,
					"bytes":	19999621120,
					"bits_per_second":	3999910124.316812,
					"retransmits":	14,
					"max_snd_cwnd":	680048,
					"max_rtt":	354,
					"min_rtt":	354,
					"mean_rtt":	354,
					"sender":	true
				},
				"receiver":	{
					"socket":	5,
					"start":	0,
					"end":	40.000307,
					"seconds":	40.000141,
					"bytes":	19999621120,
					"bits_per_second":	3999893524.8171973,
					"sender":	true
				}
			}],
		"sum_sent":	{
			"start":	0,
			"end":	40.000141,
			"seconds":	40.000141,
			"bytes":	19999621120,
			"bits_per_second":	3999910124.316812,
			"retransmits":	14,
			"sender":	true
		},
		"sum_received":	{
			"start":	0,
			"end":	40.000307,
			"seconds":	40.000307,
			"bytes":	19999621120,
			"bits_per_second":	3999893524.8171973,
			"sender":	true
		},
		"cpu_utilization_percent":	{
			"host_total":	20.504099094931576,
			"host_user":	1.5224356230147076,
			"host_system":	18.9816659717537,
			"remote_total":	37.162025575374,
			"remote_user":	3.5070033849877209,
			"remote_system":	33.655024687279152
		},
		"sender_tcp_congestion":	"cubic",
		"receiver_tcp_congestion":	"reno"
	}
}
