{
	"start":	{
		"connected":	[{
				"socket":	5,
				"local_host":	"10.0.1.1",
				"local_port":	55306,
				"remote_host":	"10.0.0.1",
				"remote_port":	5201
			}],
		"version":	"iperf 3.9+",
		"system_info":	"Linux han-3 5.10.0 #9 SMP PREEMPT Tue Feb 23 15:01:43 PST 2021 x86_64",
		"timestamp":	{
			"time":	"Tue, 23 May 2023 08:56:33 GMT",
			"timesecs":	1684832193
		},
		"connecting_to":	{
			"host":	"10.0.0.1",
			"port":	5201
		},
		"cookie":	"cz7e5tq43qf4xuj6ofkn6xi2otymn2rqchfj",
		"tcp_mss_default":	8948,
		"target_bitrate":	9000000000,
		"sock_bufsize":	0,
		"sndbuf_actual":	16384,
		"rcvbuf_actual":	131072,
		"test_start":	{
			"protocol":	"TCP",
			"num_streams":	1,
			"blksize":	131072,
			"omit":	0,
			"duration":	40,
			"bytes":	0,
			"blocks":	0,
			"reverse":	0,
			"tos":	0
		}
	},
	"intervals":	[{
			"streams":	[{
					"socket":	5,
					"start":	0,
					"end":	40.00012,
					"seconds":	40.000118255615234,
					"bytes":	44999376896,
					"bits_per_second":	8999848772.13366,
					"retransmits":	22,
					"snd_cwnd":	2058040,
					"rtt":	733,
					"rttvar":	32,
					"pmtu":	9000,
					"omitted":	false,
					"sender":	true
				}],
			"sum":	{
				"start":	0,
				"end":	40.00012,
				"seconds":	40.000118255615234,
				"bytes":	44999376896,
				"bits_per_second":	8999848772.13366,
				"retransmits":	22,
				"omitted":	false,
				"sender":	true
			}
		}],
	"end":	{
		"streams":	[{
				"sender":	{
					"socket":	5,
					"start":	0,
					"end":	40.00012,
					"seconds":	40.00012,
					"bytes":	44999376896,
					"bits_per_second":	8999848379.65486,
					"retransmits":	22,
					"max_snd_cwnd":	2058040,
					"max_rtt":	733,
					"min_rtt":	733,
					"mean_rtt":	733,
					"sender":	true
				},
				"receiver":	{
					"socket":	5,
					"start":	0,
					"end":	40.000435,
					"seconds":	40.00012,
					"bytes":	44999261564,
					"bits_per_second":	8999754440.47046,
					"sender":	true
				}
			}],
		"sum_sent":	{
			"start":	0,
			"end":	40.00012,
			"seconds":	40.00012,
			"bytes":	44999376896,
			"bits_per_second":	8999848379.65486,
			"retransmits":	22,
			"sender":	true
		},
		"sum_received":	{
			"start":	0,
			"end":	40.000435,
			"seconds":	40.000435,
			"bytes":	44999261564,
			"bits_per_second":	8999754440.47046,
			"sender":	true
		},
		"cpu_utilization_percent":	{
			"host_total":	42.600316598940516,
			"host_user":	2.4288467967462353,
			"host_system":	40.171474801940668,
			"remote_total":	57.49122656721466,
			"remote_user":	2.8313139583431077,
			"remote_system":	54.6599151057752
		},
		"sender_tcp_congestion":	"cubic",
		"receiver_tcp_congestion":	"reno"
	}
}
