{
	"start":	{
		"connected":	[{
				"socket":	5,
				"local_host":	"10.0.1.1",
				"local_port":	48990,
				"remote_host":	"10.0.0.1",
				"remote_port":	5201
			}],
		"version":	"iperf 3.9+",
		"system_info":	"Linux han-3 5.10.0 #9 SMP PREEMPT Tue Feb 23 15:01:43 PST 2021 x86_64",
		"timestamp":	{
			"time":	"Sat, 02 Mar 2024 22:14:49 GMT",
			"timesecs":	1709417689
		},
		"connecting_to":	{
			"host":	"10.0.0.1",
			"port":	5201
		},
		"cookie":	"l3a3xxb6zidy5iyojuupxb5uuuvummz4v5ox",
		"tcp_mss_default":	1448,
		"target_bitrate":	8000000000,
		"sock_bufsize":	0,
		"sndbuf_actual":	16384,
		"rcvbuf_actual":	131072,
		"test_start":	{
			"protocol":	"TCP",
			"num_streams":	1,
			"blksize":	131072,
			"omit":	0,
			"duration":	10,
			"bytes":	0,
			"blocks":	0,
			"reverse":	0,
			"tos":	0
		}
	},
	"intervals":	[{
			"streams":	[{
					"socket":	5,
					"start":	0,
					"end":	10.000258,
					"seconds":	10.000258445739746,
					"bytes":	9999351808,
					"bits_per_second":	7999274708.5530519,
					"retransmits":	0,
					"snd_cwnd":	1353880,
					"rtt":	591,
					"rttvar":	198,
					"pmtu":	9000,
					"omitted":	false,
					"sender":	true
				}],
			"sum":	{
				"start":	0,
				"end":	10.000258,
				"seconds":	10.000258445739746,
				"bytes":	9999351808,
				"bits_per_second":	7999274708.5530519,
				"retransmits":	0,
				"omitted":	false,
				"sender":	true
			}
		}],
	"end":	{
		"streams":	[{
				"sender":	{
					"socket":	5,
					"start":	0,
					"end":	10.000258,
					"seconds":	10.000258,
					"bytes":	9999351808,
					"bits_per_second":	7999275065.10332,
					"retransmits":	0,
					"max_snd_cwnd":	1353880,
					"max_rtt":	591,
					"min_rtt":	591,
					"mean_rtt":	591,
					"sender":	true
				},
				"receiver":	{
					"socket":	5,
					"start":	0,
					"end":	10.000524,
					"seconds":	10.000258,
					"bytes":	9999351808,
					"bits_per_second":	7999062295.5357132,
					"sender":	true
				}
			}],
		"sum_sent":	{
			"start":	0,
			"end":	10.000258,
			"seconds":	10.000258,
			"bytes":	9999351808,
			"bits_per_second":	7999275065.10332,
			"retransmits":	0,
			"sender":	true
		},
		"sum_received":	{
			"start":	0,
			"end":	10.000524,
			"seconds":	10.000524,
			"bytes":	9999351808,
			"bits_per_second":	7999062295.5357132,
			"sender":	true
		},
		"cpu_utilization_percent":	{
			"host_total":	39.086035598579322,
			"host_user":	21.473288668651364,
			"host_system":	17.612736932461313,
			"remote_total":	45.353467423255864,
			"remote_user":	1.0271373910966215,
			"remote_system":	44.326339952645547
		},
		"sender_tcp_congestion":	"cubic",
		"receiver_tcp_congestion":	"reno"
	}
}
