{
	"start":	{
		"connected":	[{
				"socket":	5,
				"local_host":	"10.0.1.1",
				"local_port":	40136,
				"remote_host":	"10.0.0.1",
				"remote_port":	5201
			}],
		"version":	"iperf 3.9+",
		"system_info":	"Linux han-3 5.10.0 #9 SMP PREEMPT Tue Feb 23 15:01:43 PST 2021 x86_64",
		"timestamp":	{
			"time":	"Fri, 01 Mar 2024 15:02:12 GMT",
			"timesecs":	1709305332
		},
		"connecting_to":	{
			"host":	"10.0.0.1",
			"port":	5201
		},
		"cookie":	"uqiy3qliromjdcaz3kakcnuup5arqyxruyde",
		"tcp_mss_default":	1448,
		"target_bitrate":	7000000000,
		"sock_bufsize":	0,
		"sndbuf_actual":	16384,
		"rcvbuf_actual":	131072,
		"test_start":	{
			"protocol":	"TCP",
			"num_streams":	1,
			"blksize":	131072,
			"omit":	0,
			"duration":	80,
			"bytes":	0,
			"blocks":	0,
			"reverse":	0,
			"tos":	0
		}
	},
	"intervals":	[{
			"streams":	[{
					"socket":	5,
					"start":	0,
					"end":	60.000058,
					"seconds":	60.000057220458984,
					"bytes":	52499447808,
					"bits_per_second":	6999919698.7563667,
					"retransmits":	0,
					"snd_cwnd":	1712984,
					"rtt":	564,
					"rttvar":	188,
					"pmtu":	9000,
					"omitted":	false,
					"sender":	true
				}],
			"sum":	{
				"start":	0,
				"end":	60.000058,
				"seconds":	60.000057220458984,
				"bytes":	52499447808,
				"bits_per_second":	6999919698.7563667,
				"retransmits":	0,
				"omitted":	false,
				"sender":	true
			}
		}, {
			"streams":	[{
					"socket":	5,
					"start":	60.000058,
					"end":	80.000089,
					"seconds":	20.000030517578125,
					"bytes":	17500209152,
					"bits_per_second":	7000072979.5363,
					"retransmits":	0,
					"snd_cwnd":	1712984,
					"rtt":	465,
					"rttvar":	76,
					"pmtu":	9000,
					"omitted":	false,
					"sender":	true
				}],
			"sum":	{
				"start":	60.000058,
				"end":	80.000089,
				"seconds":	20.000030517578125,
				"bytes":	17500209152,
				"bits_per_second":	7000072979.5363,
				"retransmits":	0,
				"omitted":	false,
				"sender":	true
			}
		}],
	"end":	{
		"streams":	[{
				"sender":	{
					"socket":	5,
					"start":	0,
					"end":	80.000089,
					"seconds":	80.000089,
					"bytes":	69999656960,
					"bits_per_second":	6999957908.5468264,
					"retransmits":	0,
					"max_snd_cwnd":	1712984,
					"max_rtt":	564,
					"min_rtt":	465,
					"mean_rtt":	514,
					"sender":	true
				},
				"receiver":	{
					"socket":	5,
					"start":	0,
					"end":	80.000114,
					"seconds":	80.000089,
					"bytes":	69999656960,
					"bits_per_second":	6999955721.063098,
					"sender":	true
				}
			}],
		"sum_sent":	{
			"start":	0,
			"end":	80.000089,
			"seconds":	80.000089,
			"bytes":	69999656960,
			"bits_per_second":	6999957908.5468264,
			"retransmits":	0,
			"sender":	true
		},
		"sum_received":	{
			"start":	0,
			"end":	80.000114,
			"seconds":	80.000114,
			"bytes":	69999656960,
			"bits_per_second":	6999955721.063098,
			"sender":	true
		},
		"cpu_utilization_percent":	{
			"host_total":	20.835705605707588,
			"host_user":	0.87597739403015717,
			"host_system":	19.95972571175265,
			"remote_total":	42.213703486124444,
			"remote_user":	3.9021848194643707,
			"remote_system":	38.311518666660071
		},
		"sender_tcp_congestion":	"cubic",
		"receiver_tcp_congestion":	"reno"
	}
}
