{
	"start":	{
		"connected":	[{
				"socket":	5,
				"local_host":	"10.0.1.1",
				"local_port":	48776,
				"remote_host":	"10.0.0.1",
				"remote_port":	5201
			}],
		"version":	"iperf 3.9+",
		"system_info":	"Linux han-3 5.10.0 #9 SMP PREEMPT Tue Feb 23 15:01:43 PST 2021 x86_64",
		"timestamp":	{
			"time":	"Sat, 02 Mar 2024 21:11:56 GMT",
			"timesecs":	1709413916
		},
		"connecting_to":	{
			"host":	"10.0.0.1",
			"port":	5201
		},
		"cookie":	"olw6bzbi6lvazfcubkt5cn3utpjygueauto4",
		"tcp_mss_default":	1448,
		"target_bitrate":	7000000000,
		"sock_bufsize":	0,
		"sndbuf_actual":	16384,
		"rcvbuf_actual":	131072,
		"test_start":	{
			"protocol":	"TCP",
			"num_streams":	1,
			"blksize":	131072,
			"omit":	0,
			"duration":	60,
			"bytes":	0,
			"blocks":	0,
			"reverse":	0,
			"tos":	0
		}
	},
	"intervals":	[{
			"streams":	[{
					"socket":	5,
					"start":	0,
					"end":	60.000185,
					"seconds":	60.00018310546875,
					"bytes":	52499447808,
					"bits_per_second":	6999905012.3851919,
					"retransmits":	1360,
					"snd_cwnd":	2706312,
					"rtt":	524,
					"rttvar":	150,
					"pmtu":	9000,
					"omitted":	false,
					"sender":	true
				}],
			"sum":	{
				"start":	0,
				"end":	60.000185,
				"seconds":	60.00018310546875,
				"bytes":	52499447808,
				"bits_per_second":	6999905012.3851919,
				"retransmits":	1360,
				"omitted":	false,
				"sender":	true
			}
		}],
	"end":	{
		"streams":	[{
				"sender":	{
					"socket":	5,
					"start":	0,
					"end":	60.000185,
					"seconds":	60.000185,
					"bytes":	52499447808,
					"bits_per_second":	6999904791.3602266,
					"retransmits":	1360,
					"max_snd_cwnd":	2706312,
					"max_rtt":	524,
					"min_rtt":	524,
					"mean_rtt":	524,
					"sender":	true
				},
				"receiver":	{
					"socket":	5,
					"start":	0,
					"end":	60.000277,
					"seconds":	60.000185,
					"bytes":	52499447808,
					"bits_per_second":	6999894058.22243,
					"sender":	true
				}
			}],
		"sum_sent":	{
			"start":	0,
			"end":	60.000185,
			"seconds":	60.000185,
			"bytes":	52499447808,
			"bits_per_second":	6999904791.3602266,
			"retransmits":	1360,
			"sender":	true
		},
		"sum_received":	{
			"start":	0,
			"end":	60.000277,
			"seconds":	60.000277,
			"bytes":	52499447808,
			"bits_per_second":	6999894058.22243,
			"sender":	true
		},
		"cpu_utilization_percent":	{
			"host_total":	77.1262788341726,
			"host_user":	1.6728569085335807,
			"host_system":	75.453425258833377,
			"remote_total":	41.958995706222716,
			"remote_user":	7.1353526779020457,
			"remote_system":	34.823641363594874
		},
		"sender_tcp_congestion":	"cubic",
		"receiver_tcp_congestion":	"reno"
	}
}
