{
	"start":	{
		"connected":	[{
				"socket":	5,
				"local_host":	"10.0.1.1",
				"local_port":	46332,
				"remote_host":	"10.0.0.1",
				"remote_port":	5201
			}],
		"version":	"iperf 3.9+",
		"system_info":	"Linux han-3 5.10.0 #9 SMP PREEMPT Tue Feb 23 15:01:43 PST 2021 x86_64",
		"timestamp":	{
			"time":	"Sat, 02 Mar 2024 12:52:13 GMT",
			"timesecs":	1709383933
		},
		"connecting_to":	{
			"host":	"10.0.0.1",
			"port":	5201
		},
		"cookie":	"aqyr6vzafocq4vb63f76resco32qh2a4kgzg",
		"tcp_mss_default":	1448,
		"target_bitrate":	1000000000,
		"sock_bufsize":	0,
		"sndbuf_actual":	16384,
		"rcvbuf_actual":	131072,
		"test_start":	{
			"protocol":	"TCP",
			"num_streams":	1,
			"blksize":	131072,
			"omit":	0,
			"duration":	100,
			"bytes":	0,
			"blocks":	0,
			"reverse":	0,
			"tos":	0
		}
	},
	"intervals":	[{
			"streams":	[{
					"socket":	5,
					"start":	0,
					"end":	60.000075,
					"seconds":	60.000076293945312,
					"bytes":	7499939840,
					"bits_per_second":	999990707.112728,
					"retransmits":	0,
					"snd_cwnd":	172312,
					"rtt":	251,
					"rttvar":	35,
					"pmtu":	9000,
					"omitted":	false,
					"sender":	true
				}],
			"sum":	{
				"start":	0,
				"end":	60.000075,
				"seconds":	60.000076293945312,
				"bytes":	7499939840,
				"bits_per_second":	999990707.112728,
				"retransmits":	0,
				"omitted":	false,
				"sender":	true
			}
		}, {
			"streams":	[{
					"socket":	5,
					"start":	60.000075,
					"end":	100.000073,
					"seconds":	39.999996185302734,
					"bytes":	5000003584,
					"bits_per_second":	1000000812.1675091,
					"retransmits":	0,
					"snd_cwnd":	185344,
					"rtt":	248,
					"rttvar":	31,
					"pmtu":	9000,
					"omitted":	false,
					"sender":	true
				}],
			"sum":	{
				"start":	60.000075,
				"end":	100.000073,
				"seconds":	39.999996185302734,
				"bytes":	5000003584,
				"bits_per_second":	1000000812.1675091,
				"retransmits":	0,
				"omitted":	false,
				"sender":	true
			}
		}],
	"end":	{
		"streams":	[{
				"sender":	{
					"socket":	5,
					"start":	0,
					"end":	100.000073,
					"seconds":	100.000073,
					"bytes":	12499943424,
					"bits_per_second":	999994743.923837,
					"retransmits":	0,
					"max_snd_cwnd":	185344,
					"max_rtt":	251,
					"min_rtt":	248,
					"mean_rtt":	249,
					"sender":	true
				},
				"receiver":	{
					"socket":	5,
					"start":	0,
					"end":	100.000149,
					"seconds":	100.000073,
					"bytes":	12499943424,
					"bits_per_second":	999993983.928964,
					"sender":	true
				}
			}],
		"sum_sent":	{
			"start":	0,
			"end":	100.000073,
			"seconds":	100.000073,
			"bytes":	12499943424,
			"bits_per_second":	999994743.923837,
			"retransmits":	0,
			"sender":	true
		},
		"sum_received":	{
			"start":	0,
			"end":	100.000149,
			"seconds":	100.000149,
			"bytes":	12499943424,
			"bits_per_second":	999993983.928964,
			"sender":	true
		},
		"cpu_utilization_percent":	{
			"host_total":	10.204832533179012,
			"host_user":	4.0813020282638082,
			"host_system":	6.1235305049152036,
			"remote_total":	14.078530939794682,
			"remote_user":	0.4478646869257974,
			"remote_system":	13.630669250631176
		},
		"sender_tcp_congestion":	"cubic",
		"receiver_tcp_congestion":	"reno"
	}
}
