{
	"start":	{
		"connected":	[{
				"socket":	5,
				"local_host":	"10.0.1.1",
				"local_port":	43196,
				"remote_host":	"10.0.0.1",
				"remote_port":	5201
			}],
		"version":	"iperf 3.9+",
		"system_info":	"Linux han-3 5.10.0 #9 SMP PREEMPT Tue Feb 23 15:01:43 PST 2021 x86_64",
		"timestamp":	{
			"time":	"Sat, 02 Mar 2024 01:45:50 GMT",
			"timesecs":	1709343950
		},
		"connecting_to":	{
			"host":	"10.0.0.1",
			"port":	5201
		},
		"cookie":	"srx55qz775em5uztmmzz4cqcvzoezvi2rsbb",
		"tcp_mss_default":	1448,
		"target_bitrate":	4000000000,
		"sock_bufsize":	0,
		"sndbuf_actual":	16384,
		"rcvbuf_actual":	131072,
		"test_start":	{
			"protocol":	"TCP",
			"num_streams":	1,
			"blksize":	131072,
			"omit":	0,
			"duration":	80,
			"bytes":	0,
			"blocks":	0,
			"reverse":	0,
			"tos":	0
		}
	},
	"intervals":	[{
			"streams":	[{
					"socket":	5,
					"start":	0,
					"end":	60.000184,
					"seconds":	60.00018310546875,
					"bytes":	30000021504,
					"bits_per_second":	3999990660.1972528,
					"retransmits":	0,
					"snd_cwnd":	2282048,
					"rtt":	230,
					"rttvar":	40,
					"pmtu":	9000,
					"omitted":	false,
					"sender":	true
				}],
			"sum":	{
				"start":	0,
				"end":	60.000184,
				"seconds":	60.00018310546875,
				"bytes":	30000021504,
				"bits_per_second":	3999990660.1972528,
				"retransmits":	0,
				"omitted":	false,
				"sender":	true
			}
		}, {
			"streams":	[{
					"socket":	5,
					"start":	60.000184,
					"end":	80.000075,
					"seconds":	19.99989128112793,
					"bytes":	9999745024,
					"bits_per_second":	3999919752.9381957,
					"retransmits":	0,
					"snd_cwnd":	2282048,
					"rtt":	218,
					"rttvar":	42,
					"pmtu":	9000,
					"omitted":	false,
					"sender":	true
				}],
			"sum":	{
				"start":	60.000184,
				"end":	80.000075,
				"seconds":	19.99989128112793,
				"bytes":	9999745024,
				"bits_per_second":	3999919752.9381957,
				"retransmits":	0,
				"omitted":	false,
				"sender":	true
			}
		}],
	"end":	{
		"streams":	[{
				"sender":	{
					"socket":	5,
					"start":	0,
					"end":	80.000075,
					"seconds":	80.000075,
					"bytes":	39999766528,
					"bits_per_second":	3999972902.8254037,
					"retransmits":	0,
					"max_snd_cwnd":	2282048,
					"max_rtt":	230,
					"min_rtt":	218,
					"mean_rtt":	224,
					"sender":	true
				},
				"receiver":	{
					"socket":	5,
					"start":	0,
					"end":	80.000315,
					"seconds":	80.000075,
					"bytes":	39999766528,
					"bits_per_second":	3999960902.9539447,
					"sender":	true
				}
			}],
		"sum_sent":	{
			"start":	0,
			"end":	80.000075,
			"seconds":	80.000075,
			"bytes":	39999766528,
			"bits_per_second":	3999972902.8254037,
			"retransmits":	0,
			"sender":	true
		},
		"sum_received":	{
			"start":	0,
			"end":	80.000315,
			"seconds":	80.000315,
			"bytes":	39999766528,
			"bits_per_second":	3999960902.9539447,
			"sender":	true
		},
		"cpu_utilization_percent":	{
			"host_total":	34.877727928154748,
			"host_user":	1.1036514795748353,
			"host_system":	33.7740751986207,
			"remote_total":	32.091401848294879,
			"remote_user":	2.5860669076790908,
			"remote_system":	29.505334940615789
		},
		"sender_tcp_congestion":	"cubic",
		"receiver_tcp_congestion":	"reno"
	}
}
