{
	"start":	{
		"connected":	[{
				"socket":	5,
				"local_host":	"10.0.1.1",
				"local_port":	51266,
				"remote_host":	"10.0.0.1",
				"remote_port":	5201
			}],
		"version":	"iperf 3.9+",
		"system_info":	"Linux han-3 5.10.0 #9 SMP PREEMPT Tue Feb 23 15:01:43 PST 2021 x86_64",
		"timestamp":	{
			"time":	"Sun, 03 Mar 2024 05:55:03 GMT",
			"timesecs":	1709445303
		},
		"connecting_to":	{
			"host":	"10.0.0.1",
			"port":	5201
		},
		"cookie":	"ktgyfvrkp4o3b37yjufj3wlktg4eglzux4hl",
		"tcp_mss_default":	1448,
		"target_bitrate":	3000000000,
		"sock_bufsize":	0,
		"sndbuf_actual":	16384,
		"rcvbuf_actual":	131072,
		"test_start":	{
			"protocol":	"TCP",
			"num_streams":	1,
			"blksize":	131072,
			"omit":	0,
			"duration":	10,
			"bytes":	0,
			"blocks":	0,
			"reverse":	0,
			"tos":	0
		}
	},
	"intervals":	[{
			"streams":	[{
					"socket":	5,
					"start":	0,
					"end":	10.000116,
					"seconds":	10.0001163482666,
					"bytes":	3749707776,
					"bits_per_second":	2999731319.4460711,
					"retransmits":	0,
					"snd_cwnd":	547344,
					"rtt":	300,
					"rttvar":	56,
					"pmtu":	9000,
					"omitted":	false,
					"sender":	true
				}],
			"sum":	{
				"start":	0,
				"end":	10.000116,
				"seconds":	10.0001163482666,
				"bytes":	3749707776,
				"bits_per_second":	2999731319.4460711,
				"retransmits":	0,
				"omitted":	false,
				"sender":	true
			}
		}],
	"end":	{
		"streams":	[{
				"sender":	{
					"socket":	5,
					"start":	0,
					"end":	10.000116,
					"seconds":	10.000116,
					"bytes":	3749707776,
					"bits_per_second":	2999731423.9154825,
					"retransmits":	0,
					"max_snd_cwnd":	547344,
					"max_rtt":	300,
					"min_rtt":	300,
					"mean_rtt":	300,
					"sender":	true
				},
				"receiver":	{
					"socket":	5,
					"start":	0,
					"end":	10.000253,
					"seconds":	10.000116,
					"bytes":	3749707776,
					"bits_per_second":	2999690328.6346855,
					"sender":	true
				}
			}],
		"sum_sent":	{
			"start":	0,
			"end":	10.000116,
			"seconds":	10.000116,
			"bytes":	3749707776,
			"bits_per_second":	2999731423.9154825,
			"retransmits":	0,
			"sender":	true
		},
		"sum_received":	{
			"start":	0,
			"end":	10.000253,
			"seconds":	10.000253,
			"bytes":	3749707776,
			"bits_per_second":	2999690328.6346855,
			"sender":	true
		},
		"cpu_utilization_percent":	{
			"host_total":	16.307974331073485,
			"host_user":	0.27981161404152827,
			"host_system":	16.028162717031957,
			"remote_total":	29.01841218424871,
			"remote_user":	0,
			"remote_system":	29.018402225957026
		},
		"sender_tcp_congestion":	"cubic",
		"receiver_tcp_congestion":	"reno"
	}
}
