{
	"start":	{
		"connected":	[{
				"socket":	5,
				"local_host":	"10.0.1.1",
				"local_port":	54700,
				"remote_host":	"10.0.0.1",
				"remote_port":	5201
			}],
		"version":	"iperf 3.9+",
		"system_info":	"Linux han-3 5.10.0 #9 SMP PREEMPT Tue Feb 23 15:01:43 PST 2021 x86_64",
		"timestamp":	{
			"time":	"Sun, 03 Mar 2024 17:57:35 GMT",
			"timesecs":	1709488655
		},
		"connecting_to":	{
			"host":	"10.0.0.1",
			"port":	5201
		},
		"cookie":	"pw6oa5g5kbquketp7zahijaajnfgvx6qwbdy",
		"tcp_mss_default":	1448,
		"target_bitrate":	10000000000,
		"sock_bufsize":	0,
		"sndbuf_actual":	16384,
		"rcvbuf_actual":	131072,
		"test_start":	{
			"protocol":	"TCP",
			"num_streams":	1,
			"blksize":	131072,
			"omit":	0,
			"duration":	100,
			"bytes":	0,
			"blocks":	0,
			"reverse":	0,
			"tos":	0
		}
	},
	"intervals":	[{
			"streams":	[{
					"socket":	5,
					"start":	0,
					"end":	60.000083,
					"seconds":	60.000083923339844,
					"bytes":	70610452480,
					"bits_per_second":	9414713828.7628632,
					"retransmits":	0,
					"snd_cwnd":	2426848,
					"rtt":	1124,
					"rttvar":	48,
					"pmtu":	9000,
					"omitted":	false,
					"sender":	true
				}],
			"sum":	{
				"start":	0,
				"end":	60.000083,
				"seconds":	60.000083923339844,
				"bytes":	70610452480,
				"bits_per_second":	9414713828.7628632,
				"retransmits":	0,
				"omitted":	false,
				"sender":	true
			}
		}, {
			"streams":	[{
					"socket":	5,
					"start":	60.000083,
					"end":	100.00008,
					"seconds":	39.999996185302734,
					"bytes":	47072804864,
					"bits_per_second":	9414561870.6425858,
					"retransmits":	0,
					"snd_cwnd":	2426848,
					"rtt":	1109,
					"rttvar":	28,
					"pmtu":	9000,
					"omitted":	false,
					"sender":	true
				}],
			"sum":	{
				"start":	60.000083,
				"end":	100.00008,
				"seconds":	39.999996185302734,
				"bytes":	47072804864,
				"bits_per_second":	9414561870.6425858,
				"retransmits":	0,
				"omitted":	false,
				"sender":	true
			}
		}],
	"end":	{
		"streams":	[{
				"sender":	{
					"socket":	5,
					"start":	0,
					"end":	100.00008,
					"seconds":	100.00008,
					"bytes":	117683257344,
					"bits_per_second":	9414653055.7975559,
					"retransmits":	0,
					"max_snd_cwnd":	2426848,
					"max_rtt":	1124,
					"min_rtt":	1109,
					"mean_rtt":	1116,
					"sender":	true
				},
				"receiver":	{
					"socket":	5,
					"start":	0,
					"end":	100.000433,
					"seconds":	100.00008,
					"bytes":	117681781456,
					"bits_per_second":	9414501751.6874142,
					"sender":	true
				}
			}],
		"sum_sent":	{
			"start":	0,
			"end":	100.00008,
			"seconds":	100.00008,
			"bytes":	117683257344,
			"bits_per_second":	9414653055.7975559,
			"retransmits":	0,
			"sender":	true
		},
		"sum_received":	{
			"start":	0,
			"end":	100.000433,
			"seconds":	100.000433,
			"bytes":	117681781456,
			"bits_per_second":	9414501751.6874142,
			"sender":	true
		},
		"cpu_utilization_percent":	{
			"host_total":	23.09614999701607,
			"host_user":	2.4948267249863245,
			"host_system":	20.601321272078067,
			"remote_total":	48.277186133767117,
			"remote_user":	0.5414071989702065,
			"remote_system":	47.735778934796912
		},
		"sender_tcp_congestion":	"cubic",
		"receiver_tcp_congestion":	"reno"
	}
}
