{
	"start":	{
		"connected":	[{
				"socket":	5,
				"local_host":	"10.0.1.1",
				"local_port":	47614,
				"remote_host":	"10.0.0.1",
				"remote_port":	5201
			}],
		"version":	"iperf 3.9+",
		"system_info":	"Linux han-3 5.10.0 #9 SMP PREEMPT Tue Feb 23 15:01:43 PST 2021 x86_64",
		"timestamp":	{
			"time":	"Sat, 02 Mar 2024 17:18:05 GMT",
			"timesecs":	1709399885
		},
		"connecting_to":	{
			"host":	"10.0.0.1",
			"port":	5201
		},
		"cookie":	"sfhywwje65qje6td2aml3eiwmvgcdpomwzfn",
		"tcp_mss_default":	1448,
		"target_bitrate":	4000000000,
		"sock_bufsize":	0,
		"sndbuf_actual":	16384,
		"rcvbuf_actual":	131072,
		"test_start":	{
			"protocol":	"TCP",
			"num_streams":	1,
			"blksize":	131072,
			"omit":	0,
			"duration":	90,
			"bytes":	0,
			"blocks":	0,
			"reverse":	0,
			"tos":	0
		}
	},
	"intervals":	[{
			"streams":	[{
					"socket":	5,
					"start":	0,
					"end":	60.000066,
					"seconds":	60.000064849853516,
					"bytes":	29999890432,
					"bits_per_second":	3999981067.6302285,
					"retransmits":	0,
					"snd_cwnd":	735584,
					"rtt":	257,
					"rttvar":	53,
					"pmtu":	9000,
					"omitted":	false,
					"sender":	true
				}],
			"sum":	{
				"start":	0,
				"end":	60.000066,
				"seconds":	60.000064849853516,
				"bytes":	29999890432,
				"bits_per_second":	3999981067.6302285,
				"retransmits":	0,
				"omitted":	false,
				"sender":	true
			}
		}, {
			"streams":	[{
					"socket":	5,
					"start":	60.000066,
					"end":	90.000107,
					"seconds":	30.000040054321289,
					"bytes":	14999748608,
					"bits_per_second":	3999927621.6537971,
					"retransmits":	0,
					"snd_cwnd":	735584,
					"rtt":	363,
					"rttvar":	89,
					"pmtu":	9000,
					"omitted":	false,
					"sender":	true
				}],
			"sum":	{
				"start":	60.000066,
				"end":	90.000107,
				"seconds":	30.000040054321289,
				"bytes":	14999748608,
				"bits_per_second":	3999927621.6537971,
				"retransmits":	0,
				"omitted":	false,
				"sender":	true
			}
		}],
	"end":	{
		"streams":	[{
				"sender":	{
					"socket":	5,
					"start":	0,
					"end":	90.000107,
					"seconds":	90.000107,
					"bytes":	44999639040,
					"bits_per_second":	3999963159.15491,
					"retransmits":	0,
					"max_snd_cwnd":	735584,
					"max_rtt":	363,
					"min_rtt":	257,
					"mean_rtt":	310,
					"sender":	true
				},
				"receiver":	{
					"socket":	5,
					"start":	0,
					"end":	90.000223,
					"seconds":	90.000107,
					"bytes":	44999639040,
					"bits_per_second":	3999958003.6596131,
					"sender":	true
				}
			}],
		"sum_sent":	{
			"start":	0,
			"end":	90.000107,
			"seconds":	90.000107,
			"bytes":	44999639040,
			"bits_per_second":	3999963159.15491,
			"retransmits":	0,
			"sender":	true
		},
		"sum_received":	{
			"start":	0,
			"end":	90.000223,
			"seconds":	90.000223,
			"bytes":	44999639040,
			"bits_per_second":	3999958003.6596131,
			"sender":	true
		},
		"cpu_utilization_percent":	{
			"host_total":	34.347432228896338,
			"host_user":	0.8551705750728682,
			"host_system":	33.492261653823469,
			"remote_total":	32.683581347792753,
			"remote_user":	2.4383303983945073,
			"remote_system":	30.245250949398244
		},
		"sender_tcp_congestion":	"cubic",
		"receiver_tcp_congestion":	"reno"
	}
}
