{
	"start":	{
		"connected":	[{
				"socket":	5,
				"local_host":	"10.0.1.1",
				"local_port":	39538,
				"remote_host":	"10.0.0.1",
				"remote_port":	5201
			}],
		"version":	"iperf 3.9+",
		"system_info":	"Linux han-3 5.10.0 #9 SMP PREEMPT Tue Feb 23 15:01:43 PST 2021 x86_64",
		"timestamp":	{
			"time":	"Fri, 01 Mar 2024 12:53:15 GMT",
			"timesecs":	1709297595
		},
		"connecting_to":	{
			"host":	"10.0.0.1",
			"port":	5201
		},
		"cookie":	"f7dkzcbt4w6aa4gno23wli4aum4kcshpxmv3",
		"tcp_mss_default":	1448,
		"target_bitrate":	6000000000,
		"sock_bufsize":	0,
		"sndbuf_actual":	16384,
		"rcvbuf_actual":	131072,
		"test_start":	{
			"protocol":	"TCP",
			"num_streams":	1,
			"blksize":	131072,
			"omit":	0,
			"duration":	50,
			"bytes":	0,
			"blocks":	0,
			"reverse":	0,
			"tos":	0
		}
	},
	"intervals":	[{
			"streams":	[{
					"socket":	5,
					"start":	0,
					"end":	50.000075,
					"seconds":	50.000076293945312,
					"bytes":	37499437056,
					"bits_per_second":	5999900773.83797,
					"retransmits":	0,
					"snd_cwnd":	957128,
					"rtt":	478,
					"rttvar":	138,
					"pmtu":	9000,
					"omitted":	false,
					"sender":	true
				}],
			"sum":	{
				"start":	0,
				"end":	50.000075,
				"seconds":	50.000076293945312,
				"bytes":	37499437056,
				"bits_per_second":	5999900773.83797,
				"retransmits":	0,
				"omitted":	false,
				"sender":	true
			}
		}],
	"end":	{
		"streams":	[{
				"sender":	{
					"socket":	5,
					"start":	0,
					"end":	50.000075,
					"seconds":	50.000075,
					"bytes":	37499437056,
					"bits_per_second":	5999900929.1086063,
					"retransmits":	0,
					"max_snd_cwnd":	957128,
					"max_rtt":	478,
					"min_rtt":	478,
					"mean_rtt":	478,
					"sender":	true
				},
				"receiver":	{
					"socket":	5,
					"start":	0,
					"end":	50.00039,
					"seconds":	50.000075,
					"bytes":	37499437056,
					"bits_per_second":	5999863130.027585,
					"sender":	true
				}
			}],
		"sum_sent":	{
			"start":	0,
			"end":	50.000075,
			"seconds":	50.000075,
			"bytes":	37499437056,
			"bits_per_second":	5999900929.1086063,
			"retransmits":	0,
			"sender":	true
		},
		"sum_received":	{
			"start":	0,
			"end":	50.00039,
			"seconds":	50.00039,
			"bytes":	37499437056,
			"bits_per_second":	5999863130.027585,
			"sender":	true
		},
		"cpu_utilization_percent":	{
			"host_total":	18.568655021784629,
			"host_user":	12.378118729495132,
			"host_system":	6.1905362922895,
			"remote_total":	39.768964535756382,
			"remote_user":	4.9925869777562983,
			"remote_system":	34.776377558000085
		},
		"sender_tcp_congestion":	"cubic",
		"receiver_tcp_congestion":	"reno"
	}
}
