{
	"start":	{
		"connected":	[{
				"socket":	5,
				"local_host":	"10.0.1.1",
				"local_port":	48424,
				"remote_host":	"10.0.0.1",
				"remote_port":	5201
			}],
		"version":	"iperf 3.9+",
		"system_info":	"Linux han-3 5.10.0 #9 SMP PREEMPT Tue Feb 23 15:01:43 PST 2021 x86_64",
		"timestamp":	{
			"time":	"Sat, 02 Mar 2024 20:01:50 GMT",
			"timesecs":	1709409710
		},
		"connecting_to":	{
			"host":	"10.0.0.1",
			"port":	5201
		},
		"cookie":	"pnjkrclpsxpnzpes3pfzlppeszelerf55kzu",
		"tcp_mss_default":	1448,
		"target_bitrate":	6000000000,
		"sock_bufsize":	0,
		"sndbuf_actual":	16384,
		"rcvbuf_actual":	131072,
		"test_start":	{
			"protocol":	"TCP",
			"num_streams":	1,
			"blksize":	131072,
			"omit":	0,
			"duration":	80,
			"bytes":	0,
			"blocks":	0,
			"reverse":	0,
			"tos":	0
		}
	},
	"intervals":	[{
			"streams":	[{
					"socket":	5,
					"start":	0,
					"end":	60.000013,
					"seconds":	60.0000114440918,
					"bytes":	44967395328,
					"bits_per_second":	5995651566.8202181,
					"retransmits":	0,
					"snd_cwnd":	2978536,
					"rtt":	1086,
					"rttvar":	39,
					"pmtu":	9000,
					"omitted":	false,
					"sender":	true
				}],
			"sum":	{
				"start":	0,
				"end":	60.000013,
				"seconds":	60.0000114440918,
				"bytes":	44967395328,
				"bits_per_second":	5995651566.8202181,
				"retransmits":	0,
				"omitted":	false,
				"sender":	true
			}
		}, {
			"streams":	[{
					"socket":	5,
					"start":	60.000013,
					"end":	80.000229,
					"seconds":	20.000215530395508,
					"bytes":	15021637632,
					"bits_per_second":	6008590301.1077976,
					"retransmits":	0,
					"snd_cwnd":	2978536,
					"rtt":	267,
					"rttvar":	52,
					"pmtu":	9000,
					"omitted":	false,
					"sender":	true
				}],
			"sum":	{
				"start":	60.000013,
				"end":	80.000229,
				"seconds":	20.000215530395508,
				"bytes":	15021637632,
				"bits_per_second":	6008590301.1077976,
				"retransmits":	0,
				"omitted":	false,
				"sender":	true
			}
		}],
	"end":	{
		"streams":	[{
				"sender":	{
					"socket":	5,
					"start":	0,
					"end":	80.000229,
					"seconds":	80.000229,
					"bytes":	59989032960,
					"bits_per_second":	5998886124.18847,
					"retransmits":	0,
					"max_snd_cwnd":	2978536,
					"max_rtt":	1086,
					"min_rtt":	267,
					"mean_rtt":	676,
					"sender":	true
				},
				"receiver":	{
					"socket":	5,
					"start":	0,
					"end":	80.000553,
					"seconds":	80.000229,
					"bytes":	59989032960,
					"bits_per_second":	5998861828.8676081,
					"sender":	true
				}
			}],
		"sum_sent":	{
			"start":	0,
			"end":	80.000229,
			"seconds":	80.000229,
			"bytes":	59989032960,
			"bits_per_second":	5998886124.18847,
			"retransmits":	0,
			"sender":	true
		},
		"sum_received":	{
			"start":	0,
			"end":	80.000553,
			"seconds":	80.000553,
			"bytes":	59989032960,
			"bits_per_second":	5998861828.8676081,
			"sender":	true
		},
		"cpu_utilization_percent":	{
			"host_total":	53.751814440486356,
			"host_user":	0.95490617907732622,
			"host_system":	52.796914511204029,
			"remote_total":	37.8892950947926,
			"remote_user":	0.709103253513842,
			"remote_system":	37.180191841278763
		},
		"sender_tcp_congestion":	"cubic",
		"receiver_tcp_congestion":	"reno"
	}
}
