{
	"start":	{
		"connected":	[{
				"socket":	5,
				"local_host":	"10.0.1.1",
				"local_port":	52308,
				"remote_host":	"10.0.0.1",
				"remote_port":	5201
			}],
		"version":	"iperf 3.9+",
		"system_info":	"Linux han-3 5.10.0 #9 SMP PREEMPT Tue Feb 23 15:01:43 PST 2021 x86_64",
		"timestamp":	{
			"time":	"Sun, 03 Mar 2024 09:21:16 GMT",
			"timesecs":	1709457676
		},
		"connecting_to":	{
			"host":	"10.0.0.1",
			"port":	5201
		},
		"cookie":	"y5i6ghyxhms55axbmraizbxss27gf24m2atv",
		"tcp_mss_default":	1448,
		"target_bitrate":	5000000000,
		"sock_bufsize":	0,
		"sndbuf_actual":	16384,
		"rcvbuf_actual":	131072,
		"test_start":	{
			"protocol":	"TCP",
			"num_streams":	1,
			"blksize":	131072,
			"omit":	0,
			"duration":	50,
			"bytes":	0,
			"blocks":	0,
			"reverse":	0,
			"tos":	0
		}
	},
	"intervals":	[{
			"streams":	[{
					"socket":	5,
					"start":	0,
					"end":	50.000073,
					"seconds":	50.000072479248047,
					"bytes":	31249530880,
					"bits_per_second":	4999917692.9945059,
					"retransmits":	0,
					"snd_cwnd":	805088,
					"rtt":	385,
					"rttvar":	133,
					"pmtu":	9000,
					"omitted":	false,
					"sender":	true
				}],
			"sum":	{
				"start":	0,
				"end":	50.000073,
				"seconds":	50.000072479248047,
				"bytes":	31249530880,
				"bits_per_second":	4999917692.9945059,
				"retransmits":	0,
				"omitted":	false,
				"sender":	true
			}
		}],
	"end":	{
		"streams":	[{
				"sender":	{
					"socket":	5,
					"start":	0,
					"end":	50.000073,
					"seconds":	50.000073,
					"bytes":	31249530880,
					"bits_per_second":	4999917640.9202442,
					"retransmits":	0,
					"max_snd_cwnd":	805088,
					"max_rtt":	385,
					"min_rtt":	385,
					"mean_rtt":	385,
					"sender":	true
				},
				"receiver":	{
					"socket":	5,
					"start":	0,
					"end":	50.000212,
					"seconds":	50.000073,
					"bytes":	31249530880,
					"bits_per_second":	4999903741.2081375,
					"sender":	true
				}
			}],
		"sum_sent":	{
			"start":	0,
			"end":	50.000073,
			"seconds":	50.000073,
			"bytes":	31249530880,
			"bits_per_second":	4999917640.9202442,
			"retransmits":	0,
			"sender":	true
		},
		"sum_received":	{
			"start":	0,
			"end":	50.000212,
			"seconds":	50.000212,
			"bytes":	31249530880,
			"bits_per_second":	4999903741.2081375,
			"sender":	true
		},
		"cpu_utilization_percent":	{
			"host_total":	18.537008486237216,
			"host_user":	2.31757653833686,
			"host_system":	16.219431947900357,
			"remote_total":	36.2165538531019,
			"remote_user":	2.2202803640342084,
			"remote_system":	33.996273489067683
		},
		"sender_tcp_congestion":	"cubic",
		"receiver_tcp_congestion":	"reno"
	}
}
