{
	"start":	{
		"connected":	[{
				"socket":	5,
				"local_host":	"10.0.1.1",
				"local_port":	51982,
				"remote_host":	"10.0.0.1",
				"remote_port":	5201
			}],
		"version":	"iperf 3.9+",
		"system_info":	"Linux han-3 5.10.0 #9 SMP PREEMPT Tue Feb 23 15:01:43 PST 2021 x86_64",
		"timestamp":	{
			"time":	"Sun, 03 Mar 2024 08:17:22 GMT",
			"timesecs":	1709453842
		},
		"connecting_to":	{
			"host":	"10.0.0.1",
			"port":	5201
		},
		"cookie":	"v3jmwvz7kky3d233qxqq4oyrpaso7qsogln5",
		"tcp_mss_default":	1448,
		"target_bitrate":	4000000000,
		"sock_bufsize":	0,
		"sndbuf_actual":	16384,
		"rcvbuf_actual":	131072,
		"test_start":	{
			"protocol":	"TCP",
			"num_streams":	1,
			"blksize":	131072,
			"omit":	0,
			"duration":	80,
			"bytes":	0,
			"blocks":	0,
			"reverse":	0,
			"tos":	0
		}
	},
	"intervals":	[{
			"streams":	[{
					"socket":	5,
					"start":	0,
					"end":	60.00007,
					"seconds":	60.000068664550781,
					"bytes":	29999628288,
					"bits_per_second":	3999945860.8252387,
					"retransmits":	0,
					"snd_cwnd":	1181568,
					"rtt":	352,
					"rttvar":	97,
					"pmtu":	9000,
					"omitted":	false,
					"sender":	true
				}],
			"sum":	{
				"start":	0,
				"end":	60.00007,
				"seconds":	60.000068664550781,
				"bytes":	29999628288,
				"bits_per_second":	3999945860.8252387,
				"retransmits":	0,
				"omitted":	false,
				"sender":	true
			}
		}, {
			"streams":	[{
					"socket":	5,
					"start":	60.00007,
					"end":	80.000086,
					"seconds":	20.000015258789062,
					"bytes":	10000007168,
					"bits_per_second":	3999999815.4423285,
					"retransmits":	0,
					"snd_cwnd":	1181568,
					"rtt":	324,
					"rttvar":	65,
					"pmtu":	9000,
					"omitted":	false,
					"sender":	true
				}],
			"sum":	{
				"start":	60.00007,
				"end":	80.000086,
				"seconds":	20.000015258789062,
				"bytes":	10000007168,
				"bits_per_second":	3999999815.4423285,
				"retransmits":	0,
				"omitted":	false,
				"sender":	true
			}
		}],
	"end":	{
		"streams":	[{
				"sender":	{
					"socket":	5,
					"start":	0,
					"end":	80.000086,
					"seconds":	80.000086,
					"bytes":	39999635456,
					"bits_per_second":	3999959245.6438112,
					"retransmits":	0,
					"max_snd_cwnd":	1181568,
					"max_rtt":	352,
					"min_rtt":	324,
					"mean_rtt":	338,
					"sender":	true
				},
				"receiver":	{
					"socket":	5,
					"start":	0,
					"end":	80.000208,
					"seconds":	80.000086,
					"bytes":	39999635456,
					"bits_per_second":	3999953145.7218213,
					"sender":	true
				}
			}],
		"sum_sent":	{
			"start":	0,
			"end":	80.000086,
			"seconds":	80.000086,
			"bytes":	39999635456,
			"bits_per_second":	3999959245.6438112,
			"retransmits":	0,
			"sender":	true
		},
		"sum_received":	{
			"start":	0,
			"end":	80.000208,
			"seconds":	80.000208,
			"bytes":	39999635456,
			"bits_per_second":	3999953145.7218213,
			"sender":	true
		},
		"cpu_utilization_percent":	{
			"host_total":	15.712474820893682,
			"host_user":	1.4024976743493625,
			"host_system":	14.309979646471104,
			"remote_total":	34.416855235767066,
			"remote_user":	6.3104829013680028,
			"remote_system":	28.106372334399065
		},
		"sender_tcp_congestion":	"cubic",
		"receiver_tcp_congestion":	"reno"
	}
}
