{
	"start":	{
		"connected":	[{
				"socket":	5,
				"local_host":	"10.0.1.1",
				"local_port":	46208,
				"remote_host":	"10.0.0.1",
				"remote_port":	5201
			}],
		"version":	"iperf 3.9+",
		"system_info":	"Linux han-3 5.10.0 #9 SMP PREEMPT Tue Feb 23 15:01:43 PST 2021 x86_64",
		"timestamp":	{
			"time":	"Sat, 02 Mar 2024 12:14:11 GMT",
			"timesecs":	1709381651
		},
		"connecting_to":	{
			"host":	"10.0.0.1",
			"port":	5201
		},
		"cookie":	"rjergq6rgn2goj4jelkmqm7fxxii7vpdwfej",
		"tcp_mss_default":	1448,
		"target_bitrate":	1000000000,
		"sock_bufsize":	0,
		"sndbuf_actual":	16384,
		"rcvbuf_actual":	131072,
		"test_start":	{
			"protocol":	"TCP",
			"num_streams":	1,
			"blksize":	131072,
			"omit":	0,
			"duration":	70,
			"bytes":	0,
			"blocks":	0,
			"reverse":	0,
			"tos":	0
		}
	},
	"intervals":	[{
			"streams":	[{
					"socket":	5,
					"start":	0,
					"end":	60.000074,
					"seconds":	60.000072479248047,
					"bytes":	7499939840,
					"bits_per_second":	999990770.690348,
					"retransmits":	0,
					"snd_cwnd":	325800,
					"rtt":	277,
					"rttvar":	47,
					"pmtu":	9000,
					"omitted":	false,
					"sender":	true
				}],
			"sum":	{
				"start":	0,
				"end":	60.000074,
				"seconds":	60.000072479248047,
				"bytes":	7499939840,
				"bits_per_second":	999990770.690348,
				"retransmits":	0,
				"omitted":	false,
				"sender":	true
			}
		}, {
			"streams":	[{
					"socket":	5,
					"start":	60.000074,
					"end":	70.000075,
					"seconds":	10.000000953674316,
					"bytes":	1250033664,
					"bits_per_second":	1000026835.8300091,
					"retransmits":	0,
					"snd_cwnd":	325800,
					"rtt":	239,
					"rttvar":	43,
					"pmtu":	9000,
					"omitted":	false,
					"sender":	true
				}],
			"sum":	{
				"start":	60.000074,
				"end":	70.000075,
				"seconds":	10.000000953674316,
				"bytes":	1250033664,
				"bits_per_second":	1000026835.8300091,
				"retransmits":	0,
				"omitted":	false,
				"sender":	true
			}
		}],
	"end":	{
		"streams":	[{
				"sender":	{
					"socket":	5,
					"start":	0,
					"end":	70.000075,
					"seconds":	70.000075,
					"bytes":	8749973504,
					"bits_per_second":	999995900.46153533,
					"retransmits":	0,
					"max_snd_cwnd":	325800,
					"max_rtt":	277,
					"min_rtt":	239,
					"mean_rtt":	258,
					"sender":	true
				},
				"receiver":	{
					"socket":	5,
					"start":	0,
					"end":	70.000521,
					"seconds":	70.000075,
					"bytes":	8749973504,
					"bits_per_second":	999989529.10650468,
					"sender":	true
				}
			}],
		"sum_sent":	{
			"start":	0,
			"end":	70.000075,
			"seconds":	70.000075,
			"bytes":	8749973504,
			"bits_per_second":	999995900.46153533,
			"retransmits":	0,
			"sender":	true
		},
		"sum_received":	{
			"start":	0,
			"end":	70.000521,
			"seconds":	70.000521,
			"bytes":	8749973504,
			"bits_per_second":	999989529.10650468,
			"sender":	true
		},
		"cpu_utilization_percent":	{
			"host_total":	10.480321498190873,
			"host_user":	0.53003528773518682,
			"host_system":	9.9502833534152337,
			"remote_total":	13.019839968302655,
			"remote_user":	0.2678958921302681,
			"remote_system":	12.751946930349224
		},
		"sender_tcp_congestion":	"cubic",
		"receiver_tcp_congestion":	"reno"
	}
}
