{
	"start":	{
		"connected":	[{
				"socket":	5,
				"local_host":	"10.0.1.1",
				"local_port":	54586,
				"remote_host":	"10.0.0.1",
				"remote_port":	5201
			}],
		"version":	"iperf 3.9+",
		"system_info":	"Linux han-3 5.10.0 #9 SMP PREEMPT Tue Feb 23 15:01:43 PST 2021 x86_64",
		"timestamp":	{
			"time":	"Sun, 03 Mar 2024 17:21:23 GMT",
			"timesecs":	1709486483
		},
		"connecting_to":	{
			"host":	"10.0.0.1",
			"port":	5201
		},
		"cookie":	"nuq7nbin7aqqwvt3oplbh3gnhkr7uehes2kh",
		"tcp_mss_default":	1448,
		"target_bitrate":	10000000000,
		"sock_bufsize":	0,
		"sndbuf_actual":	16384,
		"rcvbuf_actual":	131072,
		"test_start":	{
			"protocol":	"TCP",
			"num_streams":	1,
			"blksize":	131072,
			"omit":	0,
			"duration":	70,
			"bytes":	0,
			"blocks":	0,
			"reverse":	0,
			"tos":	0
		}
	},
	"intervals":	[{
			"streams":	[{
					"socket":	5,
					"start":	0,
					"end":	60.000034,
					"seconds":	60.0000343322754,
					"bytes":	70609928192,
					"bits_per_second":	9414651705.15975,
					"retransmits":	0,
					"snd_cwnd":	2215440,
					"rtt":	1085,
					"rttvar":	19,
					"pmtu":	9000,
					"omitted":	false,
					"sender":	true
				}],
			"sum":	{
				"start":	0,
				"end":	60.000034,
				"seconds":	60.0000343322754,
				"bytes":	70609928192,
				"bits_per_second":	9414651705.15975,
				"retransmits":	0,
				"omitted":	false,
				"sender":	true
			}
		}, {
			"streams":	[{
					"socket":	5,
					"start":	60.000034,
					"end":	70.000051,
					"seconds":	10.000017166137695,
					"bytes":	11768299520,
					"bits_per_second":	9414623454.7277431,
					"retransmits":	0,
					"snd_cwnd":	2215440,
					"rtt":	1138,
					"rttvar":	44,
					"pmtu":	9000,
					"omitted":	false,
					"sender":	true
				}],
			"sum":	{
				"start":	60.000034,
				"end":	70.000051,
				"seconds":	10.000017166137695,
				"bytes":	11768299520,
				"bits_per_second":	9414623454.7277431,
				"retransmits":	0,
				"omitted":	false,
				"sender":	true
			}
		}],
	"end":	{
		"streams":	[{
				"sender":	{
					"socket":	5,
					"start":	0,
					"end":	70.000051,
					"seconds":	70.000051,
					"bytes":	82378227712,
					"bits_per_second":	9414647736.41379,
					"retransmits":	0,
					"max_snd_cwnd":	2215440,
					"max_rtt":	1138,
					"min_rtt":	1085,
					"mean_rtt":	1111,
					"sender":	true
				},
				"receiver":	{
					"socket":	5,
					"start":	0,
					"end":	70.000764,
					"seconds":	70.000051,
					"bytes":	82375678192,
					"bits_per_second":	9414260472.0142765,
					"sender":	true
				}
			}],
		"sum_sent":	{
			"start":	0,
			"end":	70.000051,
			"seconds":	70.000051,
			"bytes":	82378227712,
			"bits_per_second":	9414647736.41379,
			"retransmits":	0,
			"sender":	true
		},
		"sum_received":	{
			"start":	0,
			"end":	70.000764,
			"seconds":	70.000764,
			"bytes":	82375678192,
			"bits_per_second":	9414260472.0142765,
			"sender":	true
		},
		"cpu_utilization_percent":	{
			"host_total":	23.606847658038056,
			"host_user":	2.430385506504082,
			"host_system":	21.176462151533972,
			"remote_total":	48.494427648573314,
			"remote_user":	0.747209812617354,
			"remote_system":	47.747217835955965
		},
		"sender_tcp_congestion":	"cubic",
		"receiver_tcp_congestion":	"reno"
	}
}
