{
	"start":	{
		"connected":	[{
				"socket":	5,
				"local_host":	"10.0.1.1",
				"local_port":	51370,
				"remote_host":	"10.0.0.1",
				"remote_port":	5201
			}],
		"version":	"iperf 3.9+",
		"system_info":	"Linux han-3 5.10.0 #9 SMP PREEMPT Tue Feb 23 15:01:43 PST 2021 x86_64",
		"timestamp":	{
			"time":	"Sun, 03 Mar 2024 06:06:15 GMT",
			"timesecs":	1709445975
		},
		"connecting_to":	{
			"host":	"10.0.0.1",
			"port":	5201
		},
		"cookie":	"euovnyboup2ph77ajww7vcaobzsrtnf3pkpx",
		"tcp_mss_default":	1448,
		"target_bitrate":	3000000000,
		"sock_bufsize":	0,
		"sndbuf_actual":	16384,
		"rcvbuf_actual":	131072,
		"test_start":	{
			"protocol":	"TCP",
			"num_streams":	1,
			"blksize":	131072,
			"omit":	0,
			"duration":	40,
			"bytes":	0,
			"blocks":	0,
			"reverse":	0,
			"tos":	0
		}
	},
	"intervals":	[{
			"streams":	[{
					"socket":	5,
					"start":	0,
					"end":	40.000126,
					"seconds":	40.000125885009766,
					"bytes":	14999748608,
					"bits_per_second":	2999940280.4122124,
					"retransmits":	0,
					"snd_cwnd":	531416,
					"rtt":	272,
					"rttvar":	47,
					"pmtu":	9000,
					"omitted":	false,
					"sender":	true
				}],
			"sum":	{
				"start":	0,
				"end":	40.000126,
				"seconds":	40.000125885009766,
				"bytes":	14999748608,
				"bits_per_second":	2999940280.4122124,
				"retransmits":	0,
				"omitted":	false,
				"sender":	true
			}
		}],
	"end":	{
		"streams":	[{
				"sender":	{
					"socket":	5,
					"start":	0,
					"end":	40.000126,
					"seconds":	40.000126,
					"bytes":	14999748608,
					"bits_per_second":	2999940271.7881436,
					"retransmits":	0,
					"max_snd_cwnd":	531416,
					"max_rtt":	272,
					"min_rtt":	272,
					"mean_rtt":	272,
					"sender":	true
				},
				"receiver":	{
					"socket":	5,
					"start":	0,
					"end":	40.000253,
					"seconds":	40.000126,
					"bytes":	14999748608,
					"bits_per_second":	2999930747.0380249,
					"sender":	true
				}
			}],
		"sum_sent":	{
			"start":	0,
			"end":	40.000126,
			"seconds":	40.000126,
			"bytes":	14999748608,
			"bits_per_second":	2999940271.7881436,
			"retransmits":	0,
			"sender":	true
		},
		"sum_received":	{
			"start":	0,
			"end":	40.000253,
			"seconds":	40.000253,
			"bytes":	14999748608,
			"bits_per_second":	2999930747.0380249,
			"sender":	true
		},
		"cpu_utilization_percent":	{
			"host_total":	16.589635451354692,
			"host_user":	0.51894888901410363,
			"host_system":	16.070681562640321,
			"remote_total":	27.468988157484127,
			"remote_user":	4.7553343294814043,
			"remote_system":	22.713656324322461
		},
		"sender_tcp_congestion":	"cubic",
		"receiver_tcp_congestion":	"reno"
	}
}
