{
	"start":	{
		"connected":	[{
				"socket":	5,
				"local_host":	"10.0.1.1",
				"local_port":	52492,
				"remote_host":	"10.0.0.1",
				"remote_port":	5201
			}],
		"version":	"iperf 3.9+",
		"system_info":	"Linux han-3 5.10.0 #9 SMP PREEMPT Tue Feb 23 15:01:43 PST 2021 x86_64",
		"timestamp":	{
			"time":	"Sun, 03 Mar 2024 10:12:08 GMT",
			"timesecs":	1709460728
		},
		"connecting_to":	{
			"host":	"10.0.0.1",
			"port":	5201
		},
		"cookie":	"mzmwiqs6tq3egqprq3bkkosrgbwhgbs3fslc",
		"tcp_mss_default":	1448,
		"target_bitrate":	5000000000,
		"sock_bufsize":	0,
		"sndbuf_actual":	16384,
		"rcvbuf_actual":	131072,
		"test_start":	{
			"protocol":	"TCP",
			"num_streams":	1,
			"blksize":	131072,
			"omit":	0,
			"duration":	100,
			"bytes":	0,
			"blocks":	0,
			"reverse":	0,
			"tos":	0
		}
	},
	"intervals":	[{
			"streams":	[{
					"socket":	5,
					"start":	0,
					"end":	60.000079,
					"seconds":	60.000080108642578,
					"bytes":	37499568128,
					"bits_per_second":	4999935741.4322462,
					"retransmits":	0,
					"snd_cwnd":	797848,
					"rtt":	421,
					"rttvar":	119,
					"pmtu":	9000,
					"omitted":	false,
					"sender":	true
				}],
			"sum":	{
				"start":	0,
				"end":	60.000079,
				"seconds":	60.000080108642578,
				"bytes":	37499568128,
				"bits_per_second":	4999935741.4322462,
				"retransmits":	0,
				"omitted":	false,
				"sender":	true
			}
		}, {
			"streams":	[{
					"socket":	5,
					"start":	60.000079,
					"end":	100.000076,
					"seconds":	39.999996185302734,
					"bytes":	25000017920,
					"bits_per_second":	5000004060.8375454,
					"retransmits":	0,
					"snd_cwnd":	797848,
					"rtt":	411,
					"rttvar":	135,
					"pmtu":	9000,
					"omitted":	false,
					"sender":	true
				}],
			"sum":	{
				"start":	60.000079,
				"end":	100.000076,
				"seconds":	39.999996185302734,
				"bytes":	25000017920,
				"bits_per_second":	5000004060.8375454,
				"retransmits":	0,
				"omitted":	false,
				"sender":	true
			}
		}],
	"end":	{
		"streams":	[{
				"sender":	{
					"socket":	5,
					"start":	0,
					"end":	100.000076,
					"seconds":	100.000076,
					"bytes":	62499586048,
					"bits_per_second":	4999963083.8680563,
					"retransmits":	0,
					"max_snd_cwnd":	797848,
					"max_rtt":	421,
					"min_rtt":	411,
					"mean_rtt":	416,
					"sender":	true
				},
				"receiver":	{
					"socket":	5,
					"start":	0,
					"end":	100.000319,
					"seconds":	100.000076,
					"bytes":	62499586048,
					"bits_per_second":	4999950933.99652,
					"sender":	true
				}
			}],
		"sum_sent":	{
			"start":	0,
			"end":	100.000076,
			"seconds":	100.000076,
			"bytes":	62499586048,
			"bits_per_second":	4999963083.8680563,
			"retransmits":	0,
			"sender":	true
		},
		"sum_received":	{
			"start":	0,
			"end":	100.000319,
			"seconds":	100.000319,
			"bytes":	62499586048,
			"bits_per_second":	4999950933.99652,
			"sender":	true
		},
		"cpu_utilization_percent":	{
			"host_total":	18.462254245225751,
			"host_user":	13.846145446345279,
			"host_system":	4.6161077989032631,
			"remote_total":	36.669280319162723,
			"remote_user":	3.6731101234988039,
			"remote_system":	32.996168196669032
		},
		"sender_tcp_congestion":	"cubic",
		"receiver_tcp_congestion":	"reno"
	}
}
