{
	"start":	{
		"connected":	[{
				"socket":	5,
				"local_host":	"10.0.1.1",
				"local_port":	44364,
				"remote_host":	"10.0.0.1",
				"remote_port":	5201
			}],
		"version":	"iperf 3.9+",
		"system_info":	"Linux han-3 5.10.0 #9 SMP PREEMPT Tue Feb 23 15:01:43 PST 2021 x86_64",
		"timestamp":	{
			"time":	"Sat, 02 Mar 2024 05:45:55 GMT",
			"timesecs":	1709358355
		},
		"connecting_to":	{
			"host":	"10.0.0.1",
			"port":	5201
		},
		"cookie":	"f5sh44rhy4hdbkltrmg6y7wbujmh2kwerfvg",
		"tcp_mss_default":	1448,
		"target_bitrate":	7000000000,
		"sock_bufsize":	0,
		"sndbuf_actual":	16384,
		"rcvbuf_actual":	131072,
		"test_start":	{
			"protocol":	"TCP",
			"num_streams":	1,
			"blksize":	131072,
			"omit":	0,
			"duration":	50,
			"bytes":	0,
			"blocks":	0,
			"reverse":	0,
			"tos":	0
		}
	},
	"intervals":	[{
			"streams":	[{
					"socket":	5,
					"start":	0,
					"end":	50.000275,
					"seconds":	50.000274658203125,
					"bytes":	43749474304,
					"bits_per_second":	6999877437.16482,
					"retransmits":	0,
					"snd_cwnd":	2736720,
					"rtt":	562,
					"rttvar":	164,
					"pmtu":	9000,
					"omitted":	false,
					"sender":	true
				}],
			"sum":	{
				"start":	0,
				"end":	50.000275,
				"seconds":	50.000274658203125,
				"bytes":	43749474304,
				"bits_per_second":	6999877437.16482,
				"retransmits":	0,
				"omitted":	false,
				"sender":	true
			}
		}],
	"end":	{
		"streams":	[{
				"sender":	{
					"socket":	5,
					"start":	0,
					"end":	50.000275,
					"seconds":	50.000275,
					"bytes":	43749474304,
					"bits_per_second":	6999877389.31436,
					"retransmits":	0,
					"max_snd_cwnd":	2736720,
					"max_rtt":	562,
					"min_rtt":	562,
					"mean_rtt":	562,
					"sender":	true
				},
				"receiver":	{
					"socket":	5,
					"start":	0,
					"end":	50.000706,
					"seconds":	50.000275,
					"bytes":	43749474304,
					"bits_per_second":	6999817051.223237,
					"sender":	true
				}
			}],
		"sum_sent":	{
			"start":	0,
			"end":	50.000275,
			"seconds":	50.000275,
			"bytes":	43749474304,
			"bits_per_second":	6999877389.31436,
			"retransmits":	0,
			"sender":	true
		},
		"sum_received":	{
			"start":	0,
			"end":	50.000706,
			"seconds":	50.000706,
			"bytes":	43749474304,
			"bits_per_second":	6999817051.223237,
			"sender":	true
		},
		"cpu_utilization_percent":	{
			"host_total":	25.954347458148959,
			"host_user":	1.4778196065610059,
			"host_system":	24.476527851587949,
			"remote_total":	42.755046891369815,
			"remote_user":	3.6305935112088719,
			"remote_system":	39.124453380160944
		},
		"sender_tcp_congestion":	"cubic",
		"receiver_tcp_congestion":	"reno"
	}
}
