{
	"start":	{
		"connected":	[{
				"socket":	5,
				"local_host":	"10.0.1.1",
				"local_port":	50408,
				"remote_host":	"10.0.0.1",
				"remote_port":	5201
			}],
		"version":	"iperf 3.9+",
		"system_info":	"Linux han-3 5.10.0 #9 SMP PREEMPT Tue Feb 23 15:01:43 PST 2021 x86_64",
		"timestamp":	{
			"time":	"Sun, 03 Mar 2024 02:58:03 GMT",
			"timesecs":	1709434683
		},
		"connecting_to":	{
			"host":	"10.0.0.1",
			"port":	5201
		},
		"cookie":	"ep5xxnta3t44lk6vhjvegxqlfr6qc6ib774k",
		"tcp_mss_default":	1448,
		"target_bitrate":	1000000000,
		"sock_bufsize":	0,
		"sndbuf_actual":	16384,
		"rcvbuf_actual":	131072,
		"test_start":	{
			"protocol":	"TCP",
			"num_streams":	1,
			"blksize":	131072,
			"omit":	0,
			"duration":	30,
			"bytes":	0,
			"blocks":	0,
			"reverse":	0,
			"tos":	0
		}
	},
	"intervals":	[{
			"streams":	[{
					"socket":	5,
					"start":	0,
					"end":	30.000089,
					"seconds":	30.000089645385742,
					"bytes":	3749969920,
					"bits_per_second":	999988990.52004027,
					"retransmits":	0,
					"snd_cwnd":	133216,
					"rtt":	196,
					"rttvar":	14,
					"pmtu":	9000,
					"omitted":	false,
					"sender":	true
				}],
			"sum":	{
				"start":	0,
				"end":	30.000089,
				"seconds":	30.000089645385742,
				"bytes":	3749969920,
				"bits_per_second":	999988990.52004027,
				"retransmits":	0,
				"omitted":	false,
				"sender":	true
			}
		}],
	"end":	{
		"streams":	[{
				"sender":	{
					"socket":	5,
					"start":	0,
					"end":	30.000089,
					"seconds":	30.000089,
					"bytes":	3749969920,
					"bits_per_second":	999989012.03259766,
					"retransmits":	0,
					"max_snd_cwnd":	133216,
					"max_rtt":	196,
					"min_rtt":	196,
					"mean_rtt":	196,
					"sender":	true
				},
				"receiver":	{
					"socket":	5,
					"start":	0,
					"end":	30.000336,
					"seconds":	30.000089,
					"bytes":	3749969920,
					"bits_per_second":	999980778.881943,
					"sender":	true
				}
			}],
		"sum_sent":	{
			"start":	0,
			"end":	30.000089,
			"seconds":	30.000089,
			"bytes":	3749969920,
			"bits_per_second":	999989012.03259766,
			"retransmits":	0,
			"sender":	true
		},
		"sum_received":	{
			"start":	0,
			"end":	30.000336,
			"seconds":	30.000336,
			"bytes":	3749969920,
			"bits_per_second":	999980778.881943,
			"sender":	true
		},
		"cpu_utilization_percent":	{
			"host_total":	5.6235728685470523,
			"host_user":	0.20300647026253688,
			"host_system":	5.4205663982845165,
			"remote_total":	13.493567954318406,
			"remote_user":	0.84177844952243319,
			"remote_system":	12.651789504795971
		},
		"sender_tcp_congestion":	"cubic",
		"receiver_tcp_congestion":	"reno"
	}
}
