{
	"start":	{
		"connected":	[{
				"socket":	5,
				"local_host":	"10.0.1.1",
				"local_port":	52406,
				"remote_host":	"10.0.0.1",
				"remote_port":	5201
			}],
		"version":	"iperf 3.9+",
		"system_info":	"Linux han-3 5.10.0 #9 SMP PREEMPT Tue Feb 23 15:01:43 PST 2021 x86_64",
		"timestamp":	{
			"time":	"Sun, 03 Mar 2024 09:45:07 GMT",
			"timesecs":	1709459107
		},
		"connecting_to":	{
			"host":	"10.0.0.1",
			"port":	5201
		},
		"cookie":	"nox2p2febup5x5zv47qbo2wco2ho5fuhikay",
		"tcp_mss_default":	1448,
		"target_bitrate":	5000000000,
		"sock_bufsize":	0,
		"sndbuf_actual":	16384,
		"rcvbuf_actual":	131072,
		"test_start":	{
			"protocol":	"TCP",
			"num_streams":	1,
			"blksize":	131072,
			"omit":	0,
			"duration":	80,
			"bytes":	0,
			"blocks":	0,
			"reverse":	0,
			"tos":	0
		}
	},
	"intervals":	[{
			"streams":	[{
					"socket":	5,
					"start":	0,
					"end":	60.000073,
					"seconds":	60.000072479248047,
					"bytes":	37499568128,
					"bits_per_second":	4999936377.2061853,
					"retransmits":	0,
					"snd_cwnd":	816672,
					"rtt":	401,
					"rttvar":	105,
					"pmtu":	9000,
					"omitted":	false,
					"sender":	true
				}],
			"sum":	{
				"start":	0,
				"end":	60.000073,
				"seconds":	60.000072479248047,
				"bytes":	37499568128,
				"bits_per_second":	4999936377.2061853,
				"retransmits":	0,
				"omitted":	false,
				"sender":	true
			}
		}, {
			"streams":	[{
					"socket":	5,
					"start":	60.000073,
					"end":	80.00008,
					"seconds":	20.000007629394531,
					"bytes":	12499943424,
					"bits_per_second":	4999975462.2607279,
					"retransmits":	0,
					"snd_cwnd":	816672,
					"rtt":	425,
					"rttvar":	89,
					"pmtu":	9000,
					"omitted":	false,
					"sender":	true
				}],
			"sum":	{
				"start":	60.000073,
				"end":	80.00008,
				"seconds":	20.000007629394531,
				"bytes":	12499943424,
				"bits_per_second":	4999975462.2607279,
				"retransmits":	0,
				"omitted":	false,
				"sender":	true
			}
		}],
	"end":	{
		"streams":	[{
				"sender":	{
					"socket":	5,
					"start":	0,
					"end":	80.00008,
					"seconds":	80.00008,
					"bytes":	49999511552,
					"bits_per_second":	4999946155.2538452,
					"retransmits":	0,
					"max_snd_cwnd":	816672,
					"max_rtt":	425,
					"min_rtt":	401,
					"mean_rtt":	413,
					"sender":	true
				},
				"receiver":	{
					"socket":	5,
					"start":	0,
					"end":	80.000822,
					"seconds":	80.00008,
					"bytes":	49999511552,
					"bits_per_second":	4999899781.2297478,
					"sender":	true
				}
			}],
		"sum_sent":	{
			"start":	0,
			"end":	80.00008,
			"seconds":	80.00008,
			"bytes":	49999511552,
			"bits_per_second":	4999946155.2538452,
			"retransmits":	0,
			"sender":	true
		},
		"sum_received":	{
			"start":	0,
			"end":	80.000822,
			"seconds":	80.000822,
			"bytes":	49999511552,
			"bits_per_second":	4999899781.2297478,
			"sender":	true
		},
		"cpu_utilization_percent":	{
			"host_total":	18.495777532660114,
			"host_user":	3.0831276988645153,
			"host_system":	15.412648583833022,
			"remote_total":	36.4006795086476,
			"remote_user":	1.2918016812485162,
			"remote_system":	35.108877827399084
		},
		"sender_tcp_congestion":	"cubic",
		"receiver_tcp_congestion":	"reno"
	}
}
