{
	"start":	{
		"connected":	[{
				"socket":	5,
				"local_host":	"10.0.1.1",
				"local_port":	40590,
				"remote_host":	"10.0.0.1",
				"remote_port":	5201
			}],
		"version":	"iperf 3.9+",
		"system_info":	"Linux han-3 5.10.0 #9 SMP PREEMPT Tue Feb 23 15:01:43 PST 2021 x86_64",
		"timestamp":	{
			"time":	"Fri, 01 Mar 2024 16:39:17 GMT",
			"timesecs":	1709311157
		},
		"connecting_to":	{
			"host":	"10.0.0.1",
			"port":	5201
		},
		"cookie":	"ysgzoyxkjdgncimzajna5eleckkiq5rtabai",
		"tcp_mss_default":	1448,
		"target_bitrate":	8000000000,
		"sock_bufsize":	0,
		"sndbuf_actual":	16384,
		"rcvbuf_actual":	131072,
		"test_start":	{
			"protocol":	"TCP",
			"num_streams":	1,
			"blksize":	131072,
			"omit":	0,
			"duration":	90,
			"bytes":	0,
			"blocks":	0,
			"reverse":	0,
			"tos":	0
		}
	},
	"intervals":	[{
			"streams":	[{
					"socket":	5,
					"start":	0,
					"end":	60.000067,
					"seconds":	60.000068664550781,
					"bytes":	59999387648,
					"bits_per_second":	7999909197.8971443,
					"retransmits":	0,
					"snd_cwnd":	2409472,
					"rtt":	600,
					"rttvar":	188,
					"pmtu":	9000,
					"omitted":	false,
					"sender":	true
				}],
			"sum":	{
				"start":	0,
				"end":	60.000067,
				"seconds":	60.000068664550781,
				"bytes":	59999387648,
				"bits_per_second":	7999909197.8971443,
				"retransmits":	0,
				"omitted":	false,
				"sender":	true
			}
		}, {
			"streams":	[{
					"socket":	5,
					"start":	60.000067,
					"end":	90.000086,
					"seconds":	30.000019073486328,
					"bytes":	30000021504,
					"bits_per_second":	8000000648.1365671,
					"retransmits":	0,
					"snd_cwnd":	2409472,
					"rtt":	570,
					"rttvar":	149,
					"pmtu":	9000,
					"omitted":	false,
					"sender":	true
				}],
			"sum":	{
				"start":	60.000067,
				"end":	90.000086,
				"seconds":	30.000019073486328,
				"bytes":	30000021504,
				"bits_per_second":	8000000648.1365671,
				"retransmits":	0,
				"omitted":	false,
				"sender":	true
			}
		}],
	"end":	{
		"streams":	[{
				"sender":	{
					"socket":	5,
					"start":	0,
					"end":	90.000086,
					"seconds":	90.000086,
					"bytes":	89999409152,
					"bits_per_second":	7999939835.7908239,
					"retransmits":	0,
					"max_snd_cwnd":	2409472,
					"max_rtt":	600,
					"min_rtt":	570,
					"mean_rtt":	585,
					"sender":	true
				},
				"receiver":	{
					"socket":	5,
					"start":	0,
					"end":	90.000231,
					"seconds":	90.000086,
					"bytes":	89999409152,
					"bits_per_second":	7999926947.0319471,
					"sender":	true
				}
			}],
		"sum_sent":	{
			"start":	0,
			"end":	90.000086,
			"seconds":	90.000086,
			"bytes":	89999409152,
			"bits_per_second":	7999939835.7908239,
			"retransmits":	0,
			"sender":	true
		},
		"sum_received":	{
			"start":	0,
			"end":	90.000231,
			"seconds":	90.000231,
			"bytes":	89999409152,
			"bits_per_second":	7999926947.0319471,
			"sender":	true
		},
		"cpu_utilization_percent":	{
			"host_total":	22.965769610746054,
			"host_user":	0,
			"host_system":	22.965770721826882,
			"remote_total":	44.796975957171078,
			"remote_user":	3.3883632484570909,
			"remote_system":	41.4086115981943
		},
		"sender_tcp_congestion":	"cubic",
		"receiver_tcp_congestion":	"reno"
	}
}
