{
	"start":	{
		"connected":	[{
				"socket":	5,
				"local_host":	"10.0.1.1",
				"local_port":	53786,
				"remote_host":	"10.0.0.1",
				"remote_port":	5201
			}],
		"version":	"iperf 3.9+",
		"system_info":	"Linux han-3 5.10.0 #9 SMP PREEMPT Tue Feb 23 15:01:43 PST 2021 x86_64",
		"timestamp":	{
			"time":	"Sun, 03 Mar 2024 14:39:54 GMT",
			"timesecs":	1709476794
		},
		"connecting_to":	{
			"host":	"10.0.0.1",
			"port":	5201
		},
		"cookie":	"zl2n7wwqxl3i7ucdb54cz5ktsxkbgqkrlyk7",
		"tcp_mss_default":	1448,
		"target_bitrate":	8000000000,
		"sock_bufsize":	0,
		"sndbuf_actual":	16384,
		"rcvbuf_actual":	131072,
		"test_start":	{
			"protocol":	"TCP",
			"num_streams":	1,
			"blksize":	131072,
			"omit":	0,
			"duration":	90,
			"bytes":	0,
			"blocks":	0,
			"reverse":	0,
			"tos":	0
		}
	},
	"intervals":	[{
			"streams":	[{
					"socket":	5,
					"start":	0,
					"end":	60.00006,
					"seconds":	60.00006103515625,
					"bytes":	59999256576,
					"bits_per_second":	7999892738.888278,
					"retransmits":	0,
					"snd_cwnd":	2047472,
					"rtt":	526,
					"rttvar":	183,
					"pmtu":	9000,
					"omitted":	false,
					"sender":	true
				}],
			"sum":	{
				"start":	0,
				"end":	60.00006,
				"seconds":	60.00006103515625,
				"bytes":	59999256576,
				"bits_per_second":	7999892738.888278,
				"retransmits":	0,
				"omitted":	false,
				"sender":	true
			}
		}, {
			"streams":	[{
					"socket":	5,
					"start":	60.00006,
					"end":	90.000072,
					"seconds":	30.0000114440918,
					"bytes":	30000021504,
					"bits_per_second":	8000002682.6411638,
					"retransmits":	0,
					"snd_cwnd":	2047472,
					"rtt":	557,
					"rttvar":	156,
					"pmtu":	9000,
					"omitted":	false,
					"sender":	true
				}],
			"sum":	{
				"start":	60.00006,
				"end":	90.000072,
				"seconds":	30.0000114440918,
				"bytes":	30000021504,
				"bits_per_second":	8000002682.6411638,
				"retransmits":	0,
				"omitted":	false,
				"sender":	true
			}
		}],
	"end":	{
		"streams":	[{
				"sender":	{
					"socket":	5,
					"start":	0,
					"end":	90.000072,
					"seconds":	90.000072,
					"bytes":	89999278080,
					"bits_per_second":	7999929429.38979,
					"retransmits":	0,
					"max_snd_cwnd":	2047472,
					"max_rtt":	557,
					"min_rtt":	526,
					"mean_rtt":	541,
					"sender":	true
				},
				"receiver":	{
					"socket":	5,
					"start":	0,
					"end":	90.000569,
					"seconds":	90.000072,
					"bytes":	89999278080,
					"bits_per_second":	7999885252.2810163,
					"sender":	true
				}
			}],
		"sum_sent":	{
			"start":	0,
			"end":	90.000072,
			"seconds":	90.000072,
			"bytes":	89999278080,
			"bits_per_second":	7999929429.38979,
			"retransmits":	0,
			"sender":	true
		},
		"sum_received":	{
			"start":	0,
			"end":	90.000569,
			"seconds":	90.000569,
			"bytes":	89999278080,
			"bits_per_second":	7999885252.2810163,
			"sender":	true
		},
		"cpu_utilization_percent":	{
			"host_total":	23.8518765705197,
			"host_user":	2.945209726672672,
			"host_system":	20.906665732766193,
			"remote_total":	44.603763513957382,
			"remote_user":	3.7761006523405833,
			"remote_system":	40.827661751189368
		},
		"sender_tcp_congestion":	"cubic",
		"receiver_tcp_congestion":	"reno"
	}
}
