{
	"start":	{
		"connected":	[{
				"socket":	5,
				"local_host":	"10.0.1.1",
				"local_port":	41110,
				"remote_host":	"10.0.0.1",
				"remote_port":	5201
			}],
		"version":	"iperf 3.9+",
		"system_info":	"Linux han-3 5.10.0 #9 SMP PREEMPT Tue Feb 23 15:01:43 PST 2021 x86_64",
		"timestamp":	{
			"time":	"Fri, 01 Mar 2024 18:39:23 GMT",
			"timesecs":	1709318363
		},
		"connecting_to":	{
			"host":	"10.0.0.1",
			"port":	5201
		},
		"cookie":	"gf2gs3f6fxfs4mf7a5qm47bltwzptthbctlq",
		"tcp_mss_default":	1448,
		"target_bitrate":	9000000000,
		"sock_bufsize":	0,
		"sndbuf_actual":	16384,
		"rcvbuf_actual":	131072,
		"test_start":	{
			"protocol":	"TCP",
			"num_streams":	1,
			"blksize":	131072,
			"omit":	0,
			"duration":	100,
			"bytes":	0,
			"blocks":	0,
			"reverse":	0,
			"tos":	0
		}
	},
	"intervals":	[{
			"streams":	[{
					"socket":	5,
					"start":	0,
					"end":	60.000059,
					"seconds":	60.000057220458984,
					"bytes":	67499458560,
					"bits_per_second":	8999919225.0081844,
					"retransmits":	0,
					"snd_cwnd":	2231368,
					"rtt":	542,
					"rttvar":	130,
					"pmtu":	9000,
					"omitted":	false,
					"sender":	true
				}],
			"sum":	{
				"start":	0,
				"end":	60.000059,
				"seconds":	60.000057220458984,
				"bytes":	67499458560,
				"bits_per_second":	8999919225.0081844,
				"retransmits":	0,
				"omitted":	false,
				"sender":	true
			}
		}, {
			"streams":	[{
					"socket":	5,
					"start":	60.000059,
					"end":	100.000121,
					"seconds":	40.00006103515625,
					"bytes":	44999770112,
					"bits_per_second":	8999940289.5809555,
					"retransmits":	0,
					"snd_cwnd":	2231368,
					"rtt":	679,
					"rttvar":	171,
					"pmtu":	9000,
					"omitted":	false,
					"sender":	true
				}],
			"sum":	{
				"start":	60.000059,
				"end":	100.000121,
				"seconds":	40.00006103515625,
				"bytes":	44999770112,
				"bits_per_second":	8999940289.5809555,
				"retransmits":	0,
				"omitted":	false,
				"sender":	true
			}
		}],
	"end":	{
		"streams":	[{
				"sender":	{
					"socket":	5,
					"start":	0,
					"end":	100.000121,
					"seconds":	100.000121,
					"bytes":	112499228672,
					"bits_per_second":	8999927403.84784,
					"retransmits":	0,
					"max_snd_cwnd":	2231368,
					"max_rtt":	679,
					"min_rtt":	542,
					"mean_rtt":	610,
					"sender":	true
				},
				"receiver":	{
					"socket":	5,
					"start":	0,
					"end":	100.000465,
					"seconds":	100.000121,
					"bytes":	112499228672,
					"bits_per_second":	8999896444.2415333,
					"sender":	true
				}
			}],
		"sum_sent":	{
			"start":	0,
			"end":	100.000121,
			"seconds":	100.000121,
			"bytes":	112499228672,
			"bits_per_second":	8999927403.84784,
			"retransmits":	0,
			"sender":	true
		},
		"sum_received":	{
			"start":	0,
			"end":	100.000465,
			"seconds":	100.000465,
			"bytes":	112499228672,
			"bits_per_second":	8999896444.2415333,
			"sender":	true
		},
		"cpu_utilization_percent":	{
			"host_total":	30.157819671725751,
			"host_user":	1.9224378031549056,
			"host_system":	28.235382868547852,
			"remote_total":	46.587469019458752,
			"remote_user":	2.4651525754801824,
			"remote_system":	44.122316443978562
		},
		"sender_tcp_congestion":	"cubic",
		"receiver_tcp_congestion":	"reno"
	}
}
