{
	"start":	{
		"connected":	[{
				"socket":	5,
				"local_host":	"10.0.1.1",
				"local_port":	52060,
				"remote_host":	"10.0.0.1",
				"remote_port":	5201
			}],
		"version":	"iperf 3.9+",
		"system_info":	"Linux han-3 5.10.0 #9 SMP PREEMPT Tue Feb 23 15:01:43 PST 2021 x86_64",
		"timestamp":	{
			"time":	"Sun, 03 Mar 2024 08:42:03 GMT",
			"timesecs":	1709455323
		},
		"connecting_to":	{
			"host":	"10.0.0.1",
			"port":	5201
		},
		"cookie":	"dgbayucf2vlkpaqwrup2h35tza3pyhur76qn",
		"tcp_mss_default":	1448,
		"target_bitrate":	4000000000,
		"sock_bufsize":	0,
		"sndbuf_actual":	16384,
		"rcvbuf_actual":	131072,
		"test_start":	{
			"protocol":	"TCP",
			"num_streams":	1,
			"blksize":	131072,
			"omit":	0,
			"duration":	100,
			"bytes":	0,
			"blocks":	0,
			"reverse":	0,
			"tos":	0
		}
	},
	"intervals":	[{
			"streams":	[{
					"socket":	5,
					"start":	0,
					"end":	60.000062,
					"seconds":	60.00006103515625,
					"bytes":	29999628288,
					"bits_per_second":	3999946369.444139,
					"retransmits":	0,
					"snd_cwnd":	910792,
					"rtt":	322,
					"rttvar":	98,
					"pmtu":	9000,
					"omitted":	false,
					"sender":	true
				}],
			"sum":	{
				"start":	0,
				"end":	60.000062,
				"seconds":	60.00006103515625,
				"bytes":	29999628288,
				"bits_per_second":	3999946369.444139,
				"retransmits":	0,
				"omitted":	false,
				"sender":	true
			}
		}, {
			"streams":	[{
					"socket":	5,
					"start":	60.000062,
					"end":	100.000076,
					"seconds":	40.000015258789062,
					"bytes":	20000014336,
					"bits_per_second":	4000001341.3205819,
					"retransmits":	0,
					"snd_cwnd":	910792,
					"rtt":	308,
					"rttvar":	72,
					"pmtu":	9000,
					"omitted":	false,
					"sender":	true
				}],
			"sum":	{
				"start":	60.000062,
				"end":	100.000076,
				"seconds":	40.000015258789062,
				"bytes":	20000014336,
				"bits_per_second":	4000001341.3205819,
				"retransmits":	0,
				"omitted":	false,
				"sender":	true
			}
		}],
	"end":	{
		"streams":	[{
				"sender":	{
					"socket":	5,
					"start":	0,
					"end":	100.000076,
					"seconds":	100.000076,
					"bytes":	49999642624,
					"bits_per_second":	3999968369.9440384,
					"retransmits":	0,
					"max_snd_cwnd":	910792,
					"max_rtt":	322,
					"min_rtt":	308,
					"mean_rtt":	315,
					"sender":	true
				},
				"receiver":	{
					"socket":	5,
					"start":	0,
					"end":	99.999679,
					"seconds":	100.000076,
					"bytes":	49999642624,
					"bits_per_second":	3999984249.869442,
					"sender":	true
				}
			}],
		"sum_sent":	{
			"start":	0,
			"end":	100.000076,
			"seconds":	100.000076,
			"bytes":	49999642624,
			"bits_per_second":	3999968369.9440384,
			"retransmits":	0,
			"sender":	true
		},
		"sum_received":	{
			"start":	0,
			"end":	99.999679,
			"seconds":	99.999679,
			"bytes":	49999642624,
			"bits_per_second":	3999984249.869442,
			"sender":	true
		},
		"cpu_utilization_percent":	{
			"host_total":	14.953402753888762,
			"host_user":	7.47555090419908,
			"host_system":	7.47784884976075,
			"remote_total":	32.2071931534077,
			"remote_user":	0,
			"remote_system":	32.2071931534077
		},
		"sender_tcp_congestion":	"cubic",
		"receiver_tcp_congestion":	"reno"
	}
}
