{
	"start":	{
		"connected":	[{
				"socket":	5,
				"local_host":	"10.0.1.1",
				"local_port":	40604,
				"remote_host":	"10.0.0.1",
				"remote_port":	5201
			}],
		"version":	"iperf 3.9+",
		"system_info":	"Linux han-3 5.10.0 #9 SMP PREEMPT Tue Feb 23 15:01:43 PST 2021 x86_64",
		"timestamp":	{
			"time":	"Fri, 01 Mar 2024 16:43:47 GMT",
			"timesecs":	1709311427
		},
		"connecting_to":	{
			"host":	"10.0.0.1",
			"port":	5201
		},
		"cookie":	"zmn5kgdx44f5h4s6ee5wmlhnq7dtza7wnqlr",
		"tcp_mss_default":	1448,
		"target_bitrate":	8000000000,
		"sock_bufsize":	0,
		"sndbuf_actual":	16384,
		"rcvbuf_actual":	131072,
		"test_start":	{
			"protocol":	"TCP",
			"num_streams":	1,
			"blksize":	131072,
			"omit":	0,
			"duration":	90,
			"bytes":	0,
			"blocks":	0,
			"reverse":	0,
			"tos":	0
		}
	},
	"intervals":	[{
			"streams":	[{
					"socket":	5,
					"start":	0,
					"end":	60.000061,
					"seconds":	60.00006103515625,
					"bytes":	59999256576,
					"bits_per_second":	7999892738.888278,
					"retransmits":	0,
					"snd_cwnd":	2251640,
					"rtt":	563,
					"rttvar":	146,
					"pmtu":	9000,
					"omitted":	false,
					"sender":	true
				}],
			"sum":	{
				"start":	0,
				"end":	60.000061,
				"seconds":	60.00006103515625,
				"bytes":	59999256576,
				"bits_per_second":	7999892738.888278,
				"retransmits":	0,
				"omitted":	false,
				"sender":	true
			}
		}, {
			"streams":	[{
					"socket":	5,
					"start":	60.000061,
					"end":	90.000078,
					"seconds":	30.0000171661377,
					"bytes":	30000152576,
					"bits_per_second":	8000036109.2759523,
					"retransmits":	0,
					"snd_cwnd":	2251640,
					"rtt":	537,
					"rttvar":	155,
					"pmtu":	9000,
					"omitted":	false,
					"sender":	true
				}],
			"sum":	{
				"start":	60.000061,
				"end":	90.000078,
				"seconds":	30.0000171661377,
				"bytes":	30000152576,
				"bits_per_second":	8000036109.2759523,
				"retransmits":	0,
				"omitted":	false,
				"sender":	true
			}
		}],
	"end":	{
		"streams":	[{
				"sender":	{
					"socket":	5,
					"start":	0,
					"end":	90.000078,
					"seconds":	90.000078,
					"bytes":	89999409152,
					"bits_per_second":	7999940546.89597,
					"retransmits":	0,
					"max_snd_cwnd":	2251640,
					"max_rtt":	563,
					"min_rtt":	537,
					"mean_rtt":	550,
					"sender":	true
				},
				"receiver":	{
					"socket":	5,
					"start":	0,
					"end":	90.000194,
					"seconds":	90.000078,
					"bytes":	89999350368,
					"bits_per_second":	7999925010.6505327,
					"sender":	true
				}
			}],
		"sum_sent":	{
			"start":	0,
			"end":	90.000078,
			"seconds":	90.000078,
			"bytes":	89999409152,
			"bits_per_second":	7999940546.89597,
			"retransmits":	0,
			"sender":	true
		},
		"sum_received":	{
			"start":	0,
			"end":	90.000194,
			"seconds":	90.000194,
			"bytes":	89999350368,
			"bits_per_second":	7999925010.6505327,
			"sender":	true
		},
		"cpu_utilization_percent":	{
			"host_total":	21.361540403282568,
			"host_user":	0,
			"host_system":	21.361540403282568,
			"remote_total":	44.451432986012442,
			"remote_user":	4.6949551576602762,
			"remote_system":	39.756476717884752
		},
		"sender_tcp_congestion":	"cubic",
		"receiver_tcp_congestion":	"reno"
	}
}
