{
	"start":	{
		"connected":	[{
				"socket":	5,
				"local_host":	"10.0.1.1",
				"local_port":	46994,
				"remote_host":	"10.0.0.1",
				"remote_port":	5201
			}],
		"version":	"iperf 3.9+",
		"system_info":	"Linux han-3 5.10.0 #9 SMP PREEMPT Tue Feb 23 15:01:43 PST 2021 x86_64",
		"timestamp":	{
			"time":	"Sat, 02 Mar 2024 14:57:25 GMT",
			"timesecs":	1709391445
		},
		"connecting_to":	{
			"host":	"10.0.0.1",
			"port":	5201
		},
		"cookie":	"vynjlwh2nzlar57iwj2mny4ayt3op7fzo6lw",
		"tcp_mss_default":	1448,
		"target_bitrate":	3000000000,
		"sock_bufsize":	0,
		"sndbuf_actual":	16384,
		"rcvbuf_actual":	131072,
		"test_start":	{
			"protocol":	"TCP",
			"num_streams":	1,
			"blksize":	131072,
			"omit":	0,
			"duration":	50,
			"bytes":	0,
			"blocks":	0,
			"reverse":	0,
			"tos":	0
		}
	},
	"intervals":	[{
			"streams":	[{
					"socket":	5,
					"start":	0,
					"end":	50.000252,
					"seconds":	50.000251770019531,
					"bytes":	18749718528,
					"bits_per_second":	2999939858.5816641,
					"retransmits":	0,
					"snd_cwnd":	550240,
					"rtt":	324,
					"rttvar":	86,
					"pmtu":	9000,
					"omitted":	false,
					"sender":	true
				}],
			"sum":	{
				"start":	0,
				"end":	50.000252,
				"seconds":	50.000251770019531,
				"bytes":	18749718528,
				"bits_per_second":	2999939858.5816641,
				"retransmits":	0,
				"omitted":	false,
				"sender":	true
			}
		}],
	"end":	{
		"streams":	[{
				"sender":	{
					"socket":	5,
					"start":	0,
					"end":	50.000252,
					"seconds":	50.000252,
					"bytes":	18749718528,
					"bits_per_second":	2999939844.7831821,
					"retransmits":	0,
					"max_snd_cwnd":	550240,
					"max_rtt":	324,
					"min_rtt":	324,
					"mean_rtt":	324,
					"sender":	true
				},
				"receiver":	{
					"socket":	5,
					"start":	0,
					"end":	50.000689,
					"seconds":	50.000252,
					"bytes":	18749718528,
					"bits_per_second":	2999913625.670238,
					"sender":	true
				}
			}],
		"sum_sent":	{
			"start":	0,
			"end":	50.000252,
			"seconds":	50.000252,
			"bytes":	18749718528,
			"bits_per_second":	2999939844.7831821,
			"retransmits":	0,
			"sender":	true
		},
		"sum_received":	{
			"start":	0,
			"end":	50.000689,
			"seconds":	50.000689,
			"bytes":	18749718528,
			"bits_per_second":	2999913625.670238,
			"sender":	true
		},
		"cpu_utilization_percent":	{
			"host_total":	24.444187790610471,
			"host_user":	0.42808259587020653,
			"host_system":	24.016103194840259,
			"remote_total":	29.353657299976753,
			"remote_user":	1.2289899064167038,
			"remote_system":	28.124669390446744
		},
		"sender_tcp_congestion":	"cubic",
		"receiver_tcp_congestion":	"reno"
	}
}
