{
	"start":	{
		"connected":	[{
				"socket":	5,
				"local_host":	"10.0.1.1",
				"local_port":	47042,
				"remote_host":	"10.0.0.1",
				"remote_port":	5201
			}],
		"version":	"iperf 3.9+",
		"system_info":	"Linux han-3 5.10.0 #9 SMP PREEMPT Tue Feb 23 15:01:43 PST 2021 x86_64",
		"timestamp":	{
			"time":	"Sat, 02 Mar 2024 15:07:46 GMT",
			"timesecs":	1709392066
		},
		"connecting_to":	{
			"host":	"10.0.0.1",
			"port":	5201
		},
		"cookie":	"qmlvcrhuqfmel2ym64dvbfmu3hh3kr2wqj2y",
		"tcp_mss_default":	1448,
		"target_bitrate":	3000000000,
		"sock_bufsize":	0,
		"sndbuf_actual":	16384,
		"rcvbuf_actual":	131072,
		"test_start":	{
			"protocol":	"TCP",
			"num_streams":	1,
			"blksize":	131072,
			"omit":	0,
			"duration":	60,
			"bytes":	0,
			"blocks":	0,
			"reverse":	0,
			"tos":	0
		}
	},
	"intervals":	[{
			"streams":	[{
					"socket":	5,
					"start":	0,
					"end":	60.000211,
					"seconds":	60.0002098083496,
					"bytes":	22499688448,
					"bits_per_second":	2999947969.4977932,
					"retransmits":	0,
					"snd_cwnd":	1278584,
					"rtt":	317,
					"rttvar":	62,
					"pmtu":	9000,
					"omitted":	false,
					"sender":	true
				}],
			"sum":	{
				"start":	0,
				"end":	60.000211,
				"seconds":	60.0002098083496,
				"bytes":	22499688448,
				"bits_per_second":	2999947969.4977932,
				"retransmits":	0,
				"omitted":	false,
				"sender":	true
			}
		}],
	"end":	{
		"streams":	[{
				"sender":	{
					"socket":	5,
					"start":	0,
					"end":	60.000211,
					"seconds":	60.000211,
					"bytes":	22499688448,
					"bits_per_second":	2999947909.9165168,
					"retransmits":	0,
					"max_snd_cwnd":	1278584,
					"max_rtt":	317,
					"min_rtt":	317,
					"mean_rtt":	317,
					"sender":	true
				},
				"receiver":	{
					"socket":	5,
					"start":	0,
					"end":	60.00054,
					"seconds":	60.000211,
					"bytes":	22499688448,
					"bits_per_second":	2999931460.35019,
					"sender":	true
				}
			}],
		"sum_sent":	{
			"start":	0,
			"end":	60.000211,
			"seconds":	60.000211,
			"bytes":	22499688448,
			"bits_per_second":	2999947909.9165168,
			"retransmits":	0,
			"sender":	true
		},
		"sum_received":	{
			"start":	0,
			"end":	60.00054,
			"seconds":	60.00054,
			"bytes":	22499688448,
			"bits_per_second":	2999931460.35019,
			"sender":	true
		},
		"cpu_utilization_percent":	{
			"host_total":	16.135001144868145,
			"host_user":	2.1494405662106688,
			"host_system":	13.985560578657473,
			"remote_total":	29.04523591593502,
			"remote_user":	0.898261595310063,
			"remote_system":	28.146975985243756
		},
		"sender_tcp_congestion":	"cubic",
		"receiver_tcp_congestion":	"reno"
	}
}
