{
	"start":	{
		"connected":	[{
				"socket":	5,
				"local_host":	"10.0.1.1",
				"local_port":	40692,
				"remote_host":	"10.0.0.1",
				"remote_port":	5201
			}],
		"version":	"iperf 3.9+",
		"system_info":	"Linux han-3 5.10.0 #9 SMP PREEMPT Tue Feb 23 15:01:43 PST 2021 x86_64",
		"timestamp":	{
			"time":	"Fri, 01 Mar 2024 17:11:18 GMT",
			"timesecs":	1709313078
		},
		"connecting_to":	{
			"host":	"10.0.0.1",
			"port":	5201
		},
		"cookie":	"yfo2vnopixb4rk3bbr3psimkqwyl4arfl637",
		"tcp_mss_default":	1448,
		"target_bitrate":	9000000000,
		"sock_bufsize":	0,
		"sndbuf_actual":	16384,
		"rcvbuf_actual":	131072,
		"test_start":	{
			"protocol":	"TCP",
			"num_streams":	1,
			"blksize":	131072,
			"omit":	0,
			"duration":	10,
			"bytes":	0,
			"blocks":	0,
			"reverse":	0,
			"tos":	0
		}
	},
	"intervals":	[{
			"streams":	[{
					"socket":	5,
					"start":	0,
					"end":	10.000077,
					"seconds":	10.000077247619629,
					"bytes":	11249254400,
					"bits_per_second":	8999334002.28701,
					"retransmits":	0,
					"snd_cwnd":	1650720,
					"rtt":	577,
					"rttvar":	160,
					"pmtu":	9000,
					"omitted":	false,
					"sender":	true
				}],
			"sum":	{
				"start":	0,
				"end":	10.000077,
				"seconds":	10.000077247619629,
				"bytes":	11249254400,
				"bits_per_second":	8999334002.28701,
				"retransmits":	0,
				"omitted":	false,
				"sender":	true
			}
		}],
	"end":	{
		"streams":	[{
				"sender":	{
					"socket":	5,
					"start":	0,
					"end":	10.000077,
					"seconds":	10.000077,
					"bytes":	11249254400,
					"bits_per_second":	8999334225.1264668,
					"retransmits":	0,
					"max_snd_cwnd":	1650720,
					"max_rtt":	577,
					"min_rtt":	577,
					"mean_rtt":	577,
					"sender":	true
				},
				"receiver":	{
					"socket":	5,
					"start":	0,
					"end":	10.000246,
					"seconds":	10.000077,
					"bytes":	11249254400,
					"bits_per_second":	8999182140.11935,
					"sender":	true
				}
			}],
		"sum_sent":	{
			"start":	0,
			"end":	10.000077,
			"seconds":	10.000077,
			"bytes":	11249254400,
			"bits_per_second":	8999334225.1264668,
			"retransmits":	0,
			"sender":	true
		},
		"sum_received":	{
			"start":	0,
			"end":	10.000246,
			"seconds":	10.000246,
			"bytes":	11249254400,
			"bits_per_second":	8999182140.11935,
			"sender":	true
		},
		"cpu_utilization_percent":	{
			"host_total":	42.913557793081416,
			"host_user":	1.9077788898423251,
			"host_system":	41.0057789032391,
			"remote_total":	45.5734447591397,
			"remote_user":	2.3909816836349633,
			"remote_system":	43.182463075504735
		},
		"sender_tcp_congestion":	"cubic",
		"receiver_tcp_congestion":	"reno"
	}
}
