{
	"start":	{
		"connected":	[{
				"socket":	5,
				"local_host":	"10.0.1.1",
				"local_port":	38774,
				"remote_host":	"10.0.0.1",
				"remote_port":	5201
			}],
		"version":	"iperf 3.9+",
		"system_info":	"Linux han-3 5.10.0 #9 SMP PREEMPT Tue Feb 23 15:01:43 PST 2021 x86_64",
		"timestamp":	{
			"time":	"Fri, 01 Mar 2024 10:14:16 GMT",
			"timesecs":	1709288056
		},
		"connecting_to":	{
			"host":	"10.0.0.1",
			"port":	5201
		},
		"cookie":	"xg44vzhqir5pjxvvpjjkhdmnzeptzocwgwza",
		"tcp_mss_default":	1448,
		"target_bitrate":	4000000000,
		"sock_bufsize":	0,
		"sndbuf_actual":	16384,
		"rcvbuf_actual":	131072,
		"test_start":	{
			"protocol":	"TCP",
			"num_streams":	1,
			"blksize":	131072,
			"omit":	0,
			"duration":	70,
			"bytes":	0,
			"blocks":	0,
			"reverse":	0,
			"tos":	0
		}
	},
	"intervals":	[{
			"streams":	[{
					"socket":	5,
					"start":	0,
					"end":	60.00006,
					"seconds":	60.00006103515625,
					"bytes":	29999628288,
					"bits_per_second":	3999946369.444139,
					"retransmits":	0,
					"snd_cwnd":	2080776,
					"rtt":	386,
					"rttvar":	138,
					"pmtu":	9000,
					"omitted":	false,
					"sender":	true
				}],
			"sum":	{
				"start":	0,
				"end":	60.00006,
				"seconds":	60.00006103515625,
				"bytes":	29999628288,
				"bits_per_second":	3999946369.444139,
				"retransmits":	0,
				"omitted":	false,
				"sender":	true
			}
		}, {
			"streams":	[{
					"socket":	5,
					"start":	60.00006,
					"end":	70.000076,
					"seconds":	10.000016212463379,
					"bytes":	5000003584,
					"bits_per_second":	3999996382.2205138,
					"retransmits":	0,
					"snd_cwnd":	2080776,
					"rtt":	318,
					"rttvar":	107,
					"pmtu":	9000,
					"omitted":	false,
					"sender":	true
				}],
			"sum":	{
				"start":	60.00006,
				"end":	70.000076,
				"seconds":	10.000016212463379,
				"bytes":	5000003584,
				"bits_per_second":	3999996382.2205138,
				"retransmits":	0,
				"omitted":	false,
				"sender":	true
			}
		}],
	"end":	{
		"streams":	[{
				"sender":	{
					"socket":	5,
					"start":	0,
					"end":	70.000076,
					"seconds":	70.000076,
					"bytes":	34999631872,
					"bits_per_second":	3999953585.4218211,
					"retransmits":	0,
					"max_snd_cwnd":	2080776,
					"max_rtt":	386,
					"min_rtt":	318,
					"mean_rtt":	352,
					"sender":	true
				},
				"receiver":	{
					"socket":	5,
					"start":	0,
					"end":	70.000128,
					"seconds":	70.000076,
					"bytes":	34999631872,
					"bits_per_second":	3999950614.0331626,
					"sender":	true
				}
			}],
		"sum_sent":	{
			"start":	0,
			"end":	70.000076,
			"seconds":	70.000076,
			"bytes":	34999631872,
			"bits_per_second":	3999953585.4218211,
			"retransmits":	0,
			"sender":	true
		},
		"sum_received":	{
			"start":	0,
			"end":	70.000128,
			"seconds":	70.000128,
			"bytes":	34999631872,
			"bits_per_second":	3999950614.0331626,
			"sender":	true
		},
		"cpu_utilization_percent":	{
			"host_total":	14.022379970950965,
			"host_user":	1.23518468850856,
			"host_system":	12.787195282442404,
			"remote_total":	32.995980467378,
			"remote_user":	3.0486521546842633,
			"remote_system":	29.947329740358349
		},
		"sender_tcp_congestion":	"cubic",
		"receiver_tcp_congestion":	"reno"
	}
}
