{
	"start":	{
		"connected":	[{
				"socket":	5,
				"local_host":	"10.0.1.1",
				"local_port":	38660,
				"remote_host":	"10.0.0.1",
				"remote_port":	5201
			}],
		"version":	"iperf 3.9+",
		"system_info":	"Linux han-3 5.10.0 #9 SMP PREEMPT Tue Feb 23 15:01:43 PST 2021 x86_64",
		"timestamp":	{
			"time":	"Fri, 01 Mar 2024 09:48:55 GMT",
			"timesecs":	1709286535
		},
		"connecting_to":	{
			"host":	"10.0.0.1",
			"port":	5201
		},
		"cookie":	"kl753uj672o6ddj7kidut55lx7stge45nmos",
		"tcp_mss_default":	1448,
		"target_bitrate":	4000000000,
		"sock_bufsize":	0,
		"sndbuf_actual":	16384,
		"rcvbuf_actual":	131072,
		"test_start":	{
			"protocol":	"TCP",
			"num_streams":	1,
			"blksize":	131072,
			"omit":	0,
			"duration":	50,
			"bytes":	0,
			"blocks":	0,
			"reverse":	0,
			"tos":	0
		}
	},
	"intervals":	[{
			"streams":	[{
					"socket":	5,
					"start":	0,
					"end":	50.000069,
					"seconds":	50.000068664550781,
					"bytes":	24999624704,
					"bits_per_second":	3999934459.5659437,
					"retransmits":	0,
					"snd_cwnd":	941200,
					"rtt":	320,
					"rttvar":	63,
					"pmtu":	9000,
					"omitted":	false,
					"sender":	true
				}],
			"sum":	{
				"start":	0,
				"end":	50.000069,
				"seconds":	50.000068664550781,
				"bytes":	24999624704,
				"bits_per_second":	3999934459.5659437,
				"retransmits":	0,
				"omitted":	false,
				"sender":	true
			}
		}],
	"end":	{
		"streams":	[{
				"sender":	{
					"socket":	5,
					"start":	0,
					"end":	50.000069,
					"seconds":	50.000069,
					"bytes":	24999624704,
					"bits_per_second":	3999934432.7304826,
					"retransmits":	0,
					"max_snd_cwnd":	941200,
					"max_rtt":	320,
					"min_rtt":	320,
					"mean_rtt":	320,
					"sender":	true
				},
				"receiver":	{
					"socket":	5,
					"start":	0,
					"end":	50.000208,
					"seconds":	50.000069,
					"bytes":	24999624704,
					"bits_per_second":	3999923312.9590182,
					"sender":	true
				}
			}],
		"sum_sent":	{
			"start":	0,
			"end":	50.000069,
			"seconds":	50.000069,
			"bytes":	24999624704,
			"bits_per_second":	3999934432.7304826,
			"retransmits":	0,
			"sender":	true
		},
		"sum_received":	{
			"start":	0,
			"end":	50.000208,
			"seconds":	50.000208,
			"bytes":	24999624704,
			"bits_per_second":	3999923312.9590182,
			"sender":	true
		},
		"cpu_utilization_percent":	{
			"host_total":	24.011331077637323,
			"host_user":	1.9991198405753494,
			"host_system":	22.012209237154167,
			"remote_total":	34.2421882792939,
			"remote_user":	5.6543909640470051,
			"remote_system":	28.587797315246892
		},
		"sender_tcp_congestion":	"cubic",
		"receiver_tcp_congestion":	"reno"
	}
}
