{
	"start":	{
		"connected":	[{
				"socket":	5,
				"local_host":	"10.0.1.1",
				"local_port":	42944,
				"remote_host":	"10.0.0.1",
				"remote_port":	5201
			}],
		"version":	"iperf 3.9+",
		"system_info":	"Linux han-3 5.10.0 #9 SMP PREEMPT Tue Feb 23 15:01:43 PST 2021 x86_64",
		"timestamp":	{
			"time":	"Sat, 02 Mar 2024 00:54:27 GMT",
			"timesecs":	1709340867
		},
		"connecting_to":	{
			"host":	"10.0.0.1",
			"port":	5201
		},
		"cookie":	"yld2s7fgnx22sdpt4tx2uvfpipdfdrtj24te",
		"tcp_mss_default":	1448,
		"target_bitrate":	4000000000,
		"sock_bufsize":	0,
		"sndbuf_actual":	16384,
		"rcvbuf_actual":	131072,
		"test_start":	{
			"protocol":	"TCP",
			"num_streams":	1,
			"blksize":	131072,
			"omit":	0,
			"duration":	20,
			"bytes":	0,
			"blocks":	0,
			"reverse":	0,
			"tos":	0
		}
	},
	"intervals":	[{
			"streams":	[{
					"socket":	5,
					"start":	0,
					"end":	20.000075,
					"seconds":	20.00007438659668,
					"bytes":	9999613952,
					"bits_per_second":	3999830704.1103315,
					"retransmits":	0,
					"snd_cwnd":	679112,
					"rtt":	364,
					"rttvar":	88,
					"pmtu":	9000,
					"omitted":	false,
					"sender":	true
				}],
			"sum":	{
				"start":	0,
				"end":	20.000075,
				"seconds":	20.00007438659668,
				"bytes":	9999613952,
				"bits_per_second":	3999830704.1103315,
				"retransmits":	0,
				"omitted":	false,
				"sender":	true
			}
		}],
	"end":	{
		"streams":	[{
				"sender":	{
					"socket":	5,
					"start":	0,
					"end":	20.000075,
					"seconds":	20.000075,
					"bytes":	9999613952,
					"bits_per_second":	3999830581.43532,
					"retransmits":	0,
					"max_snd_cwnd":	679112,
					"max_rtt":	364,
					"min_rtt":	364,
					"mean_rtt":	364,
					"sender":	true
				},
				"receiver":	{
					"socket":	5,
					"start":	0,
					"end":	20.000233,
					"seconds":	20.000075,
					"bytes":	9999613952,
					"bits_per_second":	3999798983.1418462,
					"sender":	true
				}
			}],
		"sum_sent":	{
			"start":	0,
			"end":	20.000075,
			"seconds":	20.000075,
			"bytes":	9999613952,
			"bits_per_second":	3999830581.43532,
			"retransmits":	0,
			"sender":	true
		},
		"sum_received":	{
			"start":	0,
			"end":	20.000233,
			"seconds":	20.000233,
			"bytes":	9999613952,
			"bits_per_second":	3999798983.1418462,
			"sender":	true
		},
		"cpu_utilization_percent":	{
			"host_total":	20.885808603232039,
			"host_user":	3.4775401170310567,
			"host_system":	17.408268486200985,
			"remote_total":	32.2716967511365,
			"remote_user":	2.6547935774042046,
			"remote_system":	29.6169031737323
		},
		"sender_tcp_congestion":	"cubic",
		"receiver_tcp_congestion":	"reno"
	}
}
