{
	"start":	{
		"connected":	[{
				"socket":	5,
				"local_host":	"10.0.1.1",
				"local_port":	46548,
				"remote_host":	"10.0.0.1",
				"remote_port":	5201
			}],
		"version":	"iperf 3.9+",
		"system_info":	"Linux han-3 5.10.0 #9 SMP PREEMPT Tue Feb 23 15:01:43 PST 2021 x86_64",
		"timestamp":	{
			"time":	"Sat, 02 Mar 2024 13:23:57 GMT",
			"timesecs":	1709385837
		},
		"connecting_to":	{
			"host":	"10.0.0.1",
			"port":	5201
		},
		"cookie":	"gtmz7qnl7zbwpipjhhsowh7dr3jfjrkvhc4x",
		"tcp_mss_default":	1448,
		"target_bitrate":	2000000000,
		"sock_bufsize":	0,
		"sndbuf_actual":	16384,
		"rcvbuf_actual":	131072,
		"test_start":	{
			"protocol":	"TCP",
			"num_streams":	1,
			"blksize":	131072,
			"omit":	0,
			"duration":	50,
			"bytes":	0,
			"blocks":	0,
			"reverse":	0,
			"tos":	0
		}
	},
	"intervals":	[{
			"streams":	[{
					"socket":	5,
					"start":	0,
					"end":	50.000283,
					"seconds":	50.000282287597656,
					"bytes":	12499812352,
					"bits_per_second":	1999958685.0493476,
					"retransmits":	0,
					"snd_cwnd":	411232,
					"rtt":	265,
					"rttvar":	49,
					"pmtu":	9000,
					"omitted":	false,
					"sender":	true
				}],
			"sum":	{
				"start":	0,
				"end":	50.000283,
				"seconds":	50.000282287597656,
				"bytes":	12499812352,
				"bits_per_second":	1999958685.0493476,
				"retransmits":	0,
				"omitted":	false,
				"sender":	true
			}
		}],
	"end":	{
		"streams":	[{
				"sender":	{
					"socket":	5,
					"start":	0,
					"end":	50.000283,
					"seconds":	50.000283,
					"bytes":	12499812352,
					"bits_per_second":	1999958656.5540037,
					"retransmits":	0,
					"max_snd_cwnd":	411232,
					"max_rtt":	265,
					"min_rtt":	265,
					"mean_rtt":	265,
					"sender":	true
				},
				"receiver":	{
					"socket":	5,
					"start":	0,
					"end":	50.000549,
					"seconds":	50.000283,
					"bytes":	12499812352,
					"bits_per_second":	1999948016.8907745,
					"sender":	true
				}
			}],
		"sum_sent":	{
			"start":	0,
			"end":	50.000283,
			"seconds":	50.000283,
			"bytes":	12499812352,
			"bits_per_second":	1999958656.5540037,
			"retransmits":	0,
			"sender":	true
		},
		"sum_received":	{
			"start":	0,
			"end":	50.000549,
			"seconds":	50.000549,
			"bytes":	12499812352,
			"bits_per_second":	1999948016.8907745,
			"sender":	true
		},
		"cpu_utilization_percent":	{
			"host_total":	15.25417115601431,
			"host_user":	0.24025938638221495,
			"host_system":	15.013919769212118,
			"remote_total":	21.754187181011265,
			"remote_user":	0,
			"remote_system":	21.754189178099949
		},
		"sender_tcp_congestion":	"cubic",
		"receiver_tcp_congestion":	"reno"
	}
}
