{
	"start":	{
		"connected":	[{
				"socket":	5,
				"local_host":	"10.0.1.1",
				"local_port":	54436,
				"remote_host":	"10.0.0.1",
				"remote_port":	5201
			}],
		"version":	"iperf 3.9+",
		"system_info":	"Linux han-3 5.10.0 #9 SMP PREEMPT Tue Feb 23 15:01:43 PST 2021 x86_64",
		"timestamp":	{
			"time":	"Sun, 03 Mar 2024 16:49:12 GMT",
			"timesecs":	1709484552
		},
		"connecting_to":	{
			"host":	"10.0.0.1",
			"port":	5201
		},
		"cookie":	"zoktnvlsm4cgerxkdicuentc2bx7v4fxbcya",
		"tcp_mss_default":	1448,
		"target_bitrate":	10000000000,
		"sock_bufsize":	0,
		"sndbuf_actual":	16384,
		"rcvbuf_actual":	131072,
		"test_start":	{
			"protocol":	"TCP",
			"num_streams":	1,
			"blksize":	131072,
			"omit":	0,
			"duration":	40,
			"bytes":	0,
			"blocks":	0,
			"reverse":	0,
			"tos":	0
		}
	},
	"intervals":	[{
			"streams":	[{
					"socket":	5,
					"start":	0,
					"end":	40.000023,
					"seconds":	40.0000228881836,
					"bytes":	47073591296,
					"bits_per_second":	9414712872.05808,
					"retransmits":	0,
					"snd_cwnd":	3269584,
					"rtt":	1092,
					"rttvar":	19,
					"pmtu":	9000,
					"omitted":	false,
					"sender":	true
				}],
			"sum":	{
				"start":	0,
				"end":	40.000023,
				"seconds":	40.0000228881836,
				"bytes":	47073591296,
				"bits_per_second":	9414712872.05808,
				"retransmits":	0,
				"omitted":	false,
				"sender":	true
			}
		}],
	"end":	{
		"streams":	[{
				"sender":	{
					"socket":	5,
					"start":	0,
					"end":	40.000023,
					"seconds":	40.000023,
					"bytes":	47073591296,
					"bits_per_second":	9414712845.7401142,
					"retransmits":	0,
					"max_snd_cwnd":	3269584,
					"max_rtt":	1092,
					"min_rtt":	1092,
					"mean_rtt":	1092,
					"sender":	true
				},
				"receiver":	{
					"socket":	5,
					"start":	0,
					"end":	40.000346,
					"seconds":	40.000023,
					"bytes":	47071122088,
					"bits_per_second":	9414142985.26318,
					"sender":	true
				}
			}],
		"sum_sent":	{
			"start":	0,
			"end":	40.000023,
			"seconds":	40.000023,
			"bytes":	47073591296,
			"bits_per_second":	9414712845.7401142,
			"retransmits":	0,
			"sender":	true
		},
		"sum_received":	{
			"start":	0,
			"end":	40.000346,
			"seconds":	40.000346,
			"bytes":	47071122088,
			"bits_per_second":	9414142985.26318,
			"sender":	true
		},
		"cpu_utilization_percent":	{
			"host_total":	23.338048758805989,
			"host_user":	2.4460023869779062,
			"host_system":	20.892038872211685,
			"remote_total":	48.026186786489063,
			"remote_user":	0.664932077170464,
			"remote_system":	47.361257206256532
		},
		"sender_tcp_congestion":	"cubic",
		"receiver_tcp_congestion":	"reno"
	}
}
