{
	"start":	{
		"connected":	[{
				"socket":	5,
				"local_host":	"10.0.1.1",
				"local_port":	45496,
				"remote_host":	"10.0.0.1",
				"remote_port":	5201
			}],
		"version":	"iperf 3.9+",
		"system_info":	"Linux han-3 5.10.0 #9 SMP PREEMPT Tue Feb 23 15:01:43 PST 2021 x86_64",
		"timestamp":	{
			"time":	"Sat, 02 Mar 2024 10:00:30 GMT",
			"timesecs":	1709373630
		},
		"connecting_to":	{
			"host":	"10.0.0.1",
			"port":	5201
		},
		"cookie":	"jg7h26zpblofwc3t6di3afgo2hywszijyixc",
		"tcp_mss_default":	1448,
		"target_bitrate":	10000000000,
		"sock_bufsize":	0,
		"sndbuf_actual":	16384,
		"rcvbuf_actual":	131072,
		"test_start":	{
			"protocol":	"TCP",
			"num_streams":	1,
			"blksize":	131072,
			"omit":	0,
			"duration":	10,
			"bytes":	0,
			"blocks":	0,
			"reverse":	0,
			"tos":	0
		}
	},
	"intervals":	[{
			"streams":	[{
					"socket":	5,
					"start":	0,
					"end":	10.000213,
					"seconds":	10.000212669372559,
					"bytes":	11769348096,
					"bits_per_second":	9415278242.66837,
					"retransmits":	0,
					"snd_cwnd":	1572528,
					"rtt":	1111,
					"rttvar":	41,
					"pmtu":	9000,
					"omitted":	false,
					"sender":	true
				}],
			"sum":	{
				"start":	0,
				"end":	10.000213,
				"seconds":	10.000212669372559,
				"bytes":	11769348096,
				"bits_per_second":	9415278242.66837,
				"retransmits":	0,
				"omitted":	false,
				"sender":	true
			}
		}],
	"end":	{
		"streams":	[{
				"sender":	{
					"socket":	5,
					"start":	0,
					"end":	10.000213,
					"seconds":	10.000213,
					"bytes":	11769348096,
					"bits_per_second":	9415277931.38006,
					"retransmits":	0,
					"max_snd_cwnd":	1572528,
					"max_rtt":	1111,
					"min_rtt":	1111,
					"mean_rtt":	1111,
					"sender":	true
				},
				"receiver":	{
					"socket":	5,
					"start":	0,
					"end":	10.000654,
					"seconds":	10.000213,
					"bytes":	11767280600,
					"bits_per_second":	9413208856.14081,
					"sender":	true
				}
			}],
		"sum_sent":	{
			"start":	0,
			"end":	10.000213,
			"seconds":	10.000213,
			"bytes":	11769348096,
			"bits_per_second":	9415277931.38006,
			"retransmits":	0,
			"sender":	true
		},
		"sum_received":	{
			"start":	0,
			"end":	10.000654,
			"seconds":	10.000654,
			"bytes":	11767280600,
			"bits_per_second":	9413208856.14081,
			"sender":	true
		},
		"cpu_utilization_percent":	{
			"host_total":	21.172706009003328,
			"host_user":	1.9282233164349318,
			"host_system":	19.2444826925684,
			"remote_total":	48.263314772407185,
			"remote_user":	0.89295944657779269,
			"remote_system":	47.37034537963433
		},
		"sender_tcp_congestion":	"cubic",
		"receiver_tcp_congestion":	"reno"
	}
}
