{
	"start":	{
		"connected":	[{
				"socket":	5,
				"local_host":	"10.0.1.1",
				"local_port":	51730,
				"remote_host":	"10.0.0.1",
				"remote_port":	5201
			}],
		"version":	"iperf 3.9+",
		"system_info":	"Linux han-3 5.10.0 #9 SMP PREEMPT Tue Feb 23 15:01:43 PST 2021 x86_64",
		"timestamp":	{
			"time":	"Sun, 03 Mar 2024 07:28:59 GMT",
			"timesecs":	1709450939
		},
		"connecting_to":	{
			"host":	"10.0.0.1",
			"port":	5201
		},
		"cookie":	"3s72qzu6phnldromf57oyh3s6gl6byyacahf",
		"tcp_mss_default":	1448,
		"target_bitrate":	4000000000,
		"sock_bufsize":	0,
		"sndbuf_actual":	16384,
		"rcvbuf_actual":	131072,
		"test_start":	{
			"protocol":	"TCP",
			"num_streams":	1,
			"blksize":	131072,
			"omit":	0,
			"duration":	20,
			"bytes":	0,
			"blocks":	0,
			"reverse":	0,
			"tos":	0
		}
	},
	"intervals":	[{
			"streams":	[{
					"socket":	5,
					"start":	0,
					"end":	20.000084,
					"seconds":	20.000083923339844,
					"bytes":	9999613952,
					"bits_per_second":	3999828796.8504281,
					"retransmits":	0,
					"snd_cwnd":	667528,
					"rtt":	325,
					"rttvar":	103,
					"pmtu":	9000,
					"omitted":	false,
					"sender":	true
				}],
			"sum":	{
				"start":	0,
				"end":	20.000084,
				"seconds":	20.000083923339844,
				"bytes":	9999613952,
				"bits_per_second":	3999828796.8504281,
				"retransmits":	0,
				"omitted":	false,
				"sender":	true
			}
		}],
	"end":	{
		"streams":	[{
				"sender":	{
					"socket":	5,
					"start":	0,
					"end":	20.000084,
					"seconds":	20.000084,
					"bytes":	9999613952,
					"bits_per_second":	3999828781.5191174,
					"retransmits":	0,
					"max_snd_cwnd":	667528,
					"max_rtt":	325,
					"min_rtt":	325,
					"mean_rtt":	325,
					"sender":	true
				},
				"receiver":	{
					"socket":	5,
					"start":	0,
					"end":	20.000173,
					"seconds":	20.000084,
					"bytes":	9999613952,
					"bits_per_second":	3999810982.4350019,
					"sender":	true
				}
			}],
		"sum_sent":	{
			"start":	0,
			"end":	20.000084,
			"seconds":	20.000084,
			"bytes":	9999613952,
			"bits_per_second":	3999828781.5191174,
			"retransmits":	0,
			"sender":	true
		},
		"sum_received":	{
			"start":	0,
			"end":	20.000173,
			"seconds":	20.000173,
			"bytes":	9999613952,
			"bits_per_second":	3999810982.4350019,
			"sender":	true
		},
		"cpu_utilization_percent":	{
			"host_total":	14.893945812891124,
			"host_user":	0.31707818722246345,
			"host_system":	14.576862626249094,
			"remote_total":	32.9322227702011,
			"remote_user":	1.2824151805994868,
			"remote_system":	31.649797616275272
		},
		"sender_tcp_congestion":	"cubic",
		"receiver_tcp_congestion":	"reno"
	}
}
