{
	"start":	{
		"connected":	[{
				"socket":	5,
				"local_host":	"10.0.1.1",
				"local_port":	41806,
				"remote_host":	"10.0.0.1",
				"remote_port":	5201
			}],
		"version":	"iperf 3.9+",
		"system_info":	"Linux han-3 5.10.0 #9 SMP PREEMPT Tue Feb 23 15:01:43 PST 2021 x86_64",
		"timestamp":	{
			"time":	"Fri, 01 Mar 2024 20:48:32 GMT",
			"timesecs":	1709326112
		},
		"connecting_to":	{
			"host":	"10.0.0.1",
			"port":	5201
		},
		"cookie":	"kch4gys3iiysrxlwgjdhqwyt6sxgejkqwm6k",
		"tcp_mss_default":	1448,
		"target_bitrate":	1000000000,
		"sock_bufsize":	0,
		"sndbuf_actual":	16384,
		"rcvbuf_actual":	131072,
		"test_start":	{
			"protocol":	"TCP",
			"num_streams":	1,
			"blksize":	131072,
			"omit":	0,
			"duration":	60,
			"bytes":	0,
			"blocks":	0,
			"reverse":	0,
			"tos":	0
		}
	},
	"intervals":	[{
			"streams":	[{
					"socket":	5,
					"start":	0,
					"end":	60.00007,
					"seconds":	60.000068664550781,
					"bytes":	7499939840,
					"bits_per_second":	999990834.26797628,
					"retransmits":	0,
					"snd_cwnd":	141904,
					"rtt":	230,
					"rttvar":	41,
					"pmtu":	9000,
					"omitted":	false,
					"sender":	true
				}],
			"sum":	{
				"start":	0,
				"end":	60.00007,
				"seconds":	60.000068664550781,
				"bytes":	7499939840,
				"bits_per_second":	999990834.26797628,
				"retransmits":	0,
				"omitted":	false,
				"sender":	true
			}
		}],
	"end":	{
		"streams":	[{
				"sender":	{
					"socket":	5,
					"start":	0,
					"end":	60.00007,
					"seconds":	60.00007,
					"bytes":	7499939840,
					"bits_per_second":	999990812.0107193,
					"retransmits":	0,
					"max_snd_cwnd":	141904,
					"max_rtt":	230,
					"min_rtt":	230,
					"mean_rtt":	230,
					"sender":	true
				},
				"receiver":	{
					"socket":	5,
					"start":	0,
					"end":	60.000402,
					"seconds":	60.00007,
					"bytes":	7499939840,
					"bits_per_second":	999985278.765299,
					"sender":	true
				}
			}],
		"sum_sent":	{
			"start":	0,
			"end":	60.00007,
			"seconds":	60.00007,
			"bytes":	7499939840,
			"bits_per_second":	999990812.0107193,
			"retransmits":	0,
			"sender":	true
		},
		"sum_received":	{
			"start":	0,
			"end":	60.000402,
			"seconds":	60.000402,
			"bytes":	7499939840,
			"bits_per_second":	999985278.765299,
			"sender":	true
		},
		"cpu_utilization_percent":	{
			"host_total":	8.3872490371537047,
			"host_user":	2.0958977111347115,
			"host_system":	6.2913513260189928,
			"remote_total":	13.582725368529559,
			"remote_user":	0.78440006344762447,
			"remote_system":	12.798325305081933
		},
		"sender_tcp_congestion":	"cubic",
		"receiver_tcp_congestion":	"reno"
	}
}
