{
	"start":	{
		"connected":	[{
				"socket":	5,
				"local_host":	"10.0.1.1",
				"local_port":	49170,
				"remote_host":	"10.0.0.1",
				"remote_port":	5201
			}],
		"version":	"iperf 3.9+",
		"system_info":	"Linux han-3 5.10.0 #9 SMP PREEMPT Tue Feb 23 15:01:43 PST 2021 x86_64",
		"timestamp":	{
			"time":	"Sat, 02 Mar 2024 22:34:43 GMT",
			"timesecs":	1709418883
		},
		"connecting_to":	{
			"host":	"10.0.0.1",
			"port":	5201
		},
		"cookie":	"qo4nji2mvdwon2vve6hr5iud7o637bznruac",
		"tcp_mss_default":	1448,
		"target_bitrate":	8000000000,
		"sock_bufsize":	0,
		"sndbuf_actual":	16384,
		"rcvbuf_actual":	131072,
		"test_start":	{
			"protocol":	"TCP",
			"num_streams":	1,
			"blksize":	131072,
			"omit":	0,
			"duration":	50,
			"bytes":	0,
			"blocks":	0,
			"reverse":	0,
			"tos":	0
		}
	},
	"intervals":	[{
			"streams":	[{
					"socket":	5,
					"start":	0,
					"end":	50.000582,
					"seconds":	50.000583648681641,
					"bytes":	49992433664,
					"bits_per_second":	7998696017.67229,
					"retransmits":	0,
					"snd_cwnd":	2920616,
					"rtt":	259,
					"rttvar":	77,
					"pmtu":	9000,
					"omitted":	false,
					"sender":	true
				}],
			"sum":	{
				"start":	0,
				"end":	50.000582,
				"seconds":	50.000583648681641,
				"bytes":	49992433664,
				"bits_per_second":	7998696017.67229,
				"retransmits":	0,
				"omitted":	false,
				"sender":	true
			}
		}],
	"end":	{
		"streams":	[{
				"sender":	{
					"socket":	5,
					"start":	0,
					"end":	50.000582,
					"seconds":	50.000582,
					"bytes":	49992433664,
					"bits_per_second":	7998696281.4152842,
					"retransmits":	0,
					"max_snd_cwnd":	2920616,
					"max_rtt":	259,
					"min_rtt":	259,
					"mean_rtt":	259,
					"sender":	true
				},
				"receiver":	{
					"socket":	5,
					"start":	0,
					"end":	50.000456,
					"seconds":	50.000582,
					"bytes":	49992433664,
					"bits_per_second":	7998716437.9460859,
					"sender":	true
				}
			}],
		"sum_sent":	{
			"start":	0,
			"end":	50.000582,
			"seconds":	50.000582,
			"bytes":	49992433664,
			"bits_per_second":	7998696281.4152842,
			"retransmits":	0,
			"sender":	true
		},
		"sum_received":	{
			"start":	0,
			"end":	50.000456,
			"seconds":	50.000456,
			"bytes":	49992433664,
			"bits_per_second":	7998716437.9460859,
			"sender":	true
		},
		"cpu_utilization_percent":	{
			"host_total":	62.73590916654134,
			"host_user":	1.5662347968270527,
			"host_system":	61.169672369823083,
			"remote_total":	45.368092892264968,
			"remote_user":	5.00746379658686,
			"remote_system":	40.3606290956781
		},
		"sender_tcp_congestion":	"cubic",
		"receiver_tcp_congestion":	"reno"
	}
}
