{
	"start":	{
		"connected":	[{
				"socket":	5,
				"local_host":	"10.0.1.1",
				"local_port":	47804,
				"remote_host":	"10.0.0.1",
				"remote_port":	5201
			}],
		"version":	"iperf 3.9+",
		"system_info":	"Linux han-3 5.10.0 #9 SMP PREEMPT Tue Feb 23 15:01:43 PST 2021 x86_64",
		"timestamp":	{
			"time":	"Sat, 02 Mar 2024 17:49:59 GMT",
			"timesecs":	1709401799
		},
		"connecting_to":	{
			"host":	"10.0.0.1",
			"port":	5201
		},
		"cookie":	"6udnaeqwpkikbhi3c3i2os5w7zk7gqclzro3",
		"tcp_mss_default":	1448,
		"target_bitrate":	5000000000,
		"sock_bufsize":	0,
		"sndbuf_actual":	16384,
		"rcvbuf_actual":	131072,
		"test_start":	{
			"protocol":	"TCP",
			"num_streams":	1,
			"blksize":	131072,
			"omit":	0,
			"duration":	40,
			"bytes":	0,
			"blocks":	0,
			"reverse":	0,
			"tos":	0
		}
	},
	"intervals":	[{
			"streams":	[{
					"socket":	5,
					"start":	0,
					"end":	40.000257,
					"seconds":	40.0002555847168,
					"bytes":	24999624704,
					"bits_per_second":	4999892993.3941317,
					"retransmits":	0,
					"snd_cwnd":	2019960,
					"rtt":	319,
					"rttvar":	60,
					"pmtu":	9000,
					"omitted":	false,
					"sender":	true
				}],
			"sum":	{
				"start":	0,
				"end":	40.000257,
				"seconds":	40.0002555847168,
				"bytes":	24999624704,
				"bits_per_second":	4999892993.3941317,
				"retransmits":	0,
				"omitted":	false,
				"sender":	true
			}
		}],
	"end":	{
		"streams":	[{
				"sender":	{
					"socket":	5,
					"start":	0,
					"end":	40.000257,
					"seconds":	40.000257,
					"bytes":	24999624704,
					"bits_per_second":	4999892816.4886541,
					"retransmits":	0,
					"max_snd_cwnd":	2019960,
					"max_rtt":	319,
					"min_rtt":	319,
					"mean_rtt":	319,
					"sender":	true
				},
				"receiver":	{
					"socket":	5,
					"start":	0,
					"end":	40.000745,
					"seconds":	40.000257,
					"bytes":	24999624704,
					"bits_per_second":	4999831818.9323721,
					"sender":	true
				}
			}],
		"sum_sent":	{
			"start":	0,
			"end":	40.000257,
			"seconds":	40.000257,
			"bytes":	24999624704,
			"bits_per_second":	4999892816.4886541,
			"retransmits":	0,
			"sender":	true
		},
		"sum_received":	{
			"start":	0,
			"end":	40.000745,
			"seconds":	40.000745,
			"bytes":	24999624704,
			"bits_per_second":	4999831818.9323721,
			"sender":	true
		},
		"cpu_utilization_percent":	{
			"host_total":	40.318111769117522,
			"host_user":	1.8085628238908482,
			"host_system":	38.5095664441413,
			"remote_total":	36.3988577233787,
			"remote_user":	3.6496188779972085,
			"remote_system":	32.749238845381484
		},
		"sender_tcp_congestion":	"cubic",
		"receiver_tcp_congestion":	"reno"
	}
}
