{
	"start":	{
		"connected":	[{
				"socket":	5,
				"local_host":	"10.0.1.1",
				"local_port":	51884,
				"remote_host":	"10.0.0.1",
				"remote_port":	5201
			}],
		"version":	"iperf 3.9+",
		"system_info":	"Linux han-3 5.10.0 #9 SMP PREEMPT Tue Feb 23 15:01:43 PST 2021 x86_64",
		"timestamp":	{
			"time":	"Sun, 03 Mar 2024 07:52:21 GMT",
			"timesecs":	1709452341
		},
		"connecting_to":	{
			"host":	"10.0.0.1",
			"port":	5201
		},
		"cookie":	"yhntudeyt5smbir2n4mfmlbnswo4k3j7ppuk",
		"tcp_mss_default":	1448,
		"target_bitrate":	4000000000,
		"sock_bufsize":	0,
		"sndbuf_actual":	16384,
		"rcvbuf_actual":	131072,
		"test_start":	{
			"protocol":	"TCP",
			"num_streams":	1,
			"blksize":	131072,
			"omit":	0,
			"duration":	60,
			"bytes":	0,
			"blocks":	0,
			"reverse":	0,
			"tos":	0
		}
	},
	"intervals":	[{
			"streams":	[{
					"socket":	5,
					"start":	0,
					"end":	60.000103,
					"seconds":	60.000102996826172,
					"bytes":	29999628288,
					"bits_per_second":	3999943572.0417867,
					"retransmits":	0,
					"snd_cwnd":	676216,
					"rtt":	349,
					"rttvar":	106,
					"pmtu":	9000,
					"omitted":	false,
					"sender":	true
				}],
			"sum":	{
				"start":	0,
				"end":	60.000103,
				"seconds":	60.000102996826172,
				"bytes":	29999628288,
				"bits_per_second":	3999943572.0417867,
				"retransmits":	0,
				"omitted":	false,
				"sender":	true
			}
		}],
	"end":	{
		"streams":	[{
				"sender":	{
					"socket":	5,
					"start":	0,
					"end":	60.000103,
					"seconds":	60.000103,
					"bytes":	29999628288,
					"bits_per_second":	3999943571.8302016,
					"retransmits":	0,
					"max_snd_cwnd":	676216,
					"max_rtt":	349,
					"min_rtt":	349,
					"mean_rtt":	349,
					"sender":	true
				},
				"receiver":	{
					"socket":	5,
					"start":	0,
					"end":	60.000435,
					"seconds":	60.000103,
					"bytes":	29999628288,
					"bits_per_second":	3999921438.9695673,
					"sender":	true
				}
			}],
		"sum_sent":	{
			"start":	0,
			"end":	60.000103,
			"seconds":	60.000103,
			"bytes":	29999628288,
			"bits_per_second":	3999943571.8302016,
			"retransmits":	0,
			"sender":	true
		},
		"sum_received":	{
			"start":	0,
			"end":	60.000435,
			"seconds":	60.000435,
			"bytes":	29999628288,
			"bits_per_second":	3999921438.9695673,
			"sender":	true
		},
		"cpu_utilization_percent":	{
			"host_total":	16.8790003601522,
			"host_user":	6.7512638242363936,
			"host_system":	10.127739869115256,
			"remote_total":	32.725560801427761,
			"remote_user":	4.0950981468069667,
			"remote_system":	28.630462654620793
		},
		"sender_tcp_congestion":	"cubic",
		"receiver_tcp_congestion":	"reno"
	}
}
