{
	"start":	{
		"connected":	[{
				"socket":	5,
				"local_host":	"10.0.1.1",
				"local_port":	46134,
				"remote_host":	"10.0.0.1",
				"remote_port":	5201
			}],
		"version":	"iperf 3.9+",
		"system_info":	"Linux han-3 5.10.0 #9 SMP PREEMPT Tue Feb 23 15:01:43 PST 2021 x86_64",
		"timestamp":	{
			"time":	"Sat, 02 Mar 2024 11:56:20 GMT",
			"timesecs":	1709380580
		},
		"connecting_to":	{
			"host":	"10.0.0.1",
			"port":	5201
		},
		"cookie":	"kce5uxwvvfdqjce567ahmwpxp6sgzeyrnl4x",
		"tcp_mss_default":	1448,
		"target_bitrate":	1000000000,
		"sock_bufsize":	0,
		"sndbuf_actual":	16384,
		"rcvbuf_actual":	131072,
		"test_start":	{
			"protocol":	"TCP",
			"num_streams":	1,
			"blksize":	131072,
			"omit":	0,
			"duration":	50,
			"bytes":	0,
			"blocks":	0,
			"reverse":	0,
			"tos":	0
		}
	},
	"intervals":	[{
			"streams":	[{
					"socket":	5,
					"start":	0,
					"end":	50.000074,
					"seconds":	50.000072479248047,
					"bytes":	6249906176,
					"bits_per_second":	999983538.59890127,
					"retransmits":	0,
					"snd_cwnd":	133216,
					"rtt":	263,
					"rttvar":	29,
					"pmtu":	9000,
					"omitted":	false,
					"sender":	true
				}],
			"sum":	{
				"start":	0,
				"end":	50.000074,
				"seconds":	50.000072479248047,
				"bytes":	6249906176,
				"bits_per_second":	999983538.59890127,
				"retransmits":	0,
				"omitted":	false,
				"sender":	true
			}
		}],
	"end":	{
		"streams":	[{
				"sender":	{
					"socket":	5,
					"start":	0,
					"end":	50.000074,
					"seconds":	50.000074,
					"bytes":	6249906176,
					"bits_per_second":	999983508.184408,
					"retransmits":	0,
					"max_snd_cwnd":	133216,
					"max_rtt":	263,
					"min_rtt":	263,
					"mean_rtt":	263,
					"sender":	true
				},
				"receiver":	{
					"socket":	5,
					"start":	0,
					"end":	50.000188,
					"seconds":	50.000074,
					"bytes":	6249906176,
					"bits_per_second":	999981228.230582,
					"sender":	true
				}
			}],
		"sum_sent":	{
			"start":	0,
			"end":	50.000074,
			"seconds":	50.000074,
			"bytes":	6249906176,
			"bits_per_second":	999983508.184408,
			"retransmits":	0,
			"sender":	true
		},
		"sum_received":	{
			"start":	0,
			"end":	50.000188,
			"seconds":	50.000188,
			"bytes":	6249906176,
			"bits_per_second":	999981228.230582,
			"sender":	true
		},
		"cpu_utilization_percent":	{
			"host_total":	9.40744877722221,
			"host_user":	2.3528661448710264,
			"host_system":	7.0545806324496585,
			"remote_total":	13.904658177201416,
			"remote_user":	0,
			"remote_system":	13.904658177201416
		},
		"sender_tcp_congestion":	"cubic",
		"receiver_tcp_congestion":	"reno"
	}
}
