{
	"start":	{
		"connected":	[{
				"socket":	5,
				"local_host":	"10.0.1.1",
				"local_port":	42208,
				"remote_host":	"10.0.0.1",
				"remote_port":	5201
			}],
		"version":	"iperf 3.9+",
		"system_info":	"Linux han-3 5.10.0 #9 SMP PREEMPT Tue Feb 23 15:01:43 PST 2021 x86_64",
		"timestamp":	{
			"time":	"Fri, 01 Mar 2024 22:12:17 GMT",
			"timesecs":	1709331137
		},
		"connecting_to":	{
			"host":	"10.0.0.1",
			"port":	5201
		},
		"cookie":	"h5bjz5zb2gzjpoztjxzz5ycp5m2rm7ei26aj",
		"tcp_mss_default":	1448,
		"target_bitrate":	2000000000,
		"sock_bufsize":	0,
		"sndbuf_actual":	16384,
		"rcvbuf_actual":	131072,
		"test_start":	{
			"protocol":	"TCP",
			"num_streams":	1,
			"blksize":	131072,
			"omit":	0,
			"duration":	60,
			"bytes":	0,
			"blocks":	0,
			"reverse":	0,
			"tos":	0
		}
	},
	"intervals":	[{
			"streams":	[{
					"socket":	5,
					"start":	0,
					"end":	60.000088,
					"seconds":	60.0000877380371,
					"bytes":	14999879680,
					"bits_per_second":	1999981032.7598321,
					"retransmits":	0,
					"snd_cwnd":	406888,
					"rtt":	280,
					"rttvar":	38,
					"pmtu":	9000,
					"omitted":	false,
					"sender":	true
				}],
			"sum":	{
				"start":	0,
				"end":	60.000088,
				"seconds":	60.0000877380371,
				"bytes":	14999879680,
				"bits_per_second":	1999981032.7598321,
				"retransmits":	0,
				"omitted":	false,
				"sender":	true
			}
		}],
	"end":	{
		"streams":	[{
				"sender":	{
					"socket":	5,
					"start":	0,
					"end":	60.000088,
					"seconds":	60.000088,
					"bytes":	14999879680,
					"bits_per_second":	1999981024.0278316,
					"retransmits":	0,
					"max_snd_cwnd":	406888,
					"max_rtt":	280,
					"min_rtt":	280,
					"mean_rtt":	280,
					"sender":	true
				},
				"receiver":	{
					"socket":	5,
					"start":	0,
					"end":	60.000456,
					"seconds":	60.000088,
					"bytes":	14999879680,
					"bits_per_second":	1999968757.5707757,
					"sender":	true
				}
			}],
		"sum_sent":	{
			"start":	0,
			"end":	60.000088,
			"seconds":	60.000088,
			"bytes":	14999879680,
			"bits_per_second":	1999981024.0278316,
			"retransmits":	0,
			"sender":	true
		},
		"sum_received":	{
			"start":	0,
			"end":	60.000456,
			"seconds":	60.000456,
			"bytes":	14999879680,
			"bits_per_second":	1999968757.5707757,
			"sender":	true
		},
		"cpu_utilization_percent":	{
			"host_total":	14.973096040803762,
			"host_user":	0.70593550366153868,
			"host_system":	14.267163870336287,
			"remote_total":	21.328910282153821,
			"remote_user":	0,
			"remote_system":	21.328910282153821
		},
		"sender_tcp_congestion":	"cubic",
		"receiver_tcp_congestion":	"reno"
	}
}
