{
	"start":	{
		"connected":	[{
				"socket":	5,
				"local_host":	"10.0.1.1",
				"local_port":	44738,
				"remote_host":	"10.0.0.1",
				"remote_port":	5201
			}],
		"version":	"iperf 3.9+",
		"system_info":	"Linux han-3 5.10.0 #9 SMP PREEMPT Tue Feb 23 15:01:43 PST 2021 x86_64",
		"timestamp":	{
			"time":	"Sat, 02 Mar 2024 07:06:50 GMT",
			"timesecs":	1709363210
		},
		"connecting_to":	{
			"host":	"10.0.0.1",
			"port":	5201
		},
		"cookie":	"bcftjbmnva5jegnenq23a5mg45vi2lcd62hn",
		"tcp_mss_default":	1448,
		"target_bitrate":	8000000000,
		"sock_bufsize":	0,
		"sndbuf_actual":	16384,
		"rcvbuf_actual":	131072,
		"test_start":	{
			"protocol":	"TCP",
			"num_streams":	1,
			"blksize":	131072,
			"omit":	0,
			"duration":	40,
			"bytes":	0,
			"blocks":	0,
			"reverse":	0,
			"tos":	0
		}
	},
	"intervals":	[{
			"streams":	[{
					"socket":	5,
					"start":	0,
					"end":	40.000215,
					"seconds":	40.000213623046875,
					"bytes":	39999373312,
					"bits_per_second":	7999831938.68817,
					"retransmits":	0,
					"snd_cwnd":	2024304,
					"rtt":	627,
					"rttvar":	213,
					"pmtu":	9000,
					"omitted":	false,
					"sender":	true
				}],
			"sum":	{
				"start":	0,
				"end":	40.000215,
				"seconds":	40.000213623046875,
				"bytes":	39999373312,
				"bits_per_second":	7999831938.68817,
				"retransmits":	0,
				"omitted":	false,
				"sender":	true
			}
		}],
	"end":	{
		"streams":	[{
				"sender":	{
					"socket":	5,
					"start":	0,
					"end":	40.000215,
					"seconds":	40.000215,
					"bytes":	39999373312,
					"bits_per_second":	7999831663.30481,
					"retransmits":	0,
					"max_snd_cwnd":	2024304,
					"max_rtt":	627,
					"min_rtt":	627,
					"mean_rtt":	627,
					"sender":	true
				},
				"receiver":	{
					"socket":	5,
					"start":	0,
					"end":	40.000546,
					"seconds":	40.000215,
					"bytes":	39999373312,
					"bits_per_second":	7999765465.6013947,
					"sender":	true
				}
			}],
		"sum_sent":	{
			"start":	0,
			"end":	40.000215,
			"seconds":	40.000215,
			"bytes":	39999373312,
			"bits_per_second":	7999831663.30481,
			"retransmits":	0,
			"sender":	true
		},
		"sum_received":	{
			"start":	0,
			"end":	40.000546,
			"seconds":	40.000546,
			"bytes":	39999373312,
			"bits_per_second":	7999765465.6013947,
			"sender":	true
		},
		"cpu_utilization_percent":	{
			"host_total":	37.857599954522748,
			"host_user":	0.794254507171404,
			"host_system":	37.0633479472003,
			"remote_total":	43.175458583808648,
			"remote_user":	1.780850403078597,
			"remote_system":	41.394613173945885
		},
		"sender_tcp_congestion":	"cubic",
		"receiver_tcp_congestion":	"reno"
	}
}
