{
	"start":	{
		"connected":	[{
				"socket":	5,
				"local_host":	"10.0.1.1",
				"local_port":	37258,
				"remote_host":	"10.0.0.1",
				"remote_port":	5201
			}],
		"version":	"iperf 3.9+",
		"system_info":	"Linux han-3 5.10.0 #9 SMP PREEMPT Tue Feb 23 15:01:43 PST 2021 x86_64",
		"timestamp":	{
			"time":	"Fri, 01 Mar 2024 05:01:19 GMT",
			"timesecs":	1709269279
		},
		"connecting_to":	{
			"host":	"10.0.0.1",
			"port":	5201
		},
		"cookie":	"l7s5hrfbxsm5fexw62vf7e66z742r4fp7dht",
		"tcp_mss_default":	1448,
		"target_bitrate":	1000000000,
		"sock_bufsize":	0,
		"sndbuf_actual":	16384,
		"rcvbuf_actual":	131072,
		"test_start":	{
			"protocol":	"TCP",
			"num_streams":	1,
			"blksize":	131072,
			"omit":	0,
			"duration":	20,
			"bytes":	0,
			"blocks":	0,
			"reverse":	0,
			"tos":	0
		}
	},
	"intervals":	[{
			"streams":	[{
					"socket":	5,
					"start":	0,
					"end":	20.000136,
					"seconds":	20.00013542175293,
					"bytes":	2499936256,
					"bits_per_second":	999967731.530846,
					"retransmits":	0,
					"snd_cwnd":	266432,
					"rtt":	214,
					"rttvar":	17,
					"pmtu":	9000,
					"omitted":	false,
					"sender":	true
				}],
			"sum":	{
				"start":	0,
				"end":	20.000136,
				"seconds":	20.00013542175293,
				"bytes":	2499936256,
				"bits_per_second":	999967731.530846,
				"retransmits":	0,
				"omitted":	false,
				"sender":	true
			}
		}],
	"end":	{
		"streams":	[{
				"sender":	{
					"socket":	5,
					"start":	0,
					"end":	20.000136,
					"seconds":	20.000136,
					"bytes":	2499936256,
					"bits_per_second":	999967702.619622,
					"retransmits":	0,
					"max_snd_cwnd":	266432,
					"max_rtt":	214,
					"min_rtt":	214,
					"mean_rtt":	214,
					"sender":	true
				},
				"receiver":	{
					"socket":	5,
					"start":	0,
					"end":	20.000263,
					"seconds":	20.000136,
					"bytes":	2499936256,
					"bits_per_second":	999961352.9082092,
					"sender":	true
				}
			}],
		"sum_sent":	{
			"start":	0,
			"end":	20.000136,
			"seconds":	20.000136,
			"bytes":	2499936256,
			"bits_per_second":	999967702.619622,
			"retransmits":	0,
			"sender":	true
		},
		"sum_received":	{
			"start":	0,
			"end":	20.000263,
			"seconds":	20.000263,
			"bytes":	2499936256,
			"bits_per_second":	999961352.9082092,
			"sender":	true
		},
		"cpu_utilization_percent":	{
			"host_total":	5.65428517720838,
			"host_user":	3.7675103637356244,
			"host_system":	1.8867248195720123,
			"remote_total":	13.157146146932378,
			"remote_user":	0,
			"remote_system":	13.157146146932378
		},
		"sender_tcp_congestion":	"cubic",
		"receiver_tcp_congestion":	"reno"
	}
}
