{
	"start":	{
		"connected":	[{
				"socket":	5,
				"local_host":	"10.0.1.1",
				"local_port":	47666,
				"remote_host":	"10.0.0.1",
				"remote_port":	5201
			}],
		"version":	"iperf 3.9+",
		"system_info":	"Linux han-3 5.10.0 #9 SMP PREEMPT Tue Feb 23 15:01:43 PST 2021 x86_64",
		"timestamp":	{
			"time":	"Sat, 02 Mar 2024 17:35:56 GMT",
			"timesecs":	1709400956
		},
		"connecting_to":	{
			"host":	"10.0.0.1",
			"port":	5201
		},
		"cookie":	"jby7kte6vqwr352pprgurlizguytg22hxtt3",
		"tcp_mss_default":	1448,
		"target_bitrate":	4000000000,
		"sock_bufsize":	0,
		"sndbuf_actual":	16384,
		"rcvbuf_actual":	131072,
		"test_start":	{
			"protocol":	"TCP",
			"num_streams":	1,
			"blksize":	131072,
			"omit":	0,
			"duration":	100,
			"bytes":	0,
			"blocks":	0,
			"reverse":	0,
			"tos":	0
		}
	},
	"intervals":	[{
			"streams":	[{
					"socket":	5,
					"start":	0,
					"end":	60.000065,
					"seconds":	60.000064849853516,
					"bytes":	29999628288,
					"bits_per_second":	3999946115.1346726,
					"retransmits":	0,
					"snd_cwnd":	1433520,
					"rtt":	314,
					"rttvar":	71,
					"pmtu":	9000,
					"omitted":	false,
					"sender":	true
				}],
			"sum":	{
				"start":	0,
				"end":	60.000065,
				"seconds":	60.000064849853516,
				"bytes":	29999628288,
				"bits_per_second":	3999946115.1346726,
				"retransmits":	0,
				"omitted":	false,
				"sender":	true
			}
		}, {
			"streams":	[{
					"socket":	5,
					"start":	60.000065,
					"end":	100.000152,
					"seconds":	40.0000877380371,
					"bytes":	20000014336,
					"bits_per_second":	3999994093.409245,
					"retransmits":	0,
					"snd_cwnd":	2450016,
					"rtt":	387,
					"rttvar":	133,
					"pmtu":	9000,
					"omitted":	false,
					"sender":	true
				}],
			"sum":	{
				"start":	60.000065,
				"end":	100.000152,
				"seconds":	40.0000877380371,
				"bytes":	20000014336,
				"bits_per_second":	3999994093.409245,
				"retransmits":	0,
				"omitted":	false,
				"sender":	true
			}
		}],
	"end":	{
		"streams":	[{
				"sender":	{
					"socket":	5,
					"start":	0,
					"end":	100.000152,
					"seconds":	100.000152,
					"bytes":	49999642624,
					"bits_per_second":	3999965329.9726982,
					"retransmits":	0,
					"max_snd_cwnd":	2450016,
					"max_rtt":	387,
					"min_rtt":	314,
					"mean_rtt":	350,
					"sender":	true
				},
				"receiver":	{
					"socket":	5,
					"start":	0,
					"end":	100.000729,
					"seconds":	100.000152,
					"bytes":	49999642624,
					"bits_per_second":	3999942250.3409948,
					"sender":	true
				}
			}],
		"sum_sent":	{
			"start":	0,
			"end":	100.000152,
			"seconds":	100.000152,
			"bytes":	49999642624,
			"bits_per_second":	3999965329.9726982,
			"retransmits":	0,
			"sender":	true
		},
		"sum_received":	{
			"start":	0,
			"end":	100.000729,
			"seconds":	100.000729,
			"bytes":	49999642624,
			"bits_per_second":	3999942250.3409948,
			"sender":	true
		},
		"cpu_utilization_percent":	{
			"host_total":	38.215639985919566,
			"host_user":	0.69881067718404422,
			"host_system":	37.516832308656866,
			"remote_total":	32.682182058224015,
			"remote_user":	2.5442466855424946,
			"remote_system":	30.1379363719489
		},
		"sender_tcp_congestion":	"cubic",
		"receiver_tcp_congestion":	"reno"
	}
}
