{
	"start":	{
		"connected":	[{
				"socket":	5,
				"local_host":	"10.0.1.1",
				"local_port":	43216,
				"remote_host":	"10.0.0.1",
				"remote_port":	5201
			}],
		"version":	"iperf 3.9+",
		"system_info":	"Linux han-3 5.10.0 #9 SMP PREEMPT Tue Feb 23 15:01:43 PST 2021 x86_64",
		"timestamp":	{
			"time":	"Sat, 02 Mar 2024 01:51:20 GMT",
			"timesecs":	1709344280
		},
		"connecting_to":	{
			"host":	"10.0.0.1",
			"port":	5201
		},
		"cookie":	"ixxqsxe7724qv7remytrfjwhkl2dpwcmlmen",
		"tcp_mss_default":	1448,
		"target_bitrate":	4000000000,
		"sock_bufsize":	0,
		"sndbuf_actual":	16384,
		"rcvbuf_actual":	131072,
		"test_start":	{
			"protocol":	"TCP",
			"num_streams":	1,
			"blksize":	131072,
			"omit":	0,
			"duration":	90,
			"bytes":	0,
			"blocks":	0,
			"reverse":	0,
			"tos":	0
		}
	},
	"intervals":	[{
			"streams":	[{
					"socket":	5,
					"start":	0,
					"end":	60.000076,
					"seconds":	60.000076293945312,
					"bytes":	29999628288,
					"bits_per_second":	3999945352.2064676,
					"retransmits":	0,
					"snd_cwnd":	732688,
					"rtt":	314,
					"rttvar":	71,
					"pmtu":	9000,
					"omitted":	false,
					"sender":	true
				}],
			"sum":	{
				"start":	0,
				"end":	60.000076,
				"seconds":	60.000076293945312,
				"bytes":	29999628288,
				"bits_per_second":	3999945352.2064676,
				"retransmits":	0,
				"omitted":	false,
				"sender":	true
			}
		}, {
			"streams":	[{
					"socket":	5,
					"start":	60.000076,
					"end":	90.000223,
					"seconds":	30.000146865844727,
					"bytes":	15000010752,
					"bits_per_second":	3999983285.1691976,
					"retransmits":	0,
					"snd_cwnd":	732688,
					"rtt":	312,
					"rttvar":	121,
					"pmtu":	9000,
					"omitted":	false,
					"sender":	true
				}],
			"sum":	{
				"start":	60.000076,
				"end":	90.000223,
				"seconds":	30.000146865844727,
				"bytes":	15000010752,
				"bits_per_second":	3999983285.1691976,
				"retransmits":	0,
				"omitted":	false,
				"sender":	true
			}
		}],
	"end":	{
		"streams":	[{
				"sender":	{
					"socket":	5,
					"start":	0,
					"end":	90.000223,
					"seconds":	90.000223,
					"bytes":	44999639040,
					"bits_per_second":	3999958003.6596131,
					"retransmits":	0,
					"max_snd_cwnd":	732688,
					"max_rtt":	314,
					"min_rtt":	312,
					"mean_rtt":	313,
					"sender":	true
				},
				"receiver":	{
					"socket":	5,
					"start":	0,
					"end":	90.001168,
					"seconds":	90.000223,
					"bytes":	44999639040,
					"bits_per_second":	3999916004.6456285,
					"sender":	true
				}
			}],
		"sum_sent":	{
			"start":	0,
			"end":	90.000223,
			"seconds":	90.000223,
			"bytes":	44999639040,
			"bits_per_second":	3999958003.6596131,
			"retransmits":	0,
			"sender":	true
		},
		"sum_received":	{
			"start":	0,
			"end":	90.001168,
			"seconds":	90.001168,
			"bytes":	44999639040,
			"bits_per_second":	3999916004.6456285,
			"sender":	true
		},
		"cpu_utilization_percent":	{
			"host_total":	17.778131570902843,
			"host_user":	0.36898692131208932,
			"host_system":	17.409143538508989,
			"remote_total":	32.7800340348939,
			"remote_user":	0,
			"remote_system":	32.780035145359889
		},
		"sender_tcp_congestion":	"cubic",
		"receiver_tcp_congestion":	"reno"
	}
}
