{
	"start":	{
		"connected":	[{
				"socket":	5,
				"local_host":	"10.0.1.1",
				"local_port":	39612,
				"remote_host":	"10.0.0.1",
				"remote_port":	5201
			}],
		"version":	"iperf 3.9+",
		"system_info":	"Linux han-3 5.10.0 #9 SMP PREEMPT Tue Feb 23 15:01:43 PST 2021 x86_64",
		"timestamp":	{
			"time":	"Fri, 01 Mar 2024 13:08:46 GMT",
			"timesecs":	1709298526
		},
		"connecting_to":	{
			"host":	"10.0.0.1",
			"port":	5201
		},
		"cookie":	"hylrgga4ua3e37mwuf25jrrr45jr62jm6qrv",
		"tcp_mss_default":	1448,
		"target_bitrate":	6000000000,
		"sock_bufsize":	0,
		"sndbuf_actual":	16384,
		"rcvbuf_actual":	131072,
		"test_start":	{
			"protocol":	"TCP",
			"num_streams":	1,
			"blksize":	131072,
			"omit":	0,
			"duration":	60,
			"bytes":	0,
			"blocks":	0,
			"reverse":	0,
			"tos":	0
		}
	},
	"intervals":	[{
			"streams":	[{
					"socket":	5,
					"start":	0,
					"end":	60.000189,
					"seconds":	60.000190734863281,
					"bytes":	44999507968,
					"bits_per_second":	5999915322.5161877,
					"retransmits":	0,
					"snd_cwnd":	2270464,
					"rtt":	463,
					"rttvar":	147,
					"pmtu":	9000,
					"omitted":	false,
					"sender":	true
				}],
			"sum":	{
				"start":	0,
				"end":	60.000189,
				"seconds":	60.000190734863281,
				"bytes":	44999507968,
				"bits_per_second":	5999915322.5161877,
				"retransmits":	0,
				"omitted":	false,
				"sender":	true
			}
		}],
	"end":	{
		"streams":	[{
				"sender":	{
					"socket":	5,
					"start":	0,
					"end":	60.000189,
					"seconds":	60.000189,
					"bytes":	44999507968,
					"bits_per_second":	5999915495.99952,
					"retransmits":	0,
					"max_snd_cwnd":	2270464,
					"max_rtt":	463,
					"min_rtt":	463,
					"mean_rtt":	463,
					"sender":	true
				},
				"receiver":	{
					"socket":	5,
					"start":	0,
					"end":	60.000457,
					"seconds":	60.000189,
					"bytes":	44999507968,
					"bits_per_second":	5999888696.5810947,
					"sender":	true
				}
			}],
		"sum_sent":	{
			"start":	0,
			"end":	60.000189,
			"seconds":	60.000189,
			"bytes":	44999507968,
			"bits_per_second":	5999915495.99952,
			"retransmits":	0,
			"sender":	true
		},
		"sum_received":	{
			"start":	0,
			"end":	60.000457,
			"seconds":	60.000457,
			"bytes":	44999507968,
			"bits_per_second":	5999888696.5810947,
			"sender":	true
		},
		"cpu_utilization_percent":	{
			"host_total":	20.313473323118714,
			"host_user":	1.7491431777499622,
			"host_system":	18.56433014536875,
			"remote_total":	39.480603675880957,
			"remote_user":	1.8032975408475569,
			"remote_system":	37.677309464964488
		},
		"sender_tcp_congestion":	"cubic",
		"receiver_tcp_congestion":	"reno"
	}
}
