{
	"start":	{
		"connected":	[{
				"socket":	5,
				"local_host":	"10.0.1.1",
				"local_port":	52214,
				"remote_host":	"10.0.0.1",
				"remote_port":	5201
			}],
		"version":	"iperf 3.9+",
		"system_info":	"Linux han-3 5.10.0 #9 SMP PREEMPT Tue Feb 23 15:01:43 PST 2021 x86_64",
		"timestamp":	{
			"time":	"Sun, 03 Mar 2024 09:05:35 GMT",
			"timesecs":	1709456735
		},
		"connecting_to":	{
			"host":	"10.0.0.1",
			"port":	5201
		},
		"cookie":	"4hlojrpm6xzehfdbm7kvylzd4taomb6oorfa",
		"tcp_mss_default":	1448,
		"target_bitrate":	5000000000,
		"sock_bufsize":	0,
		"sndbuf_actual":	16384,
		"rcvbuf_actual":	131072,
		"test_start":	{
			"protocol":	"TCP",
			"num_streams":	1,
			"blksize":	131072,
			"omit":	0,
			"duration":	30,
			"bytes":	0,
			"blocks":	0,
			"reverse":	0,
			"tos":	0
		}
	},
	"intervals":	[{
			"streams":	[{
					"socket":	5,
					"start":	0,
					"end":	30.000072,
					"seconds":	30.000072479248047,
					"bytes":	18749587456,
					"bits_per_second":	4999877908.6869621,
					"retransmits":	0,
					"snd_cwnd":	1277136,
					"rtt":	346,
					"rttvar":	54,
					"pmtu":	9000,
					"omitted":	false,
					"sender":	true
				}],
			"sum":	{
				"start":	0,
				"end":	30.000072,
				"seconds":	30.000072479248047,
				"bytes":	18749587456,
				"bits_per_second":	4999877908.6869621,
				"retransmits":	0,
				"omitted":	false,
				"sender":	true
			}
		}],
	"end":	{
		"streams":	[{
				"sender":	{
					"socket":	5,
					"start":	0,
					"end":	30.000072,
					"seconds":	30.000072,
					"bytes":	18749587456,
					"bits_per_second":	4999877988.559494,
					"retransmits":	0,
					"max_snd_cwnd":	1277136,
					"max_rtt":	346,
					"min_rtt":	346,
					"mean_rtt":	346,
					"sender":	true
				},
				"receiver":	{
					"socket":	5,
					"start":	0,
					"end":	30.000195,
					"seconds":	30.000072,
					"bytes":	18749587456,
					"bits_per_second":	4999857489.1929865,
					"sender":	true
				}
			}],
		"sum_sent":	{
			"start":	0,
			"end":	30.000072,
			"seconds":	30.000072,
			"bytes":	18749587456,
			"bits_per_second":	4999877988.559494,
			"retransmits":	0,
			"sender":	true
		},
		"sum_received":	{
			"start":	0,
			"end":	30.000195,
			"seconds":	30.000195,
			"bytes":	18749587456,
			"bits_per_second":	4999857489.1929865,
			"sender":	true
		},
		"cpu_utilization_percent":	{
			"host_total":	20.148426683685738,
			"host_user":	0.7059063431612288,
			"host_system":	19.442520340524506,
			"remote_total":	36.572408393247933,
			"remote_user":	0.59155977066153675,
			"remote_system":	35.9808486225864
		},
		"sender_tcp_congestion":	"cubic",
		"receiver_tcp_congestion":	"reno"
	}
}
