{
	"start":	{
		"connected":	[{
				"socket":	5,
				"local_host":	"10.0.1.1",
				"local_port":	52896,
				"remote_host":	"10.0.0.1",
				"remote_port":	5201
			}],
		"version":	"iperf 3.9+",
		"system_info":	"Linux han-3 5.10.0 #9 SMP PREEMPT Tue Feb 23 15:01:43 PST 2021 x86_64",
		"timestamp":	{
			"time":	"Sun, 03 Mar 2024 11:33:23 GMT",
			"timesecs":	1709465603
		},
		"connecting_to":	{
			"host":	"10.0.0.1",
			"port":	5201
		},
		"cookie":	"w5qqagxojx2pmiu7w4e3ip34s2vxgd7epl5k",
		"tcp_mss_default":	1448,
		"target_bitrate":	6000000000,
		"sock_bufsize":	0,
		"sndbuf_actual":	16384,
		"rcvbuf_actual":	131072,
		"test_start":	{
			"protocol":	"TCP",
			"num_streams":	1,
			"blksize":	131072,
			"omit":	0,
			"duration":	90,
			"bytes":	0,
			"blocks":	0,
			"reverse":	0,
			"tos":	0
		}
	},
	"intervals":	[{
			"streams":	[{
					"socket":	5,
					"start":	0,
					"end":	60.000074,
					"seconds":	60.000072479248047,
					"bytes":	44999507968,
					"bits_per_second":	5999927147.896533,
					"retransmits":	0,
					"snd_cwnd":	1015048,
					"rtt":	453,
					"rttvar":	102,
					"pmtu":	9000,
					"omitted":	false,
					"sender":	true
				}],
			"sum":	{
				"start":	0,
				"end":	60.000074,
				"seconds":	60.000072479248047,
				"bytes":	44999507968,
				"bits_per_second":	5999927147.896533,
				"retransmits":	0,
				"omitted":	false,
				"sender":	true
			}
		}, {
			"streams":	[{
					"socket":	5,
					"start":	60.000074,
					"end":	90.000094,
					"seconds":	30.000019073486328,
					"bytes":	22499950592,
					"bits_per_second":	5999983009.84687,
					"retransmits":	0,
					"snd_cwnd":	1015048,
					"rtt":	402,
					"rttvar":	86,
					"pmtu":	9000,
					"omitted":	false,
					"sender":	true
				}],
			"sum":	{
				"start":	60.000074,
				"end":	90.000094,
				"seconds":	30.000019073486328,
				"bytes":	22499950592,
				"bits_per_second":	5999983009.84687,
				"retransmits":	0,
				"omitted":	false,
				"sender":	true
			}
		}],
	"end":	{
		"streams":	[{
				"sender":	{
					"socket":	5,
					"start":	0,
					"end":	90.000094,
					"seconds":	90.000094,
					"bytes":	67499458560,
					"bits_per_second":	5999945605.3901453,
					"retransmits":	0,
					"max_snd_cwnd":	1015048,
					"max_rtt":	453,
					"min_rtt":	402,
					"mean_rtt":	427,
					"sender":	true
				},
				"receiver":	{
					"socket":	5,
					"start":	0,
					"end":	90.000148,
					"seconds":	90.000094,
					"bytes":	67499458560,
					"bits_per_second":	5999942005.4287024,
					"sender":	true
				}
			}],
		"sum_sent":	{
			"start":	0,
			"end":	90.000094,
			"seconds":	90.000094,
			"bytes":	67499458560,
			"bits_per_second":	5999945605.3901453,
			"retransmits":	0,
			"sender":	true
		},
		"sum_received":	{
			"start":	0,
			"end":	90.000148,
			"seconds":	90.000148,
			"bytes":	67499458560,
			"bits_per_second":	5999942005.4287024,
			"sender":	true
		},
		"cpu_utilization_percent":	{
			"host_total":	25.2547525572531,
			"host_user":	0,
			"host_system":	25.254751446170815,
			"remote_total":	39.700765018418835,
			"remote_user":	2.2514596321865041,
			"remote_system":	37.449305386232332
		},
		"sender_tcp_congestion":	"cubic",
		"receiver_tcp_congestion":	"reno"
	}
}
