{
	"start":	{
		"connected":	[{
				"socket":	5,
				"local_host":	"10.0.1.1",
				"local_port":	39576,
				"remote_host":	"10.0.0.1",
				"remote_port":	5201
			}],
		"version":	"iperf 3.9+",
		"system_info":	"Linux han-3 5.10.0 #9 SMP PREEMPT Tue Feb 23 15:01:43 PST 2021 x86_64",
		"timestamp":	{
			"time":	"Fri, 01 Mar 2024 13:00:46 GMT",
			"timesecs":	1709298046
		},
		"connecting_to":	{
			"host":	"10.0.0.1",
			"port":	5201
		},
		"cookie":	"iq74qmrberpnhdwdes7orxrskaysuunts26x",
		"tcp_mss_default":	1448,
		"target_bitrate":	6000000000,
		"sock_bufsize":	0,
		"sndbuf_actual":	16384,
		"rcvbuf_actual":	131072,
		"test_start":	{
			"protocol":	"TCP",
			"num_streams":	1,
			"blksize":	131072,
			"omit":	0,
			"duration":	60,
			"bytes":	0,
			"blocks":	0,
			"reverse":	0,
			"tos":	0
		}
	},
	"intervals":	[{
			"streams":	[{
					"socket":	5,
					"start":	0,
					"end":	60.000079,
					"seconds":	60.000080108642578,
					"bytes":	44999507968,
					"bits_per_second":	5999926384.9673624,
					"retransmits":	0,
					"snd_cwnd":	945544,
					"rtt":	462,
					"rttvar":	122,
					"pmtu":	9000,
					"omitted":	false,
					"sender":	true
				}],
			"sum":	{
				"start":	0,
				"end":	60.000079,
				"seconds":	60.000080108642578,
				"bytes":	44999507968,
				"bits_per_second":	5999926384.9673624,
				"retransmits":	0,
				"omitted":	false,
				"sender":	true
			}
		}],
	"end":	{
		"streams":	[{
				"sender":	{
					"socket":	5,
					"start":	0,
					"end":	60.000079,
					"seconds":	60.000079,
					"bytes":	44999507968,
					"bits_per_second":	5999926495.8301134,
					"retransmits":	0,
					"max_snd_cwnd":	945544,
					"max_rtt":	462,
					"min_rtt":	462,
					"mean_rtt":	462,
					"sender":	true
				},
				"receiver":	{
					"socket":	5,
					"start":	0,
					"end":	60.000321,
					"seconds":	60.000079,
					"bytes":	44999507968,
					"bits_per_second":	5999902296.2560482,
					"sender":	true
				}
			}],
		"sum_sent":	{
			"start":	0,
			"end":	60.000079,
			"seconds":	60.000079,
			"bytes":	44999507968,
			"bits_per_second":	5999926495.8301134,
			"retransmits":	0,
			"sender":	true
		},
		"sum_received":	{
			"start":	0,
			"end":	60.000321,
			"seconds":	60.000321,
			"bytes":	44999507968,
			"bits_per_second":	5999902296.2560482,
			"sender":	true
		},
		"cpu_utilization_percent":	{
			"host_total":	17.18441515707082,
			"host_user":	0.79944612551686145,
			"host_system":	16.384967364944014,
			"remote_total":	39.142012555112068,
			"remote_user":	5.9180608673029225,
			"remote_system":	33.223951687809148
		},
		"sender_tcp_congestion":	"cubic",
		"receiver_tcp_congestion":	"reno"
	}
}
