{
	"start":	{
		"connected":	[{
				"socket":	5,
				"local_host":	"10.0.1.1",
				"local_port":	50404,
				"remote_host":	"10.0.0.1",
				"remote_port":	5201
			}],
		"version":	"iperf 3.9+",
		"system_info":	"Linux han-3 5.10.0 #9 SMP PREEMPT Tue Feb 23 15:01:43 PST 2021 x86_64",
		"timestamp":	{
			"time":	"Sun, 03 Mar 2024 02:57:33 GMT",
			"timesecs":	1709434653
		},
		"connecting_to":	{
			"host":	"10.0.0.1",
			"port":	5201
		},
		"cookie":	"uyqtmyaqvmdhs7p5l5ijla5jdn6lrx2ejfeo",
		"tcp_mss_default":	1448,
		"target_bitrate":	1000000000,
		"sock_bufsize":	0,
		"sndbuf_actual":	16384,
		"rcvbuf_actual":	131072,
		"test_start":	{
			"protocol":	"TCP",
			"num_streams":	1,
			"blksize":	131072,
			"omit":	0,
			"duration":	30,
			"bytes":	0,
			"blocks":	0,
			"reverse":	0,
			"tos":	0
		}
	},
	"intervals":	[{
			"streams":	[{
					"socket":	5,
					"start":	0,
					"end":	30.000074,
					"seconds":	30.00007438659668,
					"bytes":	3749969920,
					"bits_per_second":	999989499.13948143,
					"retransmits":	0,
					"snd_cwnd":	272224,
					"rtt":	279,
					"rttvar":	40,
					"pmtu":	9000,
					"omitted":	false,
					"sender":	true
				}],
			"sum":	{
				"start":	0,
				"end":	30.000074,
				"seconds":	30.00007438659668,
				"bytes":	3749969920,
				"bits_per_second":	999989499.13948143,
				"retransmits":	0,
				"omitted":	false,
				"sender":	true
			}
		}],
	"end":	{
		"streams":	[{
				"sender":	{
					"socket":	5,
					"start":	0,
					"end":	30.000074,
					"seconds":	30.000074,
					"bytes":	3749969920,
					"bits_per_second":	999989512.02587032,
					"retransmits":	0,
					"max_snd_cwnd":	272224,
					"max_rtt":	279,
					"min_rtt":	279,
					"mean_rtt":	279,
					"sender":	true
				},
				"receiver":	{
					"socket":	5,
					"start":	0,
					"end":	30.00029,
					"seconds":	30.000074,
					"bytes":	3749969920,
					"bits_per_second":	999982312.17098236,
					"sender":	true
				}
			}],
		"sum_sent":	{
			"start":	0,
			"end":	30.000074,
			"seconds":	30.000074,
			"bytes":	3749969920,
			"bits_per_second":	999989512.02587032,
			"retransmits":	0,
			"sender":	true
		},
		"sum_received":	{
			"start":	0,
			"end":	30.00029,
			"seconds":	30.00029,
			"bytes":	3749969920,
			"bits_per_second":	999982312.17098236,
			"sender":	true
		},
		"cpu_utilization_percent":	{
			"host_total":	5.86138876810244,
			"host_user":	1.2389556504826307,
			"host_system":	4.6224297845582321,
			"remote_total":	14.359655224054446,
			"remote_user":	3.0495099588997787,
			"remote_system":	11.310145265154667
		},
		"sender_tcp_congestion":	"cubic",
		"receiver_tcp_congestion":	"reno"
	}
}
