{
	"start":	{
		"connected":	[{
				"socket":	5,
				"local_host":	"10.0.1.1",
				"local_port":	51154,
				"remote_host":	"10.0.0.1",
				"remote_port":	5201
			}],
		"version":	"iperf 3.9+",
		"system_info":	"Linux han-3 5.10.0 #9 SMP PREEMPT Tue Feb 23 15:01:43 PST 2021 x86_64",
		"timestamp":	{
			"time":	"Sun, 03 Mar 2024 05:27:52 GMT",
			"timesecs":	1709443672
		},
		"connecting_to":	{
			"host":	"10.0.0.1",
			"port":	5201
		},
		"cookie":	"hkqovzbvpnl7o2ha3t22svahomt5g3agum5z",
		"tcp_mss_default":	1448,
		"target_bitrate":	2000000000,
		"sock_bufsize":	0,
		"sndbuf_actual":	16384,
		"rcvbuf_actual":	131072,
		"test_start":	{
			"protocol":	"TCP",
			"num_streams":	1,
			"blksize":	131072,
			"omit":	0,
			"duration":	90,
			"bytes":	0,
			"blocks":	0,
			"reverse":	0,
			"tos":	0
		}
	},
	"intervals":	[{
			"streams":	[{
					"socket":	5,
					"start":	0,
					"end":	60.000072,
					"seconds":	60.000072479248047,
					"bytes":	14999879680,
					"bits_per_second":	1999981541.3806963,
					"retransmits":	0,
					"snd_cwnd":	408336,
					"rtt":	249,
					"rttvar":	40,
					"pmtu":	9000,
					"omitted":	false,
					"sender":	true
				}],
			"sum":	{
				"start":	0,
				"end":	60.000072,
				"seconds":	60.000072479248047,
				"bytes":	14999879680,
				"bits_per_second":	1999981541.3806963,
				"retransmits":	0,
				"omitted":	false,
				"sender":	true
			}
		}, {
			"streams":	[{
					"socket":	5,
					"start":	60.000072,
					"end":	90.000085,
					"seconds":	30.00001335144043,
					"bytes":	7499939840,
					"bits_per_second":	1999983067.2448406,
					"retransmits":	0,
					"snd_cwnd":	408336,
					"rtt":	272,
					"rttvar":	58,
					"pmtu":	9000,
					"omitted":	false,
					"sender":	true
				}],
			"sum":	{
				"start":	60.000072,
				"end":	90.000085,
				"seconds":	30.00001335144043,
				"bytes":	7499939840,
				"bits_per_second":	1999983067.2448406,
				"retransmits":	0,
				"omitted":	false,
				"sender":	true
			}
		}],
	"end":	{
		"streams":	[{
				"sender":	{
					"socket":	5,
					"start":	0,
					"end":	90.000085,
					"seconds":	90.000085,
					"bytes":	22499819520,
					"bits_per_second":	1999982068.46138,
					"retransmits":	0,
					"max_snd_cwnd":	408336,
					"max_rtt":	272,
					"min_rtt":	249,
					"mean_rtt":	260,
					"sender":	true
				},
				"receiver":	{
					"socket":	5,
					"start":	0,
					"end":	90.000665,
					"seconds":	90.000085,
					"bytes":	22499819520,
					"bits_per_second":	1999969179.7832828,
					"sender":	true
				}
			}],
		"sum_sent":	{
			"start":	0,
			"end":	90.000085,
			"seconds":	90.000085,
			"bytes":	22499819520,
			"bits_per_second":	1999982068.46138,
			"retransmits":	0,
			"sender":	true
		},
		"sum_received":	{
			"start":	0,
			"end":	90.000665,
			"seconds":	90.000665,
			"bytes":	22499819520,
			"bits_per_second":	1999969179.7832828,
			"sender":	true
		},
		"cpu_utilization_percent":	{
			"host_total":	11.032543821776837,
			"host_user":	2.2069100869956819,
			"host_system":	8.82563484586266,
			"remote_total":	20.948116901726,
			"remote_user":	3.528496232613068,
			"remote_system":	17.419621779545547
		},
		"sender_tcp_congestion":	"cubic",
		"receiver_tcp_congestion":	"reno"
	}
}
