{
	"start":	{
		"connected":	[{
				"socket":	5,
				"local_host":	"10.0.1.1",
				"local_port":	50740,
				"remote_host":	"10.0.0.1",
				"remote_port":	5201
			}],
		"version":	"iperf 3.9+",
		"system_info":	"Linux han-3 5.10.0 #9 SMP PREEMPT Tue Feb 23 15:01:43 PST 2021 x86_64",
		"timestamp":	{
			"time":	"Sun, 03 Mar 2024 04:03:37 GMT",
			"timesecs":	1709438617
		},
		"connecting_to":	{
			"host":	"10.0.0.1",
			"port":	5201
		},
		"cookie":	"o4pgvvc52g77srfhgitlmpacifne5nmvn46d",
		"tcp_mss_default":	1448,
		"target_bitrate":	1000000000,
		"sock_bufsize":	0,
		"sndbuf_actual":	16384,
		"rcvbuf_actual":	131072,
		"test_start":	{
			"protocol":	"TCP",
			"num_streams":	1,
			"blksize":	131072,
			"omit":	0,
			"duration":	90,
			"bytes":	0,
			"blocks":	0,
			"reverse":	0,
			"tos":	0
		}
	},
	"intervals":	[{
			"streams":	[{
					"socket":	5,
					"start":	0,
					"end":	60.000069,
					"seconds":	60.000068664550781,
					"bytes":	7499939840,
					"bits_per_second":	999990834.26797628,
					"retransmits":	0,
					"snd_cwnd":	139008,
					"rtt":	217,
					"rttvar":	44,
					"pmtu":	9000,
					"omitted":	false,
					"sender":	true
				}],
			"sum":	{
				"start":	0,
				"end":	60.000069,
				"seconds":	60.000068664550781,
				"bytes":	7499939840,
				"bits_per_second":	999990834.26797628,
				"retransmits":	0,
				"omitted":	false,
				"sender":	true
			}
		}, {
			"streams":	[{
					"socket":	5,
					"start":	60.000069,
					"end":	90.000078,
					"seconds":	30.000009536743164,
					"bytes":	3749969920,
					"bits_per_second":	999991660.777879,
					"retransmits":	0,
					"snd_cwnd":	139008,
					"rtt":	315,
					"rttvar":	58,
					"pmtu":	9000,
					"omitted":	false,
					"sender":	true
				}],
			"sum":	{
				"start":	60.000069,
				"end":	90.000078,
				"seconds":	30.000009536743164,
				"bytes":	3749969920,
				"bits_per_second":	999991660.777879,
				"retransmits":	0,
				"omitted":	false,
				"sender":	true
			}
		}],
	"end":	{
		"streams":	[{
				"sender":	{
					"socket":	5,
					"start":	0,
					"end":	90.000078,
					"seconds":	90.000078,
					"bytes":	11249909760,
					"bits_per_second":	999991112.007703,
					"retransmits":	0,
					"max_snd_cwnd":	139008,
					"max_rtt":	315,
					"min_rtt":	217,
					"mean_rtt":	266,
					"sender":	true
				},
				"receiver":	{
					"socket":	5,
					"start":	0,
					"end":	89.999303,
					"seconds":	90.000078,
					"bytes":	11249909760,
					"bits_per_second":	999999723.108967,
					"sender":	true
				}
			}],
		"sum_sent":	{
			"start":	0,
			"end":	90.000078,
			"seconds":	90.000078,
			"bytes":	11249909760,
			"bits_per_second":	999991112.007703,
			"retransmits":	0,
			"sender":	true
		},
		"sum_received":	{
			"start":	0,
			"end":	89.999303,
			"seconds":	89.999303,
			"bytes":	11249909760,
			"bits_per_second":	999999723.108967,
			"sender":	true
		},
		"cpu_utilization_percent":	{
			"host_total":	6.8708432408977185,
			"host_user":	0.031070296724111417,
			"host_system":	6.83977183309162,
			"remote_total":	13.872206137993839,
			"remote_user":	1.6083488094154632,
			"remote_system":	12.263857328578377
		},
		"sender_tcp_congestion":	"cubic",
		"receiver_tcp_congestion":	"reno"
	}
}
