{
	"start":	{
		"connected":	[{
				"socket":	5,
				"local_host":	"10.0.1.1",
				"local_port":	49722,
				"remote_host":	"10.0.0.1",
				"remote_port":	5201
			}],
		"version":	"iperf 3.9+",
		"system_info":	"Linux han-3 5.10.0 #9 SMP PREEMPT Tue Feb 23 15:01:43 PST 2021 x86_64",
		"timestamp":	{
			"time":	"Sun, 03 Mar 2024 00:32:02 GMT",
			"timesecs":	1709425922
		},
		"connecting_to":	{
			"host":	"10.0.0.1",
			"port":	5201
		},
		"cookie":	"rsfaccrzaaybc3rq6bjjjn444nuj2ntoiltd",
		"tcp_mss_default":	1448,
		"target_bitrate":	9000000000,
		"sock_bufsize":	0,
		"sndbuf_actual":	16384,
		"rcvbuf_actual":	131072,
		"test_start":	{
			"protocol":	"TCP",
			"num_streams":	1,
			"blksize":	131072,
			"omit":	0,
			"duration":	70,
			"bytes":	0,
			"blocks":	0,
			"reverse":	0,
			"tos":	0
		}
	},
	"intervals":	[{
			"streams":	[{
					"socket":	5,
					"start":	0,
					"end":	60.000038,
					"seconds":	60.000038146972656,
					"bytes":	64922451968,
					"bits_per_second":	8656321425.52572,
					"retransmits":	1521,
					"snd_cwnd":	3467960,
					"rtt":	1114,
					"rttvar":	52,
					"pmtu":	9000,
					"omitted":	false,
					"sender":	true
				}],
			"sum":	{
				"start":	0,
				"end":	60.000038,
				"seconds":	60.000038146972656,
				"bytes":	64922451968,
				"bits_per_second":	8656321425.52572,
				"retransmits":	1521,
				"omitted":	false,
				"sender":	true
			}
		}, {
			"streams":	[{
					"socket":	5,
					"start":	60.000038,
					"end":	70.000102,
					"seconds":	10.0000638961792,
					"bytes":	11106779136,
					"bits_per_second":	8885366534.7027645,
					"retransmits":	0,
					"snd_cwnd":	3467960,
					"rtt":	1139,
					"rttvar":	51,
					"pmtu":	9000,
					"omitted":	false,
					"sender":	true
				}],
			"sum":	{
				"start":	60.000038,
				"end":	70.000102,
				"seconds":	10.0000638961792,
				"bytes":	11106779136,
				"bits_per_second":	8885366534.7027645,
				"retransmits":	0,
				"omitted":	false,
				"sender":	true
			}
		}],
	"end":	{
		"streams":	[{
				"sender":	{
					"socket":	5,
					"start":	0,
					"end":	70.000102,
					"seconds":	70.000102,
					"bytes":	76029231104,
					"bits_per_second":	8689042322.13833,
					"retransmits":	1521,
					"max_snd_cwnd":	3467960,
					"max_rtt":	1139,
					"min_rtt":	1114,
					"mean_rtt":	1126,
					"sender":	true
				},
				"receiver":	{
					"socket":	5,
					"start":	0,
					"end":	70.000333,
					"seconds":	70.000102,
					"bytes":	76026811952,
					"bits_per_second":	8688737175.23601,
					"sender":	true
				}
			}],
		"sum_sent":	{
			"start":	0,
			"end":	70.000102,
			"seconds":	70.000102,
			"bytes":	76029231104,
			"bits_per_second":	8689042322.13833,
			"retransmits":	1521,
			"sender":	true
		},
		"sum_received":	{
			"start":	0,
			"end":	70.000333,
			"seconds":	70.000333,
			"bytes":	76026811952,
			"bits_per_second":	8688737175.23601,
			"sender":	true
		},
		"cpu_utilization_percent":	{
			"host_total":	89.7285591430604,
			"host_user":	2.1070101375638672,
			"host_system":	87.621551862544663,
			"remote_total":	46.473385571312946,
			"remote_user":	2.6226025724008579,
			"remote_system":	43.850781571956787
		},
		"sender_tcp_congestion":	"cubic",
		"receiver_tcp_congestion":	"reno"
	}
}
