{
	"start":	{
		"connected":	[{
				"socket":	5,
				"local_host":	"10.0.1.1",
				"local_port":	42234,
				"remote_host":	"10.0.0.1",
				"remote_port":	5201
			}],
		"version":	"iperf 3.9+",
		"system_info":	"Linux han-3 5.10.0 #9 SMP PREEMPT Tue Feb 23 15:01:43 PST 2021 x86_64",
		"timestamp":	{
			"time":	"Fri, 01 Mar 2024 22:18:17 GMT",
			"timesecs":	1709331497
		},
		"connecting_to":	{
			"host":	"10.0.0.1",
			"port":	5201
		},
		"cookie":	"l62j7pczvlgz62f4vqsx7j326ozncogu7pxv",
		"tcp_mss_default":	1448,
		"target_bitrate":	2000000000,
		"sock_bufsize":	0,
		"sndbuf_actual":	16384,
		"rcvbuf_actual":	131072,
		"test_start":	{
			"protocol":	"TCP",
			"num_streams":	1,
			"blksize":	131072,
			"omit":	0,
			"duration":	60,
			"bytes":	0,
			"blocks":	0,
			"reverse":	0,
			"tos":	0
		}
	},
	"intervals":	[{
			"streams":	[{
					"socket":	5,
					"start":	0,
					"end":	60.000097,
					"seconds":	60.000095367431641,
					"bytes":	14999879680,
					"bits_per_second":	1999980778.4494972,
					"retransmits":	0,
					"snd_cwnd":	403992,
					"rtt":	283,
					"rttvar":	50,
					"pmtu":	9000,
					"omitted":	false,
					"sender":	true
				}],
			"sum":	{
				"start":	0,
				"end":	60.000097,
				"seconds":	60.000095367431641,
				"bytes":	14999879680,
				"bits_per_second":	1999980778.4494972,
				"retransmits":	0,
				"omitted":	false,
				"sender":	true
			}
		}],
	"end":	{
		"streams":	[{
				"sender":	{
					"socket":	5,
					"start":	0,
					"end":	60.000097,
					"seconds":	60.000097,
					"bytes":	14999879680,
					"bits_per_second":	1999980724.031163,
					"retransmits":	0,
					"max_snd_cwnd":	403992,
					"max_rtt":	283,
					"min_rtt":	283,
					"mean_rtt":	283,
					"sender":	true
				},
				"receiver":	{
					"socket":	5,
					"start":	0,
					"end":	60.000432,
					"seconds":	60.000097,
					"bytes":	14999879680,
					"bits_per_second":	1999969557.5525188,
					"sender":	true
				}
			}],
		"sum_sent":	{
			"start":	0,
			"end":	60.000097,
			"seconds":	60.000097,
			"bytes":	14999879680,
			"bits_per_second":	1999980724.031163,
			"retransmits":	0,
			"sender":	true
		},
		"sum_received":	{
			"start":	0,
			"end":	60.000432,
			"seconds":	60.000432,
			"bytes":	14999879680,
			"bits_per_second":	1999969557.5525188,
			"sender":	true
		},
		"cpu_utilization_percent":	{
			"host_total":	10.083481226144581,
			"host_user":	3.3617998280834089,
			"host_system":	6.72168306466248,
			"remote_total":	21.858560140684574,
			"remote_user":	6.9598256785574826,
			"remote_system":	14.898732797331213
		},
		"sender_tcp_congestion":	"cubic",
		"receiver_tcp_congestion":	"reno"
	}
}
