{
	"start":	{
		"connected":	[{
				"socket":	5,
				"local_host":	"10.0.1.1",
				"local_port":	53366,
				"remote_host":	"10.0.0.1",
				"remote_port":	5201
			}],
		"version":	"iperf 3.9+",
		"system_info":	"Linux han-3 5.10.0 #9 SMP PREEMPT Tue Feb 23 15:01:43 PST 2021 x86_64",
		"timestamp":	{
			"time":	"Sun, 03 Mar 2024 13:14:09 GMT",
			"timesecs":	1709471649
		},
		"connecting_to":	{
			"host":	"10.0.0.1",
			"port":	5201
		},
		"cookie":	"42lylsll5x4jy4nwjomz7lv2d2hsq5nbdoji",
		"tcp_mss_default":	1448,
		"target_bitrate":	7000000000,
		"sock_bufsize":	0,
		"sndbuf_actual":	16384,
		"rcvbuf_actual":	131072,
		"test_start":	{
			"protocol":	"TCP",
			"num_streams":	1,
			"blksize":	131072,
			"omit":	0,
			"duration":	90,
			"bytes":	0,
			"blocks":	0,
			"reverse":	0,
			"tos":	0
		}
	},
	"intervals":	[{
			"streams":	[{
					"socket":	5,
					"start":	0,
					"end":	60.000103,
					"seconds":	60.000102996826172,
					"bytes":	52499578880,
					"bits_per_second":	6999931834.4872942,
					"retransmits":	0,
					"snd_cwnd":	1676784,
					"rtt":	488,
					"rttvar":	161,
					"pmtu":	9000,
					"omitted":	false,
					"sender":	true
				}],
			"sum":	{
				"start":	0,
				"end":	60.000103,
				"seconds":	60.000102996826172,
				"bytes":	52499578880,
				"bits_per_second":	6999931834.4872942,
				"retransmits":	0,
				"omitted":	false,
				"sender":	true
			}
		}, {
			"streams":	[{
					"socket":	5,
					"start":	60.000103,
					"end":	90.000156,
					"seconds":	30.000053405761719,
					"bytes":	26249920512,
					"bits_per_second":	6999966341.9155169,
					"retransmits":	0,
					"snd_cwnd":	1676784,
					"rtt":	430,
					"rttvar":	89,
					"pmtu":	9000,
					"omitted":	false,
					"sender":	true
				}],
			"sum":	{
				"start":	60.000103,
				"end":	90.000156,
				"seconds":	30.000053405761719,
				"bytes":	26249920512,
				"bits_per_second":	6999966341.9155169,
				"retransmits":	0,
				"omitted":	false,
				"sender":	true
			}
		}],
	"end":	{
		"streams":	[{
				"sender":	{
					"socket":	5,
					"start":	0,
					"end":	90.000156,
					"seconds":	90.000156,
					"bytes":	78749499392,
					"bits_per_second":	6999943368.27594,
					"retransmits":	0,
					"max_snd_cwnd":	1676784,
					"max_rtt":	488,
					"min_rtt":	430,
					"mean_rtt":	459,
					"sender":	true
				},
				"receiver":	{
					"socket":	5,
					"start":	0,
					"end":	90.000399,
					"seconds":	90.000156,
					"bytes":	78749499392,
					"bits_per_second":	6999924468.5126343,
					"sender":	true
				}
			}],
		"sum_sent":	{
			"start":	0,
			"end":	90.000156,
			"seconds":	90.000156,
			"bytes":	78749499392,
			"bits_per_second":	6999943368.27594,
			"retransmits":	0,
			"sender":	true
		},
		"sum_received":	{
			"start":	0,
			"end":	90.000399,
			"seconds":	90.000399,
			"bytes":	78749499392,
			"bits_per_second":	6999924468.5126343,
			"sender":	true
		},
		"cpu_utilization_percent":	{
			"host_total":	30.134479188262119,
			"host_user":	2.12568197094769,
			"host_system":	28.008799439473663,
			"remote_total":	40.707345268264213,
			"remote_user":	0,
			"remote_system":	40.707345268264213
		},
		"sender_tcp_congestion":	"cubic",
		"receiver_tcp_congestion":	"reno"
	}
}
