{
	"start":	{
		"connected":	[{
				"socket":	5,
				"local_host":	"10.0.1.1",
				"local_port":	40946,
				"remote_host":	"10.0.0.1",
				"remote_port":	5201
			}],
		"version":	"iperf 3.9+",
		"system_info":	"Linux han-3 5.10.0 #9 SMP PREEMPT Tue Feb 23 15:01:43 PST 2021 x86_64",
		"timestamp":	{
			"time":	"Fri, 01 Mar 2024 17:48:21 GMT",
			"timesecs":	1709315301
		},
		"connecting_to":	{
			"host":	"10.0.0.1",
			"port":	5201
		},
		"cookie":	"ctlfsgwx7gxgh22fypvix47tizorr37gvnoi",
		"tcp_mss_default":	1448,
		"target_bitrate":	9000000000,
		"sock_bufsize":	0,
		"sndbuf_actual":	16384,
		"rcvbuf_actual":	131072,
		"test_start":	{
			"protocol":	"TCP",
			"num_streams":	1,
			"blksize":	131072,
			"omit":	0,
			"duration":	70,
			"bytes":	0,
			"blocks":	0,
			"reverse":	0,
			"tos":	0
		}
	},
	"intervals":	[{
			"streams":	[{
					"socket":	5,
					"start":	0,
					"end":	60.000071,
					"seconds":	60.000072479248047,
					"bytes":	67499196416,
					"bits_per_second":	8999881983.72202,
					"retransmits":	0,
					"snd_cwnd":	1600040,
					"rtt":	666,
					"rttvar":	221,
					"pmtu":	9000,
					"omitted":	false,
					"sender":	true
				}],
			"sum":	{
				"start":	0,
				"end":	60.000071,
				"seconds":	60.000072479248047,
				"bytes":	67499196416,
				"bits_per_second":	8999881983.72202,
				"retransmits":	0,
				"omitted":	false,
				"sender":	true
			}
		}, {
			"streams":	[{
					"socket":	5,
					"start":	60.000071,
					"end":	70.000076,
					"seconds":	10.000004768371582,
					"bytes":	11250171904,
					"bits_per_second":	9000133231.602047,
					"retransmits":	0,
					"snd_cwnd":	1600040,
					"rtt":	570,
					"rttvar":	120,
					"pmtu":	9000,
					"omitted":	false,
					"sender":	true
				}],
			"sum":	{
				"start":	60.000071,
				"end":	70.000076,
				"seconds":	10.000004768371582,
				"bytes":	11250171904,
				"bits_per_second":	9000133231.602047,
				"retransmits":	0,
				"omitted":	false,
				"sender":	true
			}
		}],
	"end":	{
		"streams":	[{
				"sender":	{
					"socket":	5,
					"start":	0,
					"end":	70.000076,
					"seconds":	70.000076,
					"bytes":	78749368320,
					"bits_per_second":	8999918036.6604156,
					"retransmits":	0,
					"max_snd_cwnd":	1600040,
					"max_rtt":	666,
					"min_rtt":	570,
					"mean_rtt":	618,
					"sender":	true
				},
				"receiver":	{
					"socket":	5,
					"start":	0,
					"end":	70.000216,
					"seconds":	70.000076,
					"bytes":	78749368320,
					"bits_per_second":	8999900036.8798866,
					"sender":	true
				}
			}],
		"sum_sent":	{
			"start":	0,
			"end":	70.000076,
			"seconds":	70.000076,
			"bytes":	78749368320,
			"bits_per_second":	8999918036.6604156,
			"retransmits":	0,
			"sender":	true
		},
		"sum_received":	{
			"start":	0,
			"end":	70.000216,
			"seconds":	70.000216,
			"bytes":	78749368320,
			"bits_per_second":	8999900036.8798866,
			"sender":	true
		},
		"cpu_utilization_percent":	{
			"host_total":	29.708922832112922,
			"host_user":	1.0927368432420708,
			"host_system":	28.616184560342766,
			"remote_total":	47.070457979730278,
			"remote_user":	2.52550095152916,
			"remote_system":	44.5449584556483
		},
		"sender_tcp_congestion":	"cubic",
		"receiver_tcp_congestion":	"reno"
	}
}
