{
	"start":	{
		"connected":	[{
				"socket":	5,
				"local_host":	"10.0.1.1",
				"local_port":	38258,
				"remote_host":	"10.0.0.1",
				"remote_port":	5201
			}],
		"version":	"iperf 3.9+",
		"system_info":	"Linux han-3 5.10.0 #9 SMP PREEMPT Tue Feb 23 15:01:43 PST 2021 x86_64",
		"timestamp":	{
			"time":	"Fri, 01 Mar 2024 08:23:50 GMT",
			"timesecs":	1709281430
		},
		"connecting_to":	{
			"host":	"10.0.0.1",
			"port":	5201
		},
		"cookie":	"z6oagrx4xh42l2d2w6k37qd4tllraym6465e",
		"tcp_mss_default":	1448,
		"target_bitrate":	3000000000,
		"sock_bufsize":	0,
		"sndbuf_actual":	16384,
		"rcvbuf_actual":	131072,
		"test_start":	{
			"protocol":	"TCP",
			"num_streams":	1,
			"blksize":	131072,
			"omit":	0,
			"duration":	50,
			"bytes":	0,
			"blocks":	0,
			"reverse":	0,
			"tos":	0
		}
	},
	"intervals":	[{
			"streams":	[{
					"socket":	5,
					"start":	0,
					"end":	50.00005,
					"seconds":	50.000049591064453,
					"bytes":	18749718528,
					"bits_per_second":	2999951989.0637512,
					"retransmits":	0,
					"snd_cwnd":	535760,
					"rtt":	313,
					"rttvar":	106,
					"pmtu":	9000,
					"omitted":	false,
					"sender":	true
				}],
			"sum":	{
				"start":	0,
				"end":	50.00005,
				"seconds":	50.000049591064453,
				"bytes":	18749718528,
				"bits_per_second":	2999951989.0637512,
				"retransmits":	0,
				"omitted":	false,
				"sender":	true
			}
		}],
	"end":	{
		"streams":	[{
				"sender":	{
					"socket":	5,
					"start":	0,
					"end":	50.00005,
					"seconds":	50.00005,
					"bytes":	18749718528,
					"bits_per_second":	2999951964.5280352,
					"retransmits":	0,
					"max_snd_cwnd":	535760,
					"max_rtt":	313,
					"min_rtt":	313,
					"mean_rtt":	313,
					"sender":	true
				},
				"receiver":	{
					"socket":	5,
					"start":	0,
					"end":	50.000226,
					"seconds":	50.00005,
					"bytes":	18749718528,
					"bits_per_second":	2999941404.74485,
					"sender":	true
				}
			}],
		"sum_sent":	{
			"start":	0,
			"end":	50.00005,
			"seconds":	50.00005,
			"bytes":	18749718528,
			"bits_per_second":	2999951964.5280352,
			"retransmits":	0,
			"sender":	true
		},
		"sum_received":	{
			"start":	0,
			"end":	50.000226,
			"seconds":	50.000226,
			"bytes":	18749718528,
			"bits_per_second":	2999941404.74485,
			"sender":	true
		},
		"cpu_utilization_percent":	{
			"host_total":	21.412247036636316,
			"host_user":	8.56635594762641,
			"host_system":	12.8458890891019,
			"remote_total":	28.99908628987032,
			"remote_user":	1.6393213333042678,
			"remote_system":	27.359764956566053
		},
		"sender_tcp_congestion":	"cubic",
		"receiver_tcp_congestion":	"reno"
	}
}
