{
	"start":	{
		"connected":	[{
				"socket":	5,
				"local_host":	"10.0.1.1",
				"local_port":	45858,
				"remote_host":	"10.0.0.1",
				"remote_port":	5201
			}],
		"version":	"iperf 3.9+",
		"system_info":	"Linux han-3 5.10.0 #9 SMP PREEMPT Tue Feb 23 15:01:43 PST 2021 x86_64",
		"timestamp":	{
			"time":	"Sat, 02 Mar 2024 11:07:55 GMT",
			"timesecs":	1709377675
		},
		"connecting_to":	{
			"host":	"10.0.0.1",
			"port":	5201
		},
		"cookie":	"k4ur6v5xqbyjiwymhqxr26jbfmlooqcotgeb",
		"tcp_mss_default":	1448,
		"target_bitrate":	10000000000,
		"sock_bufsize":	0,
		"sndbuf_actual":	16384,
		"rcvbuf_actual":	131072,
		"test_start":	{
			"protocol":	"TCP",
			"num_streams":	1,
			"blksize":	131072,
			"omit":	0,
			"duration":	90,
			"bytes":	0,
			"blocks":	0,
			"reverse":	0,
			"tos":	0
		}
	},
	"intervals":	[{
			"streams":	[{
					"socket":	5,
					"start":	0,
					"end":	60.000053,
					"seconds":	60.000053405761719,
					"bytes":	70300336128,
					"bits_per_second":	9373369807.20076,
					"retransmits":	0,
					"snd_cwnd":	3072656,
					"rtt":	1086,
					"rttvar":	42,
					"pmtu":	9000,
					"omitted":	false,
					"sender":	true
				}],
			"sum":	{
				"start":	0,
				"end":	60.000053,
				"seconds":	60.000053405761719,
				"bytes":	70300336128,
				"bits_per_second":	9373369807.20076,
				"retransmits":	0,
				"omitted":	false,
				"sender":	true
			}
		}, {
			"streams":	[{
					"socket":	5,
					"start":	60.000053,
					"end":	90.000061,
					"seconds":	30.000007629394531,
					"bytes":	34251472896,
					"bits_per_second":	9133723782.7739239,
					"retransmits":	0,
					"snd_cwnd":	3072656,
					"rtt":	1141,
					"rttvar":	122,
					"pmtu":	9000,
					"omitted":	false,
					"sender":	true
				}],
			"sum":	{
				"start":	60.000053,
				"end":	90.000061,
				"seconds":	30.000007629394531,
				"bytes":	34251472896,
				"bits_per_second":	9133723782.7739239,
				"retransmits":	0,
				"omitted":	false,
				"sender":	true
			}
		}],
	"end":	{
		"streams":	[{
				"sender":	{
					"socket":	5,
					"start":	0,
					"end":	90.000061,
					"seconds":	90.000061,
					"bytes":	104551809024,
					"bits_per_second":	9293487836.54713,
					"retransmits":	0,
					"max_snd_cwnd":	3072656,
					"max_rtt":	1141,
					"min_rtt":	1086,
					"mean_rtt":	1113,
					"sender":	true
				},
				"receiver":	{
					"socket":	5,
					"start":	0,
					"end":	89.999999,
					"seconds":	90.000061,
					"bytes":	104549665024,
					"bits_per_second":	9293303660.94782,
					"sender":	true
				}
			}],
		"sum_sent":	{
			"start":	0,
			"end":	90.000061,
			"seconds":	90.000061,
			"bytes":	104551809024,
			"bits_per_second":	9293487836.54713,
			"retransmits":	0,
			"sender":	true
		},
		"sum_received":	{
			"start":	0,
			"end":	89.999999,
			"seconds":	89.999999,
			"bytes":	104549665024,
			"bits_per_second":	9293303660.94782,
			"sender":	true
		},
		"cpu_utilization_percent":	{
			"host_total":	67.356642442916637,
			"host_user":	1.9281091719815142,
			"host_system":	65.428532159855862,
			"remote_total":	47.641785104458187,
			"remote_user":	6.18625312787284,
			"remote_system":	41.455533086956123
		},
		"sender_tcp_congestion":	"cubic",
		"receiver_tcp_congestion":	"reno"
	}
}
