{
	"start":	{
		"connected":	[{
				"socket":	5,
				"local_host":	"10.0.1.1",
				"local_port":	44980,
				"remote_host":	"10.0.0.1",
				"remote_port":	5201
			}],
		"version":	"iperf 3.9+",
		"system_info":	"Linux han-3 5.10.0 #9 SMP PREEMPT Tue Feb 23 15:01:43 PST 2021 x86_64",
		"timestamp":	{
			"time":	"Sat, 02 Mar 2024 08:04:23 GMT",
			"timesecs":	1709366663
		},
		"connecting_to":	{
			"host":	"10.0.0.1",
			"port":	5201
		},
		"cookie":	"a5aclvdlj32xujnkpywviiui42vjfkpxohbz",
		"tcp_mss_default":	1448,
		"target_bitrate":	8000000000,
		"sock_bufsize":	0,
		"sndbuf_actual":	16384,
		"rcvbuf_actual":	131072,
		"test_start":	{
			"protocol":	"TCP",
			"num_streams":	1,
			"blksize":	131072,
			"omit":	0,
			"duration":	90,
			"bytes":	0,
			"blocks":	0,
			"reverse":	0,
			"tos":	0
		}
	},
	"intervals":	[{
			"streams":	[{
					"socket":	5,
					"start":	0,
					"end":	60.000079,
					"seconds":	60.000080108642578,
					"bytes":	59999256576,
					"bits_per_second":	7999890195.79426,
					"retransmits":	0,
					"snd_cwnd":	3134920,
					"rtt":	560,
					"rttvar":	162,
					"pmtu":	9000,
					"omitted":	false,
					"sender":	true
				}],
			"sum":	{
				"start":	0,
				"end":	60.000079,
				"seconds":	60.000080108642578,
				"bytes":	59999256576,
				"bits_per_second":	7999890195.79426,
				"retransmits":	0,
				"omitted":	false,
				"sender":	true
			}
		}, {
			"streams":	[{
					"socket":	5,
					"start":	60.000079,
					"end":	90.000099,
					"seconds":	30.000019073486328,
					"bytes":	30000021504,
					"bits_per_second":	8000000648.1365671,
					"retransmits":	0,
					"snd_cwnd":	3134920,
					"rtt":	599,
					"rttvar":	168,
					"pmtu":	9000,
					"omitted":	false,
					"sender":	true
				}],
			"sum":	{
				"start":	60.000079,
				"end":	90.000099,
				"seconds":	30.000019073486328,
				"bytes":	30000021504,
				"bits_per_second":	8000000648.1365671,
				"retransmits":	0,
				"omitted":	false,
				"sender":	true
			}
		}],
	"end":	{
		"streams":	[{
				"sender":	{
					"socket":	5,
					"start":	0,
					"end":	90.000099,
					"seconds":	90.000099,
					"bytes":	89999278080,
					"bits_per_second":	7999927029.4136,
					"retransmits":	0,
					"max_snd_cwnd":	3134920,
					"max_rtt":	599,
					"min_rtt":	560,
					"mean_rtt":	579,
					"sender":	true
				},
				"receiver":	{
					"socket":	5,
					"start":	0,
					"end":	90.000242,
					"seconds":	90.000099,
					"bytes":	89999278080,
					"bits_per_second":	7999914318.45261,
					"sender":	true
				}
			}],
		"sum_sent":	{
			"start":	0,
			"end":	90.000099,
			"seconds":	90.000099,
			"bytes":	89999278080,
			"bits_per_second":	7999927029.4136,
			"retransmits":	0,
			"sender":	true
		},
		"sum_received":	{
			"start":	0,
			"end":	90.000242,
			"seconds":	90.000242,
			"bytes":	89999278080,
			"bits_per_second":	7999914318.45261,
			"sender":	true
		},
		"cpu_utilization_percent":	{
			"host_total":	36.0799243425183,
			"host_user":	0.94855511016159155,
			"host_system":	35.131370343437361,
			"remote_total":	45.100198145078146,
			"remote_user":	5.48492209310681,
			"remote_system":	39.615276051971335
		},
		"sender_tcp_congestion":	"cubic",
		"receiver_tcp_congestion":	"reno"
	}
}
