{
	"start":	{
		"connected":	[{
				"socket":	5,
				"local_host":	"10.0.1.1",
				"local_port":	38060,
				"remote_host":	"10.0.0.1",
				"remote_port":	5201
			}],
		"version":	"iperf 3.9+",
		"system_info":	"Linux han-3 5.10.0 #9 SMP PREEMPT Tue Feb 23 15:01:43 PST 2021 x86_64",
		"timestamp":	{
			"time":	"Fri, 01 Mar 2024 08:00:38 GMT",
			"timesecs":	1709280038
		},
		"connecting_to":	{
			"host":	"10.0.0.1",
			"port":	5201
		},
		"cookie":	"ql3go6kabtmaf5cm7edu2tawxstlpupzsfxl",
		"tcp_mss_default":	1448,
		"target_bitrate":	3000000000,
		"sock_bufsize":	0,
		"sndbuf_actual":	16384,
		"rcvbuf_actual":	131072,
		"test_start":	{
			"protocol":	"TCP",
			"num_streams":	1,
			"blksize":	131072,
			"omit":	0,
			"duration":	10,
			"bytes":	0,
			"blocks":	0,
			"reverse":	0,
			"tos":	0
		}
	},
	"intervals":	[{
			"streams":	[{
					"socket":	5,
					"start":	0,
					"end":	10.000078,
					"seconds":	10.000078201293945,
					"bytes":	3749707776,
					"bits_per_second":	2999742762.4234476,
					"retransmits":	0,
					"snd_cwnd":	540104,
					"rtt":	337,
					"rttvar":	50,
					"pmtu":	9000,
					"omitted":	false,
					"sender":	true
				}],
			"sum":	{
				"start":	0,
				"end":	10.000078,
				"seconds":	10.000078201293945,
				"bytes":	3749707776,
				"bits_per_second":	2999742762.4234476,
				"retransmits":	0,
				"omitted":	false,
				"sender":	true
			}
		}],
	"end":	{
		"streams":	[{
				"sender":	{
					"socket":	5,
					"start":	0,
					"end":	10.000078,
					"seconds":	10.000078,
					"bytes":	3749707776,
					"bits_per_second":	2999742822.8059821,
					"retransmits":	0,
					"max_snd_cwnd":	540104,
					"max_rtt":	337,
					"min_rtt":	337,
					"mean_rtt":	337,
					"sender":	true
				},
				"receiver":	{
					"socket":	5,
					"start":	0,
					"end":	10.000275,
					"seconds":	10.000078,
					"bytes":	3749707776,
					"bits_per_second":	2999683729.4974389,
					"sender":	true
				}
			}],
		"sum_sent":	{
			"start":	0,
			"end":	10.000078,
			"seconds":	10.000078,
			"bytes":	3749707776,
			"bits_per_second":	2999742822.8059821,
			"retransmits":	0,
			"sender":	true
		},
		"sum_received":	{
			"start":	0,
			"end":	10.000275,
			"seconds":	10.000275,
			"bytes":	3749707776,
			"bits_per_second":	2999683729.4974389,
			"sender":	true
		},
		"cpu_utilization_percent":	{
			"host_total":	12.553125909467683,
			"host_user":	2.0885352010419083,
			"host_system":	10.464600706009358,
			"remote_total":	27.3187031212772,
			"remote_user":	0,
			"remote_system":	27.3187031212772
		},
		"sender_tcp_congestion":	"cubic",
		"receiver_tcp_congestion":	"reno"
	}
}
