{
	"start":	{
		"connected":	[{
				"socket":	5,
				"local_host":	"10.0.1.1",
				"local_port":	37918,
				"remote_host":	"10.0.0.1",
				"remote_port":	5201
			}],
		"version":	"iperf 3.9+",
		"system_info":	"Linux han-3 5.10.0 #9 SMP PREEMPT Tue Feb 23 15:01:43 PST 2021 x86_64",
		"timestamp":	{
			"time":	"Fri, 01 Mar 2024 07:15:26 GMT",
			"timesecs":	1709277326
		},
		"connecting_to":	{
			"host":	"10.0.0.1",
			"port":	5201
		},
		"cookie":	"mzg2pikyfx6eqfe4qoschfmajndnzk3y2ap4",
		"tcp_mss_default":	1448,
		"target_bitrate":	2000000000,
		"sock_bufsize":	0,
		"sndbuf_actual":	16384,
		"rcvbuf_actual":	131072,
		"test_start":	{
			"protocol":	"TCP",
			"num_streams":	1,
			"blksize":	131072,
			"omit":	0,
			"duration":	80,
			"bytes":	0,
			"blocks":	0,
			"reverse":	0,
			"tos":	0
		}
	},
	"intervals":	[{
			"streams":	[{
					"socket":	5,
					"start":	0,
					"end":	60.000108,
					"seconds":	60.000106811523438,
					"bytes":	14999879680,
					"bits_per_second":	1999980396.9841158,
					"retransmits":	0,
					"snd_cwnd":	716760,
					"rtt":	290,
					"rttvar":	52,
					"pmtu":	9000,
					"omitted":	false,
					"sender":	true
				}],
			"sum":	{
				"start":	0,
				"end":	60.000108,
				"seconds":	60.000106811523438,
				"bytes":	14999879680,
				"bits_per_second":	1999980396.9841158,
				"retransmits":	0,
				"omitted":	false,
				"sender":	true
			}
		}, {
			"streams":	[{
					"socket":	5,
					"start":	60.000108,
					"end":	80.000126,
					"seconds":	20.0000171661377,
					"bytes":	5000003584,
					"bits_per_second":	1999999716.9864733,
					"retransmits":	0,
					"snd_cwnd":	716760,
					"rtt":	261,
					"rttvar":	40,
					"pmtu":	9000,
					"omitted":	false,
					"sender":	true
				}],
			"sum":	{
				"start":	60.000108,
				"end":	80.000126,
				"seconds":	20.0000171661377,
				"bytes":	5000003584,
				"bits_per_second":	1999999716.9864733,
				"retransmits":	0,
				"omitted":	false,
				"sender":	true
			}
		}],
	"end":	{
		"streams":	[{
				"sender":	{
					"socket":	5,
					"start":	0,
					"end":	80.000126,
					"seconds":	80.000126,
					"bytes":	19999883264,
					"bits_per_second":	1999985176.4233472,
					"retransmits":	0,
					"max_snd_cwnd":	716760,
					"max_rtt":	290,
					"min_rtt":	261,
					"mean_rtt":	275,
					"sender":	true
				},
				"receiver":	{
					"socket":	5,
					"start":	0,
					"end":	80.000121,
					"seconds":	80.000126,
					"bytes":	19999883264,
					"bits_per_second":	1999985301.4222317,
					"sender":	true
				}
			}],
		"sum_sent":	{
			"start":	0,
			"end":	80.000126,
			"seconds":	80.000126,
			"bytes":	19999883264,
			"bits_per_second":	1999985176.4233472,
			"retransmits":	0,
			"sender":	true
		},
		"sum_received":	{
			"start":	0,
			"end":	80.000121,
			"seconds":	80.000121,
			"bytes":	19999883264,
			"bits_per_second":	1999985301.4222317,
			"sender":	true
		},
		"cpu_utilization_percent":	{
			"host_total":	10.280384006696593,
			"host_user":	1.5975833942804183,
			"host_system":	8.6828018623777545,
			"remote_total":	21.166766020194167,
			"remote_user":	1.2007044523205503,
			"remote_system":	19.966060318667488
		},
		"sender_tcp_congestion":	"cubic",
		"receiver_tcp_congestion":	"reno"
	}
}
