{
	"start":	{
		"connected":	[{
				"socket":	5,
				"local_host":	"10.0.1.1",
				"local_port":	38980,
				"remote_host":	"10.0.0.1",
				"remote_port":	5201
			}],
		"version":	"iperf 3.9+",
		"system_info":	"Linux han-3 5.10.0 #9 SMP PREEMPT Tue Feb 23 15:01:43 PST 2021 x86_64",
		"timestamp":	{
			"time":	"Fri, 01 Mar 2024 11:06:19 GMT",
			"timesecs":	1709291179
		},
		"connecting_to":	{
			"host":	"10.0.0.1",
			"port":	5201
		},
		"cookie":	"ccx4bjyztbzctgcwv6tgun6wzi2k24vhstwk",
		"tcp_mss_default":	1448,
		"target_bitrate":	5000000000,
		"sock_bufsize":	0,
		"sndbuf_actual":	16384,
		"rcvbuf_actual":	131072,
		"test_start":	{
			"protocol":	"TCP",
			"num_streams":	1,
			"blksize":	131072,
			"omit":	0,
			"duration":	20,
			"bytes":	0,
			"blocks":	0,
			"reverse":	0,
			"tos":	0
		}
	},
	"intervals":	[{
			"streams":	[{
					"socket":	5,
					"start":	0,
					"end":	20.000079,
					"seconds":	20.000078201293945,
					"bytes":	12499550208,
					"bits_per_second":	4999800533.65644,
					"retransmits":	0,
					"snd_cwnd":	861560,
					"rtt":	403,
					"rttvar":	96,
					"pmtu":	9000,
					"omitted":	false,
					"sender":	true
				}],
			"sum":	{
				"start":	0,
				"end":	20.000079,
				"seconds":	20.000078201293945,
				"bytes":	12499550208,
				"bits_per_second":	4999800533.65644,
				"retransmits":	0,
				"omitted":	false,
				"sender":	true
			}
		}],
	"end":	{
		"streams":	[{
				"sender":	{
					"socket":	5,
					"start":	0,
					"end":	20.000079,
					"seconds":	20.000079,
					"bytes":	12499550208,
					"bits_per_second":	4999800333.98868,
					"retransmits":	0,
					"max_snd_cwnd":	861560,
					"max_rtt":	403,
					"min_rtt":	403,
					"mean_rtt":	403,
					"sender":	true
				},
				"receiver":	{
					"socket":	5,
					"start":	0,
					"end":	20.00014,
					"seconds":	20.000079,
					"bytes":	12499550208,
					"bits_per_second":	4999785084.7044077,
					"sender":	true
				}
			}],
		"sum_sent":	{
			"start":	0,
			"end":	20.000079,
			"seconds":	20.000079,
			"bytes":	12499550208,
			"bits_per_second":	4999800333.98868,
			"retransmits":	0,
			"sender":	true
		},
		"sum_received":	{
			"start":	0,
			"end":	20.00014,
			"seconds":	20.00014,
			"bytes":	12499550208,
			"bits_per_second":	4999785084.7044077,
			"sender":	true
		},
		"cpu_utilization_percent":	{
			"host_total":	16.887084145029789,
			"host_user":	0,
			"host_system":	16.887084145029789,
			"remote_total":	36.711990049579981,
			"remote_user":	10.55302389786082,
			"remote_system":	26.158961162739569
		},
		"sender_tcp_congestion":	"cubic",
		"receiver_tcp_congestion":	"reno"
	}
}
