{
	"start":	{
		"connected":	[{
				"socket":	5,
				"local_host":	"10.0.1.1",
				"local_port":	38126,
				"remote_host":	"10.0.0.1",
				"remote_port":	5201
			}],
		"version":	"iperf 3.9+",
		"system_info":	"Linux han-3 5.10.0 #9 SMP PREEMPT Tue Feb 23 15:01:43 PST 2021 x86_64",
		"timestamp":	{
			"time":	"Fri, 01 Mar 2024 08:04:29 GMT",
			"timesecs":	1709280269
		},
		"connecting_to":	{
			"host":	"10.0.0.1",
			"port":	5201
		},
		"cookie":	"2p2nfbeod375tf6z2dffxotx3ecqrhzv2h3d",
		"tcp_mss_default":	1448,
		"target_bitrate":	3000000000,
		"sock_bufsize":	0,
		"sndbuf_actual":	16384,
		"rcvbuf_actual":	131072,
		"test_start":	{
			"protocol":	"TCP",
			"num_streams":	1,
			"blksize":	131072,
			"omit":	0,
			"duration":	20,
			"bytes":	0,
			"blocks":	0,
			"reverse":	0,
			"tos":	0
		}
	},
	"intervals":	[{
			"streams":	[{
					"socket":	5,
					"start":	0,
					"end":	20.000077,
					"seconds":	20.000076293945312,
					"bytes":	7499808768,
					"bits_per_second":	2999912063.4436545,
					"retransmits":	0,
					"snd_cwnd":	603816,
					"rtt":	319,
					"rttvar":	71,
					"pmtu":	9000,
					"omitted":	false,
					"sender":	true
				}],
			"sum":	{
				"start":	0,
				"end":	20.000077,
				"seconds":	20.000076293945312,
				"bytes":	7499808768,
				"bits_per_second":	2999912063.4436545,
				"retransmits":	0,
				"omitted":	false,
				"sender":	true
			}
		}],
	"end":	{
		"streams":	[{
				"sender":	{
					"socket":	5,
					"start":	0,
					"end":	20.000077,
					"seconds":	20.000077,
					"bytes":	7499808768,
					"bits_per_second":	2999911957.5389633,
					"retransmits":	0,
					"max_snd_cwnd":	603816,
					"max_rtt":	319,
					"min_rtt":	319,
					"mean_rtt":	319,
					"sender":	true
				},
				"receiver":	{
					"socket":	5,
					"start":	0,
					"end":	20.00023,
					"seconds":	20.000077,
					"bytes":	7499808768,
					"bits_per_second":	2999889008.4764028,
					"sender":	true
				}
			}],
		"sum_sent":	{
			"start":	0,
			"end":	20.000077,
			"seconds":	20.000077,
			"bytes":	7499808768,
			"bits_per_second":	2999911957.5389633,
			"retransmits":	0,
			"sender":	true
		},
		"sum_received":	{
			"start":	0,
			"end":	20.00023,
			"seconds":	20.00023,
			"bytes":	7499808768,
			"bits_per_second":	2999889008.4764028,
			"sender":	true
		},
		"cpu_utilization_percent":	{
			"host_total":	14.547752900269717,
			"host_user":	1.2432277046061857,
			"host_system":	13.304520196275957,
			"remote_total":	27.703661320725637,
			"remote_user":	0,
			"remote_system":	27.703656333188992
		},
		"sender_tcp_congestion":	"cubic",
		"receiver_tcp_congestion":	"reno"
	}
}
