{
	"start":	{
		"connected":	[{
				"socket":	5,
				"local_host":	"10.0.1.1",
				"local_port":	52482,
				"remote_host":	"10.0.0.1",
				"remote_port":	5201
			}],
		"version":	"iperf 3.9+",
		"system_info":	"Linux han-3 5.10.0 #9 SMP PREEMPT Tue Feb 23 15:01:43 PST 2021 x86_64",
		"timestamp":	{
			"time":	"Sun, 03 Mar 2024 10:09:08 GMT",
			"timesecs":	1709460548
		},
		"connecting_to":	{
			"host":	"10.0.0.1",
			"port":	5201
		},
		"cookie":	"nnwkck7f7hjwtgxfifkpmntvcgzzj4mx3tvd",
		"tcp_mss_default":	1448,
		"target_bitrate":	5000000000,
		"sock_bufsize":	0,
		"sndbuf_actual":	16384,
		"rcvbuf_actual":	131072,
		"test_start":	{
			"protocol":	"TCP",
			"num_streams":	1,
			"blksize":	131072,
			"omit":	0,
			"duration":	90,
			"bytes":	0,
			"blocks":	0,
			"reverse":	0,
			"tos":	0
		}
	},
	"intervals":	[{
			"streams":	[{
					"socket":	5,
					"start":	0,
					"end":	60.000068,
					"seconds":	60.000068664550781,
					"bytes":	37499568128,
					"bits_per_second":	4999936695.093215,
					"retransmits":	0,
					"snd_cwnd":	803640,
					"rtt":	426,
					"rttvar":	125,
					"pmtu":	9000,
					"omitted":	false,
					"sender":	true
				}],
			"sum":	{
				"start":	0,
				"end":	60.000068,
				"seconds":	60.000068664550781,
				"bytes":	37499568128,
				"bits_per_second":	4999936695.093215,
				"retransmits":	0,
				"omitted":	false,
				"sender":	true
			}
		}, {
			"streams":	[{
					"socket":	5,
					"start":	60.000068,
					"end":	90.000084,
					"seconds":	30.000015258789062,
					"bytes":	18749980672,
					"bits_per_second":	4999992302.73907,
					"retransmits":	0,
					"snd_cwnd":	803640,
					"rtt":	426,
					"rttvar":	119,
					"pmtu":	9000,
					"omitted":	false,
					"sender":	true
				}],
			"sum":	{
				"start":	60.000068,
				"end":	90.000084,
				"seconds":	30.000015258789062,
				"bytes":	18749980672,
				"bits_per_second":	4999992302.73907,
				"retransmits":	0,
				"omitted":	false,
				"sender":	true
			}
		}],
	"end":	{
		"streams":	[{
				"sender":	{
					"socket":	5,
					"start":	0,
					"end":	90.000084,
					"seconds":	90.000084,
					"bytes":	56249548800,
					"bits_per_second":	4999955226.7084551,
					"retransmits":	0,
					"max_snd_cwnd":	803640,
					"max_rtt":	426,
					"min_rtt":	426,
					"mean_rtt":	426,
					"sender":	true
				},
				"receiver":	{
					"socket":	5,
					"start":	0,
					"end":	90.000375,
					"seconds":	90.000084,
					"bytes":	56249548800,
					"bits_per_second":	4999939060.2539158,
					"sender":	true
				}
			}],
		"sum_sent":	{
			"start":	0,
			"end":	90.000084,
			"seconds":	90.000084,
			"bytes":	56249548800,
			"bits_per_second":	4999955226.7084551,
			"retransmits":	0,
			"sender":	true
		},
		"sum_received":	{
			"start":	0,
			"end":	90.000375,
			"seconds":	90.000375,
			"bytes":	56249548800,
			"bits_per_second":	4999939060.2539158,
			"sender":	true
		},
		"cpu_utilization_percent":	{
			"host_total":	16.131798415665223,
			"host_user":	2.0167346556518848,
			"host_system":	14.115063760013339,
			"remote_total":	37.576243076224223,
			"remote_user":	2.4326665252426589,
			"remote_system":	35.1435754406125
		},
		"sender_tcp_congestion":	"cubic",
		"receiver_tcp_congestion":	"reno"
	}
}
