{
	"start":	{
		"connected":	[{
				"socket":	5,
				"local_host":	"10.0.1.1",
				"local_port":	49612,
				"remote_host":	"10.0.0.1",
				"remote_port":	5201
			}],
		"version":	"iperf 3.9+",
		"system_info":	"Linux han-3 5.10.0 #9 SMP PREEMPT Tue Feb 23 15:01:43 PST 2021 x86_64",
		"timestamp":	{
			"time":	"Sun, 03 Mar 2024 00:06:30 GMT",
			"timesecs":	1709424390
		},
		"connecting_to":	{
			"host":	"10.0.0.1",
			"port":	5201
		},
		"cookie":	"6uv2jgo3b4m7krt4ewsachecpmkt25shbi54",
		"tcp_mss_default":	1448,
		"target_bitrate":	9000000000,
		"sock_bufsize":	0,
		"sndbuf_actual":	16384,
		"rcvbuf_actual":	131072,
		"test_start":	{
			"protocol":	"TCP",
			"num_streams":	1,
			"blksize":	131072,
			"omit":	0,
			"duration":	50,
			"bytes":	0,
			"blocks":	0,
			"reverse":	0,
			"tos":	0
		}
	},
	"intervals":	[{
			"streams":	[{
					"socket":	5,
					"start":	0,
					"end":	50.000307,
					"seconds":	50.00030517578125,
					"bytes":	54460940288,
					"bits_per_second":	8713697261.89261,
					"retransmits":	0,
					"snd_cwnd":	2981432,
					"rtt":	1090,
					"rttvar":	50,
					"pmtu":	9000,
					"omitted":	false,
					"sender":	true
				}],
			"sum":	{
				"start":	0,
				"end":	50.000307,
				"seconds":	50.00030517578125,
				"bytes":	54460940288,
				"bits_per_second":	8713697261.89261,
				"retransmits":	0,
				"omitted":	false,
				"sender":	true
			}
		}],
	"end":	{
		"streams":	[{
				"sender":	{
					"socket":	5,
					"start":	0,
					"end":	50.000307,
					"seconds":	50.000307,
					"bytes":	54460940288,
					"bits_per_second":	8713696943.9807644,
					"retransmits":	0,
					"max_snd_cwnd":	2981432,
					"max_rtt":	1090,
					"min_rtt":	1090,
					"mean_rtt":	1090,
					"sender":	true
				},
				"receiver":	{
					"socket":	5,
					"start":	0,
					"end":	50.000529,
					"seconds":	50.000307,
					"bytes":	54458698600,
					"bits_per_second":	8713299589.2903461,
					"sender":	true
				}
			}],
		"sum_sent":	{
			"start":	0,
			"end":	50.000307,
			"seconds":	50.000307,
			"bytes":	54460940288,
			"bits_per_second":	8713696943.9807644,
			"retransmits":	0,
			"sender":	true
		},
		"sum_received":	{
			"start":	0,
			"end":	50.000529,
			"seconds":	50.000529,
			"bytes":	54458698600,
			"bits_per_second":	8713299589.2903461,
			"sender":	true
		},
		"cpu_utilization_percent":	{
			"host_total":	89.798385793614273,
			"host_user":	2.2250175031150428,
			"host_system":	87.5733742901959,
			"remote_total":	46.376534051669672,
			"remote_user":	2.0494359987277244,
			"remote_system":	44.327096056024864
		},
		"sender_tcp_congestion":	"cubic",
		"receiver_tcp_congestion":	"reno"
	}
}
