{
	"start":	{
		"connected":	[{
				"socket":	5,
				"local_host":	"10.0.1.1",
				"local_port":	53708,
				"remote_host":	"10.0.0.1",
				"remote_port":	5201
			}],
		"version":	"iperf 3.9+",
		"system_info":	"Linux han-3 5.10.0 #9 SMP PREEMPT Tue Feb 23 15:01:43 PST 2021 x86_64",
		"timestamp":	{
			"time":	"Sun, 03 Mar 2024 14:16:43 GMT",
			"timesecs":	1709475403
		},
		"connecting_to":	{
			"host":	"10.0.0.1",
			"port":	5201
		},
		"cookie":	"2ptq6qfchriiryp6l4qbavzkzsvld2l2uds2",
		"tcp_mss_default":	1448,
		"target_bitrate":	8000000000,
		"sock_bufsize":	0,
		"sndbuf_actual":	16384,
		"rcvbuf_actual":	131072,
		"test_start":	{
			"protocol":	"TCP",
			"num_streams":	1,
			"blksize":	131072,
			"omit":	0,
			"duration":	70,
			"bytes":	0,
			"blocks":	0,
			"reverse":	0,
			"tos":	0
		}
	},
	"intervals":	[{
			"streams":	[{
					"socket":	5,
					"start":	0,
					"end":	60.000066,
					"seconds":	60.000064849853516,
					"bytes":	59999387648,
					"bits_per_second":	7999909706.5171232,
					"retransmits":	0,
					"snd_cwnd":	1248176,
					"rtt":	547,
					"rttvar":	167,
					"pmtu":	9000,
					"omitted":	false,
					"sender":	true
				}],
			"sum":	{
				"start":	0,
				"end":	60.000066,
				"seconds":	60.000064849853516,
				"bytes":	59999387648,
				"bits_per_second":	7999909706.5171232,
				"retransmits":	0,
				"omitted":	false,
				"sender":	true
			}
		}, {
			"streams":	[{
					"socket":	5,
					"start":	60.000066,
					"end":	70.000084,
					"seconds":	10.000018119812012,
					"bytes":	9999876096,
					"bits_per_second":	7999886381.1562662,
					"retransmits":	0,
					"snd_cwnd":	1248176,
					"rtt":	519,
					"rttvar":	129,
					"pmtu":	9000,
					"omitted":	false,
					"sender":	true
				}],
			"sum":	{
				"start":	60.000066,
				"end":	70.000084,
				"seconds":	10.000018119812012,
				"bytes":	9999876096,
				"bits_per_second":	7999886381.1562662,
				"retransmits":	0,
				"omitted":	false,
				"sender":	true
			}
		}],
	"end":	{
		"streams":	[{
				"sender":	{
					"socket":	5,
					"start":	0,
					"end":	70.000084,
					"seconds":	70.000084,
					"bytes":	69999263744,
					"bits_per_second":	7999906256.5696344,
					"retransmits":	0,
					"max_snd_cwnd":	1248176,
					"max_rtt":	547,
					"min_rtt":	519,
					"mean_rtt":	533,
					"sender":	true
				},
				"receiver":	{
					"socket":	5,
					"start":	0,
					"end":	70.000672,
					"seconds":	70.000084,
					"bytes":	69999263744,
					"bits_per_second":	7999839058.0021868,
					"sender":	true
				}
			}],
		"sum_sent":	{
			"start":	0,
			"end":	70.000084,
			"seconds":	70.000084,
			"bytes":	69999263744,
			"bits_per_second":	7999906256.5696344,
			"retransmits":	0,
			"sender":	true
		},
		"sum_received":	{
			"start":	0,
			"end":	70.000672,
			"seconds":	70.000672,
			"bytes":	69999263744,
			"bits_per_second":	7999839058.0021868,
			"sender":	true
		},
		"cpu_utilization_percent":	{
			"host_total":	25.866596272896729,
			"host_user":	15.518826374070253,
			"host_system":	10.347769898826478,
			"remote_total":	44.4912611697788,
			"remote_user":	2.9624395203470177,
			"remote_system":	41.528823076916048
		},
		"sender_tcp_congestion":	"cubic",
		"receiver_tcp_congestion":	"reno"
	}
}
