{
	"start":	{
		"connected":	[{
				"socket":	5,
				"local_host":	"10.0.1.1",
				"local_port":	43352,
				"remote_host":	"10.0.0.1",
				"remote_port":	5201
			}],
		"version":	"iperf 3.9+",
		"system_info":	"Linux han-3 5.10.0 #9 SMP PREEMPT Tue Feb 23 15:01:43 PST 2021 x86_64",
		"timestamp":	{
			"time":	"Sat, 02 Mar 2024 02:23:52 GMT",
			"timesecs":	1709346232
		},
		"connecting_to":	{
			"host":	"10.0.0.1",
			"port":	5201
		},
		"cookie":	"cgoozp5jguaqeogjit4aqswrulopu4p6itom",
		"tcp_mss_default":	1448,
		"target_bitrate":	5000000000,
		"sock_bufsize":	0,
		"sndbuf_actual":	16384,
		"rcvbuf_actual":	131072,
		"test_start":	{
			"protocol":	"TCP",
			"num_streams":	1,
			"blksize":	131072,
			"omit":	0,
			"duration":	20,
			"bytes":	0,
			"blocks":	0,
			"reverse":	0,
			"tos":	0
		}
	},
	"intervals":	[{
			"streams":	[{
					"socket":	5,
					"start":	0,
					"end":	20.000074,
					"seconds":	20.00007438659668,
					"bytes":	12499550208,
					"bits_per_second":	4999801487.2891645,
					"retransmits":	0,
					"snd_cwnd":	925272,
					"rtt":	388,
					"rttvar":	125,
					"pmtu":	9000,
					"omitted":	false,
					"sender":	true
				}],
			"sum":	{
				"start":	0,
				"end":	20.000074,
				"seconds":	20.00007438659668,
				"bytes":	12499550208,
				"bits_per_second":	4999801487.2891645,
				"retransmits":	0,
				"omitted":	false,
				"sender":	true
			}
		}],
	"end":	{
		"streams":	[{
				"sender":	{
					"socket":	5,
					"start":	0,
					"end":	20.000074,
					"seconds":	20.000074,
					"bytes":	12499550208,
					"bits_per_second":	4999801583.93414,
					"retransmits":	0,
					"max_snd_cwnd":	925272,
					"max_rtt":	388,
					"min_rtt":	388,
					"mean_rtt":	388,
					"sender":	true
				},
				"receiver":	{
					"socket":	5,
					"start":	0,
					"end":	20.000195,
					"seconds":	20.000074,
					"bytes":	12499550208,
					"bits_per_second":	4999771335.42948,
					"sender":	true
				}
			}],
		"sum_sent":	{
			"start":	0,
			"end":	20.000074,
			"seconds":	20.000074,
			"bytes":	12499550208,
			"bits_per_second":	4999801583.93414,
			"retransmits":	0,
			"sender":	true
		},
		"sum_received":	{
			"start":	0,
			"end":	20.000195,
			"seconds":	20.000195,
			"bytes":	12499550208,
			"bits_per_second":	4999771335.42948,
			"sender":	true
		},
		"cpu_utilization_percent":	{
			"host_total":	19.826218168136052,
			"host_user":	4.953843591051907,
			"host_system":	14.872369577635586,
			"remote_total":	36.814553880477973,
			"remote_user":	0,
			"remote_system":	36.814553880477973
		},
		"sender_tcp_congestion":	"cubic",
		"receiver_tcp_congestion":	"reno"
	}
}
