{
	"start":	{
		"connected":	[{
				"socket":	5,
				"local_host":	"10.0.1.1",
				"local_port":	42314,
				"remote_host":	"10.0.0.1",
				"remote_port":	5201
			}],
		"version":	"iperf 3.9+",
		"system_info":	"Linux han-3 5.10.0 #9 SMP PREEMPT Tue Feb 23 15:01:43 PST 2021 x86_64",
		"timestamp":	{
			"time":	"Fri, 01 Mar 2024 22:39:38 GMT",
			"timesecs":	1709332778
		},
		"connecting_to":	{
			"host":	"10.0.0.1",
			"port":	5201
		},
		"cookie":	"fqq7zlzpevhkcp6m32ck3o3p5rqs7mzxxoen",
		"tcp_mss_default":	1448,
		"target_bitrate":	2000000000,
		"sock_bufsize":	0,
		"sndbuf_actual":	16384,
		"rcvbuf_actual":	131072,
		"test_start":	{
			"protocol":	"TCP",
			"num_streams":	1,
			"blksize":	131072,
			"omit":	0,
			"duration":	80,
			"bytes":	0,
			"blocks":	0,
			"reverse":	0,
			"tos":	0
		}
	},
	"intervals":	[{
			"streams":	[{
					"socket":	5,
					"start":	0,
					"end":	60.000069,
					"seconds":	60.000068664550781,
					"bytes":	14999879680,
					"bits_per_second":	1999981668.5359526,
					"retransmits":	0,
					"snd_cwnd":	408336,
					"rtt":	292,
					"rttvar":	58,
					"pmtu":	9000,
					"omitted":	false,
					"sender":	true
				}],
			"sum":	{
				"start":	0,
				"end":	60.000069,
				"seconds":	60.000068664550781,
				"bytes":	14999879680,
				"bits_per_second":	1999981668.5359526,
				"retransmits":	0,
				"omitted":	false,
				"sender":	true
			}
		}, {
			"streams":	[{
					"socket":	5,
					"start":	60.000069,
					"end":	80.000073,
					"seconds":	20.000003814697266,
					"bytes":	5000003584,
					"bits_per_second":	2000001052.1300728,
					"retransmits":	0,
					"snd_cwnd":	408336,
					"rtt":	280,
					"rttvar":	47,
					"pmtu":	9000,
					"omitted":	false,
					"sender":	true
				}],
			"sum":	{
				"start":	60.000069,
				"end":	80.000073,
				"seconds":	20.000003814697266,
				"bytes":	5000003584,
				"bits_per_second":	2000001052.1300728,
				"retransmits":	0,
				"omitted":	false,
				"sender":	true
			}
		}],
	"end":	{
		"streams":	[{
				"sender":	{
					"socket":	5,
					"start":	0,
					"end":	80.000073,
					"seconds":	80.000073,
					"bytes":	19999883264,
					"bits_per_second":	1999986501.4123175,
					"retransmits":	0,
					"max_snd_cwnd":	408336,
					"max_rtt":	292,
					"min_rtt":	280,
					"mean_rtt":	286,
					"sender":	true
				},
				"receiver":	{
					"socket":	5,
					"start":	0,
					"end":	80.00033,
					"seconds":	80.000073,
					"bytes":	19999883264,
					"bits_per_second":	1999980076.4821844,
					"sender":	true
				}
			}],
		"sum_sent":	{
			"start":	0,
			"end":	80.000073,
			"seconds":	80.000073,
			"bytes":	19999883264,
			"bits_per_second":	1999986501.4123175,
			"retransmits":	0,
			"sender":	true
		},
		"sum_received":	{
			"start":	0,
			"end":	80.00033,
			"seconds":	80.00033,
			"bytes":	19999883264,
			"bits_per_second":	1999980076.4821844,
			"sender":	true
		},
		"cpu_utilization_percent":	{
			"host_total":	12.322937301971693,
			"host_user":	0.12891354879972927,
			"host_system":	12.194022503210276,
			"remote_total":	21.319149783437226,
			"remote_user":	1.5441505316526609,
			"remote_system":	19.774996753569411
		},
		"sender_tcp_congestion":	"cubic",
		"receiver_tcp_congestion":	"reno"
	}
}
