{
	"start":	{
		"connected":	[{
				"socket":	5,
				"local_host":	"10.0.1.1",
				"local_port":	42230,
				"remote_host":	"10.0.0.1",
				"remote_port":	5201
			}],
		"version":	"iperf 3.9+",
		"system_info":	"Linux han-3 5.10.0 #9 SMP PREEMPT Tue Feb 23 15:01:43 PST 2021 x86_64",
		"timestamp":	{
			"time":	"Fri, 01 Mar 2024 22:17:17 GMT",
			"timesecs":	1709331437
		},
		"connecting_to":	{
			"host":	"10.0.0.1",
			"port":	5201
		},
		"cookie":	"5jddofrymdilxl3fldkpm62f367ghx2h3uvy",
		"tcp_mss_default":	1448,
		"target_bitrate":	2000000000,
		"sock_bufsize":	0,
		"sndbuf_actual":	16384,
		"rcvbuf_actual":	131072,
		"test_start":	{
			"protocol":	"TCP",
			"num_streams":	1,
			"blksize":	131072,
			"omit":	0,
			"duration":	60,
			"bytes":	0,
			"blocks":	0,
			"reverse":	0,
			"tos":	0
		}
	},
	"intervals":	[{
			"streams":	[{
					"socket":	5,
					"start":	0,
					"end":	60.000125,
					"seconds":	60.000125885009766,
					"bytes":	14999879680,
					"bits_per_second":	1999979761.2088039,
					"retransmits":	0,
					"snd_cwnd":	409784,
					"rtt":	302,
					"rttvar":	52,
					"pmtu":	9000,
					"omitted":	false,
					"sender":	true
				}],
			"sum":	{
				"start":	0,
				"end":	60.000125,
				"seconds":	60.000125885009766,
				"bytes":	14999879680,
				"bits_per_second":	1999979761.2088039,
				"retransmits":	0,
				"omitted":	false,
				"sender":	true
			}
		}],
	"end":	{
		"streams":	[{
				"sender":	{
					"socket":	5,
					"start":	0,
					"end":	60.000125,
					"seconds":	60.000125,
					"bytes":	14999879680,
					"bits_per_second":	1999979790.7087696,
					"retransmits":	0,
					"max_snd_cwnd":	409784,
					"max_rtt":	302,
					"min_rtt":	302,
					"mean_rtt":	302,
					"sender":	true
				},
				"receiver":	{
					"socket":	5,
					"start":	0,
					"end":	60.00039,
					"seconds":	60.000125,
					"bytes":	14999879680,
					"bits_per_second":	1999970957.5221093,
					"sender":	true
				}
			}],
		"sum_sent":	{
			"start":	0,
			"end":	60.000125,
			"seconds":	60.000125,
			"bytes":	14999879680,
			"bits_per_second":	1999979790.7087696,
			"retransmits":	0,
			"sender":	true
		},
		"sum_received":	{
			"start":	0,
			"end":	60.00039,
			"seconds":	60.00039,
			"bytes":	14999879680,
			"bits_per_second":	1999970957.5221093,
			"sender":	true
		},
		"cpu_utilization_percent":	{
			"host_total":	9.9855075719678261,
			"host_user":	3.9919774499566416,
			"host_system":	5.993531788612076,
			"remote_total":	20.910319833377347,
			"remote_user":	0.855491187797852,
			"remote_system":	20.054826980431969
		},
		"sender_tcp_congestion":	"cubic",
		"receiver_tcp_congestion":	"reno"
	}
}
