{
	"start":	{
		"connected":	[{
				"socket":	5,
				"local_host":	"10.0.1.1",
				"local_port":	49398,
				"remote_host":	"10.0.0.1",
				"remote_port":	5201
			}],
		"version":	"iperf 3.9+",
		"system_info":	"Linux han-3 5.10.0 #9 SMP PREEMPT Tue Feb 23 15:01:43 PST 2021 x86_64",
		"timestamp":	{
			"time":	"Sat, 02 Mar 2024 23:38:07 GMT",
			"timesecs":	1709422687
		},
		"connecting_to":	{
			"host":	"10.0.0.1",
			"port":	5201
		},
		"cookie":	"syaezrkwgdoef7eqoipzd2mai6u7fsjzpsyr",
		"tcp_mss_default":	1448,
		"target_bitrate":	8000000000,
		"sock_bufsize":	0,
		"sndbuf_actual":	16384,
		"rcvbuf_actual":	131072,
		"test_start":	{
			"protocol":	"TCP",
			"num_streams":	1,
			"blksize":	131072,
			"omit":	0,
			"duration":	100,
			"bytes":	0,
			"blocks":	0,
			"reverse":	0,
			"tos":	0
		}
	},
	"intervals":	[{
			"streams":	[{
					"socket":	5,
					"start":	0,
					"end":	60.000075,
					"seconds":	60.000076293945312,
					"bytes":	59999518720,
					"bits_per_second":	7999925656.901824,
					"retransmits":	0,
					"snd_cwnd":	2929304,
					"rtt":	538,
					"rttvar":	138,
					"pmtu":	9000,
					"omitted":	false,
					"sender":	true
				}],
			"sum":	{
				"start":	0,
				"end":	60.000075,
				"seconds":	60.000076293945312,
				"bytes":	59999518720,
				"bits_per_second":	7999925656.901824,
				"retransmits":	0,
				"omitted":	false,
				"sender":	true
			}
		}, {
			"streams":	[{
					"socket":	5,
					"start":	60.000075,
					"end":	100.000074,
					"seconds":	40,
					"bytes":	39773667328,
					"bits_per_second":	7954733465.6,
					"retransmits":	0,
					"snd_cwnd":	2929304,
					"rtt":	1119,
					"rttvar":	35,
					"pmtu":	9000,
					"omitted":	false,
					"sender":	true
				}],
			"sum":	{
				"start":	60.000075,
				"end":	100.000074,
				"seconds":	40,
				"bytes":	39773667328,
				"bits_per_second":	7954733465.6,
				"retransmits":	0,
				"omitted":	false,
				"sender":	true
			}
		}],
	"end":	{
		"streams":	[{
				"sender":	{
					"socket":	5,
					"start":	0,
					"end":	100.000074,
					"seconds":	100.000074,
					"bytes":	99773186048,
					"bits_per_second":	7981848977.2717571,
					"retransmits":	0,
					"max_snd_cwnd":	2929304,
					"max_rtt":	1119,
					"min_rtt":	538,
					"mean_rtt":	828,
					"sender":	true
				},
				"receiver":	{
					"socket":	5,
					"start":	0,
					"end":	100.000418,
					"seconds":	100.000074,
					"bytes":	99770765128,
					"bits_per_second":	7981627847.0356,
					"sender":	true
				}
			}],
		"sum_sent":	{
			"start":	0,
			"end":	100.000074,
			"seconds":	100.000074,
			"bytes":	99773186048,
			"bits_per_second":	7981848977.2717571,
			"retransmits":	0,
			"sender":	true
		},
		"sum_received":	{
			"start":	0,
			"end":	100.000418,
			"seconds":	100.000418,
			"bytes":	99770765128,
			"bits_per_second":	7981627847.0356,
			"sender":	true
		},
		"cpu_utilization_percent":	{
			"host_total":	76.448249283791029,
			"host_user":	1.7217864573843475,
			"host_system":	74.7264638263808,
			"remote_total":	44.242838479229981,
			"remote_user":	4.5115404627121416,
			"remote_system":	39.731298016517833
		},
		"sender_tcp_congestion":	"cubic",
		"receiver_tcp_congestion":	"reno"
	}
}
