{
	"start":	{
		"connected":	[{
				"socket":	5,
				"local_host":	"10.0.1.1",
				"local_port":	39180,
				"remote_host":	"10.0.0.1",
				"remote_port":	5201
			}],
		"version":	"iperf 3.9+",
		"system_info":	"Linux han-3 5.10.0 #9 SMP PREEMPT Tue Feb 23 15:01:43 PST 2021 x86_64",
		"timestamp":	{
			"time":	"Fri, 01 Mar 2024 11:38:01 GMT",
			"timesecs":	1709293081
		},
		"connecting_to":	{
			"host":	"10.0.0.1",
			"port":	5201
		},
		"cookie":	"45kn34h6q7monjr56rv3lcbvqrwqalyxqwrb",
		"tcp_mss_default":	1448,
		"target_bitrate":	5000000000,
		"sock_bufsize":	0,
		"sndbuf_actual":	16384,
		"rcvbuf_actual":	131072,
		"test_start":	{
			"protocol":	"TCP",
			"num_streams":	1,
			"blksize":	131072,
			"omit":	0,
			"duration":	60,
			"bytes":	0,
			"blocks":	0,
			"reverse":	0,
			"tos":	0
		}
	},
	"intervals":	[{
			"streams":	[{
					"socket":	5,
					"start":	0,
					"end":	60.000074,
					"seconds":	60.000072479248047,
					"bytes":	37499568128,
					"bits_per_second":	4999936377.2061853,
					"retransmits":	0,
					"snd_cwnd":	806536,
					"rtt":	407,
					"rttvar":	106,
					"pmtu":	9000,
					"omitted":	false,
					"sender":	true
				}],
			"sum":	{
				"start":	0,
				"end":	60.000074,
				"seconds":	60.000072479248047,
				"bytes":	37499568128,
				"bits_per_second":	4999936377.2061853,
				"retransmits":	0,
				"omitted":	false,
				"sender":	true
			}
		}],
	"end":	{
		"streams":	[{
				"sender":	{
					"socket":	5,
					"start":	0,
					"end":	60.000074,
					"seconds":	60.000074,
					"bytes":	37499568128,
					"bits_per_second":	4999936250.4786243,
					"retransmits":	0,
					"max_snd_cwnd":	806536,
					"max_rtt":	407,
					"min_rtt":	407,
					"mean_rtt":	407,
					"sender":	true
				},
				"receiver":	{
					"socket":	5,
					"start":	0,
					"end":	60.000556,
					"seconds":	60.000074,
					"bytes":	37499568128,
					"bits_per_second":	4999896084.6962814,
					"sender":	true
				}
			}],
		"sum_sent":	{
			"start":	0,
			"end":	60.000074,
			"seconds":	60.000074,
			"bytes":	37499568128,
			"bits_per_second":	4999936250.4786243,
			"retransmits":	0,
			"sender":	true
		},
		"sum_received":	{
			"start":	0,
			"end":	60.000556,
			"seconds":	60.000556,
			"bytes":	37499568128,
			"bits_per_second":	4999896084.6962814,
			"sender":	true
		},
		"cpu_utilization_percent":	{
			"host_total":	15.641196856444903,
			"host_user":	0.59059153382972251,
			"host_system":	15.050606989215629,
			"remote_total":	30.888027254763323,
			"remote_user":	0.1305381140914143,
			"remote_system":	30.757489140671911
		},
		"sender_tcp_congestion":	"cubic",
		"receiver_tcp_congestion":	"reno"
	}
}
