{
	"start":	{
		"connected":	[{
				"socket":	5,
				"local_host":	"10.0.1.1",
				"local_port":	44530,
				"remote_host":	"10.0.0.1",
				"remote_port":	5201
			}],
		"version":	"iperf 3.9+",
		"system_info":	"Linux han-3 5.10.0 #9 SMP PREEMPT Tue Feb 23 15:01:43 PST 2021 x86_64",
		"timestamp":	{
			"time":	"Sat, 02 Mar 2024 06:28:07 GMT",
			"timesecs":	1709360887
		},
		"connecting_to":	{
			"host":	"10.0.0.1",
			"port":	5201
		},
		"cookie":	"jfsrkcp5qb4zmanixi3fngwicqxwwdfoxm3m",
		"tcp_mss_default":	1448,
		"target_bitrate":	7000000000,
		"sock_bufsize":	0,
		"sndbuf_actual":	16384,
		"rcvbuf_actual":	131072,
		"test_start":	{
			"protocol":	"TCP",
			"num_streams":	1,
			"blksize":	131072,
			"omit":	0,
			"duration":	90,
			"bytes":	0,
			"blocks":	0,
			"reverse":	0,
			"tos":	0
		}
	},
	"intervals":	[{
			"streams":	[{
					"socket":	5,
					"start":	0,
					"end":	60.000067,
					"seconds":	60.000068664550781,
					"bytes":	52499447808,
					"bits_per_second":	6999918363.6291676,
					"retransmits":	0,
					"snd_cwnd":	4313592,
					"rtt":	476,
					"rttvar":	68,
					"pmtu":	9000,
					"omitted":	false,
					"sender":	true
				}],
			"sum":	{
				"start":	0,
				"end":	60.000067,
				"seconds":	60.000068664550781,
				"bytes":	52499447808,
				"bits_per_second":	6999918363.6291676,
				"retransmits":	0,
				"omitted":	false,
				"sender":	true
			}
		}, {
			"streams":	[{
					"socket":	5,
					"start":	60.000067,
					"end":	90.000077,
					"seconds":	30.000009536743164,
					"bytes":	26249920512,
					"bits_per_second":	6999976577.9673738,
					"retransmits":	0,
					"snd_cwnd":	4313592,
					"rtt":	505,
					"rttvar":	136,
					"pmtu":	9000,
					"omitted":	false,
					"sender":	true
				}],
			"sum":	{
				"start":	60.000067,
				"end":	90.000077,
				"seconds":	30.000009536743164,
				"bytes":	26249920512,
				"bits_per_second":	6999976577.9673738,
				"retransmits":	0,
				"omitted":	false,
				"sender":	true
			}
		}],
	"end":	{
		"streams":	[{
				"sender":	{
					"socket":	5,
					"start":	0,
					"end":	90.000077,
					"seconds":	90.000077,
					"bytes":	78749368320,
					"bits_per_second":	6999937861.83094,
					"retransmits":	0,
					"max_snd_cwnd":	4313592,
					"max_rtt":	505,
					"min_rtt":	476,
					"mean_rtt":	490,
					"sender":	true
				},
				"receiver":	{
					"socket":	5,
					"start":	0,
					"end":	89.999835,
					"seconds":	90.000077,
					"bytes":	78749368320,
					"bits_per_second":	6999956683.9205866,
					"sender":	true
				}
			}],
		"sum_sent":	{
			"start":	0,
			"end":	90.000077,
			"seconds":	90.000077,
			"bytes":	78749368320,
			"bits_per_second":	6999937861.83094,
			"retransmits":	0,
			"sender":	true
		},
		"sum_received":	{
			"start":	0,
			"end":	89.999835,
			"seconds":	89.999835,
			"bytes":	78749368320,
			"bits_per_second":	6999956683.9205866,
			"sender":	true
		},
		"cpu_utilization_percent":	{
			"host_total":	38.5628773013237,
			"host_user":	1.1400180811198006,
			"host_system":	37.422858109119574,
			"remote_total":	42.8267306083452,
			"remote_user":	0.21512777797359045,
			"remote_system":	42.611606161777836
		},
		"sender_tcp_congestion":	"cubic",
		"receiver_tcp_congestion":	"reno"
	}
}
