{
	"start":	{
		"connected":	[{
				"socket":	5,
				"local_host":	"10.0.1.1",
				"local_port":	41160,
				"remote_host":	"10.0.0.1",
				"remote_port":	5201
			}],
		"version":	"iperf 3.9+",
		"system_info":	"Linux han-3 5.10.0 #9 SMP PREEMPT Tue Feb 23 15:01:43 PST 2021 x86_64",
		"timestamp":	{
			"time":	"Fri, 01 Mar 2024 18:44:24 GMT",
			"timesecs":	1709318664
		},
		"connecting_to":	{
			"host":	"10.0.0.1",
			"port":	5201
		},
		"cookie":	"hnsvop3jaee4xjsebqvxdk2dhhebs6j2jfbb",
		"tcp_mss_default":	1448,
		"target_bitrate":	10000000000,
		"sock_bufsize":	0,
		"sndbuf_actual":	16384,
		"rcvbuf_actual":	131072,
		"test_start":	{
			"protocol":	"TCP",
			"num_streams":	1,
			"blksize":	131072,
			"omit":	0,
			"duration":	20,
			"bytes":	0,
			"blocks":	0,
			"reverse":	0,
			"tos":	0
		}
	},
	"intervals":	[{
			"streams":	[{
					"socket":	5,
					"start":	0,
					"end":	20.00024,
					"seconds":	20.000240325927734,
					"bytes":	23537647616,
					"bits_per_second":	9414945913.6194363,
					"retransmits":	0,
					"snd_cwnd":	1704296,
					"rtt":	1103,
					"rttvar":	28,
					"pmtu":	9000,
					"omitted":	false,
					"sender":	true
				}],
			"sum":	{
				"start":	0,
				"end":	20.00024,
				"seconds":	20.000240325927734,
				"bytes":	23537647616,
				"bits_per_second":	9414945913.6194363,
				"retransmits":	0,
				"omitted":	false,
				"sender":	true
			}
		}],
	"end":	{
		"streams":	[{
				"sender":	{
					"socket":	5,
					"start":	0,
					"end":	20.00024,
					"seconds":	20.00024,
					"bytes":	23537647616,
					"bits_per_second":	9414946067.0471954,
					"retransmits":	0,
					"max_snd_cwnd":	1704296,
					"max_rtt":	1103,
					"min_rtt":	1103,
					"mean_rtt":	1103,
					"sender":	true
				},
				"receiver":	{
					"socket":	5,
					"start":	0,
					"end":	20.001536,
					"seconds":	20.00024,
					"bytes":	23536405952,
					"bits_per_second":	9413839397.93424,
					"sender":	true
				}
			}],
		"sum_sent":	{
			"start":	0,
			"end":	20.00024,
			"seconds":	20.00024,
			"bytes":	23537647616,
			"bits_per_second":	9414946067.0471954,
			"retransmits":	0,
			"sender":	true
		},
		"sum_received":	{
			"start":	0,
			"end":	20.001536,
			"seconds":	20.001536,
			"bytes":	23536405952,
			"bits_per_second":	9413839397.93424,
			"sender":	true
		},
		"cpu_utilization_percent":	{
			"host_total":	21.439463612335789,
			"host_user":	1.99176624897988,
			"host_system":	19.44769736335591,
			"remote_total":	47.948894849933069,
			"remote_user":	0.847544001262151,
			"remote_system":	47.101350848670918
		},
		"sender_tcp_congestion":	"cubic",
		"receiver_tcp_congestion":	"reno"
	}
}
