{
	"start":	{
		"connected":	[{
				"socket":	5,
				"local_host":	"10.0.1.1",
				"local_port":	45084,
				"remote_host":	"10.0.0.1",
				"remote_port":	5201
			}],
		"version":	"iperf 3.9+",
		"system_info":	"Linux han-3 5.10.0 #9 SMP PREEMPT Tue Feb 23 15:01:43 PST 2021 x86_64",
		"timestamp":	{
			"time":	"Sat, 02 Mar 2024 08:29:55 GMT",
			"timesecs":	1709368195
		},
		"connecting_to":	{
			"host":	"10.0.0.1",
			"port":	5201
		},
		"cookie":	"gcq4inxabw5ujq6vtrho4kov2yhusxhwnva3",
		"tcp_mss_default":	1448,
		"target_bitrate":	9000000000,
		"sock_bufsize":	0,
		"sndbuf_actual":	16384,
		"rcvbuf_actual":	131072,
		"test_start":	{
			"protocol":	"TCP",
			"num_streams":	1,
			"blksize":	131072,
			"omit":	0,
			"duration":	10,
			"bytes":	0,
			"blocks":	0,
			"reverse":	0,
			"tos":	0
		}
	},
	"intervals":	[{
			"streams":	[{
					"socket":	5,
					"start":	0,
					"end":	10.000185,
					"seconds":	10.000185012817383,
					"bytes":	11249254400,
					"bits_per_second":	8999237022.5804157,
					"retransmits":	0,
					"snd_cwnd":	1801312,
					"rtt":	687,
					"rttvar":	161,
					"pmtu":	9000,
					"omitted":	false,
					"sender":	true
				}],
			"sum":	{
				"start":	0,
				"end":	10.000185,
				"seconds":	10.000185012817383,
				"bytes":	11249254400,
				"bits_per_second":	8999237022.5804157,
				"retransmits":	0,
				"omitted":	false,
				"sender":	true
			}
		}],
	"end":	{
		"streams":	[{
				"sender":	{
					"socket":	5,
					"start":	0,
					"end":	10.000185,
					"seconds":	10.000185,
					"bytes":	11249254400,
					"bits_per_second":	8999237034.11487,
					"retransmits":	0,
					"max_snd_cwnd":	1801312,
					"max_rtt":	687,
					"min_rtt":	687,
					"mean_rtt":	687,
					"sender":	true
				},
				"receiver":	{
					"socket":	5,
					"start":	0,
					"end":	10.000339,
					"seconds":	10.000185,
					"bytes":	11249254400,
					"bits_per_second":	8999098450.5625248,
					"sender":	true
				}
			}],
		"sum_sent":	{
			"start":	0,
			"end":	10.000185,
			"seconds":	10.000185,
			"bytes":	11249254400,
			"bits_per_second":	8999237034.11487,
			"retransmits":	0,
			"sender":	true
		},
		"sum_received":	{
			"start":	0,
			"end":	10.000339,
			"seconds":	10.000339,
			"bytes":	11249254400,
			"bits_per_second":	8999098450.5625248,
			"sender":	true
		},
		"cpu_utilization_percent":	{
			"host_total":	38.308065322056422,
			"host_user":	1.8270628688702086,
			"host_system":	36.4809924556876,
			"remote_total":	47.347510195004148,
			"remote_user":	0.81686237835034958,
			"remote_system":	46.530637879276163
		},
		"sender_tcp_congestion":	"cubic",
		"receiver_tcp_congestion":	"reno"
	}
}
