{
	"start":	{
		"connected":	[{
				"socket":	5,
				"local_host":	"10.0.1.1",
				"local_port":	52572,
				"remote_host":	"10.0.0.1",
				"remote_port":	5201
			}],
		"version":	"iperf 3.9+",
		"system_info":	"Linux han-3 5.10.0 #9 SMP PREEMPT Tue Feb 23 15:01:43 PST 2021 x86_64",
		"timestamp":	{
			"time":	"Sun, 03 Mar 2024 10:30:09 GMT",
			"timesecs":	1709461809
		},
		"connecting_to":	{
			"host":	"10.0.0.1",
			"port":	5201
		},
		"cookie":	"pznobonijey4vbctcv7gkvb4wgjrbqobjpt5",
		"tcp_mss_default":	1448,
		"target_bitrate":	6000000000,
		"sock_bufsize":	0,
		"sndbuf_actual":	16384,
		"rcvbuf_actual":	131072,
		"test_start":	{
			"protocol":	"TCP",
			"num_streams":	1,
			"blksize":	131072,
			"omit":	0,
			"duration":	10,
			"bytes":	0,
			"blocks":	0,
			"reverse":	0,
			"tos":	0
		}
	},
	"intervals":	[{
			"streams":	[{
					"socket":	5,
					"start":	0,
					"end":	10.000077,
					"seconds":	10.000077247619629,
					"bytes":	7499546624,
					"bits_per_second":	5999590953.7880077,
					"retransmits":	0,
					"snd_cwnd":	1090344,
					"rtt":	445,
					"rttvar":	122,
					"pmtu":	9000,
					"omitted":	false,
					"sender":	true
				}],
			"sum":	{
				"start":	0,
				"end":	10.000077,
				"seconds":	10.000077247619629,
				"bytes":	7499546624,
				"bits_per_second":	5999590953.7880077,
				"retransmits":	0,
				"omitted":	false,
				"sender":	true
			}
		}],
	"end":	{
		"streams":	[{
				"sender":	{
					"socket":	5,
					"start":	0,
					"end":	10.000077,
					"seconds":	10.000077,
					"bytes":	7499546624,
					"bits_per_second":	5999591102.3485126,
					"retransmits":	0,
					"max_snd_cwnd":	1090344,
					"max_rtt":	445,
					"min_rtt":	445,
					"mean_rtt":	445,
					"sender":	true
				},
				"receiver":	{
					"socket":	5,
					"start":	0,
					"end":	10.000177,
					"seconds":	10.000077,
					"bytes":	7499546624,
					"bits_per_second":	5999531107.4993973,
					"sender":	true
				}
			}],
		"sum_sent":	{
			"start":	0,
			"end":	10.000077,
			"seconds":	10.000077,
			"bytes":	7499546624,
			"bits_per_second":	5999591102.3485126,
			"retransmits":	0,
			"sender":	true
		},
		"sum_received":	{
			"start":	0,
			"end":	10.000177,
			"seconds":	10.000177,
			"bytes":	7499546624,
			"bits_per_second":	5999531107.4993973,
			"sender":	true
		},
		"cpu_utilization_percent":	{
			"host_total":	21.73189387088728,
			"host_user":	1.0351372603124567,
			"host_system":	20.696766608230369,
			"remote_total":	29.919101650171974,
			"remote_user":	1.3984997134572452,
			"remote_system":	28.52060193671473
		},
		"sender_tcp_congestion":	"cubic",
		"receiver_tcp_congestion":	"reno"
	}
}
