{
	"start":	{
		"connected":	[{
				"socket":	5,
				"local_host":	"10.0.1.1",
				"local_port":	47550,
				"remote_host":	"10.0.0.1",
				"remote_port":	5201
			}],
		"version":	"iperf 3.9+",
		"system_info":	"Linux han-3 5.10.0 #9 SMP PREEMPT Tue Feb 23 15:01:43 PST 2021 x86_64",
		"timestamp":	{
			"time":	"Sat, 02 Mar 2024 16:58:14 GMT",
			"timesecs":	1709398694
		},
		"connecting_to":	{
			"host":	"10.0.0.1",
			"port":	5201
		},
		"cookie":	"mczdnqqv4zkudkebdmwesytp5d2qti4ityjm",
		"tcp_mss_default":	1448,
		"target_bitrate":	4000000000,
		"sock_bufsize":	0,
		"sndbuf_actual":	16384,
		"rcvbuf_actual":	131072,
		"test_start":	{
			"protocol":	"TCP",
			"num_streams":	1,
			"blksize":	131072,
			"omit":	0,
			"duration":	80,
			"bytes":	0,
			"blocks":	0,
			"reverse":	0,
			"tos":	0
		}
	},
	"intervals":	[{
			"streams":	[{
					"socket":	5,
					"start":	0,
					"end":	60.000082,
					"seconds":	60.000080108642578,
					"bytes":	29999759360,
					"bits_per_second":	3999962574.1404638,
					"retransmits":	0,
					"snd_cwnd":	886176,
					"rtt":	250,
					"rttvar":	21,
					"pmtu":	9000,
					"omitted":	false,
					"sender":	true
				}],
			"sum":	{
				"start":	0,
				"end":	60.000082,
				"seconds":	60.000080108642578,
				"bytes":	29999759360,
				"bits_per_second":	3999962574.1404638,
				"retransmits":	0,
				"omitted":	false,
				"sender":	true
			}
		}, {
			"streams":	[{
					"socket":	5,
					"start":	60.000082,
					"end":	80.000091,
					"seconds":	20.000009536743164,
					"bytes":	9999876096,
					"bits_per_second":	3999948531.07591,
					"retransmits":	0,
					"snd_cwnd":	886176,
					"rtt":	367,
					"rttvar":	102,
					"pmtu":	9000,
					"omitted":	false,
					"sender":	true
				}],
			"sum":	{
				"start":	60.000082,
				"end":	80.000091,
				"seconds":	20.000009536743164,
				"bytes":	9999876096,
				"bits_per_second":	3999948531.07591,
				"retransmits":	0,
				"omitted":	false,
				"sender":	true
			}
		}],
	"end":	{
		"streams":	[{
				"sender":	{
					"socket":	5,
					"start":	0,
					"end":	80.000091,
					"seconds":	80.000091,
					"bytes":	39999635456,
					"bits_per_second":	3999958995.6466427,
					"retransmits":	0,
					"max_snd_cwnd":	886176,
					"max_rtt":	367,
					"min_rtt":	250,
					"mean_rtt":	308,
					"sender":	true
				},
				"receiver":	{
					"socket":	5,
					"start":	0,
					"end":	79.999473,
					"seconds":	80.000091,
					"bytes":	39999635456,
					"bits_per_second":	3999989895.5334373,
					"sender":	true
				}
			}],
		"sum_sent":	{
			"start":	0,
			"end":	80.000091,
			"seconds":	80.000091,
			"bytes":	39999635456,
			"bits_per_second":	3999958995.6466427,
			"retransmits":	0,
			"sender":	true
		},
		"sum_received":	{
			"start":	0,
			"end":	79.999473,
			"seconds":	79.999473,
			"bytes":	39999635456,
			"bits_per_second":	3999989895.5334373,
			"sender":	true
		},
		"cpu_utilization_percent":	{
			"host_total":	29.653098238113309,
			"host_user":	0.558838548788967,
			"host_system":	29.094263439205566,
			"remote_total":	32.444483569432428,
			"remote_user":	2.328978462410118,
			"remote_system":	30.115503858175341
		},
		"sender_tcp_congestion":	"cubic",
		"receiver_tcp_congestion":	"reno"
	}
}
