{
	"start":	{
		"connected":	[{
				"socket":	5,
				"local_host":	"10.0.1.1",
				"local_port":	40572,
				"remote_host":	"10.0.0.1",
				"remote_port":	5201
			}],
		"version":	"iperf 3.9+",
		"system_info":	"Linux han-3 5.10.0 #9 SMP PREEMPT Tue Feb 23 15:01:43 PST 2021 x86_64",
		"timestamp":	{
			"time":	"Fri, 01 Mar 2024 16:33:57 GMT",
			"timesecs":	1709310837
		},
		"connecting_to":	{
			"host":	"10.0.0.1",
			"port":	5201
		},
		"cookie":	"vr34g7hvkrsafbgyiuq2x3bqjcyxoi4kgs7c",
		"tcp_mss_default":	1448,
		"target_bitrate":	8000000000,
		"sock_bufsize":	0,
		"sndbuf_actual":	16384,
		"rcvbuf_actual":	131072,
		"test_start":	{
			"protocol":	"TCP",
			"num_streams":	1,
			"blksize":	131072,
			"omit":	0,
			"duration":	80,
			"bytes":	0,
			"blocks":	0,
			"reverse":	0,
			"tos":	0
		}
	},
	"intervals":	[{
			"streams":	[{
					"socket":	5,
					"start":	0,
					"end":	60.00006,
					"seconds":	60.00006103515625,
					"bytes":	59999256576,
					"bits_per_second":	7999892738.888278,
					"retransmits":	0,
					"snd_cwnd":	2266120,
					"rtt":	567,
					"rttvar":	176,
					"pmtu":	9000,
					"omitted":	false,
					"sender":	true
				}],
			"sum":	{
				"start":	0,
				"end":	60.00006,
				"seconds":	60.00006103515625,
				"bytes":	59999256576,
				"bits_per_second":	7999892738.888278,
				"retransmits":	0,
				"omitted":	false,
				"sender":	true
			}
		}, {
			"streams":	[{
					"socket":	5,
					"start":	60.00006,
					"end":	80.000075,
					"seconds":	20.000015258789062,
					"bytes":	20000145408,
					"bits_per_second":	8000052059.6446562,
					"retransmits":	0,
					"snd_cwnd":	2266120,
					"rtt":	554,
					"rttvar":	154,
					"pmtu":	9000,
					"omitted":	false,
					"sender":	true
				}],
			"sum":	{
				"start":	60.00006,
				"end":	80.000075,
				"seconds":	20.000015258789062,
				"bytes":	20000145408,
				"bits_per_second":	8000052059.6446562,
				"retransmits":	0,
				"omitted":	false,
				"sender":	true
			}
		}],
	"end":	{
		"streams":	[{
				"sender":	{
					"socket":	5,
					"start":	0,
					"end":	80.000075,
					"seconds":	80.000075,
					"bytes":	79999401984,
					"bits_per_second":	7999932698.4630957,
					"retransmits":	0,
					"max_snd_cwnd":	2266120,
					"max_rtt":	567,
					"min_rtt":	554,
					"mean_rtt":	560,
					"sender":	true
				},
				"receiver":	{
					"socket":	5,
					"start":	0,
					"end":	80.000243,
					"seconds":	80.000075,
					"bytes":	79999401984,
					"bits_per_second":	7999915898.6554585,
					"sender":	true
				}
			}],
		"sum_sent":	{
			"start":	0,
			"end":	80.000075,
			"seconds":	80.000075,
			"bytes":	79999401984,
			"bits_per_second":	7999932698.4630957,
			"retransmits":	0,
			"sender":	true
		},
		"sum_received":	{
			"start":	0,
			"end":	80.000243,
			"seconds":	80.000243,
			"bytes":	79999401984,
			"bits_per_second":	7999915898.6554585,
			"sender":	true
		},
		"cpu_utilization_percent":	{
			"host_total":	24.072968203076265,
			"host_user":	1.0602957797500294,
			"host_system":	23.012673673290312,
			"remote_total":	43.385065081592735,
			"remote_user":	0.84758161032110968,
			"remote_system":	42.537483471271628
		},
		"sender_tcp_congestion":	"cubic",
		"receiver_tcp_congestion":	"reno"
	}
}
