{
	"start":	{
		"connected":	[{
				"socket":	5,
				"local_host":	"10.0.1.1",
				"local_port":	52966,
				"remote_host":	"10.0.0.1",
				"remote_port":	5201
			}],
		"version":	"iperf 3.9+",
		"system_info":	"Linux han-3 5.10.0 #9 SMP PREEMPT Tue Feb 23 15:01:43 PST 2021 x86_64",
		"timestamp":	{
			"time":	"Sun, 03 Mar 2024 11:57:14 GMT",
			"timesecs":	1709467034
		},
		"connecting_to":	{
			"host":	"10.0.0.1",
			"port":	5201
		},
		"cookie":	"5cllg6ac4wvfeqzifw4sauy7x7j3stexlblu",
		"tcp_mss_default":	1448,
		"target_bitrate":	6000000000,
		"sock_bufsize":	0,
		"sndbuf_actual":	16384,
		"rcvbuf_actual":	131072,
		"test_start":	{
			"protocol":	"TCP",
			"num_streams":	1,
			"blksize":	131072,
			"omit":	0,
			"duration":	100,
			"bytes":	0,
			"blocks":	0,
			"reverse":	0,
			"tos":	0
		}
	},
	"intervals":	[{
			"streams":	[{
					"socket":	5,
					"start":	0,
					"end":	60.000061,
					"seconds":	60.00006103515625,
					"bytes":	44999507968,
					"bits_per_second":	5999928292.2906532,
					"retransmits":	0,
					"snd_cwnd":	938304,
					"rtt":	520,
					"rttvar":	161,
					"pmtu":	9000,
					"omitted":	false,
					"sender":	true
				}],
			"sum":	{
				"start":	0,
				"end":	60.000061,
				"seconds":	60.00006103515625,
				"bytes":	44999507968,
				"bits_per_second":	5999928292.2906532,
				"retransmits":	0,
				"omitted":	false,
				"sender":	true
			}
		}, {
			"streams":	[{
					"socket":	5,
					"start":	60.000061,
					"end":	100.000072,
					"seconds":	40.0000114440918,
					"bytes":	29999890432,
					"bits_per_second":	5999976369.79299,
					"retransmits":	0,
					"snd_cwnd":	938304,
					"rtt":	439,
					"rttvar":	111,
					"pmtu":	9000,
					"omitted":	false,
					"sender":	true
				}],
			"sum":	{
				"start":	60.000061,
				"end":	100.000072,
				"seconds":	40.0000114440918,
				"bytes":	29999890432,
				"bits_per_second":	5999976369.79299,
				"retransmits":	0,
				"omitted":	false,
				"sender":	true
			}
		}],
	"end":	{
		"streams":	[{
				"sender":	{
					"socket":	5,
					"start":	0,
					"end":	100.000072,
					"seconds":	100.000072,
					"bytes":	74999398400,
					"bits_per_second":	5999947552.0377626,
					"retransmits":	0,
					"max_snd_cwnd":	938304,
					"max_rtt":	520,
					"min_rtt":	439,
					"mean_rtt":	479,
					"sender":	true
				},
				"receiver":	{
					"socket":	5,
					"start":	0,
					"end":	100.000058,
					"seconds":	100.000072,
					"bytes":	74999398400,
					"bits_per_second":	5999948392.029933,
					"sender":	true
				}
			}],
		"sum_sent":	{
			"start":	0,
			"end":	100.000072,
			"seconds":	100.000072,
			"bytes":	74999398400,
			"bits_per_second":	5999947552.0377626,
			"retransmits":	0,
			"sender":	true
		},
		"sum_received":	{
			"start":	0,
			"end":	100.000058,
			"seconds":	100.000058,
			"bytes":	74999398400,
			"bits_per_second":	5999948392.029933,
			"sender":	true
		},
		"cpu_utilization_percent":	{
			"host_total":	18.79667778222489,
			"host_user":	9.39732541619595,
			"host_system":	9.39935236602894,
			"remote_total":	39.89900506262,
			"remote_user":	0.440838891802224,
			"remote_system":	39.458167170284739
		},
		"sender_tcp_congestion":	"cubic",
		"receiver_tcp_congestion":	"reno"
	}
}
