{
	"start":	{
		"connected":	[{
				"socket":	5,
				"local_host":	"10.0.1.1",
				"local_port":	45818,
				"remote_host":	"10.0.0.1",
				"remote_port":	5201
			}],
		"version":	"iperf 3.9+",
		"system_info":	"Linux han-3 5.10.0 #9 SMP PREEMPT Tue Feb 23 15:01:43 PST 2021 x86_64",
		"timestamp":	{
			"time":	"Sat, 02 Mar 2024 10:55:05 GMT",
			"timesecs":	1709376905
		},
		"connecting_to":	{
			"host":	"10.0.0.1",
			"port":	5201
		},
		"cookie":	"qlm5ffhqxug5c2427towkn5dmjokgg6qij2k",
		"tcp_mss_default":	1448,
		"target_bitrate":	10000000000,
		"sock_bufsize":	0,
		"sndbuf_actual":	16384,
		"rcvbuf_actual":	131072,
		"test_start":	{
			"protocol":	"TCP",
			"num_streams":	1,
			"blksize":	131072,
			"omit":	0,
			"duration":	80,
			"bytes":	0,
			"blocks":	0,
			"reverse":	0,
			"tos":	0
		}
	},
	"intervals":	[{
			"streams":	[{
					"socket":	5,
					"start":	0,
					"end":	60.000053,
					"seconds":	60.000053405761719,
					"bytes":	68624973824,
					"bits_per_second":	9149988365.49836,
					"retransmits":	0,
					"snd_cwnd":	3650408,
					"rtt":	1097,
					"rttvar":	45,
					"pmtu":	9000,
					"omitted":	false,
					"sender":	true
				}],
			"sum":	{
				"start":	0,
				"end":	60.000053,
				"seconds":	60.000053405761719,
				"bytes":	68624973824,
				"bits_per_second":	9149988365.49836,
				"retransmits":	0,
				"omitted":	false,
				"sender":	true
			}
		}, {
			"streams":	[{
					"socket":	5,
					"start":	60.000053,
					"end":	80.00008,
					"seconds":	20.000026702880859,
					"bytes":	23178641408,
					"bits_per_second":	9271444184.4865265,
					"retransmits":	0,
					"snd_cwnd":	3650408,
					"rtt":	1120,
					"rttvar":	36,
					"pmtu":	9000,
					"omitted":	false,
					"sender":	true
				}],
			"sum":	{
				"start":	60.000053,
				"end":	80.00008,
				"seconds":	20.000026702880859,
				"bytes":	23178641408,
				"bits_per_second":	9271444184.4865265,
				"retransmits":	0,
				"omitted":	false,
				"sender":	true
			}
		}],
	"end":	{
		"streams":	[{
				"sender":	{
					"socket":	5,
					"start":	0,
					"end":	80.00008,
					"seconds":	80.00008,
					"bytes":	91803615232,
					"bits_per_second":	9180352342.84766,
					"retransmits":	0,
					"max_snd_cwnd":	3650408,
					"max_rtt":	1120,
					"min_rtt":	1097,
					"mean_rtt":	1108,
					"sender":	true
				},
				"receiver":	{
					"socket":	5,
					"start":	0,
					"end":	80.000418,
					"seconds":	80.00008,
					"bytes":	91801160488,
					"bits_per_second":	9180068082.94427,
					"sender":	true
				}
			}],
		"sum_sent":	{
			"start":	0,
			"end":	80.00008,
			"seconds":	80.00008,
			"bytes":	91803615232,
			"bits_per_second":	9180352342.84766,
			"retransmits":	0,
			"sender":	true
		},
		"sum_received":	{
			"start":	0,
			"end":	80.000418,
			"seconds":	80.000418,
			"bytes":	91801160488,
			"bits_per_second":	9180068082.94427,
			"sender":	true
		},
		"cpu_utilization_percent":	{
			"host_total":	67.102203488401955,
			"host_user":	2.1736267197982118,
			"host_system":	64.9285780185695,
			"remote_total":	46.904193565365517,
			"remote_user":	2.4158050627262089,
			"remote_system":	44.488389751645386
		},
		"sender_tcp_congestion":	"cubic",
		"receiver_tcp_congestion":	"reno"
	}
}
