{
	"start":	{
		"connected":	[{
				"socket":	5,
				"local_host":	"10.0.1.1",
				"local_port":	48124,
				"remote_host":	"10.0.0.1",
				"remote_port":	5201
			}],
		"version":	"iperf 3.9+",
		"system_info":	"Linux han-3 5.10.0 #9 SMP PREEMPT Tue Feb 23 15:01:43 PST 2021 x86_64",
		"timestamp":	{
			"time":	"Sat, 02 Mar 2024 19:11:34 GMT",
			"timesecs":	1709406694
		},
		"connecting_to":	{
			"host":	"10.0.0.1",
			"port":	5201
		},
		"cookie":	"mqmdvfjory25ic5mrtqrnq7jejjw5nc3neav",
		"tcp_mss_default":	1448,
		"target_bitrate":	6000000000,
		"sock_bufsize":	0,
		"sndbuf_actual":	16384,
		"rcvbuf_actual":	131072,
		"test_start":	{
			"protocol":	"TCP",
			"num_streams":	1,
			"blksize":	131072,
			"omit":	0,
			"duration":	10,
			"bytes":	0,
			"blocks":	0,
			"reverse":	0,
			"tos":	0
		}
	},
	"intervals":	[{
			"streams":	[{
					"socket":	5,
					"start":	0,
					"end":	10.000086,
					"seconds":	10.000085830688477,
					"bytes":	7499415552,
					"bits_per_second":	5999480947.6419764,
					"retransmits":	0,
					"snd_cwnd":	1061384,
					"rtt":	434,
					"rttvar":	97,
					"pmtu":	9000,
					"omitted":	false,
					"sender":	true
				}],
			"sum":	{
				"start":	0,
				"end":	10.000086,
				"seconds":	10.000085830688477,
				"bytes":	7499415552,
				"bits_per_second":	5999480947.6419764,
				"retransmits":	0,
				"omitted":	false,
				"sender":	true
			}
		}],
	"end":	{
		"streams":	[{
				"sender":	{
					"socket":	5,
					"start":	0,
					"end":	10.000086,
					"seconds":	10.000086,
					"bytes":	7499415552,
					"bits_per_second":	5999480846.064724,
					"retransmits":	0,
					"max_snd_cwnd":	1061384,
					"max_rtt":	434,
					"min_rtt":	434,
					"mean_rtt":	434,
					"sender":	true
				},
				"receiver":	{
					"socket":	5,
					"start":	0,
					"end":	10.000134,
					"seconds":	10.000086,
					"bytes":	7499415552,
					"bits_per_second":	5999452048.9425449,
					"sender":	true
				}
			}],
		"sum_sent":	{
			"start":	0,
			"end":	10.000086,
			"seconds":	10.000086,
			"bytes":	7499415552,
			"bits_per_second":	5999480846.064724,
			"retransmits":	0,
			"sender":	true
		},
		"sum_received":	{
			"start":	0,
			"end":	10.000134,
			"seconds":	10.000134,
			"bytes":	7499415552,
			"bits_per_second":	5999452048.9425449,
			"sender":	true
		},
		"cpu_utilization_percent":	{
			"host_total":	28.022882147184326,
			"host_user":	1.6446880708327207,
			"host_system":	26.378224069204308,
			"remote_total":	39.52532458432205,
			"remote_user":	0,
			"remote_system":	39.52532458432205
		},
		"sender_tcp_congestion":	"cubic",
		"receiver_tcp_congestion":	"reno"
	}
}
