{
	"start":	{
		"connected":	[{
				"socket":	5,
				"local_host":	"10.0.1.1",
				"local_port":	52558,
				"remote_host":	"10.0.0.1",
				"remote_port":	5201
			}],
		"version":	"iperf 3.9+",
		"system_info":	"Linux han-3 5.10.0 #9 SMP PREEMPT Tue Feb 23 15:01:43 PST 2021 x86_64",
		"timestamp":	{
			"time":	"Sun, 03 Mar 2024 10:29:39 GMT",
			"timesecs":	1709461779
		},
		"connecting_to":	{
			"host":	"10.0.0.1",
			"port":	5201
		},
		"cookie":	"tnoq7nienkkfr5waxavoovfow2jaiq3qsyf2",
		"tcp_mss_default":	1448,
		"target_bitrate":	6000000000,
		"sock_bufsize":	0,
		"sndbuf_actual":	16384,
		"rcvbuf_actual":	131072,
		"test_start":	{
			"protocol":	"TCP",
			"num_streams":	1,
			"blksize":	131072,
			"omit":	0,
			"duration":	10,
			"bytes":	0,
			"blocks":	0,
			"reverse":	0,
			"tos":	0
		}
	},
	"intervals":	[{
			"streams":	[{
					"socket":	5,
					"start":	0,
					"end":	10.00008,
					"seconds":	10.000080108642578,
					"bytes":	7499415552,
					"bits_per_second":	5999484380.54501,
					"retransmits":	0,
					"snd_cwnd":	990432,
					"rtt":	444,
					"rttvar":	115,
					"pmtu":	9000,
					"omitted":	false,
					"sender":	true
				}],
			"sum":	{
				"start":	0,
				"end":	10.00008,
				"seconds":	10.000080108642578,
				"bytes":	7499415552,
				"bits_per_second":	5999484380.54501,
				"retransmits":	0,
				"omitted":	false,
				"sender":	true
			}
		}],
	"end":	{
		"streams":	[{
				"sender":	{
					"socket":	5,
					"start":	0,
					"end":	10.00008,
					"seconds":	10.00008,
					"bytes":	7499415552,
					"bits_per_second":	5999484445.7244339,
					"retransmits":	0,
					"max_snd_cwnd":	990432,
					"max_rtt":	444,
					"min_rtt":	444,
					"mean_rtt":	444,
					"sender":	true
				},
				"receiver":	{
					"socket":	5,
					"start":	0,
					"end":	10.000137,
					"seconds":	10.00008,
					"bytes":	7499415552,
					"bits_per_second":	5999450249.131587,
					"sender":	true
				}
			}],
		"sum_sent":	{
			"start":	0,
			"end":	10.00008,
			"seconds":	10.00008,
			"bytes":	7499415552,
			"bits_per_second":	5999484445.7244339,
			"retransmits":	0,
			"sender":	true
		},
		"sum_received":	{
			"start":	0,
			"end":	10.000137,
			"seconds":	10.000137,
			"bytes":	7499415552,
			"bits_per_second":	5999450249.131587,
			"sender":	true
		},
		"cpu_utilization_percent":	{
			"host_total":	26.021868729636154,
			"host_user":	1.0268525285406216,
			"host_system":	24.995006203504953,
			"remote_total":	38.883913744220933,
			"remote_user":	0,
			"remote_system":	38.883913744220933
		},
		"sender_tcp_congestion":	"cubic",
		"receiver_tcp_congestion":	"reno"
	}
}
