{
	"start":	{
		"connected":	[{
				"socket":	5,
				"local_host":	"10.0.1.1",
				"local_port":	48214,
				"remote_host":	"10.0.0.1",
				"remote_port":	5201
			}],
		"version":	"iperf 3.9+",
		"system_info":	"Linux han-3 5.10.0 #9 SMP PREEMPT Tue Feb 23 15:01:43 PST 2021 x86_64",
		"timestamp":	{
			"time":	"Sat, 02 Mar 2024 19:18:36 GMT",
			"timesecs":	1709407116
		},
		"connecting_to":	{
			"host":	"10.0.0.1",
			"port":	5201
		},
		"cookie":	"z5ib7m42juz4n75h7v636ocg262kmgl7l25e",
		"tcp_mss_default":	1448,
		"target_bitrate":	6000000000,
		"sock_bufsize":	0,
		"sndbuf_actual":	16384,
		"rcvbuf_actual":	131072,
		"test_start":	{
			"protocol":	"TCP",
			"num_streams":	1,
			"blksize":	131072,
			"omit":	0,
			"duration":	30,
			"bytes":	0,
			"blocks":	0,
			"reverse":	0,
			"tos":	0
		}
	},
	"intervals":	[{
			"streams":	[{
					"socket":	5,
					"start":	0,
					"end":	30.000241,
					"seconds":	30.000240325927734,
					"bytes":	22499426304,
					"bits_per_second":	5999798950.82503,
					"retransmits":	0,
					"snd_cwnd":	1673888,
					"rtt":	444,
					"rttvar":	170,
					"pmtu":	9000,
					"omitted":	false,
					"sender":	true
				}],
			"sum":	{
				"start":	0,
				"end":	30.000241,
				"seconds":	30.000240325927734,
				"bytes":	22499426304,
				"bits_per_second":	5999798950.82503,
				"retransmits":	0,
				"omitted":	false,
				"sender":	true
			}
		}],
	"end":	{
		"streams":	[{
				"sender":	{
					"socket":	5,
					"start":	0,
					"end":	30.000241,
					"seconds":	30.000241,
					"bytes":	22499426304,
					"bits_per_second":	5999798816.0161781,
					"retransmits":	0,
					"max_snd_cwnd":	1673888,
					"max_rtt":	444,
					"min_rtt":	444,
					"mean_rtt":	444,
					"sender":	true
				},
				"receiver":	{
					"socket":	5,
					"start":	0,
					"end":	30.00029,
					"seconds":	30.000241,
					"bytes":	22499426304,
					"bits_per_second":	5999789016.4395075,
					"sender":	true
				}
			}],
		"sum_sent":	{
			"start":	0,
			"end":	30.000241,
			"seconds":	30.000241,
			"bytes":	22499426304,
			"bits_per_second":	5999798816.0161781,
			"retransmits":	0,
			"sender":	true
		},
		"sum_received":	{
			"start":	0,
			"end":	30.00029,
			"seconds":	30.00029,
			"bytes":	22499426304,
			"bits_per_second":	5999789016.4395075,
			"sender":	true
		},
		"cpu_utilization_percent":	{
			"host_total":	32.434682776817951,
			"host_user":	0.43745520182157449,
			"host_system":	31.997220908910773,
			"remote_total":	36.18692738257856,
			"remote_user":	0,
			"remote_system":	36.18692738257856
		},
		"sender_tcp_congestion":	"cubic",
		"receiver_tcp_congestion":	"reno"
	}
}
