{
	"start":	{
		"connected":	[{
				"socket":	5,
				"local_host":	"10.0.1.1",
				"local_port":	42030,
				"remote_host":	"10.0.0.1",
				"remote_port":	5201
			}],
		"version":	"iperf 3.9+",
		"system_info":	"Linux han-3 5.10.0 #9 SMP PREEMPT Tue Feb 23 15:01:43 PST 2021 x86_64",
		"timestamp":	{
			"time":	"Fri, 01 Mar 2024 21:47:44 GMT",
			"timesecs":	1709329664
		},
		"connecting_to":	{
			"host":	"10.0.0.1",
			"port":	5201
		},
		"cookie":	"b2fwhgyhxxfji3ipgquvie7ruy5j4loqlbqy",
		"tcp_mss_default":	1448,
		"target_bitrate":	2000000000,
		"sock_bufsize":	0,
		"sndbuf_actual":	16384,
		"rcvbuf_actual":	131072,
		"test_start":	{
			"protocol":	"TCP",
			"num_streams":	1,
			"blksize":	131072,
			"omit":	0,
			"duration":	10,
			"bytes":	0,
			"blocks":	0,
			"reverse":	0,
			"tos":	0
		}
	},
	"intervals":	[{
			"streams":	[{
					"socket":	5,
					"start":	0,
					"end":	10.000082,
					"seconds":	10.000082015991211,
					"bytes":	2499805184,
					"bits_per_second":	1999827745.414521,
					"retransmits":	0,
					"snd_cwnd":	414128,
					"rtt":	277,
					"rttvar":	48,
					"pmtu":	9000,
					"omitted":	false,
					"sender":	true
				}],
			"sum":	{
				"start":	0,
				"end":	10.000082,
				"seconds":	10.000082015991211,
				"bytes":	2499805184,
				"bits_per_second":	1999827745.414521,
				"retransmits":	0,
				"omitted":	false,
				"sender":	true
			}
		}],
	"end":	{
		"streams":	[{
				"sender":	{
					"socket":	5,
					"start":	0,
					"end":	10.000082,
					"seconds":	10.000082,
					"bytes":	2499805184,
					"bits_per_second":	1999827748.6124613,
					"retransmits":	0,
					"max_snd_cwnd":	414128,
					"max_rtt":	277,
					"min_rtt":	277,
					"mean_rtt":	277,
					"sender":	true
				},
				"receiver":	{
					"socket":	5,
					"start":	0,
					"end":	10.000208,
					"seconds":	10.000082,
					"bytes":	2499805184,
					"bits_per_second":	1999802551.3069327,
					"sender":	true
				}
			}],
		"sum_sent":	{
			"start":	0,
			"end":	10.000082,
			"seconds":	10.000082,
			"bytes":	2499805184,
			"bits_per_second":	1999827748.6124613,
			"retransmits":	0,
			"sender":	true
		},
		"sum_received":	{
			"start":	0,
			"end":	10.000208,
			"seconds":	10.000208,
			"bytes":	2499805184,
			"bits_per_second":	1999802551.3069327,
			"sender":	true
		},
		"cpu_utilization_percent":	{
			"host_total":	11.932177131591789,
			"host_user":	4.7707093603712485,
			"host_system":	7.1614577735689879,
			"remote_total":	21.093006203702487,
			"remote_user":	0,
			"remote_system":	21.093006203702487
		},
		"sender_tcp_congestion":	"cubic",
		"receiver_tcp_congestion":	"reno"
	}
}
