{
	"start":	{
		"connected":	[{
				"socket":	5,
				"local_host":	"10.0.1.1",
				"local_port":	40040,
				"remote_host":	"10.0.0.1",
				"remote_port":	5201
			}],
		"version":	"iperf 3.9+",
		"system_info":	"Linux han-3 5.10.0 #9 SMP PREEMPT Tue Feb 23 15:01:43 PST 2021 x86_64",
		"timestamp":	{
			"time":	"Fri, 01 Mar 2024 14:38:31 GMT",
			"timesecs":	1709303911
		},
		"connecting_to":	{
			"host":	"10.0.0.1",
			"port":	5201
		},
		"cookie":	"ni75j5vf4wxjitihpm5pq3zezqecu345r7r2",
		"tcp_mss_default":	1448,
		"target_bitrate":	7000000000,
		"sock_bufsize":	0,
		"sndbuf_actual":	16384,
		"rcvbuf_actual":	131072,
		"test_start":	{
			"protocol":	"TCP",
			"num_streams":	1,
			"blksize":	131072,
			"omit":	0,
			"duration":	60,
			"bytes":	0,
			"blocks":	0,
			"reverse":	0,
			"tos":	0
		}
	},
	"intervals":	[{
			"streams":	[{
					"socket":	5,
					"start":	0,
					"end":	60.000078,
					"seconds":	60.000076293945312,
					"bytes":	52499447808,
					"bits_per_second":	6999917473.54465,
					"retransmits":	0,
					"snd_cwnd":	1381392,
					"rtt":	519,
					"rttvar":	142,
					"pmtu":	9000,
					"omitted":	false,
					"sender":	true
				}],
			"sum":	{
				"start":	0,
				"end":	60.000078,
				"seconds":	60.000076293945312,
				"bytes":	52499447808,
				"bits_per_second":	6999917473.54465,
				"retransmits":	0,
				"omitted":	false,
				"sender":	true
			}
		}],
	"end":	{
		"streams":	[{
				"sender":	{
					"socket":	5,
					"start":	0,
					"end":	60.000078,
					"seconds":	60.000078,
					"bytes":	52499447808,
					"bits_per_second":	6999917274.5075426,
					"retransmits":	0,
					"max_snd_cwnd":	1381392,
					"max_rtt":	519,
					"min_rtt":	519,
					"mean_rtt":	519,
					"sender":	true
				},
				"receiver":	{
					"socket":	5,
					"start":	0,
					"end":	60.000482,
					"seconds":	60.000078,
					"bytes":	52499447808,
					"bits_per_second":	6999870142.1098585,
					"sender":	true
				}
			}],
		"sum_sent":	{
			"start":	0,
			"end":	60.000078,
			"seconds":	60.000078,
			"bytes":	52499447808,
			"bits_per_second":	6999917274.5075426,
			"retransmits":	0,
			"sender":	true
		},
		"sum_received":	{
			"start":	0,
			"end":	60.000482,
			"seconds":	60.000482,
			"bytes":	52499447808,
			"bits_per_second":	6999870142.1098585,
			"sender":	true
		},
		"cpu_utilization_percent":	{
			"host_total":	18.360620673514429,
			"host_user":	2.621088264734623,
			"host_system":	15.739530742178886,
			"remote_total":	42.5323386136766,
			"remote_user":	4.64710806102473,
			"remote_system":	37.885227222087558
		},
		"sender_tcp_congestion":	"cubic",
		"receiver_tcp_congestion":	"reno"
	}
}
