{
	"start":	{
		"connected":	[{
				"socket":	5,
				"local_host":	"10.0.1.1",
				"local_port":	40438,
				"remote_host":	"10.0.0.1",
				"remote_port":	5201
			}],
		"version":	"iperf 3.9+",
		"system_info":	"Linux han-3 5.10.0 #9 SMP PREEMPT Tue Feb 23 15:01:43 PST 2021 x86_64",
		"timestamp":	{
			"time":	"Fri, 01 Mar 2024 16:00:55 GMT",
			"timesecs":	1709308855
		},
		"connecting_to":	{
			"host":	"10.0.0.1",
			"port":	5201
		},
		"cookie":	"ouar22h3qnkprffjwzbiwqaoxespyuwuwfuj",
		"tcp_mss_default":	1448,
		"target_bitrate":	8000000000,
		"sock_bufsize":	0,
		"sndbuf_actual":	16384,
		"rcvbuf_actual":	131072,
		"test_start":	{
			"protocol":	"TCP",
			"num_streams":	1,
			"blksize":	131072,
			"omit":	0,
			"duration":	50,
			"bytes":	0,
			"blocks":	0,
			"reverse":	0,
			"tos":	0
		}
	},
	"intervals":	[{
			"streams":	[{
					"socket":	5,
					"start":	0,
					"end":	50.000072,
					"seconds":	50.000072479248047,
					"bytes":	49999380480,
					"bits_per_second":	7999889280.28081,
					"retransmits":	0,
					"snd_cwnd":	1280032,
					"rtt":	536,
					"rttvar":	145,
					"pmtu":	9000,
					"omitted":	false,
					"sender":	true
				}],
			"sum":	{
				"start":	0,
				"end":	50.000072,
				"seconds":	50.000072479248047,
				"bytes":	49999380480,
				"bits_per_second":	7999889280.28081,
				"retransmits":	0,
				"omitted":	false,
				"sender":	true
			}
		}],
	"end":	{
		"streams":	[{
				"sender":	{
					"socket":	5,
					"start":	0,
					"end":	50.000072,
					"seconds":	50.000072,
					"bytes":	49999380480,
					"bits_per_second":	7999889356.9593258,
					"retransmits":	0,
					"max_snd_cwnd":	1280032,
					"max_rtt":	536,
					"min_rtt":	536,
					"mean_rtt":	536,
					"sender":	true
				},
				"receiver":	{
					"socket":	5,
					"start":	0,
					"end":	50.000255,
					"seconds":	50.000072,
					"bytes":	49999379728,
					"bits_per_second":	7999859957.1942177,
					"sender":	true
				}
			}],
		"sum_sent":	{
			"start":	0,
			"end":	50.000072,
			"seconds":	50.000072,
			"bytes":	49999380480,
			"bits_per_second":	7999889356.9593258,
			"retransmits":	0,
			"sender":	true
		},
		"sum_received":	{
			"start":	0,
			"end":	50.000255,
			"seconds":	50.000255,
			"bytes":	49999379728,
			"bits_per_second":	7999859957.1942177,
			"sender":	true
		},
		"cpu_utilization_percent":	{
			"host_total":	21.162682367713213,
			"host_user":	0.928367814966488,
			"host_system":	20.2343125528376,
			"remote_total":	44.5560457709529,
			"remote_user":	1.8993421645903921,
			"remote_system":	42.6567036063625
		},
		"sender_tcp_congestion":	"cubic",
		"receiver_tcp_congestion":	"reno"
	}
}
