{
	"start":	{
		"connected":	[{
				"socket":	5,
				"local_host":	"10.0.1.1",
				"local_port":	48326,
				"remote_host":	"10.0.0.1",
				"remote_port":	5201
			}],
		"version":	"iperf 3.9+",
		"system_info":	"Linux han-3 5.10.0 #9 SMP PREEMPT Tue Feb 23 15:01:43 PST 2021 x86_64",
		"timestamp":	{
			"time":	"Sat, 02 Mar 2024 19:37:08 GMT",
			"timesecs":	1709408228
		},
		"connecting_to":	{
			"host":	"10.0.0.1",
			"port":	5201
		},
		"cookie":	"iwrgif6pm6d4vc34zh3hqqouwu4bh7tbgslr",
		"tcp_mss_default":	1448,
		"target_bitrate":	6000000000,
		"sock_bufsize":	0,
		"sndbuf_actual":	16384,
		"rcvbuf_actual":	131072,
		"test_start":	{
			"protocol":	"TCP",
			"num_streams":	1,
			"blksize":	131072,
			"omit":	0,
			"duration":	60,
			"bytes":	0,
			"blocks":	0,
			"reverse":	0,
			"tos":	0
		}
	},
	"intervals":	[{
			"streams":	[{
					"socket":	5,
					"start":	0,
					"end":	60.000342,
					"seconds":	60.0003433227539,
					"bytes":	44966346752,
					"bits_per_second":	5995478593.86297,
					"retransmits":	0,
					"snd_cwnd":	4016752,
					"rtt":	251,
					"rttvar":	52,
					"pmtu":	9000,
					"omitted":	false,
					"sender":	true
				}],
			"sum":	{
				"start":	0,
				"end":	60.000342,
				"seconds":	60.0003433227539,
				"bytes":	44966346752,
				"bits_per_second":	5995478593.86297,
				"retransmits":	0,
				"omitted":	false,
				"sender":	true
			}
		}],
	"end":	{
		"streams":	[{
				"sender":	{
					"socket":	5,
					"start":	0,
					"end":	60.000342,
					"seconds":	60.000342,
					"bytes":	44966346752,
					"bits_per_second":	5995478726.0379276,
					"retransmits":	0,
					"max_snd_cwnd":	4016752,
					"max_rtt":	251,
					"min_rtt":	251,
					"mean_rtt":	251,
					"sender":	true
				},
				"receiver":	{
					"socket":	5,
					"start":	0,
					"end":	60.000519,
					"seconds":	60.000342,
					"bytes":	44966346752,
					"bits_per_second":	5995461039.5286751,
					"sender":	true
				}
			}],
		"sum_sent":	{
			"start":	0,
			"end":	60.000342,
			"seconds":	60.000342,
			"bytes":	44966346752,
			"bits_per_second":	5995478726.0379276,
			"retransmits":	0,
			"sender":	true
		},
		"sum_received":	{
			"start":	0,
			"end":	60.000519,
			"seconds":	60.000519,
			"bytes":	44966346752,
			"bits_per_second":	5995461039.5286751,
			"sender":	true
		},
		"cpu_utilization_percent":	{
			"host_total":	60.748145852194355,
			"host_user":	1.3765426899393423,
			"host_system":	59.371576496698516,
			"remote_total":	39.167451536778088,
			"remote_user":	2.3371524990598953,
			"remote_system":	36.830300702430243
		},
		"sender_tcp_congestion":	"cubic",
		"receiver_tcp_congestion":	"reno"
	}
}
