{
	"start":	{
		"connected":	[{
				"socket":	5,
				"local_host":	"10.0.1.1",
				"local_port":	37620,
				"remote_host":	"10.0.0.1",
				"remote_port":	5201
			}],
		"version":	"iperf 3.9+",
		"system_info":	"Linux han-3 5.10.0 #9 SMP PREEMPT Tue Feb 23 15:01:43 PST 2021 x86_64",
		"timestamp":	{
			"time":	"Fri, 01 Mar 2024 06:28:43 GMT",
			"timesecs":	1709274523
		},
		"connecting_to":	{
			"host":	"10.0.0.1",
			"port":	5201
		},
		"cookie":	"j2pp6blanpezctep5ojgp3xoxdnmnkbrodf5",
		"tcp_mss_default":	1448,
		"target_bitrate":	2000000000,
		"sock_bufsize":	0,
		"sndbuf_actual":	16384,
		"rcvbuf_actual":	131072,
		"test_start":	{
			"protocol":	"TCP",
			"num_streams":	1,
			"blksize":	131072,
			"omit":	0,
			"duration":	10,
			"bytes":	0,
			"blocks":	0,
			"reverse":	0,
			"tos":	0
		}
	},
	"intervals":	[{
			"streams":	[{
					"socket":	5,
					"start":	0,
					"end":	10.000086,
					"seconds":	10.000085830688477,
					"bytes":	2499805184,
					"bits_per_second":	1999826982.5473254,
					"retransmits":	0,
					"snd_cwnd":	405440,
					"rtt":	284,
					"rttvar":	69,
					"pmtu":	9000,
					"omitted":	false,
					"sender":	true
				}],
			"sum":	{
				"start":	0,
				"end":	10.000086,
				"seconds":	10.000085830688477,
				"bytes":	2499805184,
				"bits_per_second":	1999826982.5473254,
				"retransmits":	0,
				"omitted":	false,
				"sender":	true
			}
		}],
	"end":	{
		"streams":	[{
				"sender":	{
					"socket":	5,
					"start":	0,
					"end":	10.000086,
					"seconds":	10.000086,
					"bytes":	2499805184,
					"bits_per_second":	1999826948.6882415,
					"retransmits":	0,
					"max_snd_cwnd":	405440,
					"max_rtt":	284,
					"min_rtt":	284,
					"mean_rtt":	284,
					"sender":	true
				},
				"receiver":	{
					"socket":	5,
					"start":	0,
					"end":	10.000248,
					"seconds":	10.000086,
					"bytes":	2499805184,
					"bits_per_second":	1999794552.2951033,
					"sender":	true
				}
			}],
		"sum_sent":	{
			"start":	0,
			"end":	10.000086,
			"seconds":	10.000086,
			"bytes":	2499805184,
			"bits_per_second":	1999826948.6882415,
			"retransmits":	0,
			"sender":	true
		},
		"sum_received":	{
			"start":	0,
			"end":	10.000248,
			"seconds":	10.000248,
			"bytes":	2499805184,
			"bits_per_second":	1999794552.2951033,
			"sender":	true
		},
		"cpu_utilization_percent":	{
			"host_total":	8.9121690085365071,
			"host_user":	2.9671971594632653,
			"host_system":	5.94497184907324,
			"remote_total":	21.279890574483957,
			"remote_user":	0,
			"remote_system":	21.279890574483957
		},
		"sender_tcp_congestion":	"cubic",
		"receiver_tcp_congestion":	"reno"
	}
}
