{
	"start":	{
		"connected":	[{
				"socket":	5,
				"local_host":	"10.0.1.1",
				"local_port":	45862,
				"remote_host":	"10.0.0.1",
				"remote_port":	5201
			}],
		"version":	"iperf 3.9+",
		"system_info":	"Linux han-3 5.10.0 #9 SMP PREEMPT Tue Feb 23 15:01:43 PST 2021 x86_64",
		"timestamp":	{
			"time":	"Sat, 02 Mar 2024 11:09:25 GMT",
			"timesecs":	1709377765
		},
		"connecting_to":	{
			"host":	"10.0.0.1",
			"port":	5201
		},
		"cookie":	"obxlg2tiy4xro5fonifm6md5gnk2javsgvas",
		"tcp_mss_default":	1448,
		"target_bitrate":	10000000000,
		"sock_bufsize":	0,
		"sndbuf_actual":	16384,
		"rcvbuf_actual":	131072,
		"test_start":	{
			"protocol":	"TCP",
			"num_streams":	1,
			"blksize":	131072,
			"omit":	0,
			"duration":	90,
			"bytes":	0,
			"blocks":	0,
			"reverse":	0,
			"tos":	0
		}
	},
	"intervals":	[{
			"streams":	[{
					"socket":	5,
					"start":	0,
					"end":	60.000064,
					"seconds":	60.000064849853516,
					"bytes":	70044614656,
					"bits_per_second":	9339271859.9598,
					"retransmits":	0,
					"snd_cwnd":	2869936,
					"rtt":	1131,
					"rttvar":	38,
					"pmtu":	9000,
					"omitted":	false,
					"sender":	true
				}],
			"sum":	{
				"start":	0,
				"end":	60.000064,
				"seconds":	60.000064849853516,
				"bytes":	70044614656,
				"bits_per_second":	9339271859.9598,
				"retransmits":	0,
				"omitted":	false,
				"sender":	true
			}
		}, {
			"streams":	[{
					"socket":	5,
					"start":	60.000064,
					"end":	90.000046,
					"seconds":	29.9999828338623,
					"bytes":	34580594688,
					"bits_per_second":	9221497193.38302,
					"retransmits":	0,
					"snd_cwnd":	2869936,
					"rtt":	1093,
					"rttvar":	14,
					"pmtu":	9000,
					"omitted":	false,
					"sender":	true
				}],
			"sum":	{
				"start":	60.000064,
				"end":	90.000046,
				"seconds":	29.9999828338623,
				"bytes":	34580594688,
				"bits_per_second":	9221497193.38302,
				"retransmits":	0,
				"omitted":	false,
				"sender":	true
			}
		}],
	"end":	{
		"streams":	[{
				"sender":	{
					"socket":	5,
					"start":	0,
					"end":	90.000046,
					"seconds":	90.000046,
					"bytes":	104625209344,
					"bits_per_second":	9300013855.01514,
					"retransmits":	0,
					"max_snd_cwnd":	2869936,
					"max_rtt":	1131,
					"min_rtt":	1093,
					"mean_rtt":	1112,
					"sender":	true
				},
				"receiver":	{
					"socket":	5,
					"start":	0,
					"end":	90.000073,
					"seconds":	90.000046,
					"bytes":	104622715368,
					"bits_per_second":	9299789378.4375038,
					"sender":	true
				}
			}],
		"sum_sent":	{
			"start":	0,
			"end":	90.000046,
			"seconds":	90.000046,
			"bytes":	104625209344,
			"bits_per_second":	9300013855.01514,
			"retransmits":	0,
			"sender":	true
		},
		"sum_received":	{
			"start":	0,
			"end":	90.000073,
			"seconds":	90.000073,
			"bytes":	104622715368,
			"bits_per_second":	9299789378.4375038,
			"sender":	true
		},
		"cpu_utilization_percent":	{
			"host_total":	74.4850092288155,
			"host_user":	2.2856616585117493,
			"host_system":	72.199345348139332,
			"remote_total":	48.142958652039155,
			"remote_user":	0.87663797845624369,
			"remote_system":	47.266321783961033
		},
		"sender_tcp_congestion":	"cubic",
		"receiver_tcp_congestion":	"reno"
	}
}
