{
	"start":	{
		"connected":	[{
				"socket":	5,
				"local_host":	"10.0.1.1",
				"local_port":	50516,
				"remote_host":	"10.0.0.1",
				"remote_port":	5201
			}],
		"version":	"iperf 3.9+",
		"system_info":	"Linux han-3 5.10.0 #9 SMP PREEMPT Tue Feb 23 15:01:43 PST 2021 x86_64",
		"timestamp":	{
			"time":	"Sun, 03 Mar 2024 03:16:05 GMT",
			"timesecs":	1709435765
		},
		"connecting_to":	{
			"host":	"10.0.0.1",
			"port":	5201
		},
		"cookie":	"dztvxqxlvtdxzhvblm2vk7f5otzr6aqwxebw",
		"tcp_mss_default":	1448,
		"target_bitrate":	1000000000,
		"sock_bufsize":	0,
		"sndbuf_actual":	16384,
		"rcvbuf_actual":	131072,
		"test_start":	{
			"protocol":	"TCP",
			"num_streams":	1,
			"blksize":	131072,
			"omit":	0,
			"duration":	60,
			"bytes":	0,
			"blocks":	0,
			"reverse":	0,
			"tos":	0
		}
	},
	"intervals":	[{
			"streams":	[{
					"socket":	5,
					"start":	0,
					"end":	60.00009,
					"seconds":	60.000091552734375,
					"bytes":	7499939840,
					"bits_per_second":	999990452.80232823,
					"retransmits":	0,
					"snd_cwnd":	137560,
					"rtt":	217,
					"rttvar":	32,
					"pmtu":	9000,
					"omitted":	false,
					"sender":	true
				}],
			"sum":	{
				"start":	0,
				"end":	60.00009,
				"seconds":	60.000091552734375,
				"bytes":	7499939840,
				"bits_per_second":	999990452.80232823,
				"retransmits":	0,
				"omitted":	false,
				"sender":	true
			}
		}],
	"end":	{
		"streams":	[{
				"sender":	{
					"socket":	5,
					"start":	0,
					"end":	60.00009,
					"seconds":	60.00009,
					"bytes":	7499939840,
					"bits_per_second":	999990478.68094862,
					"retransmits":	0,
					"max_snd_cwnd":	137560,
					"max_rtt":	217,
					"min_rtt":	217,
					"mean_rtt":	217,
					"sender":	true
				},
				"receiver":	{
					"socket":	5,
					"start":	0,
					"end":	60.000117,
					"seconds":	60.00009,
					"bytes":	7499939840,
					"bits_per_second":	999990028.68611073,
					"sender":	true
				}
			}],
		"sum_sent":	{
			"start":	0,
			"end":	60.00009,
			"seconds":	60.00009,
			"bytes":	7499939840,
			"bits_per_second":	999990478.68094862,
			"retransmits":	0,
			"sender":	true
		},
		"sum_received":	{
			"start":	0,
			"end":	60.000117,
			"seconds":	60.000117,
			"bytes":	7499939840,
			"bits_per_second":	999990028.68611073,
			"sender":	true
		},
		"cpu_utilization_percent":	{
			"host_total":	4.9570384104654357,
			"host_user":	2.4785192052327178,
			"host_system":	2.4785192052327178,
			"remote_total":	13.639171108785769,
			"remote_user":	0.85469110459175834,
			"remote_system":	12.784478338846908
		},
		"sender_tcp_congestion":	"cubic",
		"receiver_tcp_congestion":	"reno"
	}
}
