{
	"start":	{
		"connected":	[{
				"socket":	5,
				"local_host":	"10.0.1.1",
				"local_port":	38406,
				"remote_host":	"10.0.0.1",
				"remote_port":	5201
			}],
		"version":	"iperf 3.9+",
		"system_info":	"Linux han-3 5.10.0 #9 SMP PREEMPT Tue Feb 23 15:01:43 PST 2021 x86_64",
		"timestamp":	{
			"time":	"Fri, 01 Mar 2024 09:02:02 GMT",
			"timesecs":	1709283722
		},
		"connecting_to":	{
			"host":	"10.0.0.1",
			"port":	5201
		},
		"cookie":	"4zvo4mrn6d6gmf4emsl6zqrvacof5v6n26bj",
		"tcp_mss_default":	1448,
		"target_bitrate":	3000000000,
		"sock_bufsize":	0,
		"sndbuf_actual":	16384,
		"rcvbuf_actual":	131072,
		"test_start":	{
			"protocol":	"TCP",
			"num_streams":	1,
			"blksize":	131072,
			"omit":	0,
			"duration":	90,
			"bytes":	0,
			"blocks":	0,
			"reverse":	0,
			"tos":	0
		}
	},
	"intervals":	[{
			"streams":	[{
					"socket":	5,
					"start":	0,
					"end":	60.00006,
					"seconds":	60.00006103515625,
					"bytes":	22499688448,
					"bits_per_second":	2999955408.0208821,
					"retransmits":	0,
					"snd_cwnd":	637120,
					"rtt":	315,
					"rttvar":	64,
					"pmtu":	9000,
					"omitted":	false,
					"sender":	true
				}],
			"sum":	{
				"start":	0,
				"end":	60.00006,
				"seconds":	60.00006103515625,
				"bytes":	22499688448,
				"bits_per_second":	2999955408.0208821,
				"retransmits":	0,
				"omitted":	false,
				"sender":	true
			}
		}, {
			"streams":	[{
					"socket":	5,
					"start":	60.00006,
					"end":	90.000081,
					"seconds":	30.000020980834961,
					"bytes":	11250040832,
					"bits_per_second":	3000008790.44369,
					"retransmits":	0,
					"snd_cwnd":	637120,
					"rtt":	379,
					"rttvar":	74,
					"pmtu":	9000,
					"omitted":	false,
					"sender":	true
				}],
			"sum":	{
				"start":	60.00006,
				"end":	90.000081,
				"seconds":	30.000020980834961,
				"bytes":	11250040832,
				"bits_per_second":	3000008790.44369,
				"retransmits":	0,
				"omitted":	false,
				"sender":	true
			}
		}],
	"end":	{
		"streams":	[{
				"sender":	{
					"socket":	5,
					"start":	0,
					"end":	90.000081,
					"seconds":	90.000081,
					"bytes":	33749729280,
					"bits_per_second":	2999973236.0240879,
					"retransmits":	0,
					"max_snd_cwnd":	637120,
					"max_rtt":	379,
					"min_rtt":	315,
					"mean_rtt":	347,
					"sender":	true
				},
				"receiver":	{
					"socket":	5,
					"start":	0,
					"end":	90.000312,
					"seconds":	90.000081,
					"bytes":	33749729280,
					"bits_per_second":	2999965536.1194749,
					"sender":	true
				}
			}],
		"sum_sent":	{
			"start":	0,
			"end":	90.000081,
			"seconds":	90.000081,
			"bytes":	33749729280,
			"bits_per_second":	2999973236.0240879,
			"retransmits":	0,
			"sender":	true
		},
		"sum_received":	{
			"start":	0,
			"end":	90.000312,
			"seconds":	90.000312,
			"bytes":	33749729280,
			"bits_per_second":	2999965536.1194749,
			"sender":	true
		},
		"cpu_utilization_percent":	{
			"host_total":	10.182012233301846,
			"host_user":	2.9090315934726019,
			"host_system":	7.2729806398292434,
			"remote_total":	26.770168491063988,
			"remote_user":	5.05276524874873,
			"remote_system":	21.71740324231526
		},
		"sender_tcp_congestion":	"cubic",
		"receiver_tcp_congestion":	"reno"
	}
}
