{
	"start":	{
		"connected":	[{
				"socket":	5,
				"local_host":	"10.0.1.1",
				"local_port":	38038,
				"remote_host":	"10.0.0.1",
				"remote_port":	5201
			}],
		"version":	"iperf 3.9+",
		"system_info":	"Linux han-3 5.10.0 #9 SMP PREEMPT Tue Feb 23 15:01:43 PST 2021 x86_64",
		"timestamp":	{
			"time":	"Fri, 01 Mar 2024 07:53:48 GMT",
			"timesecs":	1709279628
		},
		"connecting_to":	{
			"host":	"10.0.0.1",
			"port":	5201
		},
		"cookie":	"qlnplfk2dodiy3bfdkxujtjd46cak3k4gdte",
		"tcp_mss_default":	1448,
		"target_bitrate":	2000000000,
		"sock_bufsize":	0,
		"sndbuf_actual":	16384,
		"rcvbuf_actual":	131072,
		"test_start":	{
			"protocol":	"TCP",
			"num_streams":	1,
			"blksize":	131072,
			"omit":	0,
			"duration":	100,
			"bytes":	0,
			"blocks":	0,
			"reverse":	0,
			"tos":	0
		}
	},
	"intervals":	[{
			"streams":	[{
					"socket":	5,
					"start":	0,
					"end":	60.000066,
					"seconds":	60.000064849853516,
					"bytes":	14999879680,
					"bits_per_second":	1999981795.6912253,
					"retransmits":	0,
					"snd_cwnd":	430056,
					"rtt":	269,
					"rttvar":	35,
					"pmtu":	9000,
					"omitted":	false,
					"sender":	true
				}],
			"sum":	{
				"start":	0,
				"end":	60.000066,
				"seconds":	60.000064849853516,
				"bytes":	14999879680,
				"bits_per_second":	1999981795.6912253,
				"retransmits":	0,
				"omitted":	false,
				"sender":	true
			}
		}, {
			"streams":	[{
					"socket":	5,
					"start":	60.000066,
					"end":	100.000084,
					"seconds":	40.000019073486328,
					"bytes":	10000007168,
					"bits_per_second":	2000000479.9254549,
					"retransmits":	0,
					"snd_cwnd":	430056,
					"rtt":	306,
					"rttvar":	39,
					"pmtu":	9000,
					"omitted":	false,
					"sender":	true
				}],
			"sum":	{
				"start":	60.000066,
				"end":	100.000084,
				"seconds":	40.000019073486328,
				"bytes":	10000007168,
				"bits_per_second":	2000000479.9254549,
				"retransmits":	0,
				"omitted":	false,
				"sender":	true
			}
		}],
	"end":	{
		"streams":	[{
				"sender":	{
					"socket":	5,
					"start":	0,
					"end":	100.000084,
					"seconds":	100.000084,
					"bytes":	24999886848,
					"bits_per_second":	1999989267.849015,
					"retransmits":	0,
					"max_snd_cwnd":	430056,
					"max_rtt":	306,
					"min_rtt":	269,
					"mean_rtt":	287,
					"sender":	true
				},
				"receiver":	{
					"socket":	5,
					"start":	0,
					"end":	100.00079,
					"seconds":	100.000084,
					"bytes":	24999886848,
					"bits_per_second":	1999975148.0363307,
					"sender":	true
				}
			}],
		"sum_sent":	{
			"start":	0,
			"end":	100.000084,
			"seconds":	100.000084,
			"bytes":	24999886848,
			"bits_per_second":	1999989267.849015,
			"retransmits":	0,
			"sender":	true
		},
		"sum_received":	{
			"start":	0,
			"end":	100.00079,
			"seconds":	100.00079,
			"bytes":	24999886848,
			"bits_per_second":	1999975148.0363307,
			"sender":	true
		},
		"cpu_utilization_percent":	{
			"host_total":	9.0571998343041,
			"host_user":	2.2629989907749786,
			"host_system":	6.7942018435043732,
			"remote_total":	21.665966541772967,
			"remote_user":	0,
			"remote_system":	21.665965542260889
		},
		"sender_tcp_congestion":	"cubic",
		"receiver_tcp_congestion":	"reno"
	}
}
