{
	"start":	{
		"connected":	[{
				"socket":	5,
				"local_host":	"10.0.1.1",
				"local_port":	45924,
				"remote_host":	"10.0.0.1",
				"remote_port":	5201
			}],
		"version":	"iperf 3.9+",
		"system_info":	"Linux han-3 5.10.0 #9 SMP PREEMPT Tue Feb 23 15:01:43 PST 2021 x86_64",
		"timestamp":	{
			"time":	"Sat, 02 Mar 2024 11:30:26 GMT",
			"timesecs":	1709379026
		},
		"connecting_to":	{
			"host":	"10.0.0.1",
			"port":	5201
		},
		"cookie":	"wj3sovyihxqw47k5amqmwt6x4rmrqonytfao",
		"tcp_mss_default":	1448,
		"target_bitrate":	10000000000,
		"sock_bufsize":	0,
		"sndbuf_actual":	16384,
		"rcvbuf_actual":	131072,
		"test_start":	{
			"protocol":	"TCP",
			"num_streams":	1,
			"blksize":	131072,
			"omit":	0,
			"duration":	100,
			"bytes":	0,
			"blocks":	0,
			"reverse":	0,
			"tos":	0
		}
	},
	"intervals":	[{
			"streams":	[{
					"socket":	5,
					"start":	0,
					"end":	60.000059,
					"seconds":	60.000057220458984,
					"bytes":	69809471488,
					"bits_per_second":	9307920655.0084648,
					"retransmits":	0,
					"snd_cwnd":	2948128,
					"rtt":	1084,
					"rttvar":	19,
					"pmtu":	9000,
					"omitted":	false,
					"sender":	true
				}],
			"sum":	{
				"start":	0,
				"end":	60.000059,
				"seconds":	60.000057220458984,
				"bytes":	69809471488,
				"bits_per_second":	9307920655.0084648,
				"retransmits":	0,
				"omitted":	false,
				"sender":	true
			}
		}, {
			"streams":	[{
					"socket":	5,
					"start":	60.000059,
					"end":	100.000062,
					"seconds":	40.000003814697266,
					"bytes":	47070707712,
					"bits_per_second":	9414140644.5975857,
					"retransmits":	0,
					"snd_cwnd":	2948128,
					"rtt":	1087,
					"rttvar":	28,
					"pmtu":	9000,
					"omitted":	false,
					"sender":	true
				}],
			"sum":	{
				"start":	60.000059,
				"end":	100.000062,
				"seconds":	40.000003814697266,
				"bytes":	47070707712,
				"bits_per_second":	9414140644.5975857,
				"retransmits":	0,
				"omitted":	false,
				"sender":	true
			}
		}],
	"end":	{
		"streams":	[{
				"sender":	{
					"socket":	5,
					"start":	0,
					"end":	100.000062,
					"seconds":	100.000062,
					"bytes":	116880179200,
					"bits_per_second":	9350408538.746706,
					"retransmits":	0,
					"max_snd_cwnd":	2948128,
					"max_rtt":	1087,
					"min_rtt":	1084,
					"mean_rtt":	1085,
					"sender":	true
				},
				"receiver":	{
					"socket":	5,
					"start":	0,
					"end":	100.000184,
					"seconds":	100.000062,
					"bytes":	116877654184,
					"bits_per_second":	9350195130.36096,
					"sender":	true
				}
			}],
		"sum_sent":	{
			"start":	0,
			"end":	100.000062,
			"seconds":	100.000062,
			"bytes":	116880179200,
			"bits_per_second":	9350408538.746706,
			"retransmits":	0,
			"sender":	true
		},
		"sum_received":	{
			"start":	0,
			"end":	100.000184,
			"seconds":	100.000184,
			"bytes":	116877654184,
			"bits_per_second":	9350195130.36096,
			"sender":	true
		},
		"cpu_utilization_percent":	{
			"host_total":	63.446085762642149,
			"host_user":	2.0924306239131663,
			"host_system":	61.35365313877044,
			"remote_total":	48.17574808511992,
			"remote_user":	5.3556361918813433,
			"remote_system":	42.820109894227635
		},
		"sender_tcp_congestion":	"cubic",
		"receiver_tcp_congestion":	"reno"
	}
}
