{
	"start":	{
		"connected":	[{
				"socket":	5,
				"local_host":	"10.0.1.1",
				"local_port":	50014,
				"remote_host":	"10.0.0.1",
				"remote_port":	5201
			}],
		"version":	"iperf 3.9+",
		"system_info":	"Linux han-3 5.10.0 #9 SMP PREEMPT Tue Feb 23 15:01:43 PST 2021 x86_64",
		"timestamp":	{
			"time":	"Sun, 03 Mar 2024 01:32:17 GMT",
			"timesecs":	1709429537
		},
		"connecting_to":	{
			"host":	"10.0.0.1",
			"port":	5201
		},
		"cookie":	"x6xvl7r5hqxk64vry6fovpjwlvsbqrqgs3b6",
		"tcp_mss_default":	1448,
		"target_bitrate":	10000000000,
		"sock_bufsize":	0,
		"sndbuf_actual":	16384,
		"rcvbuf_actual":	131072,
		"test_start":	{
			"protocol":	"TCP",
			"num_streams":	1,
			"blksize":	131072,
			"omit":	0,
			"duration":	40,
			"bytes":	0,
			"blocks":	0,
			"reverse":	0,
			"tos":	0
		}
	},
	"intervals":	[{
			"streams":	[{
					"socket":	5,
					"start":	0,
					"end":	40.000254,
					"seconds":	40.0002555847168,
					"bytes":	44297355264,
					"bits_per_second":	8859414444.5267048,
					"retransmits":	1425,
					"snd_cwnd":	2686040,
					"rtt":	1123,
					"rttvar":	40,
					"pmtu":	9000,
					"omitted":	false,
					"sender":	true
				}],
			"sum":	{
				"start":	0,
				"end":	40.000254,
				"seconds":	40.0002555847168,
				"bytes":	44297355264,
				"bits_per_second":	8859414444.5267048,
				"retransmits":	1425,
				"omitted":	false,
				"sender":	true
			}
		}],
	"end":	{
		"streams":	[{
				"sender":	{
					"socket":	5,
					"start":	0,
					"end":	40.000254,
					"seconds":	40.000254,
					"bytes":	44297355264,
					"bits_per_second":	8859414795.51605,
					"retransmits":	1425,
					"max_snd_cwnd":	2686040,
					"max_rtt":	1123,
					"min_rtt":	1123,
					"mean_rtt":	1123,
					"sender":	true
				},
				"receiver":	{
					"socket":	5,
					"start":	0,
					"end":	40.000517,
					"seconds":	40.000254,
					"bytes":	44295342120,
					"bits_per_second":	8858953922.02056,
					"sender":	true
				}
			}],
		"sum_sent":	{
			"start":	0,
			"end":	40.000254,
			"seconds":	40.000254,
			"bytes":	44297355264,
			"bits_per_second":	8859414795.51605,
			"retransmits":	1425,
			"sender":	true
		},
		"sum_received":	{
			"start":	0,
			"end":	40.000517,
			"seconds":	40.000517,
			"bytes":	44295342120,
			"bits_per_second":	8858953922.02056,
			"sender":	true
		},
		"cpu_utilization_percent":	{
			"host_total":	95.895535101845,
			"host_user":	2.536799467572119,
			"host_system":	93.358745633669642,
			"remote_total":	46.700806613328353,
			"remote_user":	2.0146428501460654,
			"remote_system":	44.6861637631823
		},
		"sender_tcp_congestion":	"cubic",
		"receiver_tcp_congestion":	"reno"
	}
}
