{
	"start":	{
		"connected":	[{
				"socket":	5,
				"local_host":	"10.0.1.1",
				"local_port":	47778,
				"remote_host":	"10.0.0.1",
				"remote_port":	5201
			}],
		"version":	"iperf 3.9+",
		"system_info":	"Linux han-3 5.10.0 #9 SMP PREEMPT Tue Feb 23 15:01:43 PST 2021 x86_64",
		"timestamp":	{
			"time":	"Sat, 02 Mar 2024 17:46:48 GMT",
			"timesecs":	1709401608
		},
		"connecting_to":	{
			"host":	"10.0.0.1",
			"port":	5201
		},
		"cookie":	"762ox7xivmv7j5v3qfslaqalk2orxmkoqqdw",
		"tcp_mss_default":	1448,
		"target_bitrate":	5000000000,
		"sock_bufsize":	0,
		"sndbuf_actual":	16384,
		"rcvbuf_actual":	131072,
		"test_start":	{
			"protocol":	"TCP",
			"num_streams":	1,
			"blksize":	131072,
			"omit":	0,
			"duration":	30,
			"bytes":	0,
			"blocks":	0,
			"reverse":	0,
			"tos":	0
		}
	},
	"intervals":	[{
			"streams":	[{
					"socket":	5,
					"start":	0,
					"end":	30.000222,
					"seconds":	30.000221252441406,
					"bytes":	18749849600,
					"bits_per_second":	4999923018.4941769,
					"retransmits":	0,
					"snd_cwnd":	900656,
					"rtt":	223,
					"rttvar":	80,
					"pmtu":	9000,
					"omitted":	false,
					"sender":	true
				}],
			"sum":	{
				"start":	0,
				"end":	30.000222,
				"seconds":	30.000221252441406,
				"bytes":	18749849600,
				"bits_per_second":	4999923018.4941769,
				"retransmits":	0,
				"omitted":	false,
				"sender":	true
			}
		}],
	"end":	{
		"streams":	[{
				"sender":	{
					"socket":	5,
					"start":	0,
					"end":	30.000222,
					"seconds":	30.000222,
					"bytes":	18749849600,
					"bits_per_second":	4999922893.9039183,
					"retransmits":	0,
					"max_snd_cwnd":	900656,
					"max_rtt":	223,
					"min_rtt":	223,
					"mean_rtt":	223,
					"sender":	true
				},
				"receiver":	{
					"socket":	5,
					"start":	0,
					"end":	30.000398,
					"seconds":	30.000222,
					"bytes":	18749849600,
					"bits_per_second":	4999893561.4120855,
					"sender":	true
				}
			}],
		"sum_sent":	{
			"start":	0,
			"end":	30.000222,
			"seconds":	30.000222,
			"bytes":	18749849600,
			"bits_per_second":	4999922893.9039183,
			"retransmits":	0,
			"sender":	true
		},
		"sum_received":	{
			"start":	0,
			"end":	30.000398,
			"seconds":	30.000398,
			"bytes":	18749849600,
			"bits_per_second":	4999893561.4120855,
			"sender":	true
		},
		"cpu_utilization_percent":	{
			"host_total":	37.243338186942132,
			"host_user":	0.93279814980245934,
			"host_system":	36.310540037139674,
			"remote_total":	36.326448932318748,
			"remote_user":	0,
			"remote_system":	36.326445606478316
		},
		"sender_tcp_congestion":	"cubic",
		"receiver_tcp_congestion":	"reno"
	}
}
