{
	"start":	{
		"connected":	[{
				"socket":	5,
				"local_host":	"10.0.1.1",
				"local_port":	41060,
				"remote_host":	"10.0.0.1",
				"remote_port":	5201
			}],
		"version":	"iperf 3.9+",
		"system_info":	"Linux han-3 5.10.0 #9 SMP PREEMPT Tue Feb 23 15:01:43 PST 2021 x86_64",
		"timestamp":	{
			"time":	"Fri, 01 Mar 2024 18:21:32 GMT",
			"timesecs":	1709317292
		},
		"connecting_to":	{
			"host":	"10.0.0.1",
			"port":	5201
		},
		"cookie":	"jxajbhyzhl6itoc2rwjxpukdukrontxt24cq",
		"tcp_mss_default":	1448,
		"target_bitrate":	9000000000,
		"sock_bufsize":	0,
		"sndbuf_actual":	16384,
		"rcvbuf_actual":	131072,
		"test_start":	{
			"protocol":	"TCP",
			"num_streams":	1,
			"blksize":	131072,
			"omit":	0,
			"duration":	90,
			"bytes":	0,
			"blocks":	0,
			"reverse":	0,
			"tos":	0
		}
	},
	"intervals":	[{
			"streams":	[{
					"socket":	5,
					"start":	0,
					"end":	60.000078,
					"seconds":	60.000076293945312,
					"bytes":	67499196416,
					"bits_per_second":	8999881411.5256634,
					"retransmits":	0,
					"snd_cwnd":	2169104,
					"rtt":	551,
					"rttvar":	145,
					"pmtu":	9000,
					"omitted":	false,
					"sender":	true
				}],
			"sum":	{
				"start":	0,
				"end":	60.000078,
				"seconds":	60.000076293945312,
				"bytes":	67499196416,
				"bits_per_second":	8999881411.5256634,
				"retransmits":	0,
				"omitted":	false,
				"sender":	true
			}
		}, {
			"streams":	[{
					"socket":	5,
					"start":	60.000078,
					"end":	90.000126,
					"seconds":	30.00004768371582,
					"bytes":	33750122496,
					"bits_per_second":	9000018360.45607,
					"retransmits":	0,
					"snd_cwnd":	2169104,
					"rtt":	576,
					"rttvar":	137,
					"pmtu":	9000,
					"omitted":	false,
					"sender":	true
				}],
			"sum":	{
				"start":	60.000078,
				"end":	90.000126,
				"seconds":	30.00004768371582,
				"bytes":	33750122496,
				"bits_per_second":	9000018360.45607,
				"retransmits":	0,
				"omitted":	false,
				"sender":	true
			}
		}],
	"end":	{
		"streams":	[{
				"sender":	{
					"socket":	5,
					"start":	0,
					"end":	90.000126,
					"seconds":	90.000126,
					"bytes":	101249318912,
					"bits_per_second":	8999926858.94684,
					"retransmits":	0,
					"max_snd_cwnd":	2169104,
					"max_rtt":	576,
					"min_rtt":	551,
					"mean_rtt":	563,
					"sender":	true
				},
				"receiver":	{
					"socket":	5,
					"start":	0,
					"end":	90.000248,
					"seconds":	90.000126,
					"bytes":	101249318912,
					"bits_per_second":	8999914659.079607,
					"sender":	true
				}
			}],
		"sum_sent":	{
			"start":	0,
			"end":	90.000126,
			"seconds":	90.000126,
			"bytes":	101249318912,
			"bits_per_second":	8999926858.94684,
			"retransmits":	0,
			"sender":	true
		},
		"sum_received":	{
			"start":	0,
			"end":	90.000248,
			"seconds":	90.000248,
			"bytes":	101249318912,
			"bits_per_second":	8999914659.079607,
			"sender":	true
		},
		"cpu_utilization_percent":	{
			"host_total":	26.890552984357711,
			"host_user":	5.3786056937788738,
			"host_system":	21.511947290578842,
			"remote_total":	46.940410134168758,
			"remote_user":	4.4237156304669281,
			"remote_system":	42.516694503701828
		},
		"sender_tcp_congestion":	"cubic",
		"receiver_tcp_congestion":	"reno"
	}
}
