{
	"start":	{
		"connected":	[{
				"socket":	5,
				"local_host":	"10.0.1.1",
				"local_port":	51344,
				"remote_host":	"10.0.0.1",
				"remote_port":	5201
			}],
		"version":	"iperf 3.9+",
		"system_info":	"Linux han-3 5.10.0 #9 SMP PREEMPT Tue Feb 23 15:01:43 PST 2021 x86_64",
		"timestamp":	{
			"time":	"Sun, 03 Mar 2024 06:02:34 GMT",
			"timesecs":	1709445754
		},
		"connecting_to":	{
			"host":	"10.0.0.1",
			"port":	5201
		},
		"cookie":	"q66emqao2jegysfnk7txqbe4yxxf7k4vn55v",
		"tcp_mss_default":	1448,
		"target_bitrate":	3000000000,
		"sock_bufsize":	0,
		"sndbuf_actual":	16384,
		"rcvbuf_actual":	131072,
		"test_start":	{
			"protocol":	"TCP",
			"num_streams":	1,
			"blksize":	131072,
			"omit":	0,
			"duration":	30,
			"bytes":	0,
			"blocks":	0,
			"reverse":	0,
			"tos":	0
		}
	},
	"intervals":	[{
			"streams":	[{
					"socket":	5,
					"start":	0,
					"end":	30.000081,
					"seconds":	30.000080108642578,
					"bytes":	11249778688,
					"bits_per_second":	2999932972.78139,
					"retransmits":	0,
					"snd_cwnd":	534312,
					"rtt":	316,
					"rttvar":	90,
					"pmtu":	9000,
					"omitted":	false,
					"sender":	true
				}],
			"sum":	{
				"start":	0,
				"end":	30.000081,
				"seconds":	30.000080108642578,
				"bytes":	11249778688,
				"bits_per_second":	2999932972.78139,
				"retransmits":	0,
				"omitted":	false,
				"sender":	true
			}
		}],
	"end":	{
		"streams":	[{
				"sender":	{
					"socket":	5,
					"start":	0,
					"end":	30.000081,
					"seconds":	30.000081,
					"bytes":	11249778688,
					"bits_per_second":	2999932883.64788,
					"retransmits":	0,
					"max_snd_cwnd":	534312,
					"max_rtt":	316,
					"min_rtt":	316,
					"mean_rtt":	316,
					"sender":	true
				},
				"receiver":	{
					"socket":	5,
					"start":	0,
					"end":	30.000147,
					"seconds":	30.000081,
					"bytes":	11249778688,
					"bits_per_second":	2999926283.8278761,
					"sender":	true
				}
			}],
		"sum_sent":	{
			"start":	0,
			"end":	30.000081,
			"seconds":	30.000081,
			"bytes":	11249778688,
			"bits_per_second":	2999932883.64788,
			"retransmits":	0,
			"sender":	true
		},
		"sum_received":	{
			"start":	0,
			"end":	30.000147,
			"seconds":	30.000147,
			"bytes":	11249778688,
			"bits_per_second":	2999926283.8278761,
			"sender":	true
		},
		"cpu_utilization_percent":	{
			"host_total":	16.901370284625113,
			"host_user":	4.22733825102183,
			"host_system":	12.674028700526263,
			"remote_total":	29.986762281651668,
			"remote_user":	0,
			"remote_system":	29.986758954755881
		},
		"sender_tcp_congestion":	"cubic",
		"receiver_tcp_congestion":	"reno"
	}
}
