{
	"start":	{
		"connected":	[{
				"socket":	5,
				"local_host":	"10.0.1.1",
				"local_port":	50190,
				"remote_host":	"10.0.0.1",
				"remote_port":	5201
			}],
		"version":	"iperf 3.9+",
		"system_info":	"Linux han-3 5.10.0 #9 SMP PREEMPT Tue Feb 23 15:01:43 PST 2021 x86_64",
		"timestamp":	{
			"time":	"Sun, 03 Mar 2024 02:13:00 GMT",
			"timesecs":	1709431980
		},
		"connecting_to":	{
			"host":	"10.0.0.1",
			"port":	5201
		},
		"cookie":	"h5zkbwq5aewrohtjbvtdlwktll2v566ipuw3",
		"tcp_mss_default":	1448,
		"target_bitrate":	10000000000,
		"sock_bufsize":	0,
		"sndbuf_actual":	16384,
		"rcvbuf_actual":	131072,
		"test_start":	{
			"protocol":	"TCP",
			"num_streams":	1,
			"blksize":	131072,
			"omit":	0,
			"duration":	80,
			"bytes":	0,
			"blocks":	0,
			"reverse":	0,
			"tos":	0
		}
	},
	"intervals":	[{
			"streams":	[{
					"socket":	5,
					"start":	0,
					"end":	60.000049,
					"seconds":	60.000049591064453,
					"bytes":	66001567744,
					"bits_per_second":	8800201759.0104561,
					"retransmits":	0,
					"snd_cwnd":	2998808,
					"rtt":	1085,
					"rttvar":	37,
					"pmtu":	9000,
					"omitted":	false,
					"sender":	true
				}],
			"sum":	{
				"start":	0,
				"end":	60.000049,
				"seconds":	60.000049591064453,
				"bytes":	66001567744,
				"bits_per_second":	8800201759.0104561,
				"retransmits":	0,
				"omitted":	false,
				"sender":	true
			}
		}, {
			"streams":	[{
					"socket":	5,
					"start":	60.000049,
					"end":	80.000131,
					"seconds":	20.000082015991211,
					"bytes":	20559822848,
					"bits_per_second":	8223895414.6532974,
					"retransmits":	0,
					"snd_cwnd":	2998808,
					"rtt":	1115,
					"rttvar":	52,
					"pmtu":	9000,
					"omitted":	false,
					"sender":	true
				}],
			"sum":	{
				"start":	60.000049,
				"end":	80.000131,
				"seconds":	20.000082015991211,
				"bytes":	20559822848,
				"bits_per_second":	8223895414.6532974,
				"retransmits":	0,
				"omitted":	false,
				"sender":	true
			}
		}],
	"end":	{
		"streams":	[{
				"sender":	{
					"socket":	5,
					"start":	0,
					"end":	80.000131,
					"seconds":	80.000131,
					"bytes":	86561390592,
					"bits_per_second":	8656124884.7955,
					"retransmits":	0,
					"max_snd_cwnd":	2998808,
					"max_rtt":	1115,
					"min_rtt":	1085,
					"mean_rtt":	1100,
					"sender":	true
				},
				"receiver":	{
					"socket":	5,
					"start":	0,
					"end":	80.000556,
					"seconds":	80.000131,
					"bytes":	86559117264,
					"bits_per_second":	8655851568.2316,
					"sender":	true
				}
			}],
		"sum_sent":	{
			"start":	0,
			"end":	80.000131,
			"seconds":	80.000131,
			"bytes":	86561390592,
			"bits_per_second":	8656124884.7955,
			"retransmits":	0,
			"sender":	true
		},
		"sum_received":	{
			"start":	0,
			"end":	80.000556,
			"seconds":	80.000556,
			"bytes":	86559117264,
			"bits_per_second":	8655851568.2316,
			"sender":	true
		},
		"cpu_utilization_percent":	{
			"host_total":	93.1376746321681,
			"host_user":	2.0456731213628654,
			"host_system":	91.0920015108052,
			"remote_total":	46.221159498872055,
			"remote_user":	2.8370999770074046,
			"remote_system":	43.384058273149314
		},
		"sender_tcp_congestion":	"cubic",
		"receiver_tcp_congestion":	"reno"
	}
}
