{
	"start":	{
		"connected":	[{
				"socket":	5,
				"local_host":	"10.0.1.1",
				"local_port":	45928,
				"remote_host":	"10.0.0.1",
				"remote_port":	5201
			}],
		"version":	"iperf 3.9+",
		"system_info":	"Linux han-3 5.10.0 #9 SMP PREEMPT Tue Feb 23 15:01:43 PST 2021 x86_64",
		"timestamp":	{
			"time":	"Sat, 02 Mar 2024 11:32:06 GMT",
			"timesecs":	1709379126
		},
		"connecting_to":	{
			"host":	"10.0.0.1",
			"port":	5201
		},
		"cookie":	"z53pnxyjz3k65skme2gvyibe7axfduc437ty",
		"tcp_mss_default":	1448,
		"target_bitrate":	1000000000,
		"sock_bufsize":	0,
		"sndbuf_actual":	16384,
		"rcvbuf_actual":	131072,
		"test_start":	{
			"protocol":	"TCP",
			"num_streams":	1,
			"blksize":	131072,
			"omit":	0,
			"duration":	10,
			"bytes":	0,
			"blocks":	0,
			"reverse":	0,
			"tos":	0
		}
	},
	"intervals":	[{
			"streams":	[{
					"socket":	5,
					"start":	0,
					"end":	10.000079,
					"seconds":	10.000079154968262,
					"bytes":	1249902592,
					"bits_per_second":	999914158.78264976,
					"retransmits":	0,
					"snd_cwnd":	134664,
					"rtt":	241,
					"rttvar":	34,
					"pmtu":	9000,
					"omitted":	false,
					"sender":	true
				}],
			"sum":	{
				"start":	0,
				"end":	10.000079,
				"seconds":	10.000079154968262,
				"bytes":	1249902592,
				"bits_per_second":	999914158.78264976,
				"retransmits":	0,
				"omitted":	false,
				"sender":	true
			}
		}],
	"end":	{
		"streams":	[{
				"sender":	{
					"socket":	5,
					"start":	0,
					"end":	10.000079,
					"seconds":	10.000079,
					"bytes":	1249902592,
					"bits_per_second":	999914174.27802324,
					"retransmits":	0,
					"max_snd_cwnd":	134664,
					"max_rtt":	241,
					"min_rtt":	241,
					"mean_rtt":	241,
					"sender":	true
				},
				"receiver":	{
					"socket":	5,
					"start":	0,
					"end":	10.000283,
					"seconds":	10.000079,
					"bytes":	1249902592,
					"bits_per_second":	999893776.606122,
					"sender":	true
				}
			}],
		"sum_sent":	{
			"start":	0,
			"end":	10.000079,
			"seconds":	10.000079,
			"bytes":	1249902592,
			"bits_per_second":	999914174.27802324,
			"retransmits":	0,
			"sender":	true
		},
		"sum_received":	{
			"start":	0,
			"end":	10.000283,
			"seconds":	10.000283,
			"bytes":	1249902592,
			"bits_per_second":	999893776.606122,
			"sender":	true
		},
		"cpu_utilization_percent":	{
			"host_total":	9.01251995765029,
			"host_user":	3.6065036196204323,
			"host_system":	5.4060163380298585,
			"remote_total":	13.394782785774359,
			"remote_user":	0.317581753014685,
			"remote_system":	13.077201032759673
		},
		"sender_tcp_congestion":	"cubic",
		"receiver_tcp_congestion":	"reno"
	}
}
