{
	"start":	{
		"connected":	[{
				"socket":	5,
				"local_host":	"10.0.1.1",
				"local_port":	40820,
				"remote_host":	"10.0.0.1",
				"remote_port":	5201
			}],
		"version":	"iperf 3.9+",
		"system_info":	"Linux han-3 5.10.0 #9 SMP PREEMPT Tue Feb 23 15:01:43 PST 2021 x86_64",
		"timestamp":	{
			"time":	"Fri, 01 Mar 2024 17:23:00 GMT",
			"timesecs":	1709313780
		},
		"connecting_to":	{
			"host":	"10.0.0.1",
			"port":	5201
		},
		"cookie":	"2u67pe73ylq7eknujmsbic3yz5ea5gvlu3yk",
		"tcp_mss_default":	1448,
		"target_bitrate":	9000000000,
		"sock_bufsize":	0,
		"sndbuf_actual":	16384,
		"rcvbuf_actual":	131072,
		"test_start":	{
			"protocol":	"TCP",
			"num_streams":	1,
			"blksize":	131072,
			"omit":	0,
			"duration":	40,
			"bytes":	0,
			"blocks":	0,
			"reverse":	0,
			"tos":	0
		}
	},
	"intervals":	[{
			"streams":	[{
					"socket":	5,
					"start":	0,
					"end":	40.000145,
					"seconds":	40.0001449584961,
					"bytes":	44999245824,
					"bits_per_second":	8999816549.803196,
					"retransmits":	0,
					"snd_cwnd":	1615968,
					"rtt":	671,
					"rttvar":	156,
					"pmtu":	9000,
					"omitted":	false,
					"sender":	true
				}],
			"sum":	{
				"start":	0,
				"end":	40.000145,
				"seconds":	40.0001449584961,
				"bytes":	44999245824,
				"bits_per_second":	8999816549.803196,
				"retransmits":	0,
				"omitted":	false,
				"sender":	true
			}
		}],
	"end":	{
		"streams":	[{
				"sender":	{
					"socket":	5,
					"start":	0,
					"end":	40.000145,
					"seconds":	40.000145,
					"bytes":	44999245824,
					"bits_per_second":	8999816540.46504,
					"retransmits":	0,
					"max_snd_cwnd":	1615968,
					"max_rtt":	671,
					"min_rtt":	671,
					"mean_rtt":	671,
					"sender":	true
				},
				"receiver":	{
					"socket":	5,
					"start":	0,
					"end":	40.000467,
					"seconds":	40.000145,
					"bytes":	44999245824,
					"bits_per_second":	8999744092.7877159,
					"sender":	true
				}
			}],
		"sum_sent":	{
			"start":	0,
			"end":	40.000145,
			"seconds":	40.000145,
			"bytes":	44999245824,
			"bits_per_second":	8999816540.46504,
			"retransmits":	0,
			"sender":	true
		},
		"sum_received":	{
			"start":	0,
			"end":	40.000467,
			"seconds":	40.000467,
			"bytes":	44999245824,
			"bits_per_second":	8999744092.7877159,
			"sender":	true
		},
		"cpu_utilization_percent":	{
			"host_total":	28.271089797551124,
			"host_user":	1.1038536747233809,
			"host_system":	27.167238622671874,
			"remote_total":	46.046278843110088,
			"remote_user":	3.4741286894237713,
			"remote_system":	42.572150153686316
		},
		"sender_tcp_congestion":	"cubic",
		"receiver_tcp_congestion":	"reno"
	}
}
