{
	"start":	{
		"connected":	[{
				"socket":	5,
				"local_host":	"10.0.1.1",
				"local_port":	47638,
				"remote_host":	"10.0.0.1",
				"remote_port":	5201
			}],
		"version":	"iperf 3.9+",
		"system_info":	"Linux han-3 5.10.0 #9 SMP PREEMPT Tue Feb 23 15:01:43 PST 2021 x86_64",
		"timestamp":	{
			"time":	"Sat, 02 Mar 2024 17:25:56 GMT",
			"timesecs":	1709400356
		},
		"connecting_to":	{
			"host":	"10.0.0.1",
			"port":	5201
		},
		"cookie":	"b4j7nkbo3xburtnxja43nep4uprrzghnsxjj",
		"tcp_mss_default":	1448,
		"target_bitrate":	4000000000,
		"sock_bufsize":	0,
		"sndbuf_actual":	16384,
		"rcvbuf_actual":	131072,
		"test_start":	{
			"protocol":	"TCP",
			"num_streams":	1,
			"blksize":	131072,
			"omit":	0,
			"duration":	100,
			"bytes":	0,
			"blocks":	0,
			"reverse":	0,
			"tos":	0
		}
	},
	"intervals":	[{
			"streams":	[{
					"socket":	5,
					"start":	0,
					"end":	60.000066,
					"seconds":	60.000064849853516,
					"bytes":	29999759360,
					"bits_per_second":	3999963591.38245,
					"retransmits":	0,
					"snd_cwnd":	1227904,
					"rtt":	297,
					"rttvar":	22,
					"pmtu":	9000,
					"omitted":	false,
					"sender":	true
				}],
			"sum":	{
				"start":	0,
				"end":	60.000066,
				"seconds":	60.000064849853516,
				"bytes":	29999759360,
				"bits_per_second":	3999963591.38245,
				"retransmits":	0,
				"omitted":	false,
				"sender":	true
			}
		}, {
			"streams":	[{
					"socket":	5,
					"start":	60.000066,
					"end":	100.00009,
					"seconds":	40.0000228881836,
					"bytes":	19999883264,
					"bits_per_second":	3999974363.99631,
					"retransmits":	0,
					"snd_cwnd":	2474632,
					"rtt":	355,
					"rttvar":	72,
					"pmtu":	9000,
					"omitted":	false,
					"sender":	true
				}],
			"sum":	{
				"start":	60.000066,
				"end":	100.00009,
				"seconds":	40.0000228881836,
				"bytes":	19999883264,
				"bits_per_second":	3999974363.99631,
				"retransmits":	0,
				"omitted":	false,
				"sender":	true
			}
		}],
	"end":	{
		"streams":	[{
				"sender":	{
					"socket":	5,
					"start":	0,
					"end":	100.00009,
					"seconds":	100.00009,
					"bytes":	49999642624,
					"bits_per_second":	3999967809.9489713,
					"retransmits":	0,
					"max_snd_cwnd":	2474632,
					"max_rtt":	355,
					"min_rtt":	297,
					"mean_rtt":	326,
					"sender":	true
				},
				"receiver":	{
					"socket":	5,
					"start":	0,
					"end":	100.000132,
					"seconds":	100.00009,
					"bytes":	49999642624,
					"bits_per_second":	3999966129.9647088,
					"sender":	true
				}
			}],
		"sum_sent":	{
			"start":	0,
			"end":	100.00009,
			"seconds":	100.00009,
			"bytes":	49999642624,
			"bits_per_second":	3999967809.9489713,
			"retransmits":	0,
			"sender":	true
		},
		"sum_received":	{
			"start":	0,
			"end":	100.000132,
			"seconds":	100.000132,
			"bytes":	49999642624,
			"bits_per_second":	3999966129.9647088,
			"sender":	true
		},
		"cpu_utilization_percent":	{
			"host_total":	32.372210825794369,
			"host_user":	0.903172671049907,
			"host_system":	31.469037154770291,
			"remote_total":	33.308905617583555,
			"remote_user":	1.5485058062997288,
			"remote_system":	31.760399811283829
		},
		"sender_tcp_congestion":	"cubic",
		"receiver_tcp_congestion":	"reno"
	}
}
