{
	"start":	{
		"connected":	[{
				"socket":	5,
				"local_host":	"10.0.1.1",
				"local_port":	38338,
				"remote_host":	"10.0.0.1",
				"remote_port":	5201
			}],
		"version":	"iperf 3.9+",
		"system_info":	"Linux han-3 5.10.0 #9 SMP PREEMPT Tue Feb 23 15:01:43 PST 2021 x86_64",
		"timestamp":	{
			"time":	"Fri, 01 Mar 2024 08:42:31 GMT",
			"timesecs":	1709282551
		},
		"connecting_to":	{
			"host":	"10.0.0.1",
			"port":	5201
		},
		"cookie":	"4fbi3axgug6p3szeyynjiatpbi5ydlstxiue",
		"tcp_mss_default":	1448,
		"target_bitrate":	3000000000,
		"sock_bufsize":	0,
		"sndbuf_actual":	16384,
		"rcvbuf_actual":	131072,
		"test_start":	{
			"protocol":	"TCP",
			"num_streams":	1,
			"blksize":	131072,
			"omit":	0,
			"duration":	70,
			"bytes":	0,
			"blocks":	0,
			"reverse":	0,
			"tos":	0
		}
	},
	"intervals":	[{
			"streams":	[{
					"socket":	5,
					"start":	0,
					"end":	60.000059,
					"seconds":	60.000057220458984,
					"bytes":	22499688448,
					"bits_per_second":	2999955598.7527285,
					"retransmits":	0,
					"snd_cwnd":	527072,
					"rtt":	255,
					"rttvar":	36,
					"pmtu":	9000,
					"omitted":	false,
					"sender":	true
				}],
			"sum":	{
				"start":	0,
				"end":	60.000059,
				"seconds":	60.000057220458984,
				"bytes":	22499688448,
				"bits_per_second":	2999955598.7527285,
				"retransmits":	0,
				"omitted":	false,
				"sender":	true
			}
		}, {
			"streams":	[{
					"socket":	5,
					"start":	60.000059,
					"end":	70.000072,
					"seconds":	10.00001335144043,
					"bytes":	3750100992,
					"bits_per_second":	3000076788.0653481,
					"retransmits":	0,
					"snd_cwnd":	527072,
					"rtt":	246,
					"rttvar":	44,
					"pmtu":	9000,
					"omitted":	false,
					"sender":	true
				}],
			"sum":	{
				"start":	60.000059,
				"end":	70.000072,
				"seconds":	10.00001335144043,
				"bytes":	3750100992,
				"bits_per_second":	3000076788.0653481,
				"retransmits":	0,
				"omitted":	false,
				"sender":	true
			}
		}],
	"end":	{
		"streams":	[{
				"sender":	{
					"socket":	5,
					"start":	0,
					"end":	70.000072,
					"seconds":	70.000072,
					"bytes":	26249789440,
					"bits_per_second":	2999972850.31364,
					"retransmits":	0,
					"max_snd_cwnd":	527072,
					"max_rtt":	255,
					"min_rtt":	246,
					"mean_rtt":	250,
					"sender":	true
				},
				"receiver":	{
					"socket":	5,
					"start":	0,
					"end":	70.000198,
					"seconds":	70.000072,
					"bytes":	26249789440,
					"bits_per_second":	2999967450.3777833,
					"sender":	true
				}
			}],
		"sum_sent":	{
			"start":	0,
			"end":	70.000072,
			"seconds":	70.000072,
			"bytes":	26249789440,
			"bits_per_second":	2999972850.31364,
			"retransmits":	0,
			"sender":	true
		},
		"sum_received":	{
			"start":	0,
			"end":	70.000198,
			"seconds":	70.000198,
			"bytes":	26249789440,
			"bits_per_second":	2999967450.3777833,
			"sender":	true
		},
		"cpu_utilization_percent":	{
			"host_total":	18.737179194332494,
			"host_user":	1.016869043938563,
			"host_system":	17.720310150393932,
			"remote_total":	26.097034289622446,
			"remote_user":	1.4923483591118241,
			"remote_system":	24.604684503073535
		},
		"sender_tcp_congestion":	"cubic",
		"receiver_tcp_congestion":	"reno"
	}
}
