{
	"start":	{
		"connected":	[{
				"socket":	5,
				"local_host":	"10.0.1.1",
				"local_port":	37368,
				"remote_host":	"10.0.0.1",
				"remote_port":	5201
			}],
		"version":	"iperf 3.9+",
		"system_info":	"Linux han-3 5.10.0 #9 SMP PREEMPT Tue Feb 23 15:01:43 PST 2021 x86_64",
		"timestamp":	{
			"time":	"Fri, 01 Mar 2024 05:17:00 GMT",
			"timesecs":	1709270220
		},
		"connecting_to":	{
			"host":	"10.0.0.1",
			"port":	5201
		},
		"cookie":	"opfvju66ltrzvhqliwcf5qruc6mpq477fnf4",
		"tcp_mss_default":	1448,
		"target_bitrate":	1000000000,
		"sock_bufsize":	0,
		"sndbuf_actual":	16384,
		"rcvbuf_actual":	131072,
		"test_start":	{
			"protocol":	"TCP",
			"num_streams":	1,
			"blksize":	131072,
			"omit":	0,
			"duration":	50,
			"bytes":	0,
			"blocks":	0,
			"reverse":	0,
			"tos":	0
		}
	},
	"intervals":	[{
			"streams":	[{
					"socket":	5,
					"start":	0,
					"end":	50.000116,
					"seconds":	50.000114440917969,
					"bytes":	6249906176,
					"bits_per_second":	999982699.38123858,
					"retransmits":	0,
					"snd_cwnd":	285256,
					"rtt":	267,
					"rttvar":	34,
					"pmtu":	9000,
					"omitted":	false,
					"sender":	true
				}],
			"sum":	{
				"start":	0,
				"end":	50.000116,
				"seconds":	50.000114440917969,
				"bytes":	6249906176,
				"bits_per_second":	999982699.38123858,
				"retransmits":	0,
				"omitted":	false,
				"sender":	true
			}
		}],
	"end":	{
		"streams":	[{
				"sender":	{
					"socket":	5,
					"start":	0,
					"end":	50.000116,
					"seconds":	50.000116,
					"bytes":	6249906176,
					"bits_per_second":	999982668.20021,
					"retransmits":	0,
					"max_snd_cwnd":	285256,
					"max_rtt":	267,
					"min_rtt":	267,
					"mean_rtt":	267,
					"sender":	true
				},
				"receiver":	{
					"socket":	5,
					"start":	0,
					"end":	50.000364,
					"seconds":	50.000116,
					"bytes":	6249906176,
					"bits_per_second":	999977708.32228351,
					"sender":	true
				}
			}],
		"sum_sent":	{
			"start":	0,
			"end":	50.000116,
			"seconds":	50.000116,
			"bytes":	6249906176,
			"bits_per_second":	999982668.20021,
			"retransmits":	0,
			"sender":	true
		},
		"sum_received":	{
			"start":	0,
			"end":	50.000364,
			"seconds":	50.000364,
			"bytes":	6249906176,
			"bits_per_second":	999977708.32228351,
			"sender":	true
		},
		"cpu_utilization_percent":	{
			"host_total":	5.56168791339668,
			"host_user":	0,
			"host_system":	5.5616919131952516,
			"remote_total":	12.9199565064311,
			"remote_user":	0.69333957379371036,
			"remote_system":	12.226618930394467
		},
		"sender_tcp_congestion":	"cubic",
		"receiver_tcp_congestion":	"reno"
	}
}
