{
	"start":	{
		"connected":	[{
				"socket":	5,
				"local_host":	"10.0.1.1",
				"local_port":	51046,
				"remote_host":	"10.0.0.1",
				"remote_port":	5201
			}],
		"version":	"iperf 3.9+",
		"system_info":	"Linux han-3 5.10.0 #9 SMP PREEMPT Tue Feb 23 15:01:43 PST 2021 x86_64",
		"timestamp":	{
			"time":	"Sun, 03 Mar 2024 04:56:51 GMT",
			"timesecs":	1709441811
		},
		"connecting_to":	{
			"host":	"10.0.0.1",
			"port":	5201
		},
		"cookie":	"i3yvv5mguc32t2bm5bz73mcpufcwbwwvc6nl",
		"tcp_mss_default":	1448,
		"target_bitrate":	2000000000,
		"sock_bufsize":	0,
		"sndbuf_actual":	16384,
		"rcvbuf_actual":	131072,
		"test_start":	{
			"protocol":	"TCP",
			"num_streams":	1,
			"blksize":	131072,
			"omit":	0,
			"duration":	70,
			"bytes":	0,
			"blocks":	0,
			"reverse":	0,
			"tos":	0
		}
	},
	"intervals":	[{
			"streams":	[{
					"socket":	5,
					"start":	0,
					"end":	60.000076,
					"seconds":	60.000076293945312,
					"bytes":	14999879680,
					"bits_per_second":	1999981414.225456,
					"retransmits":	0,
					"snd_cwnd":	396752,
					"rtt":	265,
					"rttvar":	36,
					"pmtu":	9000,
					"omitted":	false,
					"sender":	true
				}],
			"sum":	{
				"start":	0,
				"end":	60.000076,
				"seconds":	60.000076293945312,
				"bytes":	14999879680,
				"bits_per_second":	1999981414.225456,
				"retransmits":	0,
				"omitted":	false,
				"sender":	true
			}
		}, {
			"streams":	[{
					"socket":	5,
					"start":	60.000076,
					"end":	70.000082,
					"seconds":	10.0000057220459,
					"bytes":	2499936256,
					"bits_per_second":	1999947860.4206548,
					"retransmits":	0,
					"snd_cwnd":	396752,
					"rtt":	281,
					"rttvar":	66,
					"pmtu":	9000,
					"omitted":	false,
					"sender":	true
				}],
			"sum":	{
				"start":	60.000076,
				"end":	70.000082,
				"seconds":	10.0000057220459,
				"bytes":	2499936256,
				"bits_per_second":	1999947860.4206548,
				"retransmits":	0,
				"omitted":	false,
				"sender":	true
			}
		}],
	"end":	{
		"streams":	[{
				"sender":	{
					"socket":	5,
					"start":	0,
					"end":	70.000082,
					"seconds":	70.000082,
					"bytes":	17499815936,
					"bits_per_second":	1999976621.2845292,
					"retransmits":	0,
					"max_snd_cwnd":	396752,
					"max_rtt":	281,
					"min_rtt":	265,
					"mean_rtt":	273,
					"sender":	true
				},
				"receiver":	{
					"socket":	5,
					"start":	0,
					"end":	70.000242,
					"seconds":	70.000082,
					"bytes":	17499815936,
					"bits_per_second":	1999972049.9251988,
					"sender":	true
				}
			}],
		"sum_sent":	{
			"start":	0,
			"end":	70.000082,
			"seconds":	70.000082,
			"bytes":	17499815936,
			"bits_per_second":	1999976621.2845292,
			"retransmits":	0,
			"sender":	true
		},
		"sum_received":	{
			"start":	0,
			"end":	70.000242,
			"seconds":	70.000242,
			"bytes":	17499815936,
			"bits_per_second":	1999972049.9251988,
			"sender":	true
		},
		"cpu_utilization_percent":	{
			"host_total":	8.79363736693689,
			"host_user":	1.7578663624036432,
			"host_system":	7.0357724330518,
			"remote_total":	20.930979302318153,
			"remote_user":	1.3076499394242251,
			"remote_system":	19.623327935465625
		},
		"sender_tcp_congestion":	"cubic",
		"receiver_tcp_congestion":	"reno"
	}
}
