{
	"start":	{
		"connected":	[{
				"socket":	5,
				"local_host":	"10.0.1.1",
				"local_port":	46204,
				"remote_host":	"10.0.0.1",
				"remote_port":	5201
			}],
		"version":	"iperf 3.9+",
		"system_info":	"Linux han-3 5.10.0 #9 SMP PREEMPT Tue Feb 23 15:01:43 PST 2021 x86_64",
		"timestamp":	{
			"time":	"Sat, 02 Mar 2024 12:13:01 GMT",
			"timesecs":	1709381581
		},
		"connecting_to":	{
			"host":	"10.0.0.1",
			"port":	5201
		},
		"cookie":	"py4jqisx6gyezqpc2ax32eeyvye4dptkjapu",
		"tcp_mss_default":	1448,
		"target_bitrate":	1000000000,
		"sock_bufsize":	0,
		"sndbuf_actual":	16384,
		"rcvbuf_actual":	131072,
		"test_start":	{
			"protocol":	"TCP",
			"num_streams":	1,
			"blksize":	131072,
			"omit":	0,
			"duration":	70,
			"bytes":	0,
			"blocks":	0,
			"reverse":	0,
			"tos":	0
		}
	},
	"intervals":	[{
			"streams":	[{
					"socket":	5,
					"start":	0,
					"end":	60.000067,
					"seconds":	60.000068664550781,
					"bytes":	7499939840,
					"bits_per_second":	999990834.26797628,
					"retransmits":	0,
					"snd_cwnd":	167968,
					"rtt":	249,
					"rttvar":	44,
					"pmtu":	9000,
					"omitted":	false,
					"sender":	true
				}],
			"sum":	{
				"start":	0,
				"end":	60.000067,
				"seconds":	60.000068664550781,
				"bytes":	7499939840,
				"bits_per_second":	999990834.26797628,
				"retransmits":	0,
				"omitted":	false,
				"sender":	true
			}
		}, {
			"streams":	[{
					"socket":	5,
					"start":	60.000067,
					"end":	70.000091,
					"seconds":	10.00002384185791,
					"bytes":	1250033664,
					"bits_per_second":	1000024546.9556844,
					"retransmits":	0,
					"snd_cwnd":	167968,
					"rtt":	266,
					"rttvar":	57,
					"pmtu":	9000,
					"omitted":	false,
					"sender":	true
				}],
			"sum":	{
				"start":	60.000067,
				"end":	70.000091,
				"seconds":	10.00002384185791,
				"bytes":	1250033664,
				"bits_per_second":	1000024546.9556844,
				"retransmits":	0,
				"omitted":	false,
				"sender":	true
			}
		}],
	"end":	{
		"streams":	[{
				"sender":	{
					"socket":	5,
					"start":	0,
					"end":	70.000091,
					"seconds":	70.000091,
					"bytes":	8749973504,
					"bits_per_second":	999995671.891341,
					"retransmits":	0,
					"max_snd_cwnd":	167968,
					"max_rtt":	266,
					"min_rtt":	249,
					"mean_rtt":	257,
					"sender":	true
				},
				"receiver":	{
					"socket":	5,
					"start":	0,
					"end":	70.000564,
					"seconds":	70.000091,
					"bytes":	8749973504,
					"bits_per_second":	999988914.832172,
					"sender":	true
				}
			}],
		"sum_sent":	{
			"start":	0,
			"end":	70.000091,
			"seconds":	70.000091,
			"bytes":	8749973504,
			"bits_per_second":	999995671.891341,
			"retransmits":	0,
			"sender":	true
		},
		"sum_received":	{
			"start":	0,
			"end":	70.000564,
			"seconds":	70.000564,
			"bytes":	8749973504,
			"bits_per_second":	999988914.832172,
			"sender":	true
		},
		"cpu_utilization_percent":	{
			"host_total":	9.05055179577386,
			"host_user":	0,
			"host_system":	9.05055608133882,
			"remote_total":	12.366563631197835,
			"remote_user":	0.74431771311516226,
			"remote_system":	11.622244491136961
		},
		"sender_tcp_congestion":	"cubic",
		"receiver_tcp_congestion":	"reno"
	}
}
