{
	"start":	{
		"connected":	[{
				"socket":	5,
				"local_host":	"10.0.1.1",
				"local_port":	39482,
				"remote_host":	"10.0.0.1",
				"remote_port":	5201
			}],
		"version":	"iperf 3.9+",
		"system_info":	"Linux han-3 5.10.0 #9 SMP PREEMPT Tue Feb 23 15:01:43 PST 2021 x86_64",
		"timestamp":	{
			"time":	"Fri, 01 Mar 2024 12:44:44 GMT",
			"timesecs":	1709297084
		},
		"connecting_to":	{
			"host":	"10.0.0.1",
			"port":	5201
		},
		"cookie":	"hg3ptdagg2ed33hjyqc55ob74vktdnpyrsob",
		"tcp_mss_default":	1448,
		"target_bitrate":	6000000000,
		"sock_bufsize":	0,
		"sndbuf_actual":	16384,
		"rcvbuf_actual":	131072,
		"test_start":	{
			"protocol":	"TCP",
			"num_streams":	1,
			"blksize":	131072,
			"omit":	0,
			"duration":	30,
			"bytes":	0,
			"blocks":	0,
			"reverse":	0,
			"tos":	0
		}
	},
	"intervals":	[{
			"streams":	[{
					"socket":	5,
					"start":	0,
					"end":	30.000089,
					"seconds":	30.000089645385742,
					"bytes":	22499557376,
					"bits_per_second":	5999864038.2624626,
					"retransmits":	0,
					"snd_cwnd":	952784,
					"rtt":	469,
					"rttvar":	101,
					"pmtu":	9000,
					"omitted":	false,
					"sender":	true
				}],
			"sum":	{
				"start":	0,
				"end":	30.000089,
				"seconds":	30.000089645385742,
				"bytes":	22499557376,
				"bits_per_second":	5999864038.2624626,
				"retransmits":	0,
				"omitted":	false,
				"sender":	true
			}
		}],
	"end":	{
		"streams":	[{
				"sender":	{
					"socket":	5,
					"start":	0,
					"end":	30.000089,
					"seconds":	30.000089,
					"bytes":	22499557376,
					"bits_per_second":	5999864167.3363037,
					"retransmits":	0,
					"max_snd_cwnd":	952784,
					"max_rtt":	469,
					"min_rtt":	469,
					"mean_rtt":	469,
					"sender":	true
				},
				"receiver":	{
					"socket":	5,
					"start":	0,
					"end":	30.000196,
					"seconds":	30.000089,
					"bytes":	22499557376,
					"bits_per_second":	5999842767.9605827,
					"sender":	true
				}
			}],
		"sum_sent":	{
			"start":	0,
			"end":	30.000089,
			"seconds":	30.000089,
			"bytes":	22499557376,
			"bits_per_second":	5999864167.3363037,
			"retransmits":	0,
			"sender":	true
		},
		"sum_received":	{
			"start":	0,
			"end":	30.000196,
			"seconds":	30.000196,
			"bytes":	22499557376,
			"bits_per_second":	5999842767.9605827,
			"sender":	true
		},
		"cpu_utilization_percent":	{
			"host_total":	20.287582637836611,
			"host_user":	0,
			"host_system":	20.28758597091463,
			"remote_total":	39.3590259036998,
			"remote_user":	8.6060984043365636,
			"remote_system":	30.752930827031339
		},
		"sender_tcp_congestion":	"cubic",
		"receiver_tcp_congestion":	"reno"
	}
}
