{
	"start":	{
		"connected":	[{
				"socket":	5,
				"local_host":	"10.0.1.1",
				"local_port":	43428,
				"remote_host":	"10.0.0.1",
				"remote_port":	5201
			}],
		"version":	"iperf 3.9+",
		"system_info":	"Linux han-3 5.10.0 #9 SMP PREEMPT Tue Feb 23 15:01:43 PST 2021 x86_64",
		"timestamp":	{
			"time":	"Sat, 02 Mar 2024 02:31:33 GMT",
			"timesecs":	1709346693
		},
		"connecting_to":	{
			"host":	"10.0.0.1",
			"port":	5201
		},
		"cookie":	"rcpqrqvfww3fgnjmxw5tlw43ccabzw5jcomb",
		"tcp_mss_default":	1448,
		"target_bitrate":	5000000000,
		"sock_bufsize":	0,
		"sndbuf_actual":	16384,
		"rcvbuf_actual":	131072,
		"test_start":	{
			"protocol":	"TCP",
			"num_streams":	1,
			"blksize":	131072,
			"omit":	0,
			"duration":	40,
			"bytes":	0,
			"blocks":	0,
			"reverse":	0,
			"tos":	0
		}
	},
	"intervals":	[{
			"streams":	[{
					"socket":	5,
					"start":	0,
					"end":	40.000187,
					"seconds":	40.000186920166016,
					"bytes":	24999493632,
					"bits_per_second":	4999875361.9616823,
					"retransmits":	0,
					"snd_cwnd":	951336,
					"rtt":	334,
					"rttvar":	80,
					"pmtu":	9000,
					"omitted":	false,
					"sender":	true
				}],
			"sum":	{
				"start":	0,
				"end":	40.000187,
				"seconds":	40.000186920166016,
				"bytes":	24999493632,
				"bits_per_second":	4999875361.9616823,
				"retransmits":	0,
				"omitted":	false,
				"sender":	true
			}
		}],
	"end":	{
		"streams":	[{
				"sender":	{
					"socket":	5,
					"start":	0,
					"end":	40.000187,
					"seconds":	40.000187,
					"bytes":	24999493632,
					"bits_per_second":	4999875351.98273,
					"retransmits":	0,
					"max_snd_cwnd":	951336,
					"max_rtt":	334,
					"min_rtt":	334,
					"mean_rtt":	334,
					"sender":	true
				},
				"receiver":	{
					"socket":	5,
					"start":	0,
					"end":	40.000401,
					"seconds":	40.000187,
					"bytes":	24999493632,
					"bits_per_second":	4999848602.9177561,
					"sender":	true
				}
			}],
		"sum_sent":	{
			"start":	0,
			"end":	40.000187,
			"seconds":	40.000187,
			"bytes":	24999493632,
			"bits_per_second":	4999875351.98273,
			"retransmits":	0,
			"sender":	true
		},
		"sum_received":	{
			"start":	0,
			"end":	40.000401,
			"seconds":	40.000401,
			"bytes":	24999493632,
			"bits_per_second":	4999848602.9177561,
			"sender":	true
		},
		"cpu_utilization_percent":	{
			"host_total":	21.074210372101671,
			"host_user":	0.075825296935957548,
			"host_system":	20.998382575320765,
			"remote_total":	36.333952510964586,
			"remote_user":	2.8761928489102568,
			"remote_system":	33.4577621584028
		},
		"sender_tcp_congestion":	"cubic",
		"receiver_tcp_congestion":	"reno"
	}
}
