{
	"start":	{
		"connected":	[{
				"socket":	5,
				"local_host":	"10.0.1.1",
				"local_port":	53654,
				"remote_host":	"10.0.0.1",
				"remote_port":	5201
			}],
		"version":	"iperf 3.9+",
		"system_info":	"Linux han-3 5.10.0 #9 SMP PREEMPT Tue Feb 23 15:01:43 PST 2021 x86_64",
		"timestamp":	{
			"time":	"Sun, 03 Mar 2024 14:03:22 GMT",
			"timesecs":	1709474602
		},
		"connecting_to":	{
			"host":	"10.0.0.1",
			"port":	5201
		},
		"cookie":	"rcht2s4ykus2ywdevrxaoubrqty4lwc6quxl",
		"tcp_mss_default":	1448,
		"target_bitrate":	8000000000,
		"sock_bufsize":	0,
		"sndbuf_actual":	16384,
		"rcvbuf_actual":	131072,
		"test_start":	{
			"protocol":	"TCP",
			"num_streams":	1,
			"blksize":	131072,
			"omit":	0,
			"duration":	60,
			"bytes":	0,
			"blocks":	0,
			"reverse":	0,
			"tos":	0
		}
	},
	"intervals":	[{
			"streams":	[{
					"socket":	5,
					"start":	0,
					"end":	60.000091,
					"seconds":	60.000091552734375,
					"bytes":	59999387648,
					"bits_per_second":	7999906146.1786261,
					"retransmits":	0,
					"snd_cwnd":	1226456,
					"rtt":	519,
					"rttvar":	172,
					"pmtu":	9000,
					"omitted":	false,
					"sender":	true
				}],
			"sum":	{
				"start":	0,
				"end":	60.000091,
				"seconds":	60.000091552734375,
				"bytes":	59999387648,
				"bits_per_second":	7999906146.1786261,
				"retransmits":	0,
				"omitted":	false,
				"sender":	true
			}
		}],
	"end":	{
		"streams":	[{
				"sender":	{
					"socket":	5,
					"start":	0,
					"end":	60.000091,
					"seconds":	60.000091,
					"bytes":	59999387648,
					"bits_per_second":	7999906219.8755665,
					"retransmits":	0,
					"max_snd_cwnd":	1226456,
					"max_rtt":	519,
					"min_rtt":	519,
					"mean_rtt":	519,
					"sender":	true
				},
				"receiver":	{
					"socket":	5,
					"start":	0,
					"end":	60.000351,
					"seconds":	60.000091,
					"bytes":	59999387648,
					"bits_per_second":	7999871553.8180761,
					"sender":	true
				}
			}],
		"sum_sent":	{
			"start":	0,
			"end":	60.000091,
			"seconds":	60.000091,
			"bytes":	59999387648,
			"bits_per_second":	7999906219.8755665,
			"retransmits":	0,
			"sender":	true
		},
		"sum_received":	{
			"start":	0,
			"end":	60.000351,
			"seconds":	60.000351,
			"bytes":	59999387648,
			"bits_per_second":	7999871553.8180761,
			"sender":	true
		},
		"cpu_utilization_percent":	{
			"host_total":	29.760332882274156,
			"host_user":	0,
			"host_system":	29.760332882274156,
			"remote_total":	43.285660656054411,
			"remote_user":	5.6074046826035717,
			"remote_system":	37.678255973450838
		},
		"sender_tcp_congestion":	"cubic",
		"receiver_tcp_congestion":	"reno"
	}
}
