{
	"start":	{
		"connected":	[{
				"socket":	5,
				"local_host":	"10.0.1.1",
				"local_port":	44112,
				"remote_host":	"10.0.0.1",
				"remote_port":	5201
			}],
		"version":	"iperf 3.9+",
		"system_info":	"Linux han-3 5.10.0 #9 SMP PREEMPT Tue Feb 23 15:01:43 PST 2021 x86_64",
		"timestamp":	{
			"time":	"Sat, 02 Mar 2024 05:02:22 GMT",
			"timesecs":	1709355742
		},
		"connecting_to":	{
			"host":	"10.0.0.1",
			"port":	5201
		},
		"cookie":	"tpn4lk73kdg5zrrmdh6ug3lpig3kurxirjuv",
		"tcp_mss_default":	1448,
		"target_bitrate":	6000000000,
		"sock_bufsize":	0,
		"sndbuf_actual":	16384,
		"rcvbuf_actual":	131072,
		"test_start":	{
			"protocol":	"TCP",
			"num_streams":	1,
			"blksize":	131072,
			"omit":	0,
			"duration":	90,
			"bytes":	0,
			"blocks":	0,
			"reverse":	0,
			"tos":	0
		}
	},
	"intervals":	[{
			"streams":	[{
					"socket":	5,
					"start":	0,
					"end":	60.000062,
					"seconds":	60.00006103515625,
					"bytes":	44999507968,
					"bits_per_second":	5999928292.2906532,
					"retransmits":	0,
					"snd_cwnd":	1566736,
					"rtt":	456,
					"rttvar":	140,
					"pmtu":	9000,
					"omitted":	false,
					"sender":	true
				}],
			"sum":	{
				"start":	0,
				"end":	60.000062,
				"seconds":	60.00006103515625,
				"bytes":	44999507968,
				"bits_per_second":	5999928292.2906532,
				"retransmits":	0,
				"omitted":	false,
				"sender":	true
			}
		}, {
			"streams":	[{
					"socket":	5,
					"start":	60.000062,
					"end":	90.000072,
					"seconds":	30.000009536743164,
					"bytes":	22499950592,
					"bits_per_second":	5999984917.1894951,
					"retransmits":	0,
					"snd_cwnd":	1566736,
					"rtt":	456,
					"rttvar":	140,
					"pmtu":	9000,
					"omitted":	false,
					"sender":	true
				}],
			"sum":	{
				"start":	60.000062,
				"end":	90.000072,
				"seconds":	30.000009536743164,
				"bytes":	22499950592,
				"bits_per_second":	5999984917.1894951,
				"retransmits":	0,
				"omitted":	false,
				"sender":	true
			}
		}],
	"end":	{
		"streams":	[{
				"sender":	{
					"socket":	5,
					"start":	0,
					"end":	90.000072,
					"seconds":	90.000072,
					"bytes":	67499458560,
					"bits_per_second":	5999947072.0423422,
					"retransmits":	0,
					"max_snd_cwnd":	1566736,
					"max_rtt":	456,
					"min_rtt":	456,
					"mean_rtt":	456,
					"sender":	true
				},
				"receiver":	{
					"socket":	5,
					"start":	0,
					"end":	89.999911,
					"seconds":	90.000072,
					"bytes":	67499458560,
					"bits_per_second":	5999957805.2916079,
					"sender":	true
				}
			}],
		"sum_sent":	{
			"start":	0,
			"end":	90.000072,
			"seconds":	90.000072,
			"bytes":	67499458560,
			"bits_per_second":	5999947072.0423422,
			"retransmits":	0,
			"sender":	true
		},
		"sum_received":	{
			"start":	0,
			"end":	89.999911,
			"seconds":	89.999911,
			"bytes":	67499458560,
			"bits_per_second":	5999957805.2916079,
			"sender":	true
		},
		"cpu_utilization_percent":	{
			"host_total":	31.855845878540574,
			"host_user":	0.75852561475994973,
			"host_system":	31.09731915269872,
			"remote_total":	36.849012048866484,
			"remote_user":	5.21296466974364,
			"remote_system":	31.636047379122843
		},
		"sender_tcp_congestion":	"cubic",
		"receiver_tcp_congestion":	"reno"
	}
}
