{
	"start":	{
		"connected":	[{
				"socket":	5,
				"local_host":	"10.0.1.1",
				"local_port":	53266,
				"remote_host":	"10.0.0.1",
				"remote_port":	5201
			}],
		"version":	"iperf 3.9+",
		"system_info":	"Linux han-3 5.10.0 #9 SMP PREEMPT Tue Feb 23 15:01:43 PST 2021 x86_64",
		"timestamp":	{
			"time":	"Sun, 03 Mar 2024 12:44:57 GMT",
			"timesecs":	1709469897
		},
		"connecting_to":	{
			"host":	"10.0.0.1",
			"port":	5201
		},
		"cookie":	"qrlvmv3qwwptw2232n2vgkqxv4uvahcpaodn",
		"tcp_mss_default":	1448,
		"target_bitrate":	7000000000,
		"sock_bufsize":	0,
		"sndbuf_actual":	16384,
		"rcvbuf_actual":	131072,
		"test_start":	{
			"protocol":	"TCP",
			"num_streams":	1,
			"blksize":	131072,
			"omit":	0,
			"duration":	70,
			"bytes":	0,
			"blocks":	0,
			"reverse":	0,
			"tos":	0
		}
	},
	"intervals":	[{
			"streams":	[{
					"socket":	5,
					"start":	0,
					"end":	60.000062,
					"seconds":	60.00006103515625,
					"bytes":	52499447808,
					"bits_per_second":	6999919253.71391,
					"retransmits":	0,
					"snd_cwnd":	1091792,
					"rtt":	538,
					"rttvar":	139,
					"pmtu":	9000,
					"omitted":	false,
					"sender":	true
				}],
			"sum":	{
				"start":	0,
				"end":	60.000062,
				"seconds":	60.00006103515625,
				"bytes":	52499447808,
				"bits_per_second":	6999919253.71391,
				"retransmits":	0,
				"omitted":	false,
				"sender":	true
			}
		}, {
			"streams":	[{
					"socket":	5,
					"start":	60.000062,
					"end":	70.000074,
					"seconds":	10.000012397766113,
					"bytes":	8749973504,
					"bits_per_second":	6999970124.80076,
					"retransmits":	0,
					"snd_cwnd":	1091792,
					"rtt":	539,
					"rttvar":	171,
					"pmtu":	9000,
					"omitted":	false,
					"sender":	true
				}],
			"sum":	{
				"start":	60.000062,
				"end":	70.000074,
				"seconds":	10.000012397766113,
				"bytes":	8749973504,
				"bits_per_second":	6999970124.80076,
				"retransmits":	0,
				"omitted":	false,
				"sender":	true
			}
		}],
	"end":	{
		"streams":	[{
				"sender":	{
					"socket":	5,
					"start":	0,
					"end":	70.000074,
					"seconds":	70.000074,
					"bytes":	61249421312,
					"bits_per_second":	6999926464.30631,
					"retransmits":	0,
					"max_snd_cwnd":	1091792,
					"max_rtt":	539,
					"min_rtt":	538,
					"mean_rtt":	538,
					"sender":	true
				},
				"receiver":	{
					"socket":	5,
					"start":	0,
					"end":	69.999902,
					"seconds":	70.000074,
					"bytes":	61249421312,
					"bits_per_second":	6999943664.1497,
					"sender":	true
				}
			}],
		"sum_sent":	{
			"start":	0,
			"end":	70.000074,
			"seconds":	70.000074,
			"bytes":	61249421312,
			"bits_per_second":	6999926464.30631,
			"retransmits":	0,
			"sender":	true
		},
		"sum_received":	{
			"start":	0,
			"end":	69.999902,
			"seconds":	69.999902,
			"bytes":	61249421312,
			"bits_per_second":	6999943664.1497,
			"sender":	true
		},
		"cpu_utilization_percent":	{
			"host_total":	21.133710261168627,
			"host_user":	0,
			"host_system":	21.13370883264691,
			"remote_total":	39.9087370423852,
			"remote_user":	4.77108807408264,
			"remote_system":	35.137648968302557
		},
		"sender_tcp_congestion":	"cubic",
		"receiver_tcp_congestion":	"reno"
	}
}
