{
	"start":	{
		"connected":	[{
				"socket":	5,
				"local_host":	"10.0.1.1",
				"local_port":	48028,
				"remote_host":	"10.0.0.1",
				"remote_port":	5201
			}],
		"version":	"iperf 3.9+",
		"system_info":	"Linux han-3 5.10.0 #9 SMP PREEMPT Tue Feb 23 15:01:43 PST 2021 x86_64",
		"timestamp":	{
			"time":	"Sat, 02 Mar 2024 18:42:23 GMT",
			"timesecs":	1709404943
		},
		"connecting_to":	{
			"host":	"10.0.0.1",
			"port":	5201
		},
		"cookie":	"u6q5oklunwmkdegbztiabioznfummf252kru",
		"tcp_mss_default":	1448,
		"target_bitrate":	5000000000,
		"sock_bufsize":	0,
		"sndbuf_actual":	16384,
		"rcvbuf_actual":	131072,
		"test_start":	{
			"protocol":	"TCP",
			"num_streams":	1,
			"blksize":	131072,
			"omit":	0,
			"duration":	90,
			"bytes":	0,
			"blocks":	0,
			"reverse":	0,
			"tos":	0
		}
	},
	"intervals":	[{
			"streams":	[{
					"socket":	5,
					"start":	0,
					"end":	60.00007,
					"seconds":	60.000068664550781,
					"bytes":	37499699200,
					"bits_per_second":	4999954171.3398819,
					"retransmits":	0,
					"snd_cwnd":	1033872,
					"rtt":	341,
					"rttvar":	79,
					"pmtu":	9000,
					"omitted":	false,
					"sender":	true
				}],
			"sum":	{
				"start":	0,
				"end":	60.00007,
				"seconds":	60.000068664550781,
				"bytes":	37499699200,
				"bits_per_second":	4999954171.3398819,
				"retransmits":	0,
				"omitted":	false,
				"sender":	true
			}
		}, {
			"streams":	[{
					"socket":	5,
					"start":	60.00007,
					"end":	90.000095,
					"seconds":	30.000024795532227,
					"bytes":	18749849600,
					"bits_per_second":	4999955760.7811937,
					"retransmits":	0,
					"snd_cwnd":	1033872,
					"rtt":	366,
					"rttvar":	130,
					"pmtu":	9000,
					"omitted":	false,
					"sender":	true
				}],
			"sum":	{
				"start":	60.00007,
				"end":	90.000095,
				"seconds":	30.000024795532227,
				"bytes":	18749849600,
				"bits_per_second":	4999955760.7811937,
				"retransmits":	0,
				"omitted":	false,
				"sender":	true
			}
		}],
	"end":	{
		"streams":	[{
				"sender":	{
					"socket":	5,
					"start":	0,
					"end":	90.000095,
					"seconds":	90.000095,
					"bytes":	56249548800,
					"bits_per_second":	4999954615.60346,
					"retransmits":	0,
					"max_snd_cwnd":	1033872,
					"max_rtt":	366,
					"min_rtt":	341,
					"mean_rtt":	353,
					"sender":	true
				},
				"receiver":	{
					"socket":	5,
					"start":	0,
					"end":	90.000743,
					"seconds":	90.000095,
					"bytes":	56249548800,
					"bits_per_second":	4999918616.2274237,
					"sender":	true
				}
			}],
		"sum_sent":	{
			"start":	0,
			"end":	90.000095,
			"seconds":	90.000095,
			"bytes":	56249548800,
			"bits_per_second":	4999954615.60346,
			"retransmits":	0,
			"sender":	true
		},
		"sum_received":	{
			"start":	0,
			"end":	90.000743,
			"seconds":	90.000743,
			"bytes":	56249548800,
			"bits_per_second":	4999918616.2274237,
			"sender":	true
		},
		"cpu_utilization_percent":	{
			"host_total":	32.96207914787955,
			"host_user":	0.49381079880603745,
			"host_system":	32.468272793395144,
			"remote_total":	36.537286802684612,
			"remote_user":	2.6932960740485323,
			"remote_system":	33.843991838750384
		},
		"sender_tcp_congestion":	"cubic",
		"receiver_tcp_congestion":	"reno"
	}
}
