{
	"start":	{
		"connected":	[{
				"socket":	5,
				"local_host":	"10.0.1.1",
				"local_port":	46342,
				"remote_host":	"10.0.0.1",
				"remote_port":	5201
			}],
		"version":	"iperf 3.9+",
		"system_info":	"Linux han-3 5.10.0 #9 SMP PREEMPT Tue Feb 23 15:01:43 PST 2021 x86_64",
		"timestamp":	{
			"time":	"Sat, 02 Mar 2024 12:55:33 GMT",
			"timesecs":	1709384133
		},
		"connecting_to":	{
			"host":	"10.0.0.1",
			"port":	5201
		},
		"cookie":	"dhst3lm3ei5cpxbajvverjo4c454ryvegj5q",
		"tcp_mss_default":	1448,
		"target_bitrate":	1000000000,
		"sock_bufsize":	0,
		"sndbuf_actual":	16384,
		"rcvbuf_actual":	131072,
		"test_start":	{
			"protocol":	"TCP",
			"num_streams":	1,
			"blksize":	131072,
			"omit":	0,
			"duration":	100,
			"bytes":	0,
			"blocks":	0,
			"reverse":	0,
			"tos":	0
		}
	},
	"intervals":	[{
			"streams":	[{
					"socket":	5,
					"start":	0,
					"end":	60.000076,
					"seconds":	60.000076293945312,
					"bytes":	7499939840,
					"bits_per_second":	999990707.112728,
					"retransmits":	0,
					"snd_cwnd":	159280,
					"rtt":	246,
					"rttvar":	31,
					"pmtu":	9000,
					"omitted":	false,
					"sender":	true
				}],
			"sum":	{
				"start":	0,
				"end":	60.000076,
				"seconds":	60.000076293945312,
				"bytes":	7499939840,
				"bits_per_second":	999990707.112728,
				"retransmits":	0,
				"omitted":	false,
				"sender":	true
			}
		}, {
			"streams":	[{
					"socket":	5,
					"start":	60.000076,
					"end":	100.000108,
					"seconds":	40.000030517578125,
					"bytes":	5000003584,
					"bits_per_second":	999999953.860582,
					"retransmits":	0,
					"snd_cwnd":	178104,
					"rtt":	245,
					"rttvar":	22,
					"pmtu":	9000,
					"omitted":	false,
					"sender":	true
				}],
			"sum":	{
				"start":	60.000076,
				"end":	100.000108,
				"seconds":	40.000030517578125,
				"bytes":	5000003584,
				"bits_per_second":	999999953.860582,
				"retransmits":	0,
				"omitted":	false,
				"sender":	true
			}
		}],
	"end":	{
		"streams":	[{
				"sender":	{
					"socket":	5,
					"start":	0,
					"end":	100.000108,
					"seconds":	100.000108,
					"bytes":	12499943424,
					"bits_per_second":	999994393.9260546,
					"retransmits":	0,
					"max_snd_cwnd":	178104,
					"max_rtt":	246,
					"min_rtt":	245,
					"mean_rtt":	245,
					"sender":	true
				},
				"receiver":	{
					"socket":	5,
					"start":	0,
					"end":	100.000207,
					"seconds":	100.000108,
					"bytes":	12499943424,
					"bits_per_second":	999993403.933654,
					"sender":	true
				}
			}],
		"sum_sent":	{
			"start":	0,
			"end":	100.000108,
			"seconds":	100.000108,
			"bytes":	12499943424,
			"bits_per_second":	999994393.9260546,
			"retransmits":	0,
			"sender":	true
		},
		"sum_received":	{
			"start":	0,
			"end":	100.000207,
			"seconds":	100.000207,
			"bytes":	12499943424,
			"bits_per_second":	999993403.933654,
			"sender":	true
		},
		"cpu_utilization_percent":	{
			"host_total":	9.01970370346667,
			"host_user":	0,
			"host_system":	9.01971070329028,
			"remote_total":	13.904774665113957,
			"remote_user":	0.8436825862674685,
			"remote_system":	13.061092078846487
		},
		"sender_tcp_congestion":	"cubic",
		"receiver_tcp_congestion":	"reno"
	}
}
