{
	"start":	{
		"connected":	[{
				"socket":	5,
				"local_host":	"10.0.1.1",
				"local_port":	42006,
				"remote_host":	"10.0.0.1",
				"remote_port":	5201
			}],
		"version":	"iperf 3.9+",
		"system_info":	"Linux han-3 5.10.0 #9 SMP PREEMPT Tue Feb 23 15:01:43 PST 2021 x86_64",
		"timestamp":	{
			"time":	"Fri, 01 Mar 2024 21:46:44 GMT",
			"timesecs":	1709329604
		},
		"connecting_to":	{
			"host":	"10.0.0.1",
			"port":	5201
		},
		"cookie":	"l3fix4eeuf6h3gmarq6g4glnz5wlmy7midsh",
		"tcp_mss_default":	1448,
		"target_bitrate":	2000000000,
		"sock_bufsize":	0,
		"sndbuf_actual":	16384,
		"rcvbuf_actual":	131072,
		"test_start":	{
			"protocol":	"TCP",
			"num_streams":	1,
			"blksize":	131072,
			"omit":	0,
			"duration":	10,
			"bytes":	0,
			"blocks":	0,
			"reverse":	0,
			"tos":	0
		}
	},
	"intervals":	[{
			"streams":	[{
					"socket":	5,
					"start":	0,
					"end":	10.000083,
					"seconds":	10.000082969665527,
					"bytes":	2499805184,
					"bits_per_second":	1999827554.6976674,
					"retransmits":	0,
					"snd_cwnd":	399648,
					"rtt":	260,
					"rttvar":	30,
					"pmtu":	9000,
					"omitted":	false,
					"sender":	true
				}],
			"sum":	{
				"start":	0,
				"end":	10.000083,
				"seconds":	10.000082969665527,
				"bytes":	2499805184,
				"bits_per_second":	1999827554.6976674,
				"retransmits":	0,
				"omitted":	false,
				"sender":	true
			}
		}],
	"end":	{
		"streams":	[{
				"sender":	{
					"socket":	5,
					"start":	0,
					"end":	10.000083,
					"seconds":	10.000083,
					"bytes":	2499805184,
					"bits_per_second":	1999827548.6313465,
					"retransmits":	0,
					"max_snd_cwnd":	399648,
					"max_rtt":	260,
					"min_rtt":	260,
					"mean_rtt":	260,
					"sender":	true
				},
				"receiver":	{
					"socket":	5,
					"start":	0,
					"end":	10.00021,
					"seconds":	10.000083,
					"bytes":	2499805184,
					"bits_per_second":	1999802151.3548217,
					"sender":	true
				}
			}],
		"sum_sent":	{
			"start":	0,
			"end":	10.000083,
			"seconds":	10.000083,
			"bytes":	2499805184,
			"bits_per_second":	1999827548.6313465,
			"retransmits":	0,
			"sender":	true
		},
		"sum_received":	{
			"start":	0,
			"end":	10.00021,
			"seconds":	10.00021,
			"bytes":	2499805184,
			"bits_per_second":	1999802151.3548217,
			"sender":	true
		},
		"cpu_utilization_percent":	{
			"host_total":	13.78496842928652,
			"host_user":	0.241424279276343,
			"host_system":	13.543544150010177,
			"remote_total":	21.717280620917325,
			"remote_user":	0,
			"remote_system":	21.717280620917325
		},
		"sender_tcp_congestion":	"cubic",
		"receiver_tcp_congestion":	"reno"
	}
}
