{
	"start":	{
		"connected":	[{
				"socket":	5,
				"local_host":	"10.0.1.1",
				"local_port":	45296,
				"remote_host":	"10.0.0.1",
				"remote_port":	5201
			}],
		"version":	"iperf 3.9+",
		"system_info":	"Linux han-3 5.10.0 #9 SMP PREEMPT Tue Feb 23 15:01:43 PST 2021 x86_64",
		"timestamp":	{
			"time":	"Sat, 02 Mar 2024 09:00:38 GMT",
			"timesecs":	1709370038
		},
		"connecting_to":	{
			"host":	"10.0.0.1",
			"port":	5201
		},
		"cookie":	"q6kdxewgatpuxa3a64uby4r5drbikpfmidlj",
		"tcp_mss_default":	1448,
		"target_bitrate":	9000000000,
		"sock_bufsize":	0,
		"sndbuf_actual":	16384,
		"rcvbuf_actual":	131072,
		"test_start":	{
			"protocol":	"TCP",
			"num_streams":	1,
			"blksize":	131072,
			"omit":	0,
			"duration":	60,
			"bytes":	0,
			"blocks":	0,
			"reverse":	0,
			"tos":	0
		}
	},
	"intervals":	[{
			"streams":	[{
					"socket":	5,
					"start":	0,
					"end":	60.000181,
					"seconds":	60.000179290771484,
					"bytes":	67499327488,
					"bits_per_second":	8999883438.46592,
					"retransmits":	0,
					"snd_cwnd":	2154624,
					"rtt":	630,
					"rttvar":	153,
					"pmtu":	9000,
					"omitted":	false,
					"sender":	true
				}],
			"sum":	{
				"start":	0,
				"end":	60.000181,
				"seconds":	60.000179290771484,
				"bytes":	67499327488,
				"bits_per_second":	8999883438.46592,
				"retransmits":	0,
				"omitted":	false,
				"sender":	true
			}
		}],
	"end":	{
		"streams":	[{
				"sender":	{
					"socket":	5,
					"start":	0,
					"end":	60.000181,
					"seconds":	60.000181,
					"bytes":	67499327488,
					"bits_per_second":	8999883182.0857353,
					"retransmits":	0,
					"max_snd_cwnd":	2154624,
					"max_rtt":	630,
					"min_rtt":	630,
					"mean_rtt":	630,
					"sender":	true
				},
				"receiver":	{
					"socket":	5,
					"start":	0,
					"end":	60.000083,
					"seconds":	60.000181,
					"bytes":	67499327488,
					"bits_per_second":	8999897881.8746,
					"sender":	true
				}
			}],
		"sum_sent":	{
			"start":	0,
			"end":	60.000181,
			"seconds":	60.000181,
			"bytes":	67499327488,
			"bits_per_second":	8999883182.0857353,
			"retransmits":	0,
			"sender":	true
		},
		"sum_received":	{
			"start":	0,
			"end":	60.000083,
			"seconds":	60.000083,
			"bytes":	67499327488,
			"bits_per_second":	8999897881.8746,
			"sender":	true
		},
		"cpu_utilization_percent":	{
			"host_total":	30.000413483853457,
			"host_user":	0.40842571764239277,
			"host_system":	29.591987766211066,
			"remote_total":	47.130569042412873,
			"remote_user":	0.1134894272974436,
			"remote_system":	47.0170779499
		},
		"sender_tcp_congestion":	"cubic",
		"receiver_tcp_congestion":	"reno"
	}
}
