{
	"start":	{
		"connected":	[{
				"socket":	5,
				"local_host":	"10.0.1.1",
				"local_port":	38006,
				"remote_host":	"10.0.0.1",
				"remote_port":	5201
			}],
		"version":	"iperf 3.9+",
		"system_info":	"Linux han-3 5.10.0 #9 SMP PREEMPT Tue Feb 23 15:01:43 PST 2021 x86_64",
		"timestamp":	{
			"time":	"Fri, 01 Mar 2024 07:42:17 GMT",
			"timesecs":	1709278937
		},
		"connecting_to":	{
			"host":	"10.0.0.1",
			"port":	5201
		},
		"cookie":	"g43sckmcrpyor7davrf25a5k3qlzwlr2rsoj",
		"tcp_mss_default":	1448,
		"target_bitrate":	2000000000,
		"sock_bufsize":	0,
		"sndbuf_actual":	16384,
		"rcvbuf_actual":	131072,
		"test_start":	{
			"protocol":	"TCP",
			"num_streams":	1,
			"blksize":	131072,
			"omit":	0,
			"duration":	90,
			"bytes":	0,
			"blocks":	0,
			"reverse":	0,
			"tos":	0
		}
	},
	"intervals":	[{
			"streams":	[{
					"socket":	5,
					"start":	0,
					"end":	60.000061,
					"seconds":	60.00006103515625,
					"bytes":	14999879680,
					"bits_per_second":	1999981922.846514,
					"retransmits":	0,
					"snd_cwnd":	403992,
					"rtt":	290,
					"rttvar":	46,
					"pmtu":	9000,
					"omitted":	false,
					"sender":	true
				}],
			"sum":	{
				"start":	0,
				"end":	60.000061,
				"seconds":	60.00006103515625,
				"bytes":	14999879680,
				"bits_per_second":	1999981922.846514,
				"retransmits":	0,
				"omitted":	false,
				"sender":	true
			}
		}, {
			"streams":	[{
					"socket":	5,
					"start":	60.000061,
					"end":	90.000162,
					"seconds":	30.000101089477539,
					"bytes":	7499939840,
					"bits_per_second":	1999977218.1115978,
					"retransmits":	0,
					"snd_cwnd":	403992,
					"rtt":	296,
					"rttvar":	71,
					"pmtu":	9000,
					"omitted":	false,
					"sender":	true
				}],
			"sum":	{
				"start":	60.000061,
				"end":	90.000162,
				"seconds":	30.000101089477539,
				"bytes":	7499939840,
				"bits_per_second":	1999977218.1115978,
				"retransmits":	0,
				"omitted":	false,
				"sender":	true
			}
		}],
	"end":	{
		"streams":	[{
				"sender":	{
					"socket":	5,
					"start":	0,
					"end":	90.000162,
					"seconds":	90.000162,
					"bytes":	22499819520,
					"bits_per_second":	1999980357.36869,
					"retransmits":	0,
					"max_snd_cwnd":	403992,
					"max_rtt":	296,
					"min_rtt":	290,
					"mean_rtt":	293,
					"sender":	true
				},
				"receiver":	{
					"socket":	5,
					"start":	0,
					"end":	90.000205,
					"seconds":	90.000162,
					"bytes":	22499819520,
					"bits_per_second":	1999979401.8246961,
					"sender":	true
				}
			}],
		"sum_sent":	{
			"start":	0,
			"end":	90.000162,
			"seconds":	90.000162,
			"bytes":	22499819520,
			"bits_per_second":	1999980357.36869,
			"retransmits":	0,
			"sender":	true
		},
		"sum_received":	{
			"start":	0,
			"end":	90.000205,
			"seconds":	90.000205,
			"bytes":	22499819520,
			"bits_per_second":	1999979401.8246961,
			"sender":	true
		},
		"cpu_utilization_percent":	{
			"host_total":	7.639080064301826,
			"host_user":	0,
			"host_system":	7.6390811753830485,
			"remote_total":	21.963901686091752,
			"remote_user":	0.77531845038653979,
			"remote_system":	21.18858212520108
		},
		"sender_tcp_congestion":	"cubic",
		"receiver_tcp_congestion":	"reno"
	}
}
