{
	"start":	{
		"connected":	[{
				"socket":	5,
				"local_host":	"10.0.1.1",
				"local_port":	38446,
				"remote_host":	"10.0.0.1",
				"remote_port":	5201
			}],
		"version":	"iperf 3.9+",
		"system_info":	"Linux han-3 5.10.0 #9 SMP PREEMPT Tue Feb 23 15:01:43 PST 2021 x86_64",
		"timestamp":	{
			"time":	"Fri, 01 Mar 2024 09:15:33 GMT",
			"timesecs":	1709284533
		},
		"connecting_to":	{
			"host":	"10.0.0.1",
			"port":	5201
		},
		"cookie":	"7kuymz2oicgm5zgir3qadtdl4o4v6xx6o4ip",
		"tcp_mss_default":	1448,
		"target_bitrate":	3000000000,
		"sock_bufsize":	0,
		"sndbuf_actual":	16384,
		"rcvbuf_actual":	131072,
		"test_start":	{
			"protocol":	"TCP",
			"num_streams":	1,
			"blksize":	131072,
			"omit":	0,
			"duration":	100,
			"bytes":	0,
			"blocks":	0,
			"reverse":	0,
			"tos":	0
		}
	},
	"intervals":	[{
			"streams":	[{
					"socket":	5,
					"start":	0,
					"end":	60.000058,
					"seconds":	60.000057220458984,
					"bytes":	22499688448,
					"bits_per_second":	2999955598.7527285,
					"retransmits":	0,
					"snd_cwnd":	528520,
					"rtt":	286,
					"rttvar":	74,
					"pmtu":	9000,
					"omitted":	false,
					"sender":	true
				}],
			"sum":	{
				"start":	0,
				"end":	60.000058,
				"seconds":	60.000057220458984,
				"bytes":	22499688448,
				"bits_per_second":	2999955598.7527285,
				"retransmits":	0,
				"omitted":	false,
				"sender":	true
			}
		}, {
			"streams":	[{
					"socket":	5,
					"start":	60.000058,
					"end":	100.000072,
					"seconds":	40.000015258789062,
					"bytes":	15000010752,
					"bits_per_second":	3000001005.9904366,
					"retransmits":	0,
					"snd_cwnd":	528520,
					"rtt":	262,
					"rttvar":	60,
					"pmtu":	9000,
					"omitted":	false,
					"sender":	true
				}],
			"sum":	{
				"start":	60.000058,
				"end":	100.000072,
				"seconds":	40.000015258789062,
				"bytes":	15000010752,
				"bits_per_second":	3000001005.9904366,
				"retransmits":	0,
				"omitted":	false,
				"sender":	true
			}
		}],
	"end":	{
		"streams":	[{
				"sender":	{
					"socket":	5,
					"start":	0,
					"end":	100.000072,
					"seconds":	100.000072,
					"bytes":	37499699200,
					"bits_per_second":	2999973776.0188813,
					"retransmits":	0,
					"max_snd_cwnd":	528520,
					"max_rtt":	286,
					"min_rtt":	262,
					"mean_rtt":	274,
					"sender":	true
				},
				"receiver":	{
					"socket":	5,
					"start":	0,
					"end":	100.00035,
					"seconds":	100.000072,
					"bytes":	37499699200,
					"bits_per_second":	2999965436.1209736,
					"sender":	true
				}
			}],
		"sum_sent":	{
			"start":	0,
			"end":	100.000072,
			"seconds":	100.000072,
			"bytes":	37499699200,
			"bits_per_second":	2999973776.0188813,
			"retransmits":	0,
			"sender":	true
		},
		"sum_received":	{
			"start":	0,
			"end":	100.00035,
			"seconds":	100.00035,
			"bytes":	37499699200,
			"bits_per_second":	2999965436.1209736,
			"sender":	true
		},
		"cpu_utilization_percent":	{
			"host_total":	11.559878528094677,
			"host_user":	0,
			"host_system":	11.559877528118506,
			"remote_total":	27.664537439240434,
			"remote_user":	1.8707040844067182,
			"remote_system":	25.793832355280895
		},
		"sender_tcp_congestion":	"cubic",
		"receiver_tcp_congestion":	"reno"
	}
}
