{
	"start":	{
		"connected":	[{
				"socket":	5,
				"local_host":	"10.0.1.1",
				"local_port":	49804,
				"remote_host":	"10.0.0.1",
				"remote_port":	5201
			}],
		"version":	"iperf 3.9+",
		"system_info":	"Linux han-3 5.10.0 #9 SMP PREEMPT Tue Feb 23 15:01:43 PST 2021 x86_64",
		"timestamp":	{
			"time":	"Sun, 03 Mar 2024 00:57:04 GMT",
			"timesecs":	1709427424
		},
		"connecting_to":	{
			"host":	"10.0.0.1",
			"port":	5201
		},
		"cookie":	"fe2pmi4qrhlzgapi3g23cryqrxtlx5xffctf",
		"tcp_mss_default":	1448,
		"target_bitrate":	9000000000,
		"sock_bufsize":	0,
		"sndbuf_actual":	16384,
		"rcvbuf_actual":	131072,
		"test_start":	{
			"protocol":	"TCP",
			"num_streams":	1,
			"blksize":	131072,
			"omit":	0,
			"duration":	90,
			"bytes":	0,
			"blocks":	0,
			"reverse":	0,
			"tos":	0
		}
	},
	"intervals":	[{
			"streams":	[{
					"socket":	5,
					"start":	0,
					"end":	60.000064,
					"seconds":	60.000064849853516,
					"bytes":	66603843584,
					"bits_per_second":	8880502879.54482,
					"retransmits":	0,
					"snd_cwnd":	2901792,
					"rtt":	1109,
					"rttvar":	56,
					"pmtu":	9000,
					"omitted":	false,
					"sender":	true
				}],
			"sum":	{
				"start":	0,
				"end":	60.000064,
				"seconds":	60.000064849853516,
				"bytes":	66603843584,
				"bits_per_second":	8880502879.54482,
				"retransmits":	0,
				"omitted":	false,
				"sender":	true
			}
		}, {
			"streams":	[{
					"socket":	5,
					"start":	60.000064,
					"end":	90.000122,
					"seconds":	30.000057220458984,
					"bytes":	33405272064,
					"bits_per_second":	8908055559.63241,
					"retransmits":	0,
					"snd_cwnd":	2901792,
					"rtt":	1124,
					"rttvar":	40,
					"pmtu":	9000,
					"omitted":	false,
					"sender":	true
				}],
			"sum":	{
				"start":	60.000064,
				"end":	90.000122,
				"seconds":	30.000057220458984,
				"bytes":	33405272064,
				"bits_per_second":	8908055559.63241,
				"retransmits":	0,
				"omitted":	false,
				"sender":	true
			}
		}],
	"end":	{
		"streams":	[{
				"sender":	{
					"socket":	5,
					"start":	0,
					"end":	90.000122,
					"seconds":	90.000122,
					"bytes":	100009115648,
					"bits_per_second":	8889687118.24635,
					"retransmits":	0,
					"max_snd_cwnd":	2901792,
					"max_rtt":	1124,
					"min_rtt":	1109,
					"mean_rtt":	1116,
					"sender":	true
				},
				"receiver":	{
					"socket":	5,
					"start":	0,
					"end":	90.001209,
					"seconds":	90.000122,
					"bytes":	100007696608,
					"bits_per_second":	8889453616.8286362,
					"sender":	true
				}
			}],
		"sum_sent":	{
			"start":	0,
			"end":	90.000122,
			"seconds":	90.000122,
			"bytes":	100009115648,
			"bits_per_second":	8889687118.24635,
			"retransmits":	0,
			"sender":	true
		},
		"sum_received":	{
			"start":	0,
			"end":	90.001209,
			"seconds":	90.001209,
			"bytes":	100007696608,
			"bits_per_second":	8889453616.8286362,
			"sender":	true
		},
		"cpu_utilization_percent":	{
			"host_total":	93.227286745586866,
			"host_user":	2.2270018976051,
			"host_system":	91.00028484798176,
			"remote_total":	46.363453541363214,
			"remote_user":	2.7355596610351118,
			"remote_system":	43.627894990543957
		},
		"sender_tcp_congestion":	"cubic",
		"receiver_tcp_congestion":	"reno"
	}
}
