{
	"start":	{
		"connected":	[{
				"socket":	5,
				"local_host":	"10.0.1.1",
				"local_port":	38510,
				"remote_host":	"10.0.0.1",
				"remote_port":	5201
			}],
		"version":	"iperf 3.9+",
		"system_info":	"Linux han-3 5.10.0 #9 SMP PREEMPT Tue Feb 23 15:01:43 PST 2021 x86_64",
		"timestamp":	{
			"time":	"Fri, 01 Mar 2024 09:32:53 GMT",
			"timesecs":	1709285573
		},
		"connecting_to":	{
			"host":	"10.0.0.1",
			"port":	5201
		},
		"cookie":	"rl2cvm6pmpmhv5w7fsdfnflmpkrne7jq4qqk",
		"tcp_mss_default":	1448,
		"target_bitrate":	4000000000,
		"sock_bufsize":	0,
		"sndbuf_actual":	16384,
		"rcvbuf_actual":	131072,
		"test_start":	{
			"protocol":	"TCP",
			"num_streams":	1,
			"blksize":	131072,
			"omit":	0,
			"duration":	10,
			"bytes":	0,
			"blocks":	0,
			"reverse":	0,
			"tos":	0
		}
	},
	"intervals":	[{
			"streams":	[{
					"socket":	5,
					"start":	0,
					"end":	10.000049,
					"seconds":	10.000048637390137,
					"bytes":	4999610368,
					"bits_per_second":	3999668841.054616,
					"retransmits":	0,
					"snd_cwnd":	682008,
					"rtt":	344,
					"rttvar":	90,
					"pmtu":	9000,
					"omitted":	false,
					"sender":	true
				}],
			"sum":	{
				"start":	0,
				"end":	10.000049,
				"seconds":	10.000048637390137,
				"bytes":	4999610368,
				"bits_per_second":	3999668841.054616,
				"retransmits":	0,
				"omitted":	false,
				"sender":	true
			}
		}],
	"end":	{
		"streams":	[{
				"sender":	{
					"socket":	5,
					"start":	0,
					"end":	10.000049,
					"seconds":	10.000049,
					"bytes":	4999610368,
					"bits_per_second":	3999668696.02339,
					"retransmits":	0,
					"max_snd_cwnd":	682008,
					"max_rtt":	344,
					"min_rtt":	344,
					"mean_rtt":	344,
					"sender":	true
				},
				"receiver":	{
					"socket":	5,
					"start":	0,
					"end":	10.000147,
					"seconds":	10.000049,
					"bytes":	4999610368,
					"bits_per_second":	3999629499.8463521,
					"sender":	true
				}
			}],
		"sum_sent":	{
			"start":	0,
			"end":	10.000049,
			"seconds":	10.000049,
			"bytes":	4999610368,
			"bits_per_second":	3999668696.02339,
			"retransmits":	0,
			"sender":	true
		},
		"sum_received":	{
			"start":	0,
			"end":	10.000147,
			"seconds":	10.000147,
			"bytes":	4999610368,
			"bits_per_second":	3999629499.8463521,
			"sender":	true
		},
		"cpu_utilization_percent":	{
			"host_total":	15.214213596045678,
			"host_user":	3.7982396865239556,
			"host_system":	11.415963911944136,
			"remote_total":	28.209399093773651,
			"remote_user":	0,
			"remote_system":	28.209399093773651
		},
		"sender_tcp_congestion":	"cubic",
		"receiver_tcp_congestion":	"reno"
	}
}
