{
	"start":	{
		"connected":	[{
				"socket":	5,
				"local_host":	"10.0.1.1",
				"local_port":	44436,
				"remote_host":	"10.0.0.1",
				"remote_port":	5201
			}],
		"version":	"iperf 3.9+",
		"system_info":	"Linux han-3 5.10.0 #9 SMP PREEMPT Tue Feb 23 15:01:43 PST 2021 x86_64",
		"timestamp":	{
			"time":	"Sat, 02 Mar 2024 06:01:16 GMT",
			"timesecs":	1709359276
		},
		"connecting_to":	{
			"host":	"10.0.0.1",
			"port":	5201
		},
		"cookie":	"m3azrcl34tedtilnqfi3ncbmuh3elcv453fx",
		"tcp_mss_default":	1448,
		"target_bitrate":	7000000000,
		"sock_bufsize":	0,
		"sndbuf_actual":	16384,
		"rcvbuf_actual":	131072,
		"test_start":	{
			"protocol":	"TCP",
			"num_streams":	1,
			"blksize":	131072,
			"omit":	0,
			"duration":	70,
			"bytes":	0,
			"blocks":	0,
			"reverse":	0,
			"tos":	0
		}
	},
	"intervals":	[{
			"streams":	[{
					"socket":	5,
					"start":	0,
					"end":	60.00006,
					"seconds":	60.00006103515625,
					"bytes":	52499447808,
					"bits_per_second":	6999919253.71391,
					"retransmits":	0,
					"snd_cwnd":	3423072,
					"rtt":	500,
					"rttvar":	112,
					"pmtu":	9000,
					"omitted":	false,
					"sender":	true
				}],
			"sum":	{
				"start":	0,
				"end":	60.00006,
				"seconds":	60.00006103515625,
				"bytes":	52499447808,
				"bits_per_second":	6999919253.71391,
				"retransmits":	0,
				"omitted":	false,
				"sender":	true
			}
		}, {
			"streams":	[{
					"socket":	5,
					"start":	60.00006,
					"end":	70.000079,
					"seconds":	10.000019073486328,
					"bytes":	8749842432,
					"bits_per_second":	6999860594.4254656,
					"retransmits":	0,
					"snd_cwnd":	3423072,
					"rtt":	535,
					"rttvar":	128,
					"pmtu":	9000,
					"omitted":	false,
					"sender":	true
				}],
			"sum":	{
				"start":	60.00006,
				"end":	70.000079,
				"seconds":	10.000019073486328,
				"bytes":	8749842432,
				"bits_per_second":	6999860594.4254656,
				"retransmits":	0,
				"omitted":	false,
				"sender":	true
			}
		}],
	"end":	{
		"streams":	[{
				"sender":	{
					"socket":	5,
					"start":	0,
					"end":	70.000079,
					"seconds":	70.000079,
					"bytes":	61249290240,
					"bits_per_second":	6999910984.6718884,
					"retransmits":	0,
					"max_snd_cwnd":	3423072,
					"max_rtt":	535,
					"min_rtt":	500,
					"mean_rtt":	517,
					"sender":	true
				},
				"receiver":	{
					"socket":	5,
					"start":	0,
					"end":	70.000292,
					"seconds":	70.000079,
					"bytes":	61249290240,
					"bits_per_second":	6999889685.0316,
					"sender":	true
				}
			}],
		"sum_sent":	{
			"start":	0,
			"end":	70.000079,
			"seconds":	70.000079,
			"bytes":	61249290240,
			"bits_per_second":	6999910984.6718884,
			"retransmits":	0,
			"sender":	true
		},
		"sum_received":	{
			"start":	0,
			"end":	70.000292,
			"seconds":	70.000292,
			"bytes":	61249290240,
			"bits_per_second":	6999889685.0316,
			"sender":	true
		},
		"cpu_utilization_percent":	{
			"host_total":	46.5175595759337,
			"host_user":	1.4581057811562084,
			"host_system":	45.059452366252174,
			"remote_total":	42.844811955721,
			"remote_user":	1.7938160360128876,
			"remote_system":	41.0509959197081
		},
		"sender_tcp_congestion":	"cubic",
		"receiver_tcp_congestion":	"reno"
	}
}
