{
	"start":	{
		"connected":	[{
				"socket":	5,
				"local_host":	"10.0.1.1",
				"local_port":	47912,
				"remote_host":	"10.0.0.1",
				"remote_port":	5201
			}],
		"version":	"iperf 3.9+",
		"system_info":	"Linux han-3 5.10.0 #9 SMP PREEMPT Tue Feb 23 15:01:43 PST 2021 x86_64",
		"timestamp":	{
			"time":	"Sat, 02 Mar 2024 18:10:21 GMT",
			"timesecs":	1709403021
		},
		"connecting_to":	{
			"host":	"10.0.0.1",
			"port":	5201
		},
		"cookie":	"kbgrhsmp2mb4axiom3ewjmemsexzmpcwyood",
		"tcp_mss_default":	1448,
		"target_bitrate":	5000000000,
		"sock_bufsize":	0,
		"sndbuf_actual":	16384,
		"rcvbuf_actual":	131072,
		"test_start":	{
			"protocol":	"TCP",
			"num_streams":	1,
			"blksize":	131072,
			"omit":	0,
			"duration":	60,
			"bytes":	0,
			"blocks":	0,
			"reverse":	0,
			"tos":	0
		}
	},
	"intervals":	[{
			"streams":	[{
					"socket":	5,
					"start":	0,
					"end":	60.000124,
					"seconds":	60.000125885009766,
					"bytes":	37499568128,
					"bits_per_second":	4999931926.79201,
					"retransmits":	0,
					"snd_cwnd":	1032424,
					"rtt":	339,
					"rttvar":	109,
					"pmtu":	9000,
					"omitted":	false,
					"sender":	true
				}],
			"sum":	{
				"start":	0,
				"end":	60.000124,
				"seconds":	60.000125885009766,
				"bytes":	37499568128,
				"bits_per_second":	4999931926.79201,
				"retransmits":	0,
				"omitted":	false,
				"sender":	true
			}
		}],
	"end":	{
		"streams":	[{
				"sender":	{
					"socket":	5,
					"start":	0,
					"end":	60.000124,
					"seconds":	60.000124,
					"bytes":	37499568128,
					"bits_per_second":	4999932083.8736935,
					"retransmits":	0,
					"max_snd_cwnd":	1032424,
					"max_rtt":	339,
					"min_rtt":	339,
					"mean_rtt":	339,
					"sender":	true
				},
				"receiver":	{
					"socket":	5,
					"start":	0,
					"end":	60.000231,
					"seconds":	60.000124,
					"bytes":	37499568128,
					"bits_per_second":	4999923167.3624725,
					"sender":	true
				}
			}],
		"sum_sent":	{
			"start":	0,
			"end":	60.000124,
			"seconds":	60.000124,
			"bytes":	37499568128,
			"bits_per_second":	4999932083.8736935,
			"retransmits":	0,
			"sender":	true
		},
		"sum_received":	{
			"start":	0,
			"end":	60.000231,
			"seconds":	60.000231,
			"bytes":	37499568128,
			"bits_per_second":	4999923167.3624725,
			"sender":	true
		},
		"cpu_utilization_percent":	{
			"host_total":	37.077523900345774,
			"host_user":	1.0135666533949466,
			"host_system":	36.063960580158053,
			"remote_total":	33.997120447328747,
			"remote_user":	3.9475525241920919,
			"remote_system":	30.049567923136657
		},
		"sender_tcp_congestion":	"cubic",
		"receiver_tcp_congestion":	"reno"
	}
}
