{
	"start":	{
		"connected":	[{
				"socket":	5,
				"local_host":	"10.0.1.1",
				"local_port":	52728,
				"remote_host":	"10.0.0.1",
				"remote_port":	5201
			}],
		"version":	"iperf 3.9+",
		"system_info":	"Linux han-3 5.10.0 #9 SMP PREEMPT Tue Feb 23 15:01:43 PST 2021 x86_64",
		"timestamp":	{
			"time":	"Sun, 03 Mar 2024 10:49:41 GMT",
			"timesecs":	1709462981
		},
		"connecting_to":	{
			"host":	"10.0.0.1",
			"port":	5201
		},
		"cookie":	"jiogflcysj27jatobmwqap4gq4hkvqc5sewq",
		"tcp_mss_default":	1448,
		"target_bitrate":	6000000000,
		"sock_bufsize":	0,
		"sndbuf_actual":	16384,
		"rcvbuf_actual":	131072,
		"test_start":	{
			"protocol":	"TCP",
			"num_streams":	1,
			"blksize":	131072,
			"omit":	0,
			"duration":	50,
			"bytes":	0,
			"blocks":	0,
			"reverse":	0,
			"tos":	0
		}
	},
	"intervals":	[{
			"streams":	[{
					"socket":	5,
					"start":	0,
					"end":	50.000083,
					"seconds":	50.000083923339844,
					"bytes":	37499437056,
					"bits_per_second":	5999899858.3273029,
					"retransmits":	0,
					"snd_cwnd":	931064,
					"rtt":	412,
					"rttvar":	106,
					"pmtu":	9000,
					"omitted":	false,
					"sender":	true
				}],
			"sum":	{
				"start":	0,
				"end":	50.000083,
				"seconds":	50.000083923339844,
				"bytes":	37499437056,
				"bits_per_second":	5999899858.3273029,
				"retransmits":	0,
				"omitted":	false,
				"sender":	true
			}
		}],
	"end":	{
		"streams":	[{
				"sender":	{
					"socket":	5,
					"start":	0,
					"end":	50.000083,
					"seconds":	50.000083,
					"bytes":	37499437056,
					"bits_per_second":	5999899969.1260519,
					"retransmits":	0,
					"max_snd_cwnd":	931064,
					"max_rtt":	412,
					"min_rtt":	412,
					"mean_rtt":	412,
					"sender":	true
				},
				"receiver":	{
					"socket":	5,
					"start":	0,
					"end":	50.000272,
					"seconds":	50.000083,
					"bytes":	37499437056,
					"bits_per_second":	5999877289.6275444,
					"sender":	true
				}
			}],
		"sum_sent":	{
			"start":	0,
			"end":	50.000083,
			"seconds":	50.000083,
			"bytes":	37499437056,
			"bits_per_second":	5999899969.1260519,
			"retransmits":	0,
			"sender":	true
		},
		"sum_received":	{
			"start":	0,
			"end":	50.000272,
			"seconds":	50.000272,
			"bytes":	37499437056,
			"bits_per_second":	5999877289.6275444,
			"sender":	true
		},
		"cpu_utilization_percent":	{
			"host_total":	22.4101523803406,
			"host_user":	0,
			"host_system":	22.410154380245327,
			"remote_total":	39.857024146793663,
			"remote_user":	0,
			"remote_system":	39.857024146793663
		},
		"sender_tcp_congestion":	"cubic",
		"receiver_tcp_congestion":	"reno"
	}
}
