{
	"start":	{
		"connected":	[{
				"socket":	5,
				"local_host":	"10.0.1.1",
				"local_port":	39016,
				"remote_host":	"10.0.0.1",
				"remote_port":	5201
			}],
		"version":	"iperf 3.9+",
		"system_info":	"Linux han-3 5.10.0 #9 SMP PREEMPT Tue Feb 23 15:01:43 PST 2021 x86_64",
		"timestamp":	{
			"time":	"Fri, 01 Mar 2024 11:09:29 GMT",
			"timesecs":	1709291369
		},
		"connecting_to":	{
			"host":	"10.0.0.1",
			"port":	5201
		},
		"cookie":	"7ifhllzd7nbagtuztdkq2yyl5lxnxfbhvayx",
		"tcp_mss_default":	1448,
		"target_bitrate":	5000000000,
		"sock_bufsize":	0,
		"sndbuf_actual":	16384,
		"rcvbuf_actual":	131072,
		"test_start":	{
			"protocol":	"TCP",
			"num_streams":	1,
			"blksize":	131072,
			"omit":	0,
			"duration":	30,
			"bytes":	0,
			"blocks":	0,
			"reverse":	0,
			"tos":	0
		}
	},
	"intervals":	[{
			"streams":	[{
					"socket":	5,
					"start":	0,
					"end":	30.000195,
					"seconds":	30.000194549560547,
					"bytes":	18749587456,
					"bits_per_second":	4999857564.2636023,
					"retransmits":	0,
					"snd_cwnd":	839840,
					"rtt":	398,
					"rttvar":	139,
					"pmtu":	9000,
					"omitted":	false,
					"sender":	true
				}],
			"sum":	{
				"start":	0,
				"end":	30.000195,
				"seconds":	30.000194549560547,
				"bytes":	18749587456,
				"bits_per_second":	4999857564.2636023,
				"retransmits":	0,
				"omitted":	false,
				"sender":	true
			}
		}],
	"end":	{
		"streams":	[{
				"sender":	{
					"socket":	5,
					"start":	0,
					"end":	30.000195,
					"seconds":	30.000195,
					"bytes":	18749587456,
					"bits_per_second":	4999857489.1929865,
					"retransmits":	0,
					"max_snd_cwnd":	839840,
					"max_rtt":	398,
					"min_rtt":	398,
					"mean_rtt":	398,
					"sender":	true
				},
				"receiver":	{
					"socket":	5,
					"start":	0,
					"end":	30.000237,
					"seconds":	30.000195,
					"bytes":	18749587456,
					"bits_per_second":	4999850489.4478,
					"sender":	true
				}
			}],
		"sum_sent":	{
			"start":	0,
			"end":	30.000195,
			"seconds":	30.000195,
			"bytes":	18749587456,
			"bits_per_second":	4999857489.1929865,
			"retransmits":	0,
			"sender":	true
		},
		"sum_received":	{
			"start":	0,
			"end":	30.000237,
			"seconds":	30.000237,
			"bytes":	18749587456,
			"bits_per_second":	4999850489.4478,
			"sender":	true
		},
		"cpu_utilization_percent":	{
			"host_total":	19.843466535911581,
			"host_user":	5.4329578479833458,
			"host_system":	14.410512021023028,
			"remote_total":	37.924005769934254,
			"remote_user":	0,
			"remote_system":	37.924009097923282
		},
		"sender_tcp_congestion":	"cubic",
		"receiver_tcp_congestion":	"reno"
	}
}
