{
	"start":	{
		"connected":	[{
				"socket":	5,
				"local_host":	"10.0.1.1",
				"local_port":	47118,
				"remote_host":	"10.0.0.1",
				"remote_port":	5201
			}],
		"version":	"iperf 3.9+",
		"system_info":	"Linux han-3 5.10.0 #9 SMP PREEMPT Tue Feb 23 15:01:43 PST 2021 x86_64",
		"timestamp":	{
			"time":	"Sat, 02 Mar 2024 15:27:47 GMT",
			"timesecs":	1709393267
		},
		"connecting_to":	{
			"host":	"10.0.0.1",
			"port":	5201
		},
		"cookie":	"lk6togukxgvncovdwffdodziyejaq266zx7m",
		"tcp_mss_default":	1448,
		"target_bitrate":	3000000000,
		"sock_bufsize":	0,
		"sndbuf_actual":	16384,
		"rcvbuf_actual":	131072,
		"test_start":	{
			"protocol":	"TCP",
			"num_streams":	1,
			"blksize":	131072,
			"omit":	0,
			"duration":	80,
			"bytes":	0,
			"blocks":	0,
			"reverse":	0,
			"tos":	0
		}
	},
	"intervals":	[{
			"streams":	[{
					"socket":	5,
					"start":	0,
					"end":	60.000067,
					"seconds":	60.000068664550781,
					"bytes":	22499688448,
					"bits_per_second":	2999955026.5572624,
					"retransmits":	0,
					"snd_cwnd":	903552,
					"rtt":	258,
					"rttvar":	60,
					"pmtu":	9000,
					"omitted":	false,
					"sender":	true
				}],
			"sum":	{
				"start":	0,
				"end":	60.000067,
				"seconds":	60.000068664550781,
				"bytes":	22499688448,
				"bits_per_second":	2999955026.5572624,
				"retransmits":	0,
				"omitted":	false,
				"sender":	true
			}
		}, {
			"streams":	[{
					"socket":	5,
					"start":	60.000067,
					"end":	80.000094,
					"seconds":	20.000026702880859,
					"bytes":	7500070912,
					"bits_per_second":	3000024359.3353477,
					"retransmits":	0,
					"snd_cwnd":	903552,
					"rtt":	302,
					"rttvar":	55,
					"pmtu":	9000,
					"omitted":	false,
					"sender":	true
				}],
			"sum":	{
				"start":	60.000067,
				"end":	80.000094,
				"seconds":	20.000026702880859,
				"bytes":	7500070912,
				"bits_per_second":	3000024359.3353477,
				"retransmits":	0,
				"omitted":	false,
				"sender":	true
			}
		}],
	"end":	{
		"streams":	[{
				"sender":	{
					"socket":	5,
					"start":	0,
					"end":	80.000094,
					"seconds":	80.000094,
					"bytes":	29999759360,
					"bits_per_second":	2999972411.0324168,
					"retransmits":	0,
					"max_snd_cwnd":	903552,
					"max_rtt":	302,
					"min_rtt":	258,
					"mean_rtt":	280,
					"sender":	true
				},
				"receiver":	{
					"socket":	5,
					"start":	0,
					"end":	80.000296,
					"seconds":	80.000094,
					"bytes":	29999759360,
					"bits_per_second":	2999964836.130106,
					"sender":	true
				}
			}],
		"sum_sent":	{
			"start":	0,
			"end":	80.000094,
			"seconds":	80.000094,
			"bytes":	29999759360,
			"bits_per_second":	2999972411.0324168,
			"retransmits":	0,
			"sender":	true
		},
		"sum_received":	{
			"start":	0,
			"end":	80.000296,
			"seconds":	80.000296,
			"bytes":	29999759360,
			"bits_per_second":	2999964836.130106,
			"sender":	true
		},
		"cpu_utilization_percent":	{
			"host_total":	21.789474642077771,
			"host_user":	0.31125731691500458,
			"host_system":	21.478222325019271,
			"remote_total":	28.650562074853823,
			"remote_user":	6.6023069887085546,
			"remote_system":	22.048255086145268
		},
		"sender_tcp_congestion":	"cubic",
		"receiver_tcp_congestion":	"reno"
	}
}
