{
	"start":	{
		"connected":	[{
				"socket":	5,
				"local_host":	"10.0.1.1",
				"local_port":	51932,
				"remote_host":	"10.0.0.1",
				"remote_port":	5201
			}],
		"version":	"iperf 3.9+",
		"system_info":	"Linux han-3 5.10.0 #9 SMP PREEMPT Tue Feb 23 15:01:43 PST 2021 x86_64",
		"timestamp":	{
			"time":	"Sun, 03 Mar 2024 08:03:51 GMT",
			"timesecs":	1709453031
		},
		"connecting_to":	{
			"host":	"10.0.0.1",
			"port":	5201
		},
		"cookie":	"guuvk7vjsxxrerniexx4acqufyr67nsdudvz",
		"tcp_mss_default":	1448,
		"target_bitrate":	4000000000,
		"sock_bufsize":	0,
		"sndbuf_actual":	16384,
		"rcvbuf_actual":	131072,
		"test_start":	{
			"protocol":	"TCP",
			"num_streams":	1,
			"blksize":	131072,
			"omit":	0,
			"duration":	70,
			"bytes":	0,
			"blocks":	0,
			"reverse":	0,
			"tos":	0
		}
	},
	"intervals":	[{
			"streams":	[{
					"socket":	5,
					"start":	0,
					"end":	60.000069,
					"seconds":	60.000068664550781,
					"bytes":	29999628288,
					"bits_per_second":	3999945860.8252387,
					"retransmits":	0,
					"snd_cwnd":	667528,
					"rtt":	343,
					"rttvar":	131,
					"pmtu":	9000,
					"omitted":	false,
					"sender":	true
				}],
			"sum":	{
				"start":	0,
				"end":	60.000069,
				"seconds":	60.000068664550781,
				"bytes":	29999628288,
				"bits_per_second":	3999945860.8252387,
				"retransmits":	0,
				"omitted":	false,
				"sender":	true
			}
		}, {
			"streams":	[{
					"socket":	5,
					"start":	60.000069,
					"end":	70.000074,
					"seconds":	10.000004768371582,
					"bytes":	5000003584,
					"bits_per_second":	4000000959.85091,
					"retransmits":	0,
					"snd_cwnd":	667528,
					"rtt":	344,
					"rttvar":	96,
					"pmtu":	9000,
					"omitted":	false,
					"sender":	true
				}],
			"sum":	{
				"start":	60.000069,
				"end":	70.000074,
				"seconds":	10.000004768371582,
				"bytes":	5000003584,
				"bits_per_second":	4000000959.85091,
				"retransmits":	0,
				"omitted":	false,
				"sender":	true
			}
		}],
	"end":	{
		"streams":	[{
				"sender":	{
					"socket":	5,
					"start":	0,
					"end":	70.000074,
					"seconds":	70.000074,
					"bytes":	34999631872,
					"bits_per_second":	3999953699.706089,
					"retransmits":	0,
					"max_snd_cwnd":	667528,
					"max_rtt":	344,
					"min_rtt":	343,
					"mean_rtt":	343,
					"sender":	true
				},
				"receiver":	{
					"socket":	5,
					"start":	0,
					"end":	70.000649,
					"seconds":	70.000074,
					"bytes":	34999631872,
					"bits_per_second":	3999920843.2481823,
					"sender":	true
				}
			}],
		"sum_sent":	{
			"start":	0,
			"end":	70.000074,
			"seconds":	70.000074,
			"bytes":	34999631872,
			"bits_per_second":	3999953699.706089,
			"retransmits":	0,
			"sender":	true
		},
		"sum_received":	{
			"start":	0,
			"end":	70.000649,
			"seconds":	70.000649,
			"bytes":	34999631872,
			"bits_per_second":	3999920843.2481823,
			"sender":	true
		},
		"cpu_utilization_percent":	{
			"host_total":	16.113592185729907,
			"host_user":	3.2218490408291571,
			"host_system":	12.89174171638232,
			"remote_total":	32.95211789757635,
			"remote_user":	5.2163965947201154,
			"remote_system":	27.735721302856231
		},
		"sender_tcp_congestion":	"cubic",
		"receiver_tcp_congestion":	"reno"
	}
}
