{
	"start":	{
		"connected":	[{
				"socket":	5,
				"local_host":	"10.0.1.1",
				"local_port":	49534,
				"remote_host":	"10.0.0.1",
				"remote_port":	5201
			}],
		"version":	"iperf 3.9+",
		"system_info":	"Linux han-3 5.10.0 #9 SMP PREEMPT Tue Feb 23 15:01:43 PST 2021 x86_64",
		"timestamp":	{
			"time":	"Sat, 02 Mar 2024 23:54:29 GMT",
			"timesecs":	1709423669
		},
		"connecting_to":	{
			"host":	"10.0.0.1",
			"port":	5201
		},
		"cookie":	"liozzcpihas5ncoqhtafhcdv5ijdbmwoyyop",
		"tcp_mss_default":	1448,
		"target_bitrate":	9000000000,
		"sock_bufsize":	0,
		"sndbuf_actual":	16384,
		"rcvbuf_actual":	131072,
		"test_start":	{
			"protocol":	"TCP",
			"num_streams":	1,
			"blksize":	131072,
			"omit":	0,
			"duration":	30,
			"bytes":	0,
			"blocks":	0,
			"reverse":	0,
			"tos":	0
		}
	},
	"intervals":	[{
			"streams":	[{
					"socket":	5,
					"start":	0,
					"end":	30.000266,
					"seconds":	30.000265121459961,
					"bytes":	33020444672,
					"bits_per_second":	8805374096.078804,
					"retransmits":	0,
					"snd_cwnd":	2887312,
					"rtt":	1121,
					"rttvar":	42,
					"pmtu":	9000,
					"omitted":	false,
					"sender":	true
				}],
			"sum":	{
				"start":	0,
				"end":	30.000266,
				"seconds":	30.000265121459961,
				"bytes":	33020444672,
				"bits_per_second":	8805374096.078804,
				"retransmits":	0,
				"omitted":	false,
				"sender":	true
			}
		}],
	"end":	{
		"streams":	[{
				"sender":	{
					"socket":	5,
					"start":	0,
					"end":	30.000266,
					"seconds":	30.000266,
					"bytes":	33020444672,
					"bits_per_second":	8805373838.2186337,
					"retransmits":	0,
					"max_snd_cwnd":	2887312,
					"max_rtt":	1121,
					"min_rtt":	1121,
					"mean_rtt":	1121,
					"sender":	true
				},
				"receiver":	{
					"socket":	5,
					"start":	0,
					"end":	30.000753,
					"seconds":	30.000266,
					"bytes":	33018584960,
					"bits_per_second":	8804734990.4850731,
					"sender":	true
				}
			}],
		"sum_sent":	{
			"start":	0,
			"end":	30.000266,
			"seconds":	30.000266,
			"bytes":	33020444672,
			"bits_per_second":	8805373838.2186337,
			"retransmits":	0,
			"sender":	true
		},
		"sum_received":	{
			"start":	0,
			"end":	30.000753,
			"seconds":	30.000753,
			"bytes":	33018584960,
			"bits_per_second":	8804734990.4850731,
			"sender":	true
		},
		"cpu_utilization_percent":	{
			"host_total":	89.944853773825,
			"host_user":	2.1748683955592245,
			"host_system":	87.769992044355362,
			"remote_total":	46.844858559013367,
			"remote_user":	2.5055953048217927,
			"remote_system":	44.3392665792379
		},
		"sender_tcp_congestion":	"cubic",
		"receiver_tcp_congestion":	"reno"
	}
}
