{
	"start":	{
		"connected":	[{
				"socket":	5,
				"local_host":	"10.0.1.1",
				"local_port":	54488,
				"remote_host":	"10.0.0.1",
				"remote_port":	5201
			}],
		"version":	"iperf 3.9+",
		"system_info":	"Linux han-3 5.10.0 #9 SMP PREEMPT Tue Feb 23 15:01:43 PST 2021 x86_64",
		"timestamp":	{
			"time":	"Sun, 03 Mar 2024 16:58:22 GMT",
			"timesecs":	1709485102
		},
		"connecting_to":	{
			"host":	"10.0.0.1",
			"port":	5201
		},
		"cookie":	"akxvjxdg3lnktpb32iemly5tlicrkjb766ke",
		"tcp_mss_default":	1448,
		"target_bitrate":	10000000000,
		"sock_bufsize":	0,
		"sndbuf_actual":	16384,
		"rcvbuf_actual":	131072,
		"test_start":	{
			"protocol":	"TCP",
			"num_streams":	1,
			"blksize":	131072,
			"omit":	0,
			"duration":	50,
			"bytes":	0,
			"blocks":	0,
			"reverse":	0,
			"tos":	0
		}
	},
	"intervals":	[{
			"streams":	[{
					"socket":	5,
					"start":	0,
					"end":	50.000073,
					"seconds":	50.000072479248047,
					"bytes":	58842284032,
					"bits_per_second":	9414751797.63738,
					"retransmits":	0,
					"snd_cwnd":	2465944,
					"rtt":	1135,
					"rttvar":	43,
					"pmtu":	9000,
					"omitted":	false,
					"sender":	true
				}],
			"sum":	{
				"start":	0,
				"end":	50.000073,
				"seconds":	50.000072479248047,
				"bytes":	58842284032,
				"bits_per_second":	9414751797.63738,
				"retransmits":	0,
				"omitted":	false,
				"sender":	true
			}
		}],
	"end":	{
		"streams":	[{
				"sender":	{
					"socket":	5,
					"start":	0,
					"end":	50.000073,
					"seconds":	50.000073,
					"bytes":	58842284032,
					"bits_per_second":	9414751699.58252,
					"retransmits":	0,
					"max_snd_cwnd":	2465944,
					"max_rtt":	1135,
					"min_rtt":	1135,
					"mean_rtt":	1135,
					"sender":	true
				},
				"receiver":	{
					"socket":	5,
					"start":	0,
					"end":	50.000351,
					"seconds":	50.000073,
					"bytes":	58839895576,
					"bits_per_second":	9414317203.65323,
					"sender":	true
				}
			}],
		"sum_sent":	{
			"start":	0,
			"end":	50.000073,
			"seconds":	50.000073,
			"bytes":	58842284032,
			"bits_per_second":	9414751699.58252,
			"retransmits":	0,
			"sender":	true
		},
		"sum_received":	{
			"start":	0,
			"end":	50.000351,
			"seconds":	50.000351,
			"bytes":	58839895576,
			"bits_per_second":	9414317203.65323,
			"sender":	true
		},
		"cpu_utilization_percent":	{
			"host_total":	23.104887867765324,
			"host_user":	2.6424652062458476,
			"host_system":	20.462420661616953,
			"remote_total":	46.716790276507972,
			"remote_user":	2.2668503742538628,
			"remote_system":	44.449935906526179
		},
		"sender_tcp_congestion":	"cubic",
		"receiver_tcp_congestion":	"reno"
	}
}
