{
	"start":	{
		"connected":	[{
				"socket":	5,
				"local_host":	"10.0.1.1",
				"local_port":	47542,
				"remote_host":	"10.0.0.1",
				"remote_port":	5201
			}],
		"version":	"iperf 3.9+",
		"system_info":	"Linux han-3 5.10.0 #9 SMP PREEMPT Tue Feb 23 15:01:43 PST 2021 x86_64",
		"timestamp":	{
			"time":	"Sat, 02 Mar 2024 16:55:34 GMT",
			"timesecs":	1709398534
		},
		"connecting_to":	{
			"host":	"10.0.0.1",
			"port":	5201
		},
		"cookie":	"z6vngxqqbshth7ahtuwqzmpnzvhpfaxyprmi",
		"tcp_mss_default":	1448,
		"target_bitrate":	4000000000,
		"sock_bufsize":	0,
		"sndbuf_actual":	16384,
		"rcvbuf_actual":	131072,
		"test_start":	{
			"protocol":	"TCP",
			"num_streams":	1,
			"blksize":	131072,
			"omit":	0,
			"duration":	80,
			"bytes":	0,
			"blocks":	0,
			"reverse":	0,
			"tos":	0
		}
	},
	"intervals":	[{
			"streams":	[{
					"socket":	5,
					"start":	0,
					"end":	60.000071,
					"seconds":	60.000072479248047,
					"bytes":	29999628288,
					"bits_per_second":	3999945606.5158367,
					"retransmits":	0,
					"snd_cwnd":	810880,
					"rtt":	282,
					"rttvar":	92,
					"pmtu":	9000,
					"omitted":	false,
					"sender":	true
				}],
			"sum":	{
				"start":	0,
				"end":	60.000071,
				"seconds":	60.000072479248047,
				"bytes":	29999628288,
				"bits_per_second":	3999945606.5158367,
				"retransmits":	0,
				"omitted":	false,
				"sender":	true
			}
		}, {
			"streams":	[{
					"socket":	5,
					"start":	60.000071,
					"end":	80.000088,
					"seconds":	20.0000171661377,
					"bytes":	10000007168,
					"bits_per_second":	3999999433.9729466,
					"retransmits":	0,
					"snd_cwnd":	810880,
					"rtt":	316,
					"rttvar":	119,
					"pmtu":	9000,
					"omitted":	false,
					"sender":	true
				}],
			"sum":	{
				"start":	60.000071,
				"end":	80.000088,
				"seconds":	20.0000171661377,
				"bytes":	10000007168,
				"bits_per_second":	3999999433.9729466,
				"retransmits":	0,
				"omitted":	false,
				"sender":	true
			}
		}],
	"end":	{
		"streams":	[{
				"sender":	{
					"socket":	5,
					"start":	0,
					"end":	80.000088,
					"seconds":	80.000088,
					"bytes":	39999635456,
					"bits_per_second":	3999959145.64494,
					"retransmits":	0,
					"max_snd_cwnd":	810880,
					"max_rtt":	316,
					"min_rtt":	282,
					"mean_rtt":	299,
					"sender":	true
				},
				"receiver":	{
					"socket":	5,
					"start":	0,
					"end":	79.999166,
					"seconds":	80.000088,
					"bytes":	39999635456,
					"bits_per_second":	4000005245.654686,
					"sender":	true
				}
			}],
		"sum_sent":	{
			"start":	0,
			"end":	80.000088,
			"seconds":	80.000088,
			"bytes":	39999635456,
			"bits_per_second":	3999959145.64494,
			"retransmits":	0,
			"sender":	true
		},
		"sum_received":	{
			"start":	0,
			"end":	79.999166,
			"seconds":	79.999166,
			"bytes":	39999635456,
			"bits_per_second":	4000005245.654686,
			"sender":	true
		},
		"cpu_utilization_percent":	{
			"host_total":	28.340287802202219,
			"host_user":	0.65211324918972857,
			"host_system":	27.68817205309108,
			"remote_total":	32.889102183671525,
			"remote_user":	6.5703270060372434,
			"remote_system":	26.3187739287708
		},
		"sender_tcp_congestion":	"cubic",
		"receiver_tcp_congestion":	"reno"
	}
}
