{
	"start":	{
		"connected":	[{
				"socket":	5,
				"local_host":	"10.0.1.1",
				"local_port":	46668,
				"remote_host":	"10.0.0.1",
				"remote_port":	5201
			}],
		"version":	"iperf 3.9+",
		"system_info":	"Linux han-3 5.10.0 #9 SMP PREEMPT Tue Feb 23 15:01:43 PST 2021 x86_64",
		"timestamp":	{
			"time":	"Sat, 02 Mar 2024 13:51:59 GMT",
			"timesecs":	1709387519
		},
		"connecting_to":	{
			"host":	"10.0.0.1",
			"port":	5201
		},
		"cookie":	"tkyswle66t3e66zc2n3jot4rfbm62hdhjthv",
		"tcp_mss_default":	1448,
		"target_bitrate":	2000000000,
		"sock_bufsize":	0,
		"sndbuf_actual":	16384,
		"rcvbuf_actual":	131072,
		"test_start":	{
			"protocol":	"TCP",
			"num_streams":	1,
			"blksize":	131072,
			"omit":	0,
			"duration":	80,
			"bytes":	0,
			"blocks":	0,
			"reverse":	0,
			"tos":	0
		}
	},
	"intervals":	[{
			"streams":	[{
					"socket":	5,
					"start":	0,
					"end":	60.000064,
					"seconds":	60.000064849853516,
					"bytes":	14999879680,
					"bits_per_second":	1999981795.6912253,
					"retransmits":	0,
					"snd_cwnd":	499560,
					"rtt":	307,
					"rttvar":	82,
					"pmtu":	9000,
					"omitted":	false,
					"sender":	true
				}],
			"sum":	{
				"start":	0,
				"end":	60.000064,
				"seconds":	60.000064849853516,
				"bytes":	14999879680,
				"bits_per_second":	1999981795.6912253,
				"retransmits":	0,
				"omitted":	false,
				"sender":	true
			}
		}, {
			"streams":	[{
					"socket":	5,
					"start":	60.000064,
					"end":	80.000115,
					"seconds":	20.000051498413086,
					"bytes":	5000003584,
					"bits_per_second":	1999996283.7682605,
					"retransmits":	0,
					"snd_cwnd":	545896,
					"rtt":	250,
					"rttvar":	29,
					"pmtu":	9000,
					"omitted":	false,
					"sender":	true
				}],
			"sum":	{
				"start":	60.000064,
				"end":	80.000115,
				"seconds":	20.000051498413086,
				"bytes":	5000003584,
				"bits_per_second":	1999996283.7682605,
				"retransmits":	0,
				"omitted":	false,
				"sender":	true
			}
		}],
	"end":	{
		"streams":	[{
				"sender":	{
					"socket":	5,
					"start":	0,
					"end":	80.000115,
					"seconds":	80.000115,
					"bytes":	19999883264,
					"bits_per_second":	1999985451.4209137,
					"retransmits":	0,
					"max_snd_cwnd":	545896,
					"max_rtt":	307,
					"min_rtt":	250,
					"mean_rtt":	278,
					"sender":	true
				},
				"receiver":	{
					"socket":	5,
					"start":	0,
					"end":	80.000141,
					"seconds":	80.000115,
					"bytes":	19999883264,
					"bits_per_second":	1999984801.4267876,
					"sender":	true
				}
			}],
		"sum_sent":	{
			"start":	0,
			"end":	80.000115,
			"seconds":	80.000115,
			"bytes":	19999883264,
			"bits_per_second":	1999985451.4209137,
			"retransmits":	0,
			"sender":	true
		},
		"sum_received":	{
			"start":	0,
			"end":	80.000141,
			"seconds":	80.000141,
			"bytes":	19999883264,
			"bits_per_second":	1999984801.4267876,
			"sender":	true
		},
		"cpu_utilization_percent":	{
			"host_total":	18.074466123198281,
			"host_user":	0.18320189860195024,
			"host_system":	17.891271724367027,
			"remote_total":	21.926644493279234,
			"remote_user":	3.4951083965438889,
			"remote_system":	18.431537345565037
		},
		"sender_tcp_congestion":	"cubic",
		"receiver_tcp_congestion":	"reno"
	}
}
