{
	"start":	{
		"connected":	[{
				"socket":	5,
				"local_host":	"10.0.1.1",
				"local_port":	54052,
				"remote_host":	"10.0.0.1",
				"remote_port":	5201
			}],
		"version":	"iperf 3.9+",
		"system_info":	"Linux han-3 5.10.0 #9 SMP PREEMPT Tue Feb 23 15:01:43 PST 2021 x86_64",
		"timestamp":	{
			"time":	"Sun, 03 Mar 2024 15:26:37 GMT",
			"timesecs":	1709479597
		},
		"connecting_to":	{
			"host":	"10.0.0.1",
			"port":	5201
		},
		"cookie":	"6zsyjzhakqdpz6ojbzlwnuw5cbs2nd53lzz4",
		"tcp_mss_default":	1448,
		"target_bitrate":	9000000000,
		"sock_bufsize":	0,
		"sndbuf_actual":	16384,
		"rcvbuf_actual":	131072,
		"test_start":	{
			"protocol":	"TCP",
			"num_streams":	1,
			"blksize":	131072,
			"omit":	0,
			"duration":	50,
			"bytes":	0,
			"blocks":	0,
			"reverse":	0,
			"tos":	0
		}
	},
	"intervals":	[{
			"streams":	[{
					"socket":	5,
					"start":	0,
					"end":	50.00012,
					"seconds":	50.000118255615234,
					"bytes":	56249286656,
					"bits_per_second":	8999864579.26954,
					"retransmits":	0,
					"snd_cwnd":	1540672,
					"rtt":	578,
					"rttvar":	187,
					"pmtu":	9000,
					"omitted":	false,
					"sender":	true
				}],
			"sum":	{
				"start":	0,
				"end":	50.00012,
				"seconds":	50.000118255615234,
				"bytes":	56249286656,
				"bits_per_second":	8999864579.26954,
				"retransmits":	0,
				"omitted":	false,
				"sender":	true
			}
		}],
	"end":	{
		"streams":	[{
				"sender":	{
					"socket":	5,
					"start":	0,
					"end":	50.00012,
					"seconds":	50.00012,
					"bytes":	56249286656,
					"bits_per_second":	8999864265.28576,
					"retransmits":	0,
					"max_snd_cwnd":	1540672,
					"max_rtt":	578,
					"min_rtt":	578,
					"mean_rtt":	578,
					"sender":	true
				},
				"receiver":	{
					"socket":	5,
					"start":	0,
					"end":	49.999963,
					"seconds":	50.00012,
					"bytes":	56249286656,
					"bits_per_second":	8999892524.88047,
					"sender":	true
				}
			}],
		"sum_sent":	{
			"start":	0,
			"end":	50.00012,
			"seconds":	50.00012,
			"bytes":	56249286656,
			"bits_per_second":	8999864265.28576,
			"retransmits":	0,
			"sender":	true
		},
		"sum_received":	{
			"start":	0,
			"end":	49.999963,
			"seconds":	49.999963,
			"bytes":	56249286656,
			"bits_per_second":	8999892524.88047,
			"sender":	true
		},
		"cpu_utilization_percent":	{
			"host_total":	33.366889887045872,
			"host_user":	1.9755448540167919,
			"host_system":	31.391325033891036,
			"remote_total":	47.885176615605282,
			"remote_user":	7.6882930758764525,
			"remote_system":	40.196879543862238
		},
		"sender_tcp_congestion":	"cubic",
		"receiver_tcp_congestion":	"reno"
	}
}
