{
	"start":	{
		"connected":	[{
				"socket":	5,
				"local_host":	"10.0.1.1",
				"local_port":	43262,
				"remote_host":	"10.0.0.1",
				"remote_port":	5201
			}],
		"version":	"iperf 3.9+",
		"system_info":	"Linux han-3 5.10.0 #9 SMP PREEMPT Tue Feb 23 15:01:43 PST 2021 x86_64",
		"timestamp":	{
			"time":	"Sat, 02 Mar 2024 02:06:31 GMT",
			"timesecs":	1709345191
		},
		"connecting_to":	{
			"host":	"10.0.0.1",
			"port":	5201
		},
		"cookie":	"xdayp7dmebiqu424tibaosba4u57q2dewhaq",
		"tcp_mss_default":	1448,
		"target_bitrate":	4000000000,
		"sock_bufsize":	0,
		"sndbuf_actual":	16384,
		"rcvbuf_actual":	131072,
		"test_start":	{
			"protocol":	"TCP",
			"num_streams":	1,
			"blksize":	131072,
			"omit":	0,
			"duration":	100,
			"bytes":	0,
			"blocks":	0,
			"reverse":	0,
			"tos":	0
		}
	},
	"intervals":	[{
			"streams":	[{
					"socket":	5,
					"start":	0,
					"end":	60.000064,
					"seconds":	60.000064849853516,
					"bytes":	29999628288,
					"bits_per_second":	3999946115.1346726,
					"retransmits":	0,
					"snd_cwnd":	842736,
					"rtt":	312,
					"rttvar":	95,
					"pmtu":	9000,
					"omitted":	false,
					"sender":	true
				}],
			"sum":	{
				"start":	0,
				"end":	60.000064,
				"seconds":	60.000064849853516,
				"bytes":	29999628288,
				"bits_per_second":	3999946115.1346726,
				"retransmits":	0,
				"omitted":	false,
				"sender":	true
			}
		}, {
			"streams":	[{
					"socket":	5,
					"start":	60.000064,
					"end":	100.000075,
					"seconds":	40.0000114440918,
					"bytes":	20000014336,
					"bits_per_second":	4000001722.7903275,
					"retransmits":	0,
					"snd_cwnd":	842736,
					"rtt":	354,
					"rttvar":	89,
					"pmtu":	9000,
					"omitted":	false,
					"sender":	true
				}],
			"sum":	{
				"start":	60.000064,
				"end":	100.000075,
				"seconds":	40.0000114440918,
				"bytes":	20000014336,
				"bits_per_second":	4000001722.7903275,
				"retransmits":	0,
				"omitted":	false,
				"sender":	true
			}
		}],
	"end":	{
		"streams":	[{
				"sender":	{
					"socket":	5,
					"start":	0,
					"end":	100.000075,
					"seconds":	100.000075,
					"bytes":	49999642624,
					"bits_per_second":	3999968409.9436927,
					"retransmits":	0,
					"max_snd_cwnd":	842736,
					"max_rtt":	354,
					"min_rtt":	312,
					"mean_rtt":	333,
					"sender":	true
				},
				"receiver":	{
					"socket":	5,
					"start":	0,
					"end":	100.000338,
					"seconds":	100.000075,
					"bytes":	49999642624,
					"bits_per_second":	3999957890.0623317,
					"sender":	true
				}
			}],
		"sum_sent":	{
			"start":	0,
			"end":	100.000075,
			"seconds":	100.000075,
			"bytes":	49999642624,
			"bits_per_second":	3999968409.9436927,
			"retransmits":	0,
			"sender":	true
		},
		"sum_received":	{
			"start":	0,
			"end":	100.000338,
			"seconds":	100.000338,
			"bytes":	49999642624,
			"bits_per_second":	3999957890.0623317,
			"sender":	true
		},
		"cpu_utilization_percent":	{
			"host_total":	21.444559739312179,
			"host_user":	1.6497353606794964,
			"host_system":	19.794824378632683,
			"remote_total":	32.513169791627575,
			"remote_user":	3.3632500759466519,
			"remote_system":	29.149920715143363
		},
		"sender_tcp_congestion":	"cubic",
		"receiver_tcp_congestion":	"reno"
	}
}
