{
	"start":	{
		"connected":	[{
				"socket":	5,
				"local_host":	"10.0.1.1",
				"local_port":	52334,
				"remote_host":	"10.0.0.1",
				"remote_port":	5201
			}],
		"version":	"iperf 3.9+",
		"system_info":	"Linux han-3 5.10.0 #9 SMP PREEMPT Tue Feb 23 15:01:43 PST 2021 x86_64",
		"timestamp":	{
			"time":	"Sun, 03 Mar 2024 09:27:06 GMT",
			"timesecs":	1709458026
		},
		"connecting_to":	{
			"host":	"10.0.0.1",
			"port":	5201
		},
		"cookie":	"bcm724rm53of2xmio4hmjfcg2wmrpvfwdqsk",
		"tcp_mss_default":	1448,
		"target_bitrate":	5000000000,
		"sock_bufsize":	0,
		"sndbuf_actual":	16384,
		"rcvbuf_actual":	131072,
		"test_start":	{
			"protocol":	"TCP",
			"num_streams":	1,
			"blksize":	131072,
			"omit":	0,
			"duration":	60,
			"bytes":	0,
			"blocks":	0,
			"reverse":	0,
			"tos":	0
		}
	},
	"intervals":	[{
			"streams":	[{
					"socket":	5,
					"start":	0,
					"end":	60.000087,
					"seconds":	60.0000877380371,
					"bytes":	37499568128,
					"bits_per_second":	4999935105.65847,
					"retransmits":	0,
					"snd_cwnd":	825360,
					"rtt":	405,
					"rttvar":	104,
					"pmtu":	9000,
					"omitted":	false,
					"sender":	true
				}],
			"sum":	{
				"start":	0,
				"end":	60.000087,
				"seconds":	60.0000877380371,
				"bytes":	37499568128,
				"bits_per_second":	4999935105.65847,
				"retransmits":	0,
				"omitted":	false,
				"sender":	true
			}
		}],
	"end":	{
		"streams":	[{
				"sender":	{
					"socket":	5,
					"start":	0,
					"end":	60.000087,
					"seconds":	60.000087,
					"bytes":	37499568128,
					"bits_per_second":	4999935167.1606741,
					"retransmits":	0,
					"max_snd_cwnd":	825360,
					"max_rtt":	405,
					"min_rtt":	405,
					"mean_rtt":	405,
					"sender":	true
				},
				"receiver":	{
					"socket":	5,
					"start":	0,
					"end":	59.999947,
					"seconds":	60.000087,
					"bytes":	37499568128,
					"bits_per_second":	4999946833.68637,
					"sender":	true
				}
			}],
		"sum_sent":	{
			"start":	0,
			"end":	60.000087,
			"seconds":	60.000087,
			"bytes":	37499568128,
			"bits_per_second":	4999935167.1606741,
			"retransmits":	0,
			"sender":	true
		},
		"sum_received":	{
			"start":	0,
			"end":	59.999947,
			"seconds":	59.999947,
			"bytes":	37499568128,
			"bits_per_second":	4999946833.68637,
			"sender":	true
		},
		"cpu_utilization_percent":	{
			"host_total":	20.218603141144161,
			"host_user":	5.7758980733084737,
			"host_system":	14.442705067835687,
			"remote_total":	35.380932117202249,
			"remote_user":	6.0838603583467581,
			"remote_system":	29.297073424043329
		},
		"sender_tcp_congestion":	"cubic",
		"receiver_tcp_congestion":	"reno"
	}
}
