{
	"start":	{
		"connected":	[{
				"socket":	5,
				"local_host":	"10.0.1.1",
				"local_port":	41014,
				"remote_host":	"10.0.0.1",
				"remote_port":	5201
			}],
		"version":	"iperf 3.9+",
		"system_info":	"Linux han-3 5.10.0 #9 SMP PREEMPT Tue Feb 23 15:01:43 PST 2021 x86_64",
		"timestamp":	{
			"time":	"Fri, 01 Mar 2024 18:07:02 GMT",
			"timesecs":	1709316422
		},
		"connecting_to":	{
			"host":	"10.0.0.1",
			"port":	5201
		},
		"cookie":	"7mnze2zrc3z2ndqvgtcket4xnakwp5pmvhia",
		"tcp_mss_default":	1448,
		"target_bitrate":	9000000000,
		"sock_bufsize":	0,
		"sndbuf_actual":	16384,
		"rcvbuf_actual":	131072,
		"test_start":	{
			"protocol":	"TCP",
			"num_streams":	1,
			"blksize":	131072,
			"omit":	0,
			"duration":	80,
			"bytes":	0,
			"blocks":	0,
			"reverse":	0,
			"tos":	0
		}
	},
	"intervals":	[{
			"streams":	[{
					"socket":	5,
					"start":	0,
					"end":	60.00009,
					"seconds":	60.000091552734375,
					"bytes":	67499196416,
					"bits_per_second":	8999879122.7409554,
					"retransmits":	0,
					"snd_cwnd":	2170552,
					"rtt":	624,
					"rttvar":	172,
					"pmtu":	9000,
					"omitted":	false,
					"sender":	true
				}],
			"sum":	{
				"start":	0,
				"end":	60.00009,
				"seconds":	60.000091552734375,
				"bytes":	67499196416,
				"bits_per_second":	8999879122.7409554,
				"retransmits":	0,
				"omitted":	false,
				"sender":	true
			}
		}, {
			"streams":	[{
					"socket":	5,
					"start":	60.00009,
					"end":	80.000108,
					"seconds":	20.0000171661377,
					"bytes":	22500081664,
					"bits_per_second":	9000024940.81663,
					"retransmits":	0,
					"snd_cwnd":	2840976,
					"rtt":	627,
					"rttvar":	153,
					"pmtu":	9000,
					"omitted":	false,
					"sender":	true
				}],
			"sum":	{
				"start":	60.00009,
				"end":	80.000108,
				"seconds":	20.0000171661377,
				"bytes":	22500081664,
				"bits_per_second":	9000024940.81663,
				"retransmits":	0,
				"omitted":	false,
				"sender":	true
			}
		}],
	"end":	{
		"streams":	[{
				"sender":	{
					"socket":	5,
					"start":	0,
					"end":	80.000108,
					"seconds":	80.000108,
					"bytes":	89999278080,
					"bits_per_second":	8999915658.11386,
					"retransmits":	0,
					"max_snd_cwnd":	2840976,
					"max_rtt":	627,
					"min_rtt":	624,
					"mean_rtt":	625,
					"sender":	true
				},
				"receiver":	{
					"socket":	5,
					"start":	0,
					"end":	80.000103,
					"seconds":	80.000108,
					"bytes":	89999278080,
					"bits_per_second":	8999916220.6078663,
					"sender":	true
				}
			}],
		"sum_sent":	{
			"start":	0,
			"end":	80.000108,
			"seconds":	80.000108,
			"bytes":	89999278080,
			"bits_per_second":	8999915658.11386,
			"retransmits":	0,
			"sender":	true
		},
		"sum_received":	{
			"start":	0,
			"end":	80.000103,
			"seconds":	80.000103,
			"bytes":	89999278080,
			"bits_per_second":	8999916220.6078663,
			"sender":	true
		},
		"cpu_utilization_percent":	{
			"host_total":	27.312540187323286,
			"host_user":	2.0239367544076168,
			"host_system":	25.288603432915668,
			"remote_total":	46.189396571225565,
			"remote_user":	6.4633945884605764,
			"remote_system":	39.726001982765
		},
		"sender_tcp_congestion":	"cubic",
		"receiver_tcp_congestion":	"reno"
	}
}
