{
	"start":	{
		"connected":	[{
				"socket":	5,
				"local_host":	"10.0.1.1",
				"local_port":	44280,
				"remote_host":	"10.0.0.1",
				"remote_port":	5201
			}],
		"version":	"iperf 3.9+",
		"system_info":	"Linux han-3 5.10.0 #9 SMP PREEMPT Tue Feb 23 15:01:43 PST 2021 x86_64",
		"timestamp":	{
			"time":	"Sat, 02 Mar 2024 05:32:34 GMT",
			"timesecs":	1709357554
		},
		"connecting_to":	{
			"host":	"10.0.0.1",
			"port":	5201
		},
		"cookie":	"wkzbrysjug2tybm3yces2l4ugin52na55it6",
		"tcp_mss_default":	1448,
		"target_bitrate":	7000000000,
		"sock_bufsize":	0,
		"sndbuf_actual":	16384,
		"rcvbuf_actual":	131072,
		"test_start":	{
			"protocol":	"TCP",
			"num_streams":	1,
			"blksize":	131072,
			"omit":	0,
			"duration":	30,
			"bytes":	0,
			"blocks":	0,
			"reverse":	0,
			"tos":	0
		}
	},
	"intervals":	[{
			"streams":	[{
					"socket":	5,
					"start":	0,
					"end":	30.000309,
					"seconds":	30.000308990478516,
					"bytes":	26246512640,
					"bits_per_second":	6998997949.8758116,
					"retransmits":	0,
					"snd_cwnd":	2875728,
					"rtt":	222,
					"rttvar":	33,
					"pmtu":	9000,
					"omitted":	false,
					"sender":	true
				}],
			"sum":	{
				"start":	0,
				"end":	30.000309,
				"seconds":	30.000308990478516,
				"bytes":	26246512640,
				"bits_per_second":	6998997949.8758116,
				"retransmits":	0,
				"omitted":	false,
				"sender":	true
			}
		}],
	"end":	{
		"streams":	[{
				"sender":	{
					"socket":	5,
					"start":	0,
					"end":	30.000309,
					"seconds":	30.000309,
					"bytes":	26246512640,
					"bits_per_second":	6998997947.6544724,
					"retransmits":	0,
					"max_snd_cwnd":	2875728,
					"max_rtt":	222,
					"min_rtt":	222,
					"mean_rtt":	222,
					"sender":	true
				},
				"receiver":	{
					"socket":	5,
					"start":	0,
					"end":	30.000612,
					"seconds":	30.000309,
					"bytes":	26246512640,
					"bits_per_second":	6998927259.2172451,
					"sender":	true
				}
			}],
		"sum_sent":	{
			"start":	0,
			"end":	30.000309,
			"seconds":	30.000309,
			"bytes":	26246512640,
			"bits_per_second":	6998997947.6544724,
			"retransmits":	0,
			"sender":	true
		},
		"sum_received":	{
			"start":	0,
			"end":	30.000612,
			"seconds":	30.000612,
			"bytes":	26246512640,
			"bits_per_second":	6998927259.2172451,
			"sender":	true
		},
		"cpu_utilization_percent":	{
			"host_total":	35.015046687928816,
			"host_user":	0.66896499958536948,
			"host_system":	34.346085021386138,
			"remote_total":	42.563987989530681,
			"remote_user":	0,
			"remote_system":	42.563987989530681
		},
		"sender_tcp_congestion":	"cubic",
		"receiver_tcp_congestion":	"reno"
	}
}
