{
	"start":	{
		"connected":	[{
				"socket":	5,
				"local_host":	"10.0.1.1",
				"local_port":	47078,
				"remote_host":	"10.0.0.1",
				"remote_port":	5201
			}],
		"version":	"iperf 3.9+",
		"system_info":	"Linux han-3 5.10.0 #9 SMP PREEMPT Tue Feb 23 15:01:43 PST 2021 x86_64",
		"timestamp":	{
			"time":	"Sat, 02 Mar 2024 15:16:36 GMT",
			"timesecs":	1709392596
		},
		"connecting_to":	{
			"host":	"10.0.0.1",
			"port":	5201
		},
		"cookie":	"a7vttanwyjr6b5ormgmworyxjjujweivw7bp",
		"tcp_mss_default":	1448,
		"target_bitrate":	3000000000,
		"sock_bufsize":	0,
		"sndbuf_actual":	16384,
		"rcvbuf_actual":	131072,
		"test_start":	{
			"protocol":	"TCP",
			"num_streams":	1,
			"blksize":	131072,
			"omit":	0,
			"duration":	70,
			"bytes":	0,
			"blocks":	0,
			"reverse":	0,
			"tos":	0
		}
	},
	"intervals":	[{
			"streams":	[{
					"socket":	5,
					"start":	0,
					"end":	60.00008,
					"seconds":	60.000080108642578,
					"bytes":	22499688448,
					"bits_per_second":	2999954454.3620143,
					"retransmits":	0,
					"snd_cwnd":	794952,
					"rtt":	311,
					"rttvar":	73,
					"pmtu":	9000,
					"omitted":	false,
					"sender":	true
				}],
			"sum":	{
				"start":	0,
				"end":	60.00008,
				"seconds":	60.000080108642578,
				"bytes":	22499688448,
				"bits_per_second":	2999954454.3620143,
				"retransmits":	0,
				"omitted":	false,
				"sender":	true
			}
		}, {
			"streams":	[{
					"socket":	5,
					"start":	60.00008,
					"end":	70.000126,
					"seconds":	10.000045776367188,
					"bytes":	3750100992,
					"bits_per_second":	3000067060.3828659,
					"retransmits":	0,
					"snd_cwnd":	794952,
					"rtt":	273,
					"rttvar":	49,
					"pmtu":	9000,
					"omitted":	false,
					"sender":	true
				}],
			"sum":	{
				"start":	60.00008,
				"end":	70.000126,
				"seconds":	10.000045776367188,
				"bytes":	3750100992,
				"bits_per_second":	3000067060.3828659,
				"retransmits":	0,
				"omitted":	false,
				"sender":	true
			}
		}],
	"end":	{
		"streams":	[{
				"sender":	{
					"socket":	5,
					"start":	0,
					"end":	70.000126,
					"seconds":	70.000126,
					"bytes":	26249789440,
					"bits_per_second":	2999970536.0530353,
					"retransmits":	0,
					"max_snd_cwnd":	794952,
					"max_rtt":	311,
					"min_rtt":	273,
					"mean_rtt":	292,
					"sender":	true
				},
				"receiver":	{
					"socket":	5,
					"start":	0,
					"end":	70.000433,
					"seconds":	70.000126,
					"bytes":	26249789440,
					"bits_per_second":	2999957379.1207833,
					"sender":	true
				}
			}],
		"sum_sent":	{
			"start":	0,
			"end":	70.000126,
			"seconds":	70.000126,
			"bytes":	26249789440,
			"bits_per_second":	2999970536.0530353,
			"retransmits":	0,
			"sender":	true
		},
		"sum_received":	{
			"start":	0,
			"end":	70.000433,
			"seconds":	70.000433,
			"bytes":	26249789440,
			"bits_per_second":	2999957379.1207833,
			"sender":	true
		},
		"cpu_utilization_percent":	{
			"host_total":	16.706866674454961,
			"host_user":	9.1978977771557044,
			"host_system":	7.50897461138302,
			"remote_total":	28.254057468783163,
			"remote_user":	1.8211290096498665,
			"remote_system":	26.432931313354977
		},
		"sender_tcp_congestion":	"cubic",
		"receiver_tcp_congestion":	"reno"
	}
}
