{
	"start":	{
		"connected":	[{
				"socket":	5,
				"local_host":	"10.0.1.1",
				"local_port":	42278,
				"remote_host":	"10.0.0.1",
				"remote_port":	5201
			}],
		"version":	"iperf 3.9+",
		"system_info":	"Linux han-3 5.10.0 #9 SMP PREEMPT Tue Feb 23 15:01:43 PST 2021 x86_64",
		"timestamp":	{
			"time":	"Fri, 01 Mar 2024 22:29:28 GMT",
			"timesecs":	1709332168
		},
		"connecting_to":	{
			"host":	"10.0.0.1",
			"port":	5201
		},
		"cookie":	"ahlude2tvluqvlolqhvdnt52d4kvkaltrh5c",
		"tcp_mss_default":	1448,
		"target_bitrate":	2000000000,
		"sock_bufsize":	0,
		"sndbuf_actual":	16384,
		"rcvbuf_actual":	131072,
		"test_start":	{
			"protocol":	"TCP",
			"num_streams":	1,
			"blksize":	131072,
			"omit":	0,
			"duration":	70,
			"bytes":	0,
			"blocks":	0,
			"reverse":	0,
			"tos":	0
		}
	},
	"intervals":	[{
			"streams":	[{
					"socket":	5,
					"start":	0,
					"end":	60.000066,
					"seconds":	60.000064849853516,
					"bytes":	14999879680,
					"bits_per_second":	1999981795.6912253,
					"retransmits":	0,
					"snd_cwnd":	492320,
					"rtt":	317,
					"rttvar":	45,
					"pmtu":	9000,
					"omitted":	false,
					"sender":	true
				}],
			"sum":	{
				"start":	0,
				"end":	60.000066,
				"seconds":	60.000064849853516,
				"bytes":	14999879680,
				"bits_per_second":	1999981795.6912253,
				"retransmits":	0,
				"omitted":	false,
				"sender":	true
			}
		}, {
			"streams":	[{
					"socket":	5,
					"start":	60.000066,
					"end":	70.00007,
					"seconds":	10.000003814697266,
					"bytes":	2499936256,
					"bits_per_second":	1999948241.880291,
					"retransmits":	0,
					"snd_cwnd":	492320,
					"rtt":	298,
					"rttvar":	33,
					"pmtu":	9000,
					"omitted":	false,
					"sender":	true
				}],
			"sum":	{
				"start":	60.000066,
				"end":	70.00007,
				"seconds":	10.000003814697266,
				"bytes":	2499936256,
				"bits_per_second":	1999948241.880291,
				"retransmits":	0,
				"omitted":	false,
				"sender":	true
			}
		}],
	"end":	{
		"streams":	[{
				"sender":	{
					"socket":	5,
					"start":	0,
					"end":	70.00007,
					"seconds":	70.00007,
					"bytes":	17499815936,
					"bits_per_second":	1999976964.1373217,
					"retransmits":	0,
					"max_snd_cwnd":	492320,
					"max_rtt":	317,
					"min_rtt":	298,
					"mean_rtt":	307,
					"sender":	true
				},
				"receiver":	{
					"socket":	5,
					"start":	0,
					"end":	70.000288,
					"seconds":	70.00007,
					"bytes":	17499815936,
					"bits_per_second":	1999970735.663259,
					"sender":	true
				}
			}],
		"sum_sent":	{
			"start":	0,
			"end":	70.00007,
			"seconds":	70.00007,
			"bytes":	17499815936,
			"bits_per_second":	1999976964.1373217,
			"retransmits":	0,
			"sender":	true
		},
		"sum_received":	{
			"start":	0,
			"end":	70.000288,
			"seconds":	70.000288,
			"bytes":	17499815936,
			"bits_per_second":	1999970735.663259,
			"sender":	true
		},
		"cpu_utilization_percent":	{
			"host_total":	12.291121542748686,
			"host_user":	0.27956457284226927,
			"host_system":	12.011555541384618,
			"remote_total":	21.813213459593332,
			"remote_user":	0,
			"remote_system":	21.813212032135279
		},
		"sender_tcp_congestion":	"cubic",
		"receiver_tcp_congestion":	"reno"
	}
}
