{
	"start":	{
		"connected":	[{
				"socket":	5,
				"local_host":	"10.0.1.1",
				"local_port":	45264,
				"remote_host":	"10.0.0.1",
				"remote_port":	5201
			}],
		"version":	"iperf 3.9+",
		"system_info":	"Linux han-3 5.10.0 #9 SMP PREEMPT Tue Feb 23 15:01:43 PST 2021 x86_64",
		"timestamp":	{
			"time":	"Sat, 02 Mar 2024 08:53:37 GMT",
			"timesecs":	1709369617
		},
		"connecting_to":	{
			"host":	"10.0.0.1",
			"port":	5201
		},
		"cookie":	"3tyznnrokizi3lbisfpi22qvothpoelwosbj",
		"tcp_mss_default":	1448,
		"target_bitrate":	9000000000,
		"sock_bufsize":	0,
		"sndbuf_actual":	16384,
		"rcvbuf_actual":	131072,
		"test_start":	{
			"protocol":	"TCP",
			"num_streams":	1,
			"blksize":	131072,
			"omit":	0,
			"duration":	60,
			"bytes":	0,
			"blocks":	0,
			"reverse":	0,
			"tos":	0
		}
	},
	"intervals":	[{
			"streams":	[{
					"socket":	5,
					"start":	0,
					"end":	60.000196,
					"seconds":	60.000194549560547,
					"bytes":	67499196416,
					"bits_per_second":	8999863673.47462,
					"retransmits":	0,
					"snd_cwnd":	2958264,
					"rtt":	671,
					"rttvar":	217,
					"pmtu":	9000,
					"omitted":	false,
					"sender":	true
				}],
			"sum":	{
				"start":	0,
				"end":	60.000196,
				"seconds":	60.000194549560547,
				"bytes":	67499196416,
				"bits_per_second":	8999863673.47462,
				"retransmits":	0,
				"omitted":	false,
				"sender":	true
			}
		}],
	"end":	{
		"streams":	[{
				"sender":	{
					"socket":	5,
					"start":	0,
					"end":	60.000196,
					"seconds":	60.000196,
					"bytes":	67499196416,
					"bits_per_second":	8999863455.91271,
					"retransmits":	0,
					"max_snd_cwnd":	2958264,
					"max_rtt":	671,
					"min_rtt":	671,
					"mean_rtt":	671,
					"sender":	true
				},
				"receiver":	{
					"socket":	5,
					"start":	0,
					"end":	60.00033,
					"seconds":	60.000196,
					"bytes":	67499196416,
					"bits_per_second":	8999843356.328207,
					"sender":	true
				}
			}],
		"sum_sent":	{
			"start":	0,
			"end":	60.000196,
			"seconds":	60.000196,
			"bytes":	67499196416,
			"bits_per_second":	8999863455.91271,
			"retransmits":	0,
			"sender":	true
		},
		"sum_received":	{
			"start":	0,
			"end":	60.00033,
			"seconds":	60.00033,
			"bytes":	67499196416,
			"bits_per_second":	8999843356.328207,
			"sender":	true
		},
		"cpu_utilization_percent":	{
			"host_total":	59.087223708819849,
			"host_user":	2.3475989207300714,
			"host_system":	56.739628121289051,
			"remote_total":	47.0919037709623,
			"remote_user":	0.68492284997112252,
			"remote_system":	46.406980920991181
		},
		"sender_tcp_congestion":	"cubic",
		"receiver_tcp_congestion":	"reno"
	}
}
