{
	"start":	{
		"connected":	[{
				"socket":	5,
				"local_host":	"10.0.1.1",
				"local_port":	39520,
				"remote_host":	"10.0.0.1",
				"remote_port":	5201
			}],
		"version":	"iperf 3.9+",
		"system_info":	"Linux han-3 5.10.0 #9 SMP PREEMPT Tue Feb 23 15:01:43 PST 2021 x86_64",
		"timestamp":	{
			"time":	"Fri, 01 Mar 2024 12:50:25 GMT",
			"timesecs":	1709297425
		},
		"connecting_to":	{
			"host":	"10.0.0.1",
			"port":	5201
		},
		"cookie":	"nusbcxfao6kk7v4l4jda6iqva6k7uq4hchll",
		"tcp_mss_default":	1448,
		"target_bitrate":	6000000000,
		"sock_bufsize":	0,
		"sndbuf_actual":	16384,
		"rcvbuf_actual":	131072,
		"test_start":	{
			"protocol":	"TCP",
			"num_streams":	1,
			"blksize":	131072,
			"omit":	0,
			"duration":	40,
			"bytes":	0,
			"blocks":	0,
			"reverse":	0,
			"tos":	0
		}
	},
	"intervals":	[{
			"streams":	[{
					"socket":	5,
					"start":	0,
					"end":	40.000074,
					"seconds":	40.000072479248047,
					"bytes":	29999497216,
					"bits_per_second":	5999888571.5147,
					"retransmits":	0,
					"snd_cwnd":	954232,
					"rtt":	416,
					"rttvar":	133,
					"pmtu":	9000,
					"omitted":	false,
					"sender":	true
				}],
			"sum":	{
				"start":	0,
				"end":	40.000074,
				"seconds":	40.000072479248047,
				"bytes":	29999497216,
				"bits_per_second":	5999888571.5147,
				"retransmits":	0,
				"omitted":	false,
				"sender":	true
			}
		}],
	"end":	{
		"streams":	[{
				"sender":	{
					"socket":	5,
					"start":	0,
					"end":	40.000074,
					"seconds":	40.000074,
					"bytes":	29999497216,
					"bits_per_second":	5999888343.4065647,
					"retransmits":	0,
					"max_snd_cwnd":	954232,
					"max_rtt":	416,
					"min_rtt":	416,
					"mean_rtt":	416,
					"sender":	true
				},
				"receiver":	{
					"socket":	5,
					"start":	0,
					"end":	40.000452,
					"seconds":	40.000074,
					"bytes":	29999497216,
					"bits_per_second":	5999831645.10241,
					"sender":	true
				}
			}],
		"sum_sent":	{
			"start":	0,
			"end":	40.000074,
			"seconds":	40.000074,
			"bytes":	29999497216,
			"bits_per_second":	5999888343.4065647,
			"retransmits":	0,
			"sender":	true
		},
		"sum_received":	{
			"start":	0,
			"end":	40.000452,
			"seconds":	40.000452,
			"bytes":	29999497216,
			"bits_per_second":	5999831645.10241,
			"sender":	true
		},
		"cpu_utilization_percent":	{
			"host_total":	17.299172312136825,
			"host_user":	3.4581930559054661,
			"host_system":	13.840976756373724,
			"remote_total":	39.562068373519516,
			"remote_user":	3.0253440253242507,
			"remote_system":	36.536724348195264
		},
		"sender_tcp_congestion":	"cubic",
		"receiver_tcp_congestion":	"reno"
	}
}
