{
	"start":	{
		"connected":	[{
				"socket":	5,
				"local_host":	"10.0.1.1",
				"local_port":	53124,
				"remote_host":	"10.0.0.1",
				"remote_port":	5201
			}],
		"version":	"iperf 3.9+",
		"system_info":	"Linux han-3 5.10.0 #9 SMP PREEMPT Tue Feb 23 15:01:43 PST 2021 x86_64",
		"timestamp":	{
			"time":	"Sun, 03 Mar 2024 12:14:36 GMT",
			"timesecs":	1709468076
		},
		"connecting_to":	{
			"host":	"10.0.0.1",
			"port":	5201
		},
		"cookie":	"jdrwlbmjqrja6zo4jkhqhaommka7s3y3vpbu",
		"tcp_mss_default":	1448,
		"target_bitrate":	7000000000,
		"sock_bufsize":	0,
		"sndbuf_actual":	16384,
		"rcvbuf_actual":	131072,
		"test_start":	{
			"protocol":	"TCP",
			"num_streams":	1,
			"blksize":	131072,
			"omit":	0,
			"duration":	40,
			"bytes":	0,
			"blocks":	0,
			"reverse":	0,
			"tos":	0
		}
	},
	"intervals":	[{
			"streams":	[{
					"socket":	5,
					"start":	0,
					"end":	40.000086,
					"seconds":	40.0000877380371,
					"bytes":	34999369728,
					"bits_per_second":	6999858591.7536783,
					"retransmits":	0,
					"snd_cwnd":	1091792,
					"rtt":	478,
					"rttvar":	140,
					"pmtu":	9000,
					"omitted":	false,
					"sender":	true
				}],
			"sum":	{
				"start":	0,
				"end":	40.000086,
				"seconds":	40.0000877380371,
				"bytes":	34999369728,
				"bits_per_second":	6999858591.7536783,
				"retransmits":	0,
				"omitted":	false,
				"sender":	true
			}
		}],
	"end":	{
		"streams":	[{
				"sender":	{
					"socket":	5,
					"start":	0,
					"end":	40.000086,
					"seconds":	40.000086,
					"bytes":	34999369728,
					"bits_per_second":	6999858895.9033737,
					"retransmits":	0,
					"max_snd_cwnd":	1091792,
					"max_rtt":	478,
					"min_rtt":	478,
					"mean_rtt":	478,
					"sender":	true
				},
				"receiver":	{
					"socket":	5,
					"start":	0,
					"end":	40.000302,
					"seconds":	40.000086,
					"bytes":	34999369728,
					"bits_per_second":	6999821096.95072,
					"sender":	true
				}
			}],
		"sum_sent":	{
			"start":	0,
			"end":	40.000086,
			"seconds":	40.000086,
			"bytes":	34999369728,
			"bits_per_second":	6999858895.9033737,
			"retransmits":	0,
			"sender":	true
		},
		"sum_received":	{
			"start":	0,
			"end":	40.000302,
			"seconds":	40.000302,
			"bytes":	34999369728,
			"bits_per_second":	6999821096.95072,
			"sender":	true
		},
		"cpu_utilization_percent":	{
			"host_total":	25.959181224638257,
			"host_user":	0,
			"host_system":	25.959181224638257,
			"remote_total":	42.611275543640033,
			"remote_user":	7.36678144269099,
			"remote_system":	35.244494100949048
		},
		"sender_tcp_congestion":	"cubic",
		"receiver_tcp_congestion":	"reno"
	}
}
