{
	"start":	{
		"connected":	[{
				"socket":	5,
				"local_host":	"10.0.1.1",
				"local_port":	38668,
				"remote_host":	"10.0.0.1",
				"remote_port":	5201
			}],
		"version":	"iperf 3.9+",
		"system_info":	"Linux han-3 5.10.0 #9 SMP PREEMPT Tue Feb 23 15:01:43 PST 2021 x86_64",
		"timestamp":	{
			"time":	"Fri, 01 Mar 2024 09:50:35 GMT",
			"timesecs":	1709286635
		},
		"connecting_to":	{
			"host":	"10.0.0.1",
			"port":	5201
		},
		"cookie":	"6wtwen4d7oyfk4b3qc2mnd3pc24koth4b2ye",
		"tcp_mss_default":	1448,
		"target_bitrate":	4000000000,
		"sock_bufsize":	0,
		"sndbuf_actual":	16384,
		"rcvbuf_actual":	131072,
		"test_start":	{
			"protocol":	"TCP",
			"num_streams":	1,
			"blksize":	131072,
			"omit":	0,
			"duration":	50,
			"bytes":	0,
			"blocks":	0,
			"reverse":	0,
			"tos":	0
		}
	},
	"intervals":	[{
			"streams":	[{
					"socket":	5,
					"start":	0,
					"end":	50.000084,
					"seconds":	50.000083923339844,
					"bytes":	24999624704,
					"bits_per_second":	3999933238.8848686,
					"retransmits":	0,
					"snd_cwnd":	676216,
					"rtt":	307,
					"rttvar":	79,
					"pmtu":	9000,
					"omitted":	false,
					"sender":	true
				}],
			"sum":	{
				"start":	0,
				"end":	50.000084,
				"seconds":	50.000083923339844,
				"bytes":	24999624704,
				"bits_per_second":	3999933238.8848686,
				"retransmits":	0,
				"omitted":	false,
				"sender":	true
			}
		}],
	"end":	{
		"streams":	[{
				"sender":	{
					"socket":	5,
					"start":	0,
					"end":	50.000084,
					"seconds":	50.000084,
					"bytes":	24999624704,
					"bits_per_second":	3999933232.7521687,
					"retransmits":	0,
					"max_snd_cwnd":	676216,
					"max_rtt":	307,
					"min_rtt":	307,
					"mean_rtt":	307,
					"sender":	true
				},
				"receiver":	{
					"socket":	5,
					"start":	0,
					"end":	50.000267,
					"seconds":	50.000084,
					"bytes":	24999624704,
					"bits_per_second":	3999918593.0747128,
					"sender":	true
				}
			}],
		"sum_sent":	{
			"start":	0,
			"end":	50.000084,
			"seconds":	50.000084,
			"bytes":	24999624704,
			"bits_per_second":	3999933232.7521687,
			"retransmits":	0,
			"sender":	true
		},
		"sum_received":	{
			"start":	0,
			"end":	50.000267,
			"seconds":	50.000267,
			"bytes":	24999624704,
			"bits_per_second":	3999918593.0747128,
			"sender":	true
		},
		"cpu_utilization_percent":	{
			"host_total":	15.401366599988457,
			"host_user":	7.7006832999942283,
			"host_system":	7.7006832999942283,
			"remote_total":	32.329513697593839,
			"remote_user":	7.7343027981204928,
			"remote_system":	24.595210899473344
		},
		"sender_tcp_congestion":	"cubic",
		"receiver_tcp_congestion":	"reno"
	}
}
