{
	"start":	{
		"connected":	[{
				"socket":	5,
				"local_host":	"10.0.1.1",
				"local_port":	39988,
				"remote_host":	"10.0.0.1",
				"remote_port":	5201
			}],
		"version":	"iperf 3.9+",
		"system_info":	"Linux han-3 5.10.0 #9 SMP PREEMPT Tue Feb 23 15:01:43 PST 2021 x86_64",
		"timestamp":	{
			"time":	"Fri, 01 Mar 2024 14:27:30 GMT",
			"timesecs":	1709303250
		},
		"connecting_to":	{
			"host":	"10.0.0.1",
			"port":	5201
		},
		"cookie":	"pnkuekytxvclcig4gdedyashkvvgvsomfd3f",
		"tcp_mss_default":	1448,
		"target_bitrate":	7000000000,
		"sock_bufsize":	0,
		"sndbuf_actual":	16384,
		"rcvbuf_actual":	131072,
		"test_start":	{
			"protocol":	"TCP",
			"num_streams":	1,
			"blksize":	131072,
			"omit":	0,
			"duration":	50,
			"bytes":	0,
			"blocks":	0,
			"reverse":	0,
			"tos":	0
		}
	},
	"intervals":	[{
			"streams":	[{
					"socket":	5,
					"start":	0,
					"end":	50.000084,
					"seconds":	50.000083923339844,
					"bytes":	43749474304,
					"bits_per_second":	6999904139.53332,
					"retransmits":	0,
					"snd_cwnd":	1135232,
					"rtt":	577,
					"rttvar":	169,
					"pmtu":	9000,
					"omitted":	false,
					"sender":	true
				}],
			"sum":	{
				"start":	0,
				"end":	50.000084,
				"seconds":	50.000083923339844,
				"bytes":	43749474304,
				"bits_per_second":	6999904139.53332,
				"retransmits":	0,
				"omitted":	false,
				"sender":	true
			}
		}],
	"end":	{
		"streams":	[{
				"sender":	{
					"socket":	5,
					"start":	0,
					"end":	50.000084,
					"seconds":	50.000084,
					"bytes":	43749474304,
					"bits_per_second":	6999904128.8010635,
					"retransmits":	0,
					"max_snd_cwnd":	1135232,
					"max_rtt":	577,
					"min_rtt":	577,
					"mean_rtt":	577,
					"sender":	true
				},
				"receiver":	{
					"socket":	5,
					"start":	0,
					"end":	50.000232,
					"seconds":	50.000084,
					"bytes":	43749474304,
					"bits_per_second":	6999883409.1809816,
					"sender":	true
				}
			}],
		"sum_sent":	{
			"start":	0,
			"end":	50.000084,
			"seconds":	50.000084,
			"bytes":	43749474304,
			"bits_per_second":	6999904128.8010635,
			"retransmits":	0,
			"sender":	true
		},
		"sum_received":	{
			"start":	0,
			"end":	50.000232,
			"seconds":	50.000232,
			"bytes":	43749474304,
			"bits_per_second":	6999883409.1809816,
			"sender":	true
		},
		"cpu_utilization_percent":	{
			"host_total":	25.128097543464229,
			"host_user":	8.3768464766388355,
			"host_system":	16.751251066825393,
			"remote_total":	42.373490399612429,
			"remote_user":	0,
			"remote_system":	42.373490399612429
		},
		"sender_tcp_congestion":	"cubic",
		"receiver_tcp_congestion":	"reno"
	}
}
