{
	"start":	{
		"connected":	[{
				"socket":	5,
				"local_host":	"10.0.1.1",
				"local_port":	45184,
				"remote_host":	"10.0.0.1",
				"remote_port":	5201
			}],
		"version":	"iperf 3.9+",
		"system_info":	"Linux han-3 5.10.0 #9 SMP PREEMPT Tue Feb 23 15:01:43 PST 2021 x86_64",
		"timestamp":	{
			"time":	"Sat, 02 Mar 2024 08:39:56 GMT",
			"timesecs":	1709368796
		},
		"connecting_to":	{
			"host":	"10.0.0.1",
			"port":	5201
		},
		"cookie":	"epml6zseo3ftzmo4ofrdfldg33coezotbdz7",
		"tcp_mss_default":	1448,
		"target_bitrate":	9000000000,
		"sock_bufsize":	0,
		"sndbuf_actual":	16384,
		"rcvbuf_actual":	131072,
		"test_start":	{
			"protocol":	"TCP",
			"num_streams":	1,
			"blksize":	131072,
			"omit":	0,
			"duration":	40,
			"bytes":	0,
			"blocks":	0,
			"reverse":	0,
			"tos":	0
		}
	},
	"intervals":	[{
			"streams":	[{
					"socket":	5,
					"start":	0,
					"end":	40.000312,
					"seconds":	40.000312805175781,
					"bytes":	44633948160,
					"bits_per_second":	8926719823.89591,
					"retransmits":	0,
					"snd_cwnd":	2926408,
					"rtt":	1105,
					"rttvar":	44,
					"pmtu":	9000,
					"omitted":	false,
					"sender":	true
				}],
			"sum":	{
				"start":	0,
				"end":	40.000312,
				"seconds":	40.000312805175781,
				"bytes":	44633948160,
				"bits_per_second":	8926719823.89591,
				"retransmits":	0,
				"omitted":	false,
				"sender":	true
			}
		}],
	"end":	{
		"streams":	[{
				"sender":	{
					"socket":	5,
					"start":	0,
					"end":	40.000312,
					"seconds":	40.000312,
					"bytes":	44633948160,
					"bits_per_second":	8926720003.58397,
					"retransmits":	0,
					"max_snd_cwnd":	2926408,
					"max_rtt":	1105,
					"min_rtt":	1105,
					"mean_rtt":	1105,
					"sender":	true
				},
				"receiver":	{
					"socket":	5,
					"start":	0,
					"end":	40.000687,
					"seconds":	40.000312,
					"bytes":	44631869976,
					"bits_per_second":	8926220687.3596954,
					"sender":	true
				}
			}],
		"sum_sent":	{
			"start":	0,
			"end":	40.000312,
			"seconds":	40.000312,
			"bytes":	44633948160,
			"bits_per_second":	8926720003.58397,
			"retransmits":	0,
			"sender":	true
		},
		"sum_received":	{
			"start":	0,
			"end":	40.000687,
			"seconds":	40.000687,
			"bytes":	44631869976,
			"bits_per_second":	8926220687.3596954,
			"sender":	true
		},
		"cpu_utilization_percent":	{
			"host_total":	55.541338083445588,
			"host_user":	1.6817356288642817,
			"host_system":	53.859604954429884,
			"remote_total":	46.034462411628837,
			"remote_user":	1.132084157854609,
			"remote_system":	44.9023757572108
		},
		"sender_tcp_congestion":	"cubic",
		"receiver_tcp_congestion":	"reno"
	}
}
