{
	"start":	{
		"connected":	[{
				"socket":	5,
				"local_host":	"10.0.1.1",
				"local_port":	51532,
				"remote_host":	"10.0.0.1",
				"remote_port":	5201
			}],
		"version":	"iperf 3.9+",
		"system_info":	"Linux han-3 5.10.0 #9 SMP PREEMPT Tue Feb 23 15:01:43 PST 2021 x86_64",
		"timestamp":	{
			"time":	"Sun, 03 Mar 2024 06:41:37 GMT",
			"timesecs":	1709448097
		},
		"connecting_to":	{
			"host":	"10.0.0.1",
			"port":	5201
		},
		"cookie":	"lftdmnzd6ogfsa6z2yl5yjpj2lbsmcst6zgp",
		"tcp_mss_default":	1448,
		"target_bitrate":	3000000000,
		"sock_bufsize":	0,
		"sndbuf_actual":	16384,
		"rcvbuf_actual":	131072,
		"test_start":	{
			"protocol":	"TCP",
			"num_streams":	1,
			"blksize":	131072,
			"omit":	0,
			"duration":	80,
			"bytes":	0,
			"blocks":	0,
			"reverse":	0,
			"tos":	0
		}
	},
	"intervals":	[{
			"streams":	[{
					"socket":	5,
					"start":	0,
					"end":	60.000064,
					"seconds":	60.000064849853516,
					"bytes":	22499688448,
					"bits_per_second":	2999955217.28906,
					"retransmits":	0,
					"snd_cwnd":	540104,
					"rtt":	297,
					"rttvar":	69,
					"pmtu":	9000,
					"omitted":	false,
					"sender":	true
				}],
			"sum":	{
				"start":	0,
				"end":	60.000064,
				"seconds":	60.000064849853516,
				"bytes":	22499688448,
				"bits_per_second":	2999955217.28906,
				"retransmits":	0,
				"omitted":	false,
				"sender":	true
			}
		}, {
			"streams":	[{
					"socket":	5,
					"start":	60.000064,
					"end":	80.000077,
					"seconds":	20.00001335144043,
					"bytes":	7500070912,
					"bits_per_second":	3000026362.0663371,
					"retransmits":	0,
					"snd_cwnd":	540104,
					"rtt":	335,
					"rttvar":	72,
					"pmtu":	9000,
					"omitted":	false,
					"sender":	true
				}],
			"sum":	{
				"start":	60.000064,
				"end":	80.000077,
				"seconds":	20.00001335144043,
				"bytes":	7500070912,
				"bits_per_second":	3000026362.0663371,
				"retransmits":	0,
				"omitted":	false,
				"sender":	true
			}
		}],
	"end":	{
		"streams":	[{
				"sender":	{
					"socket":	5,
					"start":	0,
					"end":	80.000077,
					"seconds":	80.000077,
					"bytes":	29999759360,
					"bits_per_second":	2999973048.52594,
					"retransmits":	0,
					"max_snd_cwnd":	540104,
					"max_rtt":	335,
					"min_rtt":	297,
					"mean_rtt":	316,
					"sender":	true
				},
				"receiver":	{
					"socket":	5,
					"start":	0,
					"end":	80.000159,
					"seconds":	80.000077,
					"bytes":	29999759360,
					"bits_per_second":	2999969973.5596776,
					"sender":	true
				}
			}],
		"sum_sent":	{
			"start":	0,
			"end":	80.000077,
			"seconds":	80.000077,
			"bytes":	29999759360,
			"bits_per_second":	2999973048.52594,
			"retransmits":	0,
			"sender":	true
		},
		"sum_received":	{
			"start":	0,
			"end":	80.000159,
			"seconds":	80.000159,
			"bytes":	29999759360,
			"bits_per_second":	2999969973.5596776,
			"sender":	true
		},
		"cpu_utilization_percent":	{
			"host_total":	11.224756981720226,
			"host_user":	1.8693047502639233,
			"host_system":	9.3554522314563044,
			"remote_total":	26.352516236130629,
			"remote_user":	4.0930335868721741,
			"remote_system":	22.259483898374146
		},
		"sender_tcp_congestion":	"cubic",
		"receiver_tcp_congestion":	"reno"
	}
}
