{
	"start":	{
		"connected":	[{
				"socket":	5,
				"local_host":	"10.0.1.1",
				"local_port":	50792,
				"remote_host":	"10.0.0.1",
				"remote_port":	5201
			}],
		"version":	"iperf 3.9+",
		"system_info":	"Linux han-3 5.10.0 #9 SMP PREEMPT Tue Feb 23 15:01:43 PST 2021 x86_64",
		"timestamp":	{
			"time":	"Sun, 03 Mar 2024 04:21:48 GMT",
			"timesecs":	1709439708
		},
		"connecting_to":	{
			"host":	"10.0.0.1",
			"port":	5201
		},
		"cookie":	"p4i2c7wpkdx755oufrwqho2rkxkdz2cpfa5f",
		"tcp_mss_default":	1448,
		"target_bitrate":	2000000000,
		"sock_bufsize":	0,
		"sndbuf_actual":	16384,
		"rcvbuf_actual":	131072,
		"test_start":	{
			"protocol":	"TCP",
			"num_streams":	1,
			"blksize":	131072,
			"omit":	0,
			"duration":	10,
			"bytes":	0,
			"blocks":	0,
			"reverse":	0,
			"tos":	0
		}
	},
	"intervals":	[{
			"streams":	[{
					"socket":	5,
					"start":	0,
					"end":	10.000079,
					"seconds":	10.000079154968262,
					"bytes":	2499805184,
					"bits_per_second":	1999828317.5652995,
					"retransmits":	0,
					"snd_cwnd":	405440,
					"rtt":	266,
					"rttvar":	45,
					"pmtu":	9000,
					"omitted":	false,
					"sender":	true
				}],
			"sum":	{
				"start":	0,
				"end":	10.000079,
				"seconds":	10.000079154968262,
				"bytes":	2499805184,
				"bits_per_second":	1999828317.5652995,
				"retransmits":	0,
				"omitted":	false,
				"sender":	true
			}
		}],
	"end":	{
		"streams":	[{
				"sender":	{
					"socket":	5,
					"start":	0,
					"end":	10.000079,
					"seconds":	10.000079,
					"bytes":	2499805184,
					"bits_per_second":	1999828348.5560465,
					"retransmits":	0,
					"max_snd_cwnd":	405440,
					"max_rtt":	266,
					"min_rtt":	266,
					"mean_rtt":	266,
					"sender":	true
				},
				"receiver":	{
					"socket":	5,
					"start":	0,
					"end":	10.000195,
					"seconds":	10.000079,
					"bytes":	2499805184,
					"bits_per_second":	1999805150.9995556,
					"sender":	true
				}
			}],
		"sum_sent":	{
			"start":	0,
			"end":	10.000079,
			"seconds":	10.000079,
			"bytes":	2499805184,
			"bits_per_second":	1999828348.5560465,
			"retransmits":	0,
			"sender":	true
		},
		"sum_received":	{
			"start":	0,
			"end":	10.000195,
			"seconds":	10.000195,
			"bytes":	2499805184,
			"bits_per_second":	1999805150.9995556,
			"sender":	true
		},
		"cpu_utilization_percent":	{
			"host_total":	8.43782036195865,
			"host_user":	2.1148013298464221,
			"host_system":	6.3229990368271167,
			"remote_total":	22.006802382724054,
			"remote_user":	0,
			"remote_system":	22.006792434811327
		},
		"sender_tcp_congestion":	"cubic",
		"receiver_tcp_congestion":	"reno"
	}
}
