{
	"start":	{
		"connected":	[{
				"socket":	5,
				"local_host":	"10.0.1.1",
				"local_port":	42034,
				"remote_host":	"10.0.0.1",
				"remote_port":	5201
			}],
		"version":	"iperf 3.9+",
		"system_info":	"Linux han-3 5.10.0 #9 SMP PREEMPT Tue Feb 23 15:01:43 PST 2021 x86_64",
		"timestamp":	{
			"time":	"Fri, 01 Mar 2024 21:47:54 GMT",
			"timesecs":	1709329674
		},
		"connecting_to":	{
			"host":	"10.0.0.1",
			"port":	5201
		},
		"cookie":	"xc74bzbtmdnahz2do7zcp65u4wry5eidvqhm",
		"tcp_mss_default":	1448,
		"target_bitrate":	2000000000,
		"sock_bufsize":	0,
		"sndbuf_actual":	16384,
		"rcvbuf_actual":	131072,
		"test_start":	{
			"protocol":	"TCP",
			"num_streams":	1,
			"blksize":	131072,
			"omit":	0,
			"duration":	20,
			"bytes":	0,
			"blocks":	0,
			"reverse":	0,
			"tos":	0
		}
	},
	"intervals":	[{
			"streams":	[{
					"socket":	5,
					"start":	0,
					"end":	20.000073,
					"seconds":	20.000072479248047,
					"bytes":	4999872512,
					"bits_per_second":	1999941757.0862653,
					"retransmits":	0,
					"snd_cwnd":	401096,
					"rtt":	289,
					"rttvar":	56,
					"pmtu":	9000,
					"omitted":	false,
					"sender":	true
				}],
			"sum":	{
				"start":	0,
				"end":	20.000073,
				"seconds":	20.000072479248047,
				"bytes":	4999872512,
				"bits_per_second":	1999941757.0862653,
				"retransmits":	0,
				"omitted":	false,
				"sender":	true
			}
		}],
	"end":	{
		"streams":	[{
				"sender":	{
					"socket":	5,
					"start":	0,
					"end":	20.000073,
					"seconds":	20.000073,
					"bytes":	4999872512,
					"bits_per_second":	1999941705.0127766,
					"retransmits":	0,
					"max_snd_cwnd":	401096,
					"max_rtt":	289,
					"min_rtt":	289,
					"mean_rtt":	289,
					"sender":	true
				},
				"receiver":	{
					"socket":	5,
					"start":	0,
					"end":	20.000168,
					"seconds":	20.000073,
					"bytes":	4999872512,
					"bits_per_second":	1999932205.3694751,
					"sender":	true
				}
			}],
		"sum_sent":	{
			"start":	0,
			"end":	20.000073,
			"seconds":	20.000073,
			"bytes":	4999872512,
			"bits_per_second":	1999941705.0127766,
			"retransmits":	0,
			"sender":	true
		},
		"sum_received":	{
			"start":	0,
			"end":	20.000168,
			"seconds":	20.000168,
			"bytes":	4999872512,
			"bits_per_second":	1999932205.3694751,
			"sender":	true
		},
		"cpu_utilization_percent":	{
			"host_total":	10.822547030473551,
			"host_user":	2.1667161526498684,
			"host_system":	8.65583087782368,
			"remote_total":	21.952644747663847,
			"remote_user":	0,
			"remote_system":	21.952644747663847
		},
		"sender_tcp_congestion":	"cubic",
		"receiver_tcp_congestion":	"reno"
	}
}
