{
	"start":	{
		"connected":	[{
				"socket":	5,
				"local_host":	"10.0.1.1",
				"local_port":	47064,
				"remote_host":	"10.0.0.1",
				"remote_port":	5201
			}],
		"version":	"iperf 3.9+",
		"system_info":	"Linux han-3 5.10.0 #9 SMP PREEMPT Tue Feb 23 15:01:43 PST 2021 x86_64",
		"timestamp":	{
			"time":	"Sat, 02 Mar 2024 15:13:06 GMT",
			"timesecs":	1709392386
		},
		"connecting_to":	{
			"host":	"10.0.0.1",
			"port":	5201
		},
		"cookie":	"22hf5lyke3l4odn7vzl65kh44tblacbx6msa",
		"tcp_mss_default":	1448,
		"target_bitrate":	3000000000,
		"sock_bufsize":	0,
		"sndbuf_actual":	16384,
		"rcvbuf_actual":	131072,
		"test_start":	{
			"protocol":	"TCP",
			"num_streams":	1,
			"blksize":	131072,
			"omit":	0,
			"duration":	70,
			"bytes":	0,
			"blocks":	0,
			"reverse":	0,
			"tos":	0
		}
	},
	"intervals":	[{
			"streams":	[{
					"socket":	5,
					"start":	0,
					"end":	60.000096,
					"seconds":	60.000095367431641,
					"bytes":	22499688448,
					"bits_per_second":	2999953691.4353566,
					"retransmits":	0,
					"snd_cwnd":	1459584,
					"rtt":	263,
					"rttvar":	40,
					"pmtu":	9000,
					"omitted":	false,
					"sender":	true
				}],
			"sum":	{
				"start":	0,
				"end":	60.000096,
				"seconds":	60.000095367431641,
				"bytes":	22499688448,
				"bits_per_second":	2999953691.4353566,
				"retransmits":	0,
				"omitted":	false,
				"sender":	true
			}
		}, {
			"streams":	[{
					"socket":	5,
					"start":	60.000096,
					"end":	70.000103,
					"seconds":	10.000006675720215,
					"bytes":	3750100992,
					"bits_per_second":	3000078790.831337,
					"retransmits":	0,
					"snd_cwnd":	1459584,
					"rtt":	279,
					"rttvar":	88,
					"pmtu":	9000,
					"omitted":	false,
					"sender":	true
				}],
			"sum":	{
				"start":	60.000096,
				"end":	70.000103,
				"seconds":	10.000006675720215,
				"bytes":	3750100992,
				"bits_per_second":	3000078790.831337,
				"retransmits":	0,
				"omitted":	false,
				"sender":	true
			}
		}],
	"end":	{
		"streams":	[{
				"sender":	{
					"socket":	5,
					"start":	0,
					"end":	70.000103,
					"seconds":	70.000103,
					"bytes":	26249789440,
					"bits_per_second":	2999971521.75619,
					"retransmits":	0,
					"max_snd_cwnd":	1459584,
					"max_rtt":	279,
					"min_rtt":	263,
					"mean_rtt":	271,
					"sender":	true
				},
				"receiver":	{
					"socket":	5,
					"start":	0,
					"end":	70.000624,
					"seconds":	70.000103,
					"bytes":	26249789440,
					"bits_per_second":	2999949193.59576,
					"sender":	true
				}
			}],
		"sum_sent":	{
			"start":	0,
			"end":	70.000103,
			"seconds":	70.000103,
			"bytes":	26249789440,
			"bits_per_second":	2999971521.75619,
			"retransmits":	0,
			"sender":	true
		},
		"sum_received":	{
			"start":	0,
			"end":	70.000624,
			"seconds":	70.000624,
			"bytes":	26249789440,
			"bits_per_second":	2999949193.59576,
			"sender":	true
		},
		"cpu_utilization_percent":	{
			"host_total":	29.897119447085974,
			"host_user":	1.1593606109438419,
			"host_system":	28.737761693177362,
			"remote_total":	26.232577636616643,
			"remote_user":	3.4253817713418551,
			"remote_system":	22.807194438302915
		},
		"sender_tcp_congestion":	"cubic",
		"receiver_tcp_congestion":	"reno"
	}
}
