{
	"start":	{
		"connected":	[{
				"socket":	5,
				"local_host":	"10.0.1.1",
				"local_port":	50062,
				"remote_host":	"10.0.0.1",
				"remote_port":	5201
			}],
		"version":	"iperf 3.9+",
		"system_info":	"Linux han-3 5.10.0 #9 SMP PREEMPT Tue Feb 23 15:01:43 PST 2021 x86_64",
		"timestamp":	{
			"time":	"Sun, 03 Mar 2024 01:40:48 GMT",
			"timesecs":	1709430048
		},
		"connecting_to":	{
			"host":	"10.0.0.1",
			"port":	5201
		},
		"cookie":	"bstkafmenjdikikycxot4pbefaqd4pzmocto",
		"tcp_mss_default":	1448,
		"target_bitrate":	10000000000,
		"sock_bufsize":	0,
		"sndbuf_actual":	16384,
		"rcvbuf_actual":	131072,
		"test_start":	{
			"protocol":	"TCP",
			"num_streams":	1,
			"blksize":	131072,
			"omit":	0,
			"duration":	50,
			"bytes":	0,
			"blocks":	0,
			"reverse":	0,
			"tos":	0
		}
	},
	"intervals":	[{
			"streams":	[{
					"socket":	5,
					"start":	0,
					"end":	50.000053,
					"seconds":	50.000053405761719,
					"bytes":	57487654912,
					"bits_per_second":	9198014961.3800945,
					"retransmits":	0,
					"snd_cwnd":	3748872,
					"rtt":	1085,
					"rttvar":	49,
					"pmtu":	9000,
					"omitted":	false,
					"sender":	true
				}],
			"sum":	{
				"start":	0,
				"end":	50.000053,
				"seconds":	50.000053405761719,
				"bytes":	57487654912,
				"bits_per_second":	9198014961.3800945,
				"retransmits":	0,
				"omitted":	false,
				"sender":	true
			}
		}],
	"end":	{
		"streams":	[{
				"sender":	{
					"socket":	5,
					"start":	0,
					"end":	50.000053,
					"seconds":	50.000053,
					"bytes":	57487654912,
					"bits_per_second":	9198015036.02406,
					"retransmits":	0,
					"max_snd_cwnd":	3748872,
					"max_rtt":	1085,
					"min_rtt":	1085,
					"mean_rtt":	1085,
					"sender":	true
				},
				"receiver":	{
					"socket":	5,
					"start":	0,
					"end":	50.000936,
					"seconds":	50.000053,
					"bytes":	57486143248,
					"bits_per_second":	9197610740.40694,
					"sender":	true
				}
			}],
		"sum_sent":	{
			"start":	0,
			"end":	50.000053,
			"seconds":	50.000053,
			"bytes":	57487654912,
			"bits_per_second":	9198015036.02406,
			"retransmits":	0,
			"sender":	true
		},
		"sum_received":	{
			"start":	0,
			"end":	50.000936,
			"seconds":	50.000936,
			"bytes":	57486143248,
			"bits_per_second":	9197610740.40694,
			"sender":	true
		},
		"cpu_utilization_percent":	{
			"host_total":	95.563094780403731,
			"host_user":	2.47933662820938,
			"host_system":	93.083748152691925,
			"remote_total":	47.488390070931615,
			"remote_user":	1.466298955344018,
			"remote_system":	46.0220911155876
		},
		"sender_tcp_congestion":	"cubic",
		"receiver_tcp_congestion":	"reno"
	}
}
