{
	"start":	{
		"connected":	[{
				"socket":	5,
				"local_host":	"10.0.1.1",
				"local_port":	43072,
				"remote_host":	"10.0.0.1",
				"remote_port":	5201
			}],
		"version":	"iperf 3.9+",
		"system_info":	"Linux han-3 5.10.0 #9 SMP PREEMPT Tue Feb 23 15:01:43 PST 2021 x86_64",
		"timestamp":	{
			"time":	"Sat, 02 Mar 2024 01:13:58 GMT",
			"timesecs":	1709342038
		},
		"connecting_to":	{
			"host":	"10.0.0.1",
			"port":	5201
		},
		"cookie":	"eec2hcjlehz7nck6dthg5kxl4wv2yo4356iz",
		"tcp_mss_default":	1448,
		"target_bitrate":	4000000000,
		"sock_bufsize":	0,
		"sndbuf_actual":	16384,
		"rcvbuf_actual":	131072,
		"test_start":	{
			"protocol":	"TCP",
			"num_streams":	1,
			"blksize":	131072,
			"omit":	0,
			"duration":	50,
			"bytes":	0,
			"blocks":	0,
			"reverse":	0,
			"tos":	0
		}
	},
	"intervals":	[{
			"streams":	[{
					"socket":	5,
					"start":	0,
					"end":	50.000098,
					"seconds":	50.0000991821289,
					"bytes":	24999624704,
					"bits_per_second":	3999932018.20454,
					"retransmits":	0,
					"snd_cwnd":	812328,
					"rtt":	304,
					"rttvar":	101,
					"pmtu":	9000,
					"omitted":	false,
					"sender":	true
				}],
			"sum":	{
				"start":	0,
				"end":	50.000098,
				"seconds":	50.0000991821289,
				"bytes":	24999624704,
				"bits_per_second":	3999932018.20454,
				"retransmits":	0,
				"omitted":	false,
				"sender":	true
			}
		}],
	"end":	{
		"streams":	[{
				"sender":	{
					"socket":	5,
					"start":	0,
					"end":	50.000098,
					"seconds":	50.000098,
					"bytes":	24999624704,
					"bits_per_second":	3999932112.7730589,
					"retransmits":	0,
					"max_snd_cwnd":	812328,
					"max_rtt":	304,
					"min_rtt":	304,
					"mean_rtt":	304,
					"sender":	true
				},
				"receiver":	{
					"socket":	5,
					"start":	0,
					"end":	50.000103,
					"seconds":	50.000098,
					"bytes":	24999624704,
					"bits_per_second":	3999931712.7806716,
					"sender":	true
				}
			}],
		"sum_sent":	{
			"start":	0,
			"end":	50.000098,
			"seconds":	50.000098,
			"bytes":	24999624704,
			"bits_per_second":	3999932112.7730589,
			"retransmits":	0,
			"sender":	true
		},
		"sum_received":	{
			"start":	0,
			"end":	50.000103,
			"seconds":	50.000103,
			"bytes":	24999624704,
			"bits_per_second":	3999931712.7806716,
			"sender":	true
		},
		"cpu_utilization_percent":	{
			"host_total":	23.529587521938566,
			"host_user":	1.0326980896772269,
			"host_system":	22.496889432261341,
			"remote_total":	34.7730971651417,
			"remote_user":	0,
			"remote_system":	34.773095167048766
		},
		"sender_tcp_congestion":	"cubic",
		"receiver_tcp_congestion":	"reno"
	}
}
