{
	"start":	{
		"connected":	[{
				"socket":	5,
				"local_host":	"10.0.1.1",
				"local_port":	50114,
				"remote_host":	"10.0.0.1",
				"remote_port":	5201
			}],
		"version":	"iperf 3.9+",
		"system_info":	"Linux han-3 5.10.0 #9 SMP PREEMPT Tue Feb 23 15:01:43 PST 2021 x86_64",
		"timestamp":	{
			"time":	"Sun, 03 Mar 2024 01:52:19 GMT",
			"timesecs":	1709430739
		},
		"connecting_to":	{
			"host":	"10.0.0.1",
			"port":	5201
		},
		"cookie":	"zxd24hdxjpgtu5dvkmntmfmkd2fbyhta66nj",
		"tcp_mss_default":	1448,
		"target_bitrate":	10000000000,
		"sock_bufsize":	0,
		"sndbuf_actual":	16384,
		"rcvbuf_actual":	131072,
		"test_start":	{
			"protocol":	"TCP",
			"num_streams":	1,
			"blksize":	131072,
			"omit":	0,
			"duration":	60,
			"bytes":	0,
			"blocks":	0,
			"reverse":	0,
			"tos":	0
		}
	},
	"intervals":	[{
			"streams":	[{
					"socket":	5,
					"start":	0,
					"end":	60.000073,
					"seconds":	60.000072479248047,
					"bytes":	68038557696,
					"bits_per_second":	9071796734.1832371,
					"retransmits":	0,
					"snd_cwnd":	4306352,
					"rtt":	1046,
					"rttvar":	29,
					"pmtu":	9000,
					"omitted":	false,
					"sender":	true
				}],
			"sum":	{
				"start":	0,
				"end":	60.000073,
				"seconds":	60.000072479248047,
				"bytes":	68038557696,
				"bits_per_second":	9071796734.1832371,
				"retransmits":	0,
				"omitted":	false,
				"sender":	true
			}
		}],
	"end":	{
		"streams":	[{
				"sender":	{
					"socket":	5,
					"start":	0,
					"end":	60.000073,
					"seconds":	60.000073,
					"bytes":	68038557696,
					"bits_per_second":	9071796655.447403,
					"retransmits":	0,
					"max_snd_cwnd":	4306352,
					"max_rtt":	1046,
					"min_rtt":	1046,
					"mean_rtt":	1046,
					"sender":	true
				},
				"receiver":	{
					"socket":	5,
					"start":	0,
					"end":	60.00113,
					"seconds":	60.000073,
					"bytes":	68037115360,
					"bits_per_second":	9071444535.7945747,
					"sender":	true
				}
			}],
		"sum_sent":	{
			"start":	0,
			"end":	60.000073,
			"seconds":	60.000073,
			"bytes":	68038557696,
			"bits_per_second":	9071796655.447403,
			"retransmits":	0,
			"sender":	true
		},
		"sum_received":	{
			"start":	0,
			"end":	60.00113,
			"seconds":	60.00113,
			"bytes":	68037115360,
			"bits_per_second":	9071444535.7945747,
			"sender":	true
		},
		"cpu_utilization_percent":	{
			"host_total":	96.594128741933559,
			"host_user":	2.3478095861309773,
			"host_system":	94.2463458214613,
			"remote_total":	47.625083675101514,
			"remote_user":	8.6570189695635449,
			"remote_system":	38.968064705537969
		},
		"sender_tcp_congestion":	"cubic",
		"receiver_tcp_congestion":	"reno"
	}
}
