{
	"start":	{
		"connected":	[{
				"socket":	5,
				"local_host":	"10.0.1.1",
				"local_port":	47092,
				"remote_host":	"10.0.0.1",
				"remote_port":	5201
			}],
		"version":	"iperf 3.9+",
		"system_info":	"Linux han-3 5.10.0 #9 SMP PREEMPT Tue Feb 23 15:01:43 PST 2021 x86_64",
		"timestamp":	{
			"time":	"Sat, 02 Mar 2024 15:20:06 GMT",
			"timesecs":	1709392806
		},
		"connecting_to":	{
			"host":	"10.0.0.1",
			"port":	5201
		},
		"cookie":	"basi55oxbyydw3w2c2oohc3dya4ul2yrmx6n",
		"tcp_mss_default":	1448,
		"target_bitrate":	3000000000,
		"sock_bufsize":	0,
		"sndbuf_actual":	16384,
		"rcvbuf_actual":	131072,
		"test_start":	{
			"protocol":	"TCP",
			"num_streams":	1,
			"blksize":	131072,
			"omit":	0,
			"duration":	70,
			"bytes":	0,
			"blocks":	0,
			"reverse":	0,
			"tos":	0
		}
	},
	"intervals":	[{
			"streams":	[{
					"socket":	5,
					"start":	0,
					"end":	60.000071,
					"seconds":	60.000072479248047,
					"bytes":	22499688448,
					"bits_per_second":	2999954835.8254886,
					"retransmits":	0,
					"snd_cwnd":	807984,
					"rtt":	266,
					"rttvar":	56,
					"pmtu":	9000,
					"omitted":	false,
					"sender":	true
				}],
			"sum":	{
				"start":	0,
				"end":	60.000071,
				"seconds":	60.000072479248047,
				"bytes":	22499688448,
				"bits_per_second":	2999954835.8254886,
				"retransmits":	0,
				"omitted":	false,
				"sender":	true
			}
		}, {
			"streams":	[{
					"socket":	5,
					"start":	60.000071,
					"end":	70.000128,
					"seconds":	10.000057220458984,
					"bytes":	3750100992,
					"bits_per_second":	3000063627.0982275,
					"retransmits":	0,
					"snd_cwnd":	807984,
					"rtt":	324,
					"rttvar":	84,
					"pmtu":	9000,
					"omitted":	false,
					"sender":	true
				}],
			"sum":	{
				"start":	60.000071,
				"end":	70.000128,
				"seconds":	10.000057220458984,
				"bytes":	3750100992,
				"bits_per_second":	3000063627.0982275,
				"retransmits":	0,
				"omitted":	false,
				"sender":	true
			}
		}],
	"end":	{
		"streams":	[{
				"sender":	{
					"socket":	5,
					"start":	0,
					"end":	70.000128,
					"seconds":	70.000128,
					"bytes":	26249789440,
					"bits_per_second":	2999970450.3397479,
					"retransmits":	0,
					"max_snd_cwnd":	807984,
					"max_rtt":	324,
					"min_rtt":	266,
					"mean_rtt":	295,
					"sender":	true
				},
				"receiver":	{
					"socket":	5,
					"start":	0,
					"end":	70.00036,
					"seconds":	70.000128,
					"bytes":	26249789440,
					"bits_per_second":	2999960507.6316752,
					"sender":	true
				}
			}],
		"sum_sent":	{
			"start":	0,
			"end":	70.000128,
			"seconds":	70.000128,
			"bytes":	26249789440,
			"bits_per_second":	2999970450.3397479,
			"retransmits":	0,
			"sender":	true
		},
		"sum_received":	{
			"start":	0,
			"end":	70.00036,
			"seconds":	70.00036,
			"bytes":	26249789440,
			"bits_per_second":	2999960507.6316752,
			"sender":	true
		},
		"cpu_utilization_percent":	{
			"host_total":	16.275807600117272,
			"host_user":	2.5033211941319449,
			"host_system":	13.772494977085378,
			"remote_total":	28.011757894532408,
			"remote_user":	1.70878434341655,
			"remote_system":	26.302972124145352
		},
		"sender_tcp_congestion":	"cubic",
		"receiver_tcp_congestion":	"reno"
	}
}
