{
	"start":	{
		"connected":	[{
				"socket":	5,
				"local_host":	"10.0.1.1",
				"local_port":	51582,
				"remote_host":	"10.0.0.1",
				"remote_port":	5201
			}],
		"version":	"iperf 3.9+",
		"system_info":	"Linux han-3 5.10.0 #9 SMP PREEMPT Tue Feb 23 15:01:43 PST 2021 x86_64",
		"timestamp":	{
			"time":	"Sun, 03 Mar 2024 06:56:37 GMT",
			"timesecs":	1709448997
		},
		"connecting_to":	{
			"host":	"10.0.0.1",
			"port":	5201
		},
		"cookie":	"ll7ypuwvfnid4tqpkfgg5pmqb6uyu4sz76x3",
		"tcp_mss_default":	1448,
		"target_bitrate":	3000000000,
		"sock_bufsize":	0,
		"sndbuf_actual":	16384,
		"rcvbuf_actual":	131072,
		"test_start":	{
			"protocol":	"TCP",
			"num_streams":	1,
			"blksize":	131072,
			"omit":	0,
			"duration":	90,
			"bytes":	0,
			"blocks":	0,
			"reverse":	0,
			"tos":	0
		}
	},
	"intervals":	[{
			"streams":	[{
					"socket":	5,
					"start":	0,
					"end":	60.000123,
					"seconds":	60.0001220703125,
					"bytes":	22499819520,
					"bits_per_second":	2999969832.54575,
					"retransmits":	0,
					"snd_cwnd":	608160,
					"rtt":	292,
					"rttvar":	58,
					"pmtu":	9000,
					"omitted":	false,
					"sender":	true
				}],
			"sum":	{
				"start":	0,
				"end":	60.000123,
				"seconds":	60.0001220703125,
				"bytes":	22499819520,
				"bits_per_second":	2999969832.54575,
				"retransmits":	0,
				"omitted":	false,
				"sender":	true
			}
		}, {
			"streams":	[{
					"socket":	5,
					"start":	60.000123,
					"end":	90.000136,
					"seconds":	30.00001335144043,
					"bytes":	11249909760,
					"bits_per_second":	2999974600.8672609,
					"retransmits":	0,
					"snd_cwnd":	1028080,
					"rtt":	281,
					"rttvar":	71,
					"pmtu":	9000,
					"omitted":	false,
					"sender":	true
				}],
			"sum":	{
				"start":	60.000123,
				"end":	90.000136,
				"seconds":	30.00001335144043,
				"bytes":	11249909760,
				"bits_per_second":	2999974600.8672609,
				"retransmits":	0,
				"omitted":	false,
				"sender":	true
			}
		}],
	"end":	{
		"streams":	[{
				"sender":	{
					"socket":	5,
					"start":	0,
					"end":	90.000136,
					"seconds":	90.000136,
					"bytes":	33749729280,
					"bits_per_second":	2999971402.70988,
					"retransmits":	0,
					"max_snd_cwnd":	1028080,
					"max_rtt":	292,
					"min_rtt":	281,
					"mean_rtt":	286,
					"sender":	true
				},
				"receiver":	{
					"socket":	5,
					"start":	0,
					"end":	90.00019,
					"seconds":	90.000136,
					"bytes":	33749729280,
					"bits_per_second":	2999969602.7308388,
					"sender":	true
				}
			}],
		"sum_sent":	{
			"start":	0,
			"end":	90.000136,
			"seconds":	90.000136,
			"bytes":	33749729280,
			"bits_per_second":	2999971402.70988,
			"retransmits":	0,
			"sender":	true
		},
		"sum_received":	{
			"start":	0,
			"end":	90.00019,
			"seconds":	90.00019,
			"bytes":	33749729280,
			"bits_per_second":	2999969602.7308388,
			"sender":	true
		},
		"cpu_utilization_percent":	{
			"host_total":	16.456687596816185,
			"host_user":	0.22831284367215032,
			"host_system":	16.228374753144038,
			"remote_total":	27.48927624381281,
			"remote_user":	4.3292552534573865,
			"remote_system":	23.160019879942613
		},
		"sender_tcp_congestion":	"cubic",
		"receiver_tcp_congestion":	"reno"
	}
}
