{
	"start":	{
		"connected":	[{
				"socket":	5,
				"local_host":	"10.0.1.1",
				"local_port":	45128,
				"remote_host":	"10.0.0.1",
				"remote_port":	5201
			}],
		"version":	"iperf 3.9+",
		"system_info":	"Linux han-3 5.10.0 #9 SMP PREEMPT Tue Feb 23 15:01:43 PST 2021 x86_64",
		"timestamp":	{
			"time":	"Sat, 02 Mar 2024 08:33:15 GMT",
			"timesecs":	1709368395
		},
		"connecting_to":	{
			"host":	"10.0.0.1",
			"port":	5201
		},
		"cookie":	"de7fjfk2lqa3g4td6ge2mpjt6s47ovcduuay",
		"tcp_mss_default":	1448,
		"target_bitrate":	9000000000,
		"sock_bufsize":	0,
		"sndbuf_actual":	16384,
		"rcvbuf_actual":	131072,
		"test_start":	{
			"protocol":	"TCP",
			"num_streams":	1,
			"blksize":	131072,
			"omit":	0,
			"duration":	20,
			"bytes":	0,
			"blocks":	0,
			"reverse":	0,
			"tos":	0
		}
	},
	"intervals":	[{
			"streams":	[{
					"socket":	5,
					"start":	0,
					"end":	20.000237,
					"seconds":	20.000236511230469,
					"bytes":	22499295232,
					"bits_per_second":	8999611667.33854,
					"retransmits":	0,
					"snd_cwnd":	2244400,
					"rtt":	667,
					"rttvar":	202,
					"pmtu":	9000,
					"omitted":	false,
					"sender":	true
				}],
			"sum":	{
				"start":	0,
				"end":	20.000237,
				"seconds":	20.000236511230469,
				"bytes":	22499295232,
				"bits_per_second":	8999611667.33854,
				"retransmits":	0,
				"omitted":	false,
				"sender":	true
			}
		}],
	"end":	{
		"streams":	[{
				"sender":	{
					"socket":	5,
					"start":	0,
					"end":	20.000237,
					"seconds":	20.000237,
					"bytes":	22499295232,
					"bits_per_second":	8999611447.40435,
					"retransmits":	0,
					"max_snd_cwnd":	2244400,
					"max_rtt":	667,
					"min_rtt":	667,
					"mean_rtt":	667,
					"sender":	true
				},
				"receiver":	{
					"socket":	5,
					"start":	0,
					"end":	20.000487,
					"seconds":	20.000237,
					"bytes":	22499295232,
					"bits_per_second":	8999498955.0004463,
					"sender":	true
				}
			}],
		"sum_sent":	{
			"start":	0,
			"end":	20.000237,
			"seconds":	20.000237,
			"bytes":	22499295232,
			"bits_per_second":	8999611447.40435,
			"retransmits":	0,
			"sender":	true
		},
		"sum_received":	{
			"start":	0,
			"end":	20.000487,
			"seconds":	20.000487,
			"bytes":	22499295232,
			"bits_per_second":	8999498955.0004463,
			"sender":	true
		},
		"cpu_utilization_percent":	{
			"host_total":	26.9472189656767,
			"host_user":	1.3831305665056031,
			"host_system":	25.564083399783527,
			"remote_total":	47.460793735533038,
			"remote_user":	11.350088673892065,
			"remote_system":	36.110705061640971
		},
		"sender_tcp_congestion":	"cubic",
		"receiver_tcp_congestion":	"reno"
	}
}
