{
	"start":	{
		"connected":	[{
				"socket":	5,
				"local_host":	"10.0.1.1",
				"local_port":	39828,
				"remote_host":	"10.0.0.1",
				"remote_port":	5201
			}],
		"version":	"iperf 3.9+",
		"system_info":	"Linux han-3 5.10.0 #9 SMP PREEMPT Tue Feb 23 15:01:43 PST 2021 x86_64",
		"timestamp":	{
			"time":	"Fri, 01 Mar 2024 14:08:28 GMT",
			"timesecs":	1709302108
		},
		"connecting_to":	{
			"host":	"10.0.0.1",
			"port":	5201
		},
		"cookie":	"dnazdnnnl63zdlbvhwnunisveuub7dodbn6y",
		"tcp_mss_default":	1448,
		"target_bitrate":	7000000000,
		"sock_bufsize":	0,
		"sndbuf_actual":	16384,
		"rcvbuf_actual":	131072,
		"test_start":	{
			"protocol":	"TCP",
			"num_streams":	1,
			"blksize":	131072,
			"omit":	0,
			"duration":	10,
			"bytes":	0,
			"blocks":	0,
			"reverse":	0,
			"tos":	0
		}
	},
	"intervals":	[{
			"streams":	[{
					"socket":	5,
					"start":	0,
					"end":	10.000072,
					"seconds":	10.00007152557373,
					"bytes":	8749318144,
					"bits_per_second":	6999404451.5580835,
					"retransmits":	0,
					"snd_cwnd":	1246728,
					"rtt":	569,
					"rttvar":	175,
					"pmtu":	9000,
					"omitted":	false,
					"sender":	true
				}],
			"sum":	{
				"start":	0,
				"end":	10.000072,
				"seconds":	10.00007152557373,
				"bytes":	8749318144,
				"bits_per_second":	6999404451.5580835,
				"retransmits":	0,
				"omitted":	false,
				"sender":	true
			}
		}],
	"end":	{
		"streams":	[{
				"sender":	{
					"socket":	5,
					"start":	0,
					"end":	10.000072,
					"seconds":	10.000072,
					"bytes":	8749318144,
					"bits_per_second":	6999404119.49034,
					"retransmits":	0,
					"max_snd_cwnd":	1246728,
					"max_rtt":	569,
					"min_rtt":	569,
					"mean_rtt":	569,
					"sender":	true
				},
				"receiver":	{
					"socket":	5,
					"start":	0,
					"end":	10.000148,
					"seconds":	10.000072,
					"bytes":	8749318144,
					"bits_per_second":	6999350924.8063135,
					"sender":	true
				}
			}],
		"sum_sent":	{
			"start":	0,
			"end":	10.000072,
			"seconds":	10.000072,
			"bytes":	8749318144,
			"bits_per_second":	6999404119.49034,
			"retransmits":	0,
			"sender":	true
		},
		"sum_received":	{
			"start":	0,
			"end":	10.000148,
			"seconds":	10.000148,
			"bytes":	8749318144,
			"bits_per_second":	6999350924.8063135,
			"sender":	true
		},
		"cpu_utilization_percent":	{
			"host_total":	19.638674526738093,
			"host_user":	1.2033051651002911,
			"host_system":	18.435359363921279,
			"remote_total":	41.339978290212962,
			"remote_user":	0,
			"remote_system":	41.339978290212962
		},
		"sender_tcp_congestion":	"cubic",
		"receiver_tcp_congestion":	"reno"
	}
}
