{
	"start":	{
		"connected":	[{
				"socket":	5,
				"local_host":	"10.0.1.1",
				"local_port":	46998,
				"remote_host":	"10.0.0.1",
				"remote_port":	5201
			}],
		"version":	"iperf 3.9+",
		"system_info":	"Linux han-3 5.10.0 #9 SMP PREEMPT Tue Feb 23 15:01:43 PST 2021 x86_64",
		"timestamp":	{
			"time":	"Sat, 02 Mar 2024 14:58:15 GMT",
			"timesecs":	1709391495
		},
		"connecting_to":	{
			"host":	"10.0.0.1",
			"port":	5201
		},
		"cookie":	"66v4tjf6e6s5jvbtf7z3n5ox72kwwz25ugz7",
		"tcp_mss_default":	1448,
		"target_bitrate":	3000000000,
		"sock_bufsize":	0,
		"sndbuf_actual":	16384,
		"rcvbuf_actual":	131072,
		"test_start":	{
			"protocol":	"TCP",
			"num_streams":	1,
			"blksize":	131072,
			"omit":	0,
			"duration":	50,
			"bytes":	0,
			"blocks":	0,
			"reverse":	0,
			"tos":	0
		}
	},
	"intervals":	[{
			"streams":	[{
					"socket":	5,
					"start":	0,
					"end":	50.000268,
					"seconds":	50.0002670288086,
					"bytes":	18749718528,
					"bits_per_second":	2999938943.0775633,
					"retransmits":	0,
					"snd_cwnd":	535760,
					"rtt":	294,
					"rttvar":	36,
					"pmtu":	9000,
					"omitted":	false,
					"sender":	true
				}],
			"sum":	{
				"start":	0,
				"end":	50.000268,
				"seconds":	50.0002670288086,
				"bytes":	18749718528,
				"bits_per_second":	2999938943.0775633,
				"retransmits":	0,
				"omitted":	false,
				"sender":	true
			}
		}],
	"end":	{
		"streams":	[{
				"sender":	{
					"socket":	5,
					"start":	0,
					"end":	50.000268,
					"seconds":	50.000268,
					"bytes":	18749718528,
					"bits_per_second":	2999938884.8075776,
					"retransmits":	0,
					"max_snd_cwnd":	535760,
					"max_rtt":	294,
					"min_rtt":	294,
					"mean_rtt":	294,
					"sender":	true
				},
				"receiver":	{
					"socket":	5,
					"start":	0,
					"end":	50.000721,
					"seconds":	50.000268,
					"bytes":	18749718528,
					"bits_per_second":	2999911705.7532029,
					"sender":	true
				}
			}],
		"sum_sent":	{
			"start":	0,
			"end":	50.000268,
			"seconds":	50.000268,
			"bytes":	18749718528,
			"bits_per_second":	2999938884.8075776,
			"retransmits":	0,
			"sender":	true
		},
		"sum_received":	{
			"start":	0,
			"end":	50.000721,
			"seconds":	50.000721,
			"bytes":	18749718528,
			"bits_per_second":	2999911705.7532029,
			"sender":	true
		},
		"cpu_utilization_percent":	{
			"host_total":	19.773683361095273,
			"host_user":	0.20890351304364518,
			"host_system":	19.564779848051629,
			"remote_total":	29.563121771326184,
			"remote_user":	0,
			"remote_system":	29.563121771326184
		},
		"sender_tcp_congestion":	"cubic",
		"receiver_tcp_congestion":	"reno"
	}
}
