{
	"start":	{
		"connected":	[{
				"socket":	5,
				"local_host":	"10.0.1.1",
				"local_port":	52714,
				"remote_host":	"10.0.0.1",
				"remote_port":	5201
			}],
		"version":	"iperf 3.9+",
		"system_info":	"Linux han-3 5.10.0 #9 SMP PREEMPT Tue Feb 23 15:01:43 PST 2021 x86_64",
		"timestamp":	{
			"time":	"Sun, 03 Mar 2024 10:47:11 GMT",
			"timesecs":	1709462831
		},
		"connecting_to":	{
			"host":	"10.0.0.1",
			"port":	5201
		},
		"cookie":	"6mnsimzpqqcd6mvmjex2ebpzn6mnagmwdcjv",
		"tcp_mss_default":	1448,
		"target_bitrate":	6000000000,
		"sock_bufsize":	0,
		"sndbuf_actual":	16384,
		"rcvbuf_actual":	131072,
		"test_start":	{
			"protocol":	"TCP",
			"num_streams":	1,
			"blksize":	131072,
			"omit":	0,
			"duration":	50,
			"bytes":	0,
			"blocks":	0,
			"reverse":	0,
			"tos":	0
		}
	},
	"intervals":	[{
			"streams":	[{
					"socket":	5,
					"start":	0,
					"end":	50.000078,
					"seconds":	50.000076293945312,
					"bytes":	37499437056,
					"bits_per_second":	5999900773.83797,
					"retransmits":	0,
					"snd_cwnd":	1248176,
					"rtt":	491,
					"rttvar":	156,
					"pmtu":	9000,
					"omitted":	false,
					"sender":	true
				}],
			"sum":	{
				"start":	0,
				"end":	50.000078,
				"seconds":	50.000076293945312,
				"bytes":	37499437056,
				"bits_per_second":	5999900773.83797,
				"retransmits":	0,
				"omitted":	false,
				"sender":	true
			}
		}],
	"end":	{
		"streams":	[{
				"sender":	{
					"socket":	5,
					"start":	0,
					"end":	50.000078,
					"seconds":	50.000078,
					"bytes":	37499437056,
					"bits_per_second":	5999900569.1151123,
					"retransmits":	0,
					"max_snd_cwnd":	1248176,
					"max_rtt":	491,
					"min_rtt":	491,
					"mean_rtt":	491,
					"sender":	true
				},
				"receiver":	{
					"socket":	5,
					"start":	0,
					"end":	50.000206,
					"seconds":	50.000078,
					"bytes":	37499437056,
					"bits_per_second":	5999885209.4329376,
					"sender":	true
				}
			}],
		"sum_sent":	{
			"start":	0,
			"end":	50.000078,
			"seconds":	50.000078,
			"bytes":	37499437056,
			"bits_per_second":	5999900569.1151123,
			"retransmits":	0,
			"sender":	true
		},
		"sum_received":	{
			"start":	0,
			"end":	50.000206,
			"seconds":	50.000206,
			"bytes":	37499437056,
			"bits_per_second":	5999885209.4329376,
			"sender":	true
		},
		"cpu_utilization_percent":	{
			"host_total":	18.847907270114934,
			"host_user":	4.7131262575969286,
			"host_system":	14.134779012622282,
			"remote_total":	39.75684310695604,
			"remote_user":	4.49033256219414,
			"remote_system":	35.2665105447619
		},
		"sender_tcp_congestion":	"cubic",
		"receiver_tcp_congestion":	"reno"
	}
}
