{
	"start":	{
		"connected":	[{
				"socket":	5,
				"local_host":	"10.0.1.1",
				"local_port":	53216,
				"remote_host":	"10.0.0.1",
				"remote_port":	5201
			}],
		"version":	"iperf 3.9+",
		"system_info":	"Linux han-3 5.10.0 #9 SMP PREEMPT Tue Feb 23 15:01:43 PST 2021 x86_64",
		"timestamp":	{
			"time":	"Sun, 03 Mar 2024 12:32:37 GMT",
			"timesecs":	1709469157
		},
		"connecting_to":	{
			"host":	"10.0.0.1",
			"port":	5201
		},
		"cookie":	"skolxy52upf6p62ximekyavc7pa4ghk7voqr",
		"tcp_mss_default":	1448,
		"target_bitrate":	7000000000,
		"sock_bufsize":	0,
		"sndbuf_actual":	16384,
		"rcvbuf_actual":	131072,
		"test_start":	{
			"protocol":	"TCP",
			"num_streams":	1,
			"blksize":	131072,
			"omit":	0,
			"duration":	60,
			"bytes":	0,
			"blocks":	0,
			"reverse":	0,
			"tos":	0
		}
	},
	"intervals":	[{
			"streams":	[{
					"socket":	5,
					"start":	0,
					"end":	60.00012,
					"seconds":	60.000118255615234,
					"bytes":	52499447808,
					"bits_per_second":	6999912578.0838585,
					"retransmits":	0,
					"snd_cwnd":	1663752,
					"rtt":	461,
					"rttvar":	154,
					"pmtu":	9000,
					"omitted":	false,
					"sender":	true
				}],
			"sum":	{
				"start":	0,
				"end":	60.00012,
				"seconds":	60.000118255615234,
				"bytes":	52499447808,
				"bits_per_second":	6999912578.0838585,
				"retransmits":	0,
				"omitted":	false,
				"sender":	true
			}
		}],
	"end":	{
		"streams":	[{
				"sender":	{
					"socket":	5,
					"start":	0,
					"end":	60.00012,
					"seconds":	60.00012,
					"bytes":	52499447808,
					"bits_per_second":	6999912374.57525,
					"retransmits":	0,
					"max_snd_cwnd":	1663752,
					"max_rtt":	461,
					"min_rtt":	461,
					"mean_rtt":	461,
					"sender":	true
				},
				"receiver":	{
					"socket":	5,
					"start":	0,
					"end":	60.000337,
					"seconds":	60.00012,
					"bytes":	52499447808,
					"bits_per_second":	6999887058.3676882,
					"sender":	true
				}
			}],
		"sum_sent":	{
			"start":	0,
			"end":	60.00012,
			"seconds":	60.00012,
			"bytes":	52499447808,
			"bits_per_second":	6999912374.57525,
			"retransmits":	0,
			"sender":	true
		},
		"sum_received":	{
			"start":	0,
			"end":	60.000337,
			"seconds":	60.000337,
			"bytes":	52499447808,
			"bits_per_second":	6999887058.3676882,
			"sender":	true
		},
		"cpu_utilization_percent":	{
			"host_total":	32.465702038460087,
			"host_user":	1.50344185403435,
			"host_system":	30.962260184425737,
			"remote_total":	42.444770802570751,
			"remote_user":	3.8100432531357162,
			"remote_system":	38.634724219363342
		},
		"sender_tcp_congestion":	"cubic",
		"receiver_tcp_congestion":	"reno"
	}
}
