{
	"start":	{
		"connected":	[{
				"socket":	5,
				"local_host":	"10.0.1.1",
				"local_port":	39680,
				"remote_host":	"10.0.0.1",
				"remote_port":	5201
			}],
		"version":	"iperf 3.9+",
		"system_info":	"Linux han-3 5.10.0 #9 SMP PREEMPT Tue Feb 23 15:01:43 PST 2021 x86_64",
		"timestamp":	{
			"time":	"Fri, 01 Mar 2024 13:26:27 GMT",
			"timesecs":	1709299587
		},
		"connecting_to":	{
			"host":	"10.0.0.1",
			"port":	5201
		},
		"cookie":	"fdeojodib36tmiqfvmjmvwfmorskoiibh4hj",
		"tcp_mss_default":	1448,
		"target_bitrate":	6000000000,
		"sock_bufsize":	0,
		"sndbuf_actual":	16384,
		"rcvbuf_actual":	131072,
		"test_start":	{
			"protocol":	"TCP",
			"num_streams":	1,
			"blksize":	131072,
			"omit":	0,
			"duration":	80,
			"bytes":	0,
			"blocks":	0,
			"reverse":	0,
			"tos":	0
		}
	},
	"intervals":	[{
			"streams":	[{
					"socket":	5,
					"start":	0,
					"end":	60.000104,
					"seconds":	60.000102996826172,
					"bytes":	44999639040,
					"bits_per_second":	5999941572.41768,
					"retransmits":	0,
					"snd_cwnd":	928168,
					"rtt":	509,
					"rttvar":	137,
					"pmtu":	9000,
					"omitted":	false,
					"sender":	true
				}],
			"sum":	{
				"start":	0,
				"end":	60.000104,
				"seconds":	60.000102996826172,
				"bytes":	44999639040,
				"bits_per_second":	5999941572.41768,
				"retransmits":	0,
				"omitted":	false,
				"sender":	true
			}
		}, {
			"streams":	[{
					"socket":	5,
					"start":	60.000104,
					"end":	80.000109,
					"seconds":	20.0000057220459,
					"bytes":	15000010752,
					"bits_per_second":	6000002584.1854916,
					"retransmits":	0,
					"snd_cwnd":	2247296,
					"rtt":	480,
					"rttvar":	134,
					"pmtu":	9000,
					"omitted":	false,
					"sender":	true
				}],
			"sum":	{
				"start":	60.000104,
				"end":	80.000109,
				"seconds":	20.0000057220459,
				"bytes":	15000010752,
				"bits_per_second":	6000002584.1854916,
				"retransmits":	0,
				"omitted":	false,
				"sender":	true
			}
		}],
	"end":	{
		"streams":	[{
				"sender":	{
					"socket":	5,
					"start":	0,
					"end":	80.000109,
					"seconds":	80.000109,
					"bytes":	59999649792,
					"bits_per_second":	5999956804.2588549,
					"retransmits":	0,
					"max_snd_cwnd":	2247296,
					"max_rtt":	509,
					"min_rtt":	480,
					"mean_rtt":	494,
					"sender":	true
				},
				"receiver":	{
					"socket":	5,
					"start":	0,
					"end":	80.0001,
					"seconds":	80.000109,
					"bytes":	59999649792,
					"bits_per_second":	5999957479.25315,
					"sender":	true
				}
			}],
		"sum_sent":	{
			"start":	0,
			"end":	80.000109,
			"seconds":	80.000109,
			"bytes":	59999649792,
			"bits_per_second":	5999956804.2588549,
			"retransmits":	0,
			"sender":	true
		},
		"sum_received":	{
			"start":	0,
			"end":	80.0001,
			"seconds":	80.0001,
			"bytes":	59999649792,
			"bits_per_second":	5999957479.25315,
			"sender":	true
		},
		"cpu_utilization_percent":	{
			"host_total":	20.165086086625347,
			"host_user":	1.5215084661042777,
			"host_system":	18.643577620521068,
			"remote_total":	40.1338794083641,
			"remote_user":	5.6174688555030929,
			"remote_system":	34.516410552861
		},
		"sender_tcp_congestion":	"cubic",
		"receiver_tcp_congestion":	"reno"
	}
}
