{
	"start":	{
		"connected":	[{
				"socket":	5,
				"local_host":	"10.0.1.1",
				"local_port":	41116,
				"remote_host":	"10.0.0.1",
				"remote_port":	5201
			}],
		"version":	"iperf 3.9+",
		"system_info":	"Linux han-3 5.10.0 #9 SMP PREEMPT Tue Feb 23 15:01:43 PST 2021 x86_64",
		"timestamp":	{
			"time":	"Fri, 01 Mar 2024 18:41:03 GMT",
			"timesecs":	1709318463
		},
		"connecting_to":	{
			"host":	"10.0.0.1",
			"port":	5201
		},
		"cookie":	"qqapv54wpifsnscnc4c6ostwarzo36rrwy4u",
		"tcp_mss_default":	1448,
		"target_bitrate":	9000000000,
		"sock_bufsize":	0,
		"sndbuf_actual":	16384,
		"rcvbuf_actual":	131072,
		"test_start":	{
			"protocol":	"TCP",
			"num_streams":	1,
			"blksize":	131072,
			"omit":	0,
			"duration":	100,
			"bytes":	0,
			"blocks":	0,
			"reverse":	0,
			"tos":	0
		}
	},
	"intervals":	[{
			"streams":	[{
					"socket":	5,
					"start":	0,
					"end":	60.000058,
					"seconds":	60.000057220458984,
					"bytes":	67499196416,
					"bits_per_second":	8999884272.5081844,
					"retransmits":	0,
					"snd_cwnd":	1846200,
					"rtt":	613,
					"rttvar":	151,
					"pmtu":	9000,
					"omitted":	false,
					"sender":	true
				}],
			"sum":	{
				"start":	0,
				"end":	60.000058,
				"seconds":	60.000057220458984,
				"bytes":	67499196416,
				"bits_per_second":	8999884272.5081844,
				"retransmits":	0,
				"omitted":	false,
				"sender":	true
			}
		}, {
			"streams":	[{
					"socket":	5,
					"start":	60.000058,
					"end":	100.000078,
					"seconds":	40.000019073486328,
					"bytes":	45000032256,
					"bits_per_second":	9000002159.664547,
					"retransmits":	0,
					"snd_cwnd":	1846200,
					"rtt":	571,
					"rttvar":	146,
					"pmtu":	9000,
					"omitted":	false,
					"sender":	true
				}],
			"sum":	{
				"start":	60.000058,
				"end":	100.000078,
				"seconds":	40.000019073486328,
				"bytes":	45000032256,
				"bits_per_second":	9000002159.664547,
				"retransmits":	0,
				"omitted":	false,
				"sender":	true
			}
		}],
	"end":	{
		"streams":	[{
				"sender":	{
					"socket":	5,
					"start":	0,
					"end":	100.000078,
					"seconds":	100.000078,
					"bytes":	112499228672,
					"bits_per_second":	8999931273.8136063,
					"retransmits":	0,
					"max_snd_cwnd":	1846200,
					"max_rtt":	613,
					"min_rtt":	571,
					"mean_rtt":	592,
					"sender":	true
				},
				"receiver":	{
					"socket":	5,
					"start":	0,
					"end":	100.000577,
					"seconds":	100.000078,
					"bytes":	112499228672,
					"bits_per_second":	8999886364.4156761,
					"sender":	true
				}
			}],
		"sum_sent":	{
			"start":	0,
			"end":	100.000078,
			"seconds":	100.000078,
			"bytes":	112499228672,
			"bits_per_second":	8999931273.8136063,
			"retransmits":	0,
			"sender":	true
		},
		"sum_received":	{
			"start":	0,
			"end":	100.000577,
			"seconds":	100.000577,
			"bytes":	112499228672,
			"bits_per_second":	8999886364.4156761,
			"sender":	true
		},
		"cpu_utilization_percent":	{
			"host_total":	25.278389274115138,
			"host_user":	1.0365079579677356,
			"host_system":	24.2418813161474,
			"remote_total":	46.896172022603537,
			"remote_user":	5.7201491962619038,
			"remote_system":	41.176023825810148
		},
		"sender_tcp_congestion":	"cubic",
		"receiver_tcp_congestion":	"reno"
	}
}
