{
	"start":	{
		"connected":	[{
				"socket":	5,
				"local_host":	"10.0.1.1",
				"local_port":	48530,
				"remote_host":	"10.0.0.1",
				"remote_port":	5201
			}],
		"version":	"iperf 3.9+",
		"system_info":	"Linux han-3 5.10.0 #9 SMP PREEMPT Tue Feb 23 15:01:43 PST 2021 x86_64",
		"timestamp":	{
			"time":	"Sat, 02 Mar 2024 20:36:11 GMT",
			"timesecs":	1709411771
		},
		"connecting_to":	{
			"host":	"10.0.0.1",
			"port":	5201
		},
		"cookie":	"braubcyxvbqwnzyrndjnwjqgvizg733jezna",
		"tcp_mss_default":	1448,
		"target_bitrate":	6000000000,
		"sock_bufsize":	0,
		"sndbuf_actual":	16384,
		"rcvbuf_actual":	131072,
		"test_start":	{
			"protocol":	"TCP",
			"num_streams":	1,
			"blksize":	131072,
			"omit":	0,
			"duration":	100,
			"bytes":	0,
			"blocks":	0,
			"reverse":	0,
			"tos":	0
		}
	},
	"intervals":	[{
			"streams":	[{
					"socket":	5,
					"start":	0,
					"end":	60.000258,
					"seconds":	60.000259399414062,
					"bytes":	44999901184,
					"bits_per_second":	5999960884.761035,
					"retransmits":	0,
					"snd_cwnd":	3105960,
					"rtt":	367,
					"rttvar":	127,
					"pmtu":	9000,
					"omitted":	false,
					"sender":	true
				}],
			"sum":	{
				"start":	0,
				"end":	60.000258,
				"seconds":	60.000259399414062,
				"bytes":	44999901184,
				"bits_per_second":	5999960884.761035,
				"retransmits":	0,
				"omitted":	false,
				"sender":	true
			}
		}, {
			"streams":	[{
					"socket":	5,
					"start":	60.000258,
					"end":	100.0001,
					"seconds":	39.9998435974121,
					"bytes":	29999497216,
					"bits_per_second":	5999922903.28673,
					"retransmits":	0,
					"snd_cwnd":	3105960,
					"rtt":	425,
					"rttvar":	141,
					"pmtu":	9000,
					"omitted":	false,
					"sender":	true
				}],
			"sum":	{
				"start":	60.000258,
				"end":	100.0001,
				"seconds":	39.9998435974121,
				"bytes":	29999497216,
				"bits_per_second":	5999922903.28673,
				"retransmits":	0,
				"omitted":	false,
				"sender":	true
			}
		}],
	"end":	{
		"streams":	[{
				"sender":	{
					"socket":	5,
					"start":	0,
					"end":	100.0001,
					"seconds":	100.0001,
					"bytes":	74999398400,
					"bits_per_second":	5999945872.0541277,
					"retransmits":	0,
					"max_snd_cwnd":	3105960,
					"max_rtt":	425,
					"min_rtt":	367,
					"mean_rtt":	396,
					"sender":	true
				},
				"receiver":	{
					"socket":	5,
					"start":	0,
					"end":	100.000217,
					"seconds":	100.0001,
					"bytes":	74999398400,
					"bits_per_second":	5999938852.13269,
					"sender":	true
				}
			}],
		"sum_sent":	{
			"start":	0,
			"end":	100.0001,
			"seconds":	100.0001,
			"bytes":	74999398400,
			"bits_per_second":	5999945872.0541277,
			"retransmits":	0,
			"sender":	true
		},
		"sum_received":	{
			"start":	0,
			"end":	100.000217,
			"seconds":	100.000217,
			"bytes":	74999398400,
			"bits_per_second":	5999938852.13269,
			"sender":	true
		},
		"cpu_utilization_percent":	{
			"host_total":	70.077783147545674,
			"host_user":	1.4776527084844777,
			"host_system":	68.600118439331553,
			"remote_total":	39.703865727255739,
			"remote_user":	4.93999614296606,
			"remote_system":	34.7638685850581
		},
		"sender_tcp_congestion":	"cubic",
		"receiver_tcp_congestion":	"reno"
	}
}
