{
	"start":	{
		"connected":	[{
				"socket":	5,
				"local_host":	"10.0.1.1",
				"local_port":	38324,
				"remote_host":	"10.0.0.1",
				"remote_port":	5201
			}],
		"version":	"iperf 3.9+",
		"system_info":	"Linux han-3 5.10.0 #9 SMP PREEMPT Tue Feb 23 15:01:43 PST 2021 x86_64",
		"timestamp":	{
			"time":	"Fri, 01 Mar 2024 08:39:01 GMT",
			"timesecs":	1709282341
		},
		"connecting_to":	{
			"host":	"10.0.0.1",
			"port":	5201
		},
		"cookie":	"wdjcpj6pbdv67u7ah5wthhnn5ughwyg7ftic",
		"tcp_mss_default":	1448,
		"target_bitrate":	3000000000,
		"sock_bufsize":	0,
		"sndbuf_actual":	16384,
		"rcvbuf_actual":	131072,
		"test_start":	{
			"protocol":	"TCP",
			"num_streams":	1,
			"blksize":	131072,
			"omit":	0,
			"duration":	70,
			"bytes":	0,
			"blocks":	0,
			"reverse":	0,
			"tos":	0
		}
	},
	"intervals":	[{
			"streams":	[{
					"socket":	5,
					"start":	0,
					"end":	60.000066,
					"seconds":	60.000064849853516,
					"bytes":	22499688448,
					"bits_per_second":	2999955217.28906,
					"retransmits":	0,
					"snd_cwnd":	543000,
					"rtt":	322,
					"rttvar":	52,
					"pmtu":	9000,
					"omitted":	false,
					"sender":	true
				}],
			"sum":	{
				"start":	0,
				"end":	60.000066,
				"seconds":	60.000064849853516,
				"bytes":	22499688448,
				"bits_per_second":	2999955217.28906,
				"retransmits":	0,
				"omitted":	false,
				"sender":	true
			}
		}, {
			"streams":	[{
					"socket":	5,
					"start":	60.000066,
					"end":	70.000094,
					"seconds":	10.000027656555176,
					"bytes":	3750100992,
					"bits_per_second":	3000072496.4329472,
					"retransmits":	0,
					"snd_cwnd":	543000,
					"rtt":	329,
					"rttvar":	73,
					"pmtu":	9000,
					"omitted":	false,
					"sender":	true
				}],
			"sum":	{
				"start":	60.000066,
				"end":	70.000094,
				"seconds":	10.000027656555176,
				"bytes":	3750100992,
				"bits_per_second":	3000072496.4329472,
				"retransmits":	0,
				"omitted":	false,
				"sender":	true
			}
		}],
	"end":	{
		"streams":	[{
				"sender":	{
					"socket":	5,
					"start":	0,
					"end":	70.000094,
					"seconds":	70.000094,
					"bytes":	26249789440,
					"bits_per_second":	2999971907.4662957,
					"retransmits":	0,
					"max_snd_cwnd":	543000,
					"max_rtt":	329,
					"min_rtt":	322,
					"mean_rtt":	325,
					"sender":	true
				},
				"receiver":	{
					"socket":	5,
					"start":	0,
					"end":	70.000266,
					"seconds":	70.000094,
					"bytes":	26249789440,
					"bits_per_second":	2999964536.1347628,
					"sender":	true
				}
			}],
		"sum_sent":	{
			"start":	0,
			"end":	70.000094,
			"seconds":	70.000094,
			"bytes":	26249789440,
			"bits_per_second":	2999971907.4662957,
			"retransmits":	0,
			"sender":	true
		},
		"sum_received":	{
			"start":	0,
			"end":	70.000266,
			"seconds":	70.000266,
			"bytes":	26249789440,
			"bits_per_second":	2999964536.1347628,
			"sender":	true
		},
		"cpu_utilization_percent":	{
			"host_total":	11.350719071491849,
			"host_user":	4.5415270154185379,
			"host_system":	6.80919348459662,
			"remote_total":	28.9401264434978,
			"remote_user":	1.6457685463342457,
			"remote_system":	27.294359324465052
		},
		"sender_tcp_congestion":	"cubic",
		"receiver_tcp_congestion":	"reno"
	}
}
