{
	"start":	{
		"connected":	[{
				"socket":	5,
				"local_host":	"10.0.1.1",
				"local_port":	44876,
				"remote_host":	"10.0.0.1",
				"remote_port":	5201
			}],
		"version":	"iperf 3.9+",
		"system_info":	"Linux han-3 5.10.0 #9 SMP PREEMPT Tue Feb 23 15:01:43 PST 2021 x86_64",
		"timestamp":	{
			"time":	"Sat, 02 Mar 2024 07:34:12 GMT",
			"timesecs":	1709364852
		},
		"connecting_to":	{
			"host":	"10.0.0.1",
			"port":	5201
		},
		"cookie":	"qr22x4j5yucgr6quw6mejao6cfjp7gbs5p46",
		"tcp_mss_default":	1448,
		"target_bitrate":	8000000000,
		"sock_bufsize":	0,
		"sndbuf_actual":	16384,
		"rcvbuf_actual":	131072,
		"test_start":	{
			"protocol":	"TCP",
			"num_streams":	1,
			"blksize":	131072,
			"omit":	0,
			"duration":	70,
			"bytes":	0,
			"blocks":	0,
			"reverse":	0,
			"tos":	0
		}
	},
	"intervals":	[{
			"streams":	[{
					"socket":	5,
					"start":	0,
					"end":	60.000035,
					"seconds":	60.0000343322754,
					"bytes":	59972517888,
					"bits_per_second":	7996331142.8626184,
					"retransmits":	0,
					"snd_cwnd":	3162432,
					"rtt":	258,
					"rttvar":	36,
					"pmtu":	9000,
					"omitted":	false,
					"sender":	true
				}],
			"sum":	{
				"start":	0,
				"end":	60.000035,
				"seconds":	60.0000343322754,
				"bytes":	59972517888,
				"bits_per_second":	7996331142.8626184,
				"retransmits":	0,
				"omitted":	false,
				"sender":	true
			}
		}, {
			"streams":	[{
					"socket":	5,
					"start":	60.000035,
					"end":	70.000053,
					"seconds":	10.000018119812012,
					"bytes":	9943252992,
					"bits_per_second":	7954587980.0361176,
					"retransmits":	0,
					"snd_cwnd":	3162432,
					"rtt":	1120,
					"rttvar":	26,
					"pmtu":	9000,
					"omitted":	false,
					"sender":	true
				}],
			"sum":	{
				"start":	60.000035,
				"end":	70.000053,
				"seconds":	10.000018119812012,
				"bytes":	9943252992,
				"bits_per_second":	7954587980.0361176,
				"retransmits":	0,
				"omitted":	false,
				"sender":	true
			}
		}],
	"end":	{
		"streams":	[{
				"sender":	{
					"socket":	5,
					"start":	0,
					"end":	70.000053,
					"seconds":	70.000053,
					"bytes":	69915770880,
					"bits_per_second":	7990367765.0072641,
					"retransmits":	0,
					"max_snd_cwnd":	3162432,
					"max_rtt":	1120,
					"min_rtt":	258,
					"mean_rtt":	689,
					"sender":	true
				},
				"receiver":	{
					"socket":	5,
					"start":	0,
					"end":	70.001244,
					"seconds":	70.000053,
					"bytes":	69914286456,
					"bits_per_second":	7990062171.5808363,
					"sender":	true
				}
			}],
		"sum_sent":	{
			"start":	0,
			"end":	70.000053,
			"seconds":	70.000053,
			"bytes":	69915770880,
			"bits_per_second":	7990367765.0072641,
			"retransmits":	0,
			"sender":	true
		},
		"sum_received":	{
			"start":	0,
			"end":	70.001244,
			"seconds":	70.001244,
			"bytes":	69914286456,
			"bits_per_second":	7990062171.5808363,
			"sender":	true
		},
		"cpu_utilization_percent":	{
			"host_total":	46.388549118282477,
			"host_user":	1.8222931119615438,
			"host_system":	44.566256006320934,
			"remote_total":	45.3088459643358,
			"remote_user":	2.99795126326013,
			"remote_system":	42.310894701075668
		},
		"sender_tcp_congestion":	"cubic",
		"receiver_tcp_congestion":	"reno"
	}
}
