{
	"start":	{
		"connected":	[{
				"socket":	5,
				"local_host":	"10.0.1.1",
				"local_port":	43624,
				"remote_host":	"10.0.0.1",
				"remote_port":	5201
			}],
		"version":	"iperf 3.9+",
		"system_info":	"Linux han-3 5.10.0 #9 SMP PREEMPT Tue Feb 23 15:01:43 PST 2021 x86_64",
		"timestamp":	{
			"time":	"Sat, 02 Mar 2024 03:14:56 GMT",
			"timesecs":	1709349296
		},
		"connecting_to":	{
			"host":	"10.0.0.1",
			"port":	5201
		},
		"cookie":	"pghignn3tr5zclsub4eao2sz5dow2rdlnwrq",
		"tcp_mss_default":	1448,
		"target_bitrate":	5000000000,
		"sock_bufsize":	0,
		"sndbuf_actual":	16384,
		"rcvbuf_actual":	131072,
		"test_start":	{
			"protocol":	"TCP",
			"num_streams":	1,
			"blksize":	131072,
			"omit":	0,
			"duration":	80,
			"bytes":	0,
			"blocks":	0,
			"reverse":	0,
			"tos":	0
		}
	},
	"intervals":	[{
			"streams":	[{
					"socket":	5,
					"start":	0,
					"end":	60.000076,
					"seconds":	60.000076293945312,
					"bytes":	37499568128,
					"bits_per_second":	4999936059.3191957,
					"retransmits":	0,
					"snd_cwnd":	823912,
					"rtt":	354,
					"rttvar":	92,
					"pmtu":	9000,
					"omitted":	false,
					"sender":	true
				}],
			"sum":	{
				"start":	0,
				"end":	60.000076,
				"seconds":	60.000076293945312,
				"bytes":	37499568128,
				"bits_per_second":	4999936059.3191957,
				"retransmits":	0,
				"omitted":	false,
				"sender":	true
			}
		}, {
			"streams":	[{
					"socket":	5,
					"start":	60.000076,
					"end":	80.000073,
					"seconds":	19.999996185302734,
					"bytes":	12499943424,
					"bits_per_second":	4999978323.2701817,
					"retransmits":	0,
					"snd_cwnd":	823912,
					"rtt":	325,
					"rttvar":	48,
					"pmtu":	9000,
					"omitted":	false,
					"sender":	true
				}],
			"sum":	{
				"start":	60.000076,
				"end":	80.000073,
				"seconds":	19.999996185302734,
				"bytes":	12499943424,
				"bits_per_second":	4999978323.2701817,
				"retransmits":	0,
				"omitted":	false,
				"sender":	true
			}
		}],
	"end":	{
		"streams":	[{
				"sender":	{
					"socket":	5,
					"start":	0,
					"end":	80.000073,
					"seconds":	80.000073,
					"bytes":	49999511552,
					"bits_per_second":	4999946592.7487345,
					"retransmits":	0,
					"max_snd_cwnd":	823912,
					"max_rtt":	354,
					"min_rtt":	325,
					"mean_rtt":	339,
					"sender":	true
				},
				"receiver":	{
					"socket":	5,
					"start":	0,
					"end":	80.000257,
					"seconds":	80.000073,
					"bytes":	49999511552,
					"bits_per_second":	4999935092.908514,
					"sender":	true
				}
			}],
		"sum_sent":	{
			"start":	0,
			"end":	80.000073,
			"seconds":	80.000073,
			"bytes":	49999511552,
			"bits_per_second":	4999946592.7487345,
			"retransmits":	0,
			"sender":	true
		},
		"sum_received":	{
			"start":	0,
			"end":	80.000257,
			"seconds":	80.000257,
			"bytes":	49999511552,
			"bits_per_second":	4999935092.908514,
			"sender":	true
		},
		"cpu_utilization_percent":	{
			"host_total":	22.271244974582483,
			"host_user":	4.45354401525516,
			"host_system":	17.817697209435508,
			"remote_total":	36.300494055098781,
			"remote_user":	5.8556391080004371,
			"remote_system":	30.444853697960887
		},
		"sender_tcp_congestion":	"cubic",
		"receiver_tcp_congestion":	"reno"
	}
}
