{
	"start":	{
		"connected":	[{
				"socket":	5,
				"local_host":	"10.0.1.1",
				"local_port":	44052,
				"remote_host":	"10.0.0.1",
				"remote_port":	5201
			}],
		"version":	"iperf 3.9+",
		"system_info":	"Linux han-3 5.10.0 #9 SMP PREEMPT Tue Feb 23 15:01:43 PST 2021 x86_64",
		"timestamp":	{
			"time":	"Sat, 02 Mar 2024 04:44:01 GMT",
			"timesecs":	1709354641
		},
		"connecting_to":	{
			"host":	"10.0.0.1",
			"port":	5201
		},
		"cookie":	"y6jco3bwpwwoevaybofyyfmgoopkk2b56kmx",
		"tcp_mss_default":	1448,
		"target_bitrate":	6000000000,
		"sock_bufsize":	0,
		"sndbuf_actual":	16384,
		"rcvbuf_actual":	131072,
		"test_start":	{
			"protocol":	"TCP",
			"num_streams":	1,
			"blksize":	131072,
			"omit":	0,
			"duration":	80,
			"bytes":	0,
			"blocks":	0,
			"reverse":	0,
			"tos":	0
		}
	},
	"intervals":	[{
			"streams":	[{
					"socket":	5,
					"start":	0,
					"end":	60.000103,
					"seconds":	60.000102996826172,
					"bytes":	44999507968,
					"bits_per_second":	5999924096.1810141,
					"retransmits":	0,
					"snd_cwnd":	2105392,
					"rtt":	449,
					"rttvar":	121,
					"pmtu":	9000,
					"omitted":	false,
					"sender":	true
				}],
			"sum":	{
				"start":	0,
				"end":	60.000103,
				"seconds":	60.000102996826172,
				"bytes":	44999507968,
				"bits_per_second":	5999924096.1810141,
				"retransmits":	0,
				"omitted":	false,
				"sender":	true
			}
		}, {
			"streams":	[{
					"socket":	5,
					"start":	60.000103,
					"end":	80.000123,
					"seconds":	20.000019073486328,
					"bytes":	15000010752,
					"bits_per_second":	5999998578.7554569,
					"retransmits":	0,
					"snd_cwnd":	3397008,
					"rtt":	469,
					"rttvar":	161,
					"pmtu":	9000,
					"omitted":	false,
					"sender":	true
				}],
			"sum":	{
				"start":	60.000103,
				"end":	80.000123,
				"seconds":	20.000019073486328,
				"bytes":	15000010752,
				"bits_per_second":	5999998578.7554569,
				"retransmits":	0,
				"omitted":	false,
				"sender":	true
			}
		}],
	"end":	{
		"streams":	[{
				"sender":	{
					"socket":	5,
					"start":	0,
					"end":	80.000123,
					"seconds":	80.000123,
					"bytes":	59999518720,
					"bits_per_second":	5999942647.08818,
					"retransmits":	0,
					"max_snd_cwnd":	3397008,
					"max_rtt":	469,
					"min_rtt":	449,
					"mean_rtt":	459,
					"sender":	true
				},
				"receiver":	{
					"socket":	5,
					"start":	0,
					"end":	80.00054,
					"seconds":	80.000123,
					"bytes":	59999518720,
					"bits_per_second":	5999911372.5982351,
					"sender":	true
				}
			}],
		"sum_sent":	{
			"start":	0,
			"end":	80.000123,
			"seconds":	80.000123,
			"bytes":	59999518720,
			"bits_per_second":	5999942647.08818,
			"retransmits":	0,
			"sender":	true
		},
		"sum_received":	{
			"start":	0,
			"end":	80.00054,
			"seconds":	80.00054,
			"bytes":	59999518720,
			"bits_per_second":	5999911372.5982351,
			"sender":	true
		},
		"cpu_utilization_percent":	{
			"host_total":	24.4238080692107,
			"host_user":	1.481911385132815,
			"host_system":	22.941896684077889,
			"remote_total":	39.307617683568267,
			"remote_user":	6.4495659410858455,
			"remote_system":	32.858050493253621
		},
		"sender_tcp_congestion":	"cubic",
		"receiver_tcp_congestion":	"reno"
	}
}
