{
	"start":	{
		"connected":	[{
				"socket":	5,
				"local_host":	"10.0.1.1",
				"local_port":	42426,
				"remote_host":	"10.0.0.1",
				"remote_port":	5201
			}],
		"version":	"iperf 3.9+",
		"system_info":	"Linux han-3 5.10.0 #9 SMP PREEMPT Tue Feb 23 15:01:43 PST 2021 x86_64",
		"timestamp":	{
			"time":	"Fri, 01 Mar 2024 23:16:20 GMT",
			"timesecs":	1709334980
		},
		"connecting_to":	{
			"host":	"10.0.0.1",
			"port":	5201
		},
		"cookie":	"n3skwoqmr6qomw7txostf3grepbx3lry6sas",
		"tcp_mss_default":	1448,
		"target_bitrate":	2000000000,
		"sock_bufsize":	0,
		"sndbuf_actual":	16384,
		"rcvbuf_actual":	131072,
		"test_start":	{
			"protocol":	"TCP",
			"num_streams":	1,
			"blksize":	131072,
			"omit":	0,
			"duration":	100,
			"bytes":	0,
			"blocks":	0,
			"reverse":	0,
			"tos":	0
		}
	},
	"intervals":	[{
			"streams":	[{
					"socket":	5,
					"start":	0,
					"end":	60.000079,
					"seconds":	60.000080108642578,
					"bytes":	14999879680,
					"bits_per_second":	1999981287.0702319,
					"retransmits":	0,
					"snd_cwnd":	402544,
					"rtt":	288,
					"rttvar":	65,
					"pmtu":	9000,
					"omitted":	false,
					"sender":	true
				}],
			"sum":	{
				"start":	0,
				"end":	60.000079,
				"seconds":	60.000080108642578,
				"bytes":	14999879680,
				"bits_per_second":	1999981287.0702319,
				"retransmits":	0,
				"omitted":	false,
				"sender":	true
			}
		}, {
			"streams":	[{
					"socket":	5,
					"start":	60.000079,
					"end":	100.000229,
					"seconds":	40.000148773193359,
					"bytes":	10000007168,
					"bits_per_second":	1999993994.9626667,
					"retransmits":	0,
					"snd_cwnd":	402544,
					"rtt":	258,
					"rttvar":	38,
					"pmtu":	9000,
					"omitted":	false,
					"sender":	true
				}],
			"sum":	{
				"start":	60.000079,
				"end":	100.000229,
				"seconds":	40.000148773193359,
				"bytes":	10000007168,
				"bits_per_second":	1999993994.9626667,
				"retransmits":	0,
				"omitted":	false,
				"sender":	true
			}
		}],
	"end":	{
		"streams":	[{
				"sender":	{
					"socket":	5,
					"start":	0,
					"end":	100.000229,
					"seconds":	100.000229,
					"bytes":	24999886848,
					"bits_per_second":	1999986367.8712175,
					"retransmits":	0,
					"max_snd_cwnd":	402544,
					"max_rtt":	288,
					"min_rtt":	258,
					"mean_rtt":	273,
					"sender":	true
				},
				"receiver":	{
					"socket":	5,
					"start":	0,
					"end":	100.001002,
					"seconds":	100.000229,
					"bytes":	24999886848,
					"bits_per_second":	1999970908.1315005,
					"sender":	true
				}
			}],
		"sum_sent":	{
			"start":	0,
			"end":	100.000229,
			"seconds":	100.000229,
			"bytes":	24999886848,
			"bits_per_second":	1999986367.8712175,
			"retransmits":	0,
			"sender":	true
		},
		"sum_received":	{
			"start":	0,
			"end":	100.001002,
			"seconds":	100.001002,
			"bytes":	24999886848,
			"bits_per_second":	1999970908.1315005,
			"sender":	true
		},
		"cpu_utilization_percent":	{
			"host_total":	17.58390478356036,
			"host_user":	8.79102391713682,
			"host_system":	8.79287986645085,
			"remote_total":	21.467652196839385,
			"remote_user":	1.6966944141863256,
			"remote_system":	19.77095878209547
		},
		"sender_tcp_congestion":	"cubic",
		"receiver_tcp_congestion":	"reno"
	}
}
