{
	"start":	{
		"connected":	[{
				"socket":	5,
				"local_host":	"10.0.1.1",
				"local_port":	37992,
				"remote_host":	"10.0.0.1",
				"remote_port":	5201
			}],
		"version":	"iperf 3.9+",
		"system_info":	"Linux han-3 5.10.0 #9 SMP PREEMPT Tue Feb 23 15:01:43 PST 2021 x86_64",
		"timestamp":	{
			"time":	"Fri, 01 Mar 2024 07:37:47 GMT",
			"timesecs":	1709278667
		},
		"connecting_to":	{
			"host":	"10.0.0.1",
			"port":	5201
		},
		"cookie":	"eqktqra5ccozi2qv7toxnqktk7ry7s7b3qtm",
		"tcp_mss_default":	1448,
		"target_bitrate":	2000000000,
		"sock_bufsize":	0,
		"sndbuf_actual":	16384,
		"rcvbuf_actual":	131072,
		"test_start":	{
			"protocol":	"TCP",
			"num_streams":	1,
			"blksize":	131072,
			"omit":	0,
			"duration":	90,
			"bytes":	0,
			"blocks":	0,
			"reverse":	0,
			"tos":	0
		}
	},
	"intervals":	[{
			"streams":	[{
					"socket":	5,
					"start":	0,
					"end":	60.000095,
					"seconds":	60.000095367431641,
					"bytes":	14999879680,
					"bits_per_second":	1999980778.4494972,
					"retransmits":	0,
					"snd_cwnd":	396752,
					"rtt":	264,
					"rttvar":	28,
					"pmtu":	9000,
					"omitted":	false,
					"sender":	true
				}],
			"sum":	{
				"start":	0,
				"end":	60.000095,
				"seconds":	60.000095367431641,
				"bytes":	14999879680,
				"bits_per_second":	1999980778.4494972,
				"retransmits":	0,
				"omitted":	false,
				"sender":	true
			}
		}, {
			"streams":	[{
					"socket":	5,
					"start":	60.000095,
					"end":	90.000112,
					"seconds":	30.0000171661377,
					"bytes":	7499939840,
					"bits_per_second":	1999982812.9339881,
					"retransmits":	0,
					"snd_cwnd":	396752,
					"rtt":	297,
					"rttvar":	23,
					"pmtu":	9000,
					"omitted":	false,
					"sender":	true
				}],
			"sum":	{
				"start":	60.000095,
				"end":	90.000112,
				"seconds":	30.0000171661377,
				"bytes":	7499939840,
				"bits_per_second":	1999982812.9339881,
				"retransmits":	0,
				"omitted":	false,
				"sender":	true
			}
		}],
	"end":	{
		"streams":	[{
				"sender":	{
					"socket":	5,
					"start":	0,
					"end":	90.000112,
					"seconds":	90.000112,
					"bytes":	22499819520,
					"bits_per_second":	1999981468.4675059,
					"retransmits":	0,
					"max_snd_cwnd":	396752,
					"max_rtt":	297,
					"min_rtt":	264,
					"mean_rtt":	280,
					"sender":	true
				},
				"receiver":	{
					"socket":	5,
					"start":	0,
					"end":	90.000143,
					"seconds":	90.000112,
					"bytes":	22499819520,
					"bits_per_second":	1999980779.5860949,
					"sender":	true
				}
			}],
		"sum_sent":	{
			"start":	0,
			"end":	90.000112,
			"seconds":	90.000112,
			"bytes":	22499819520,
			"bits_per_second":	1999981468.4675059,
			"retransmits":	0,
			"sender":	true
		},
		"sum_received":	{
			"start":	0,
			"end":	90.000143,
			"seconds":	90.000143,
			"bytes":	22499819520,
			"bits_per_second":	1999980779.5860949,
			"sender":	true
		},
		"cpu_utilization_percent":	{
			"host_total":	10.184085339144373,
			"host_user":	7.6374937423957663,
			"host_system":	2.5465915967486059,
			"remote_total":	20.998545566766182,
			"remote_user":	5.454826511176476,
			"remote_system":	15.543720166166237
		},
		"sender_tcp_congestion":	"cubic",
		"receiver_tcp_congestion":	"reno"
	}
}
