{
	"start":	{
		"connected":	[{
				"socket":	5,
				"local_host":	"10.0.1.1",
				"local_port":	53074,
				"remote_host":	"10.0.0.1",
				"remote_port":	5201
			}],
		"version":	"iperf 3.9+",
		"system_info":	"Linux han-3 5.10.0 #9 SMP PREEMPT Tue Feb 23 15:01:43 PST 2021 x86_64",
		"timestamp":	{
			"time":	"Sun, 03 Mar 2024 12:07:35 GMT",
			"timesecs":	1709467655
		},
		"connecting_to":	{
			"host":	"10.0.0.1",
			"port":	5201
		},
		"cookie":	"x2bc56dp4ays7uo44lskhwv7n3ilnyn76ymy",
		"tcp_mss_default":	1448,
		"target_bitrate":	7000000000,
		"sock_bufsize":	0,
		"sndbuf_actual":	16384,
		"rcvbuf_actual":	131072,
		"test_start":	{
			"protocol":	"TCP",
			"num_streams":	1,
			"blksize":	131072,
			"omit":	0,
			"duration":	30,
			"bytes":	0,
			"blocks":	0,
			"reverse":	0,
			"tos":	0
		}
	},
	"intervals":	[{
			"streams":	[{
					"socket":	5,
					"start":	0,
					"end":	30.000117,
					"seconds":	30.0001163482666,
					"bytes":	26249396224,
					"bits_per_second":	6999811845.867507,
					"retransmits":	0,
					"snd_cwnd":	1238040,
					"rtt":	526,
					"rttvar":	102,
					"pmtu":	9000,
					"omitted":	false,
					"sender":	true
				}],
			"sum":	{
				"start":	0,
				"end":	30.000117,
				"seconds":	30.0001163482666,
				"bytes":	26249396224,
				"bits_per_second":	6999811845.867507,
				"retransmits":	0,
				"omitted":	false,
				"sender":	true
			}
		}],
	"end":	{
		"streams":	[{
				"sender":	{
					"socket":	5,
					"start":	0,
					"end":	30.000117,
					"seconds":	30.000117,
					"bytes":	26249396224,
					"bits_per_second":	6999811693.80106,
					"retransmits":	0,
					"max_snd_cwnd":	1238040,
					"max_rtt":	526,
					"min_rtt":	526,
					"mean_rtt":	526,
					"sender":	true
				},
				"receiver":	{
					"socket":	5,
					"start":	0,
					"end":	30.00035,
					"seconds":	30.000117,
					"bytes":	26249396224,
					"bits_per_second":	6999757329.23116,
					"sender":	true
				}
			}],
		"sum_sent":	{
			"start":	0,
			"end":	30.000117,
			"seconds":	30.000117,
			"bytes":	26249396224,
			"bits_per_second":	6999811693.80106,
			"retransmits":	0,
			"sender":	true
		},
		"sum_received":	{
			"start":	0,
			"end":	30.00035,
			"seconds":	30.00035,
			"bytes":	26249396224,
			"bits_per_second":	6999757329.23116,
			"sender":	true
		},
		"cpu_utilization_percent":	{
			"host_total":	26.6062471289726,
			"host_user":	2.1795043490961334,
			"host_system":	24.426742779876466,
			"remote_total":	42.6763366559084,
			"remote_user":	1.8710438763414883,
			"remote_system":	40.8052927795669
		},
		"sender_tcp_congestion":	"cubic",
		"receiver_tcp_congestion":	"reno"
	}
}
