{
	"start":	{
		"connected":	[{
				"socket":	5,
				"local_host":	"10.0.1.1",
				"local_port":	38280,
				"remote_host":	"10.0.0.1",
				"remote_port":	5201
			}],
		"version":	"iperf 3.9+",
		"system_info":	"Linux han-3 5.10.0 #9 SMP PREEMPT Tue Feb 23 15:01:43 PST 2021 x86_64",
		"timestamp":	{
			"time":	"Fri, 01 Mar 2024 08:28:31 GMT",
			"timesecs":	1709281711
		},
		"connecting_to":	{
			"host":	"10.0.0.1",
			"port":	5201
		},
		"cookie":	"npxl45r3zhjbea7i2ohkknxq22smkicdkjzs",
		"tcp_mss_default":	1448,
		"target_bitrate":	3000000000,
		"sock_bufsize":	0,
		"sndbuf_actual":	16384,
		"rcvbuf_actual":	131072,
		"test_start":	{
			"protocol":	"TCP",
			"num_streams":	1,
			"blksize":	131072,
			"omit":	0,
			"duration":	60,
			"bytes":	0,
			"blocks":	0,
			"reverse":	0,
			"tos":	0
		}
	},
	"intervals":	[{
			"streams":	[{
					"socket":	5,
					"start":	0,
					"end":	60.000084,
					"seconds":	60.000083923339844,
					"bytes":	22499688448,
					"bits_per_second":	2999954263.6303134,
					"retransmits":	0,
					"snd_cwnd":	528520,
					"rtt":	305,
					"rttvar":	62,
					"pmtu":	9000,
					"omitted":	false,
					"sender":	true
				}],
			"sum":	{
				"start":	0,
				"end":	60.000084,
				"seconds":	60.000083923339844,
				"bytes":	22499688448,
				"bits_per_second":	2999954263.6303134,
				"retransmits":	0,
				"omitted":	false,
				"sender":	true
			}
		}],
	"end":	{
		"streams":	[{
				"sender":	{
					"socket":	5,
					"start":	0,
					"end":	60.000084,
					"seconds":	60.000084,
					"bytes":	22499688448,
					"bits_per_second":	2999954259.79737,
					"retransmits":	0,
					"max_snd_cwnd":	528520,
					"max_rtt":	305,
					"min_rtt":	305,
					"mean_rtt":	305,
					"sender":	true
				},
				"receiver":	{
					"socket":	5,
					"start":	0,
					"end":	60.000193,
					"seconds":	60.000084,
					"bytes":	22499688448,
					"bits_per_second":	2999948809.8979945,
					"sender":	true
				}
			}],
		"sum_sent":	{
			"start":	0,
			"end":	60.000084,
			"seconds":	60.000084,
			"bytes":	22499688448,
			"bits_per_second":	2999954259.79737,
			"retransmits":	0,
			"sender":	true
		},
		"sum_received":	{
			"start":	0,
			"end":	60.000193,
			"seconds":	60.000193,
			"bytes":	22499688448,
			"bits_per_second":	2999948809.8979945,
			"sender":	true
		},
		"cpu_utilization_percent":	{
			"host_total":	11.50716911075701,
			"host_user":	0,
			"host_system":	11.507170777358374,
			"remote_total":	28.010583270991248,
			"remote_user":	0,
			"remote_system":	28.010586601305036
		},
		"sender_tcp_congestion":	"cubic",
		"receiver_tcp_congestion":	"reno"
	}
}
