{
	"start":	{
		"connected":	[{
				"socket":	5,
				"local_host":	"10.0.1.1",
				"local_port":	51488,
				"remote_host":	"10.0.0.1",
				"remote_port":	5201
			}],
		"version":	"iperf 3.9+",
		"system_info":	"Linux han-3 5.10.0 #9 SMP PREEMPT Tue Feb 23 15:01:43 PST 2021 x86_64",
		"timestamp":	{
			"time":	"Sun, 03 Mar 2024 06:29:46 GMT",
			"timesecs":	1709447386
		},
		"connecting_to":	{
			"host":	"10.0.0.1",
			"port":	5201
		},
		"cookie":	"k3gknllxdmw35j7xxt6r43ve5jdmxr3zzqps",
		"tcp_mss_default":	1448,
		"target_bitrate":	3000000000,
		"sock_bufsize":	0,
		"sndbuf_actual":	16384,
		"rcvbuf_actual":	131072,
		"test_start":	{
			"protocol":	"TCP",
			"num_streams":	1,
			"blksize":	131072,
			"omit":	0,
			"duration":	70,
			"bytes":	0,
			"blocks":	0,
			"reverse":	0,
			"tos":	0
		}
	},
	"intervals":	[{
			"streams":	[{
					"socket":	5,
					"start":	0,
					"end":	60.000074,
					"seconds":	60.000072479248047,
					"bytes":	22499688448,
					"bits_per_second":	2999954835.8254886,
					"retransmits":	0,
					"snd_cwnd":	550240,
					"rtt":	271,
					"rttvar":	46,
					"pmtu":	9000,
					"omitted":	false,
					"sender":	true
				}],
			"sum":	{
				"start":	0,
				"end":	60.000074,
				"seconds":	60.000072479248047,
				"bytes":	22499688448,
				"bits_per_second":	2999954835.8254886,
				"retransmits":	0,
				"omitted":	false,
				"sender":	true
			}
		}, {
			"streams":	[{
					"socket":	5,
					"start":	60.000074,
					"end":	70.000096,
					"seconds":	10.000021934509277,
					"bytes":	3750100992,
					"bits_per_second":	3000074213.084434,
					"retransmits":	0,
					"snd_cwnd":	550240,
					"rtt":	304,
					"rttvar":	66,
					"pmtu":	9000,
					"omitted":	false,
					"sender":	true
				}],
			"sum":	{
				"start":	60.000074,
				"end":	70.000096,
				"seconds":	10.000021934509277,
				"bytes":	3750100992,
				"bits_per_second":	3000074213.084434,
				"retransmits":	0,
				"omitted":	false,
				"sender":	true
			}
		}],
	"end":	{
		"streams":	[{
				"sender":	{
					"socket":	5,
					"start":	0,
					"end":	70.000096,
					"seconds":	70.000096,
					"bytes":	26249789440,
					"bits_per_second":	2999971821.75293,
					"retransmits":	0,
					"max_snd_cwnd":	550240,
					"max_rtt":	304,
					"min_rtt":	271,
					"mean_rtt":	287,
					"sender":	true
				},
				"receiver":	{
					"socket":	5,
					"start":	0,
					"end":	70.000253,
					"seconds":	70.000096,
					"bytes":	26249789440,
					"bits_per_second":	2999965093.26902,
					"sender":	true
				}
			}],
		"sum_sent":	{
			"start":	0,
			"end":	70.000096,
			"seconds":	70.000096,
			"bytes":	26249789440,
			"bits_per_second":	2999971821.75293,
			"retransmits":	0,
			"sender":	true
		},
		"sum_received":	{
			"start":	0,
			"end":	70.000253,
			"seconds":	70.000253,
			"bytes":	26249789440,
			"bits_per_second":	2999965093.26902,
			"sender":	true
		},
		"cpu_utilization_percent":	{
			"host_total":	14.346978562517238,
			"host_user":	3.58608573410301,
			"host_system":	10.760894256937862,
			"remote_total":	25.899688915071973,
			"remote_user":	0.99441652832326666,
			"remote_system":	24.905270959203555
		},
		"sender_tcp_congestion":	"cubic",
		"receiver_tcp_congestion":	"reno"
	}
}
