{
	"start":	{
		"connected":	[{
				"socket":	5,
				"local_host":	"10.0.1.1",
				"local_port":	44272,
				"remote_host":	"10.0.0.1",
				"remote_port":	5201
			}],
		"version":	"iperf 3.9+",
		"system_info":	"Linux han-3 5.10.0 #9 SMP PREEMPT Tue Feb 23 15:01:43 PST 2021 x86_64",
		"timestamp":	{
			"time":	"Sat, 02 Mar 2024 05:31:34 GMT",
			"timesecs":	1709357494
		},
		"connecting_to":	{
			"host":	"10.0.0.1",
			"port":	5201
		},
		"cookie":	"keii7sw5pe6lgzolh7ypbezg2q5kfpy2m5ot",
		"tcp_mss_default":	1448,
		"target_bitrate":	7000000000,
		"sock_bufsize":	0,
		"sndbuf_actual":	16384,
		"rcvbuf_actual":	131072,
		"test_start":	{
			"protocol":	"TCP",
			"num_streams":	1,
			"blksize":	131072,
			"omit":	0,
			"duration":	30,
			"bytes":	0,
			"blocks":	0,
			"reverse":	0,
			"tos":	0
		}
	},
	"intervals":	[{
			"streams":	[{
					"socket":	5,
					"start":	0,
					"end":	30.000086,
					"seconds":	30.000085830688477,
					"bytes":	26249396224,
					"bits_per_second":	6999818966.4239635,
					"retransmits":	0,
					"snd_cwnd":	1543568,
					"rtt":	573,
					"rttvar":	152,
					"pmtu":	9000,
					"omitted":	false,
					"sender":	true
				}],
			"sum":	{
				"start":	0,
				"end":	30.000086,
				"seconds":	30.000085830688477,
				"bytes":	26249396224,
				"bits_per_second":	6999818966.4239635,
				"retransmits":	0,
				"omitted":	false,
				"sender":	true
			}
		}],
	"end":	{
		"streams":	[{
				"sender":	{
					"socket":	5,
					"start":	0,
					"end":	30.000086,
					"seconds":	30.000086,
					"bytes":	26249396224,
					"bits_per_second":	6999818926.919076,
					"retransmits":	0,
					"max_snd_cwnd":	1543568,
					"max_rtt":	573,
					"min_rtt":	573,
					"mean_rtt":	573,
					"sender":	true
				},
				"receiver":	{
					"socket":	5,
					"start":	0,
					"end":	30.000404,
					"seconds":	30.000086,
					"bytes":	26249396224,
					"bits_per_second":	6999744729.8376379,
					"sender":	true
				}
			}],
		"sum_sent":	{
			"start":	0,
			"end":	30.000086,
			"seconds":	30.000086,
			"bytes":	26249396224,
			"bits_per_second":	6999818926.919076,
			"retransmits":	0,
			"sender":	true
		},
		"sum_received":	{
			"start":	0,
			"end":	30.000404,
			"seconds":	30.000404,
			"bytes":	26249396224,
			"bits_per_second":	6999744729.8376379,
			"sender":	true
		},
		"cpu_utilization_percent":	{
			"host_total":	27.125782788071778,
			"host_user":	0.609654925626092,
			"host_system":	26.516137861761063,
			"remote_total":	42.423116301392845,
			"remote_user":	0,
			"remote_system":	42.423116301392845
		},
		"sender_tcp_congestion":	"cubic",
		"receiver_tcp_congestion":	"reno"
	}
}
