{
	"start":	{
		"connected":	[{
				"socket":	5,
				"local_host":	"10.0.1.1",
				"local_port":	40412,
				"remote_host":	"10.0.0.1",
				"remote_port":	5201
			}],
		"version":	"iperf 3.9+",
		"system_info":	"Linux han-3 5.10.0 #9 SMP PREEMPT Tue Feb 23 15:01:43 PST 2021 x86_64",
		"timestamp":	{
			"time":	"Fri, 01 Mar 2024 15:55:55 GMT",
			"timesecs":	1709308555
		},
		"connecting_to":	{
			"host":	"10.0.0.1",
			"port":	5201
		},
		"cookie":	"sk24pb5jyjseo35c2m7grdhro47i54gncfe7",
		"tcp_mss_default":	1448,
		"target_bitrate":	8000000000,
		"sock_bufsize":	0,
		"sndbuf_actual":	16384,
		"rcvbuf_actual":	131072,
		"test_start":	{
			"protocol":	"TCP",
			"num_streams":	1,
			"blksize":	131072,
			"omit":	0,
			"duration":	50,
			"bytes":	0,
			"blocks":	0,
			"reverse":	0,
			"tos":	0
		}
	},
	"intervals":	[{
			"streams":	[{
					"socket":	5,
					"start":	0,
					"end":	50.000161,
					"seconds":	50.000160217285156,
					"bytes":	49999380480,
					"bits_per_second":	7999875242.43414,
					"retransmits":	0,
					"snd_cwnd":	1653616,
					"rtt":	450,
					"rttvar":	112,
					"pmtu":	9000,
					"omitted":	false,
					"sender":	true
				}],
			"sum":	{
				"start":	0,
				"end":	50.000161,
				"seconds":	50.000160217285156,
				"bytes":	49999380480,
				"bits_per_second":	7999875242.43414,
				"retransmits":	0,
				"omitted":	false,
				"sender":	true
			}
		}],
	"end":	{
		"streams":	[{
				"sender":	{
					"socket":	5,
					"start":	0,
					"end":	50.000161,
					"seconds":	50.000161,
					"bytes":	49999380480,
					"bits_per_second":	7999875117.2021227,
					"retransmits":	0,
					"max_snd_cwnd":	1653616,
					"max_rtt":	450,
					"min_rtt":	450,
					"mean_rtt":	450,
					"sender":	true
				},
				"receiver":	{
					"socket":	5,
					"start":	0,
					"end":	50.000359,
					"seconds":	50.000161,
					"bytes":	49999380480,
					"bits_per_second":	7999843437.9241152,
					"sender":	true
				}
			}],
		"sum_sent":	{
			"start":	0,
			"end":	50.000161,
			"seconds":	50.000161,
			"bytes":	49999380480,
			"bits_per_second":	7999875117.2021227,
			"retransmits":	0,
			"sender":	true
		},
		"sum_received":	{
			"start":	0,
			"end":	50.000359,
			"seconds":	50.000359,
			"bytes":	49999380480,
			"bits_per_second":	7999843437.9241152,
			"sender":	true
		},
		"cpu_utilization_percent":	{
			"host_total":	26.740385986476213,
			"host_user":	0.58039165021908,
			"host_system":	26.15999233634793,
			"remote_total":	44.371951865193772,
			"remote_user":	0,
			"remote_system":	44.371949867235685
		},
		"sender_tcp_congestion":	"cubic",
		"receiver_tcp_congestion":	"reno"
	}
}
