{
	"start":	{
		"connected":	[{
				"socket":	5,
				"local_host":	"10.0.1.1",
				"local_port":	54514,
				"remote_host":	"10.0.0.1",
				"remote_port":	5201
			}],
		"version":	"iperf 3.9+",
		"system_info":	"Linux han-3 5.10.0 #9 SMP PREEMPT Tue Feb 23 15:01:43 PST 2021 x86_64",
		"timestamp":	{
			"time":	"Sun, 03 Mar 2024 17:03:52 GMT",
			"timesecs":	1709485432
		},
		"connecting_to":	{
			"host":	"10.0.0.1",
			"port":	5201
		},
		"cookie":	"utzh4dvpapezztkubw7ppnwe57m2bx7jitdj",
		"tcp_mss_default":	1448,
		"target_bitrate":	10000000000,
		"sock_bufsize":	0,
		"sndbuf_actual":	16384,
		"rcvbuf_actual":	131072,
		"test_start":	{
			"protocol":	"TCP",
			"num_streams":	1,
			"blksize":	131072,
			"omit":	0,
			"duration":	60,
			"bytes":	0,
			"blocks":	0,
			"reverse":	0,
			"tos":	0
		}
	},
	"intervals":	[{
			"streams":	[{
					"socket":	5,
					"start":	0,
					"end":	60.00012,
					"seconds":	60.000118255615234,
					"bytes":	70610976768,
					"bits_per_second":	9414778346.559906,
					"retransmits":	0,
					"snd_cwnd":	1614520,
					"rtt":	1106,
					"rttvar":	8,
					"pmtu":	9000,
					"omitted":	false,
					"sender":	true
				}],
			"sum":	{
				"start":	0,
				"end":	60.00012,
				"seconds":	60.000118255615234,
				"bytes":	70610976768,
				"bits_per_second":	9414778346.559906,
				"retransmits":	0,
				"omitted":	false,
				"sender":	true
			}
		}],
	"end":	{
		"streams":	[{
				"sender":	{
					"socket":	5,
					"start":	0,
					"end":	60.00012,
					"seconds":	60.00012,
					"bytes":	70610976768,
					"bits_per_second":	9414778072.843853,
					"retransmits":	0,
					"max_snd_cwnd":	1614520,
					"max_rtt":	1106,
					"min_rtt":	1106,
					"mean_rtt":	1106,
					"sender":	true
				},
				"receiver":	{
					"socket":	5,
					"start":	0,
					"end":	60.000455,
					"seconds":	60.00012,
					"bytes":	70608598112,
					"bits_per_second":	9414408355.66997,
					"sender":	true
				}
			}],
		"sum_sent":	{
			"start":	0,
			"end":	60.00012,
			"seconds":	60.00012,
			"bytes":	70610976768,
			"bits_per_second":	9414778072.843853,
			"retransmits":	0,
			"sender":	true
		},
		"sum_received":	{
			"start":	0,
			"end":	60.000455,
			"seconds":	60.000455,
			"bytes":	70608598112,
			"bits_per_second":	9414408355.66997,
			"sender":	true
		},
		"cpu_utilization_percent":	{
			"host_total":	23.359800091209433,
			"host_user":	2.4761025212189267,
			"host_system":	20.883694236799613,
			"remote_total":	47.312076249632227,
			"remote_user":	8.908463843049,
			"remote_system":	38.403610741511422
		},
		"sender_tcp_congestion":	"cubic",
		"receiver_tcp_congestion":	"reno"
	}
}
