{
	"start":	{
		"connected":	[{
				"socket":	5,
				"local_host":	"10.0.1.1",
				"local_port":	45416,
				"remote_host":	"10.0.0.1",
				"remote_port":	5201
			}],
		"version":	"iperf 3.9+",
		"system_info":	"Linux han-3 5.10.0 #9 SMP PREEMPT Tue Feb 23 15:01:43 PST 2021 x86_64",
		"timestamp":	{
			"time":	"Sat, 02 Mar 2024 09:34:39 GMT",
			"timesecs":	1709372079
		},
		"connecting_to":	{
			"host":	"10.0.0.1",
			"port":	5201
		},
		"cookie":	"q6ul5yt67nc5c4w2ohi6h4jr3u4utgc3msyg",
		"tcp_mss_default":	1448,
		"target_bitrate":	9000000000,
		"sock_bufsize":	0,
		"sndbuf_actual":	16384,
		"rcvbuf_actual":	131072,
		"test_start":	{
			"protocol":	"TCP",
			"num_streams":	1,
			"blksize":	131072,
			"omit":	0,
			"duration":	90,
			"bytes":	0,
			"blocks":	0,
			"reverse":	0,
			"tos":	0
		}
	},
	"intervals":	[{
			"streams":	[{
					"socket":	5,
					"start":	0,
					"end":	60.00006,
					"seconds":	60.00006103515625,
					"bytes":	67499458560,
					"bits_per_second":	8999918652.80931,
					"retransmits":	0,
					"snd_cwnd":	2116976,
					"rtt":	585,
					"rttvar":	107,
					"pmtu":	9000,
					"omitted":	false,
					"sender":	true
				}],
			"sum":	{
				"start":	0,
				"end":	60.00006,
				"seconds":	60.00006103515625,
				"bytes":	67499458560,
				"bits_per_second":	8999918652.80931,
				"retransmits":	0,
				"omitted":	false,
				"sender":	true
			}
		}, {
			"streams":	[{
					"socket":	5,
					"start":	60.00006,
					"end":	90.000071,
					"seconds":	30.0000114440918,
					"bytes":	33749729280,
					"bits_per_second":	8999924374.80131,
					"retransmits":	0,
					"snd_cwnd":	2426848,
					"rtt":	606,
					"rttvar":	196,
					"pmtu":	9000,
					"omitted":	false,
					"sender":	true
				}],
			"sum":	{
				"start":	60.00006,
				"end":	90.000071,
				"seconds":	30.0000114440918,
				"bytes":	33749729280,
				"bits_per_second":	8999924374.80131,
				"retransmits":	0,
				"omitted":	false,
				"sender":	true
			}
		}],
	"end":	{
		"streams":	[{
				"sender":	{
					"socket":	5,
					"start":	0,
					"end":	90.000071,
					"seconds":	90.000071,
					"bytes":	101249187840,
					"bits_per_second":	8999920708.06255,
					"retransmits":	0,
					"max_snd_cwnd":	2426848,
					"max_rtt":	606,
					"min_rtt":	585,
					"mean_rtt":	595,
					"sender":	true
				},
				"receiver":	{
					"socket":	5,
					"start":	0,
					"end":	90.000272,
					"seconds":	90.000071,
					"bytes":	101249187840,
					"bits_per_second":	8999900608.3003845,
					"sender":	true
				}
			}],
		"sum_sent":	{
			"start":	0,
			"end":	90.000071,
			"seconds":	90.000071,
			"bytes":	101249187840,
			"bits_per_second":	8999920708.06255,
			"retransmits":	0,
			"sender":	true
		},
		"sum_received":	{
			"start":	0,
			"end":	90.000272,
			"seconds":	90.000272,
			"bytes":	101249187840,
			"bits_per_second":	8999900608.3003845,
			"sender":	true
		},
		"cpu_utilization_percent":	{
			"host_total":	52.573775606054085,
			"host_user":	1.7448114687905261,
			"host_system":	50.828963026182642,
			"remote_total":	47.190059212478552,
			"remote_user":	3.58844545847842,
			"remote_system":	43.601613754000134
		},
		"sender_tcp_congestion":	"cubic",
		"receiver_tcp_congestion":	"reno"
	}
}
