{
	"start":	{
		"connected":	[{
				"socket":	5,
				"local_host":	"10.0.1.1",
				"local_port":	50468,
				"remote_host":	"10.0.0.1",
				"remote_port":	5201
			}],
		"version":	"iperf 3.9+",
		"system_info":	"Linux han-3 5.10.0 #9 SMP PREEMPT Tue Feb 23 15:01:43 PST 2021 x86_64",
		"timestamp":	{
			"time":	"Sun, 03 Mar 2024 03:06:44 GMT",
			"timesecs":	1709435204
		},
		"connecting_to":	{
			"host":	"10.0.0.1",
			"port":	5201
		},
		"cookie":	"qga7jygg63hc6gebxfi5es3px2bgpy6lj6nx",
		"tcp_mss_default":	1448,
		"target_bitrate":	1000000000,
		"sock_bufsize":	0,
		"sndbuf_actual":	16384,
		"rcvbuf_actual":	131072,
		"test_start":	{
			"protocol":	"TCP",
			"num_streams":	1,
			"blksize":	131072,
			"omit":	0,
			"duration":	50,
			"bytes":	0,
			"blocks":	0,
			"reverse":	0,
			"tos":	0
		}
	},
	"intervals":	[{
			"streams":	[{
					"socket":	5,
					"start":	0,
					"end":	50.000097,
					"seconds":	50.000095367431641,
					"bytes":	6249906176,
					"bits_per_second":	999983080.843638,
					"retransmits":	0,
					"snd_cwnd":	264984,
					"rtt":	248,
					"rttvar":	47,
					"pmtu":	9000,
					"omitted":	false,
					"sender":	true
				}],
			"sum":	{
				"start":	0,
				"end":	50.000097,
				"seconds":	50.000095367431641,
				"bytes":	6249906176,
				"bits_per_second":	999983080.843638,
				"retransmits":	0,
				"omitted":	false,
				"sender":	true
			}
		}],
	"end":	{
		"streams":	[{
				"sender":	{
					"socket":	5,
					"start":	0,
					"end":	50.000097,
					"seconds":	50.000097,
					"bytes":	6249906176,
					"bits_per_second":	999983048.19288659,
					"retransmits":	0,
					"max_snd_cwnd":	264984,
					"max_rtt":	248,
					"min_rtt":	248,
					"mean_rtt":	248,
					"sender":	true
				},
				"receiver":	{
					"socket":	5,
					"start":	0,
					"end":	50.000301,
					"seconds":	50.000097,
					"bytes":	6249906176,
					"bits_per_second":	999978968.286611,
					"sender":	true
				}
			}],
		"sum_sent":	{
			"start":	0,
			"end":	50.000097,
			"seconds":	50.000097,
			"bytes":	6249906176,
			"bits_per_second":	999983048.19288659,
			"retransmits":	0,
			"sender":	true
		},
		"sum_received":	{
			"start":	0,
			"end":	50.000301,
			"seconds":	50.000301,
			"bytes":	6249906176,
			"bits_per_second":	999978968.286611,
			"sender":	true
		},
		"cpu_utilization_percent":	{
			"host_total":	8.0946740085475,
			"host_user":	3.2373996264102765,
			"host_system":	4.8572743821372253,
			"remote_total":	13.096811630518074,
			"remote_user":	0.43571714836945558,
			"remote_system":	12.661094482148618
		},
		"sender_tcp_congestion":	"cubic",
		"receiver_tcp_congestion":	"reno"
	}
}
