{
	"start":	{
		"connected":	[{
				"socket":	5,
				"local_host":	"10.0.1.1",
				"local_port":	38630,
				"remote_host":	"10.0.0.1",
				"remote_port":	5201
			}],
		"version":	"iperf 3.9+",
		"system_info":	"Linux han-3 5.10.0 #9 SMP PREEMPT Tue Feb 23 15:01:43 PST 2021 x86_64",
		"timestamp":	{
			"time":	"Fri, 01 Mar 2024 09:44:15 GMT",
			"timesecs":	1709286255
		},
		"connecting_to":	{
			"host":	"10.0.0.1",
			"port":	5201
		},
		"cookie":	"z425vhpmls3hc7cspkaszbevjthvgpbgfkdk",
		"tcp_mss_default":	1448,
		"target_bitrate":	4000000000,
		"sock_bufsize":	0,
		"sndbuf_actual":	16384,
		"rcvbuf_actual":	131072,
		"test_start":	{
			"protocol":	"TCP",
			"num_streams":	1,
			"blksize":	131072,
			"omit":	0,
			"duration":	40,
			"bytes":	0,
			"blocks":	0,
			"reverse":	0,
			"tos":	0
		}
	},
	"intervals":	[{
			"streams":	[{
					"socket":	5,
					"start":	0,
					"end":	40.000064,
					"seconds":	40.000064849853516,
					"bytes":	19999621120,
					"bits_per_second":	3999917739.1480136,
					"retransmits":	0,
					"snd_cwnd":	676216,
					"rtt":	297,
					"rttvar":	88,
					"pmtu":	9000,
					"omitted":	false,
					"sender":	true
				}],
			"sum":	{
				"start":	0,
				"end":	40.000064,
				"seconds":	40.000064849853516,
				"bytes":	19999621120,
				"bits_per_second":	3999917739.1480136,
				"retransmits":	0,
				"omitted":	false,
				"sender":	true
			}
		}],
	"end":	{
		"streams":	[{
				"sender":	{
					"socket":	5,
					"start":	0,
					"end":	40.000064,
					"seconds":	40.000064,
					"bytes":	19999621120,
					"bits_per_second":	3999917824.1314812,
					"retransmits":	0,
					"max_snd_cwnd":	676216,
					"max_rtt":	297,
					"min_rtt":	297,
					"mean_rtt":	297,
					"sender":	true
				},
				"receiver":	{
					"socket":	5,
					"start":	0,
					"end":	40.000186,
					"seconds":	40.000064,
					"bytes":	19999621120,
					"bits_per_second":	3999905624.4388466,
					"sender":	true
				}
			}],
		"sum_sent":	{
			"start":	0,
			"end":	40.000064,
			"seconds":	40.000064,
			"bytes":	19999621120,
			"bits_per_second":	3999917824.1314812,
			"retransmits":	0,
			"sender":	true
		},
		"sum_received":	{
			"start":	0,
			"end":	40.000186,
			"seconds":	40.000186,
			"bytes":	19999621120,
			"bits_per_second":	3999905624.4388466,
			"sender":	true
		},
		"cpu_utilization_percent":	{
			"host_total":	15.375605506580392,
			"host_user":	5.1261742808510586,
			"host_system":	10.249436225448225,
			"remote_total":	31.760040410979439,
			"remote_user":	1.8158876236032735,
			"remote_system":	29.944155283976983
		},
		"sender_tcp_congestion":	"cubic",
		"receiver_tcp_congestion":	"reno"
	}
}
