{
	"start":	{
		"connected":	[{
				"socket":	5,
				"local_host":	"10.0.1.1",
				"local_port":	50110,
				"remote_host":	"10.0.0.1",
				"remote_port":	5201
			}],
		"version":	"iperf 3.9+",
		"system_info":	"Linux han-3 5.10.0 #9 SMP PREEMPT Tue Feb 23 15:01:43 PST 2021 x86_64",
		"timestamp":	{
			"time":	"Sun, 03 Mar 2024 01:51:19 GMT",
			"timesecs":	1709430679
		},
		"connecting_to":	{
			"host":	"10.0.0.1",
			"port":	5201
		},
		"cookie":	"sgxyp3zdqqcpe2uhlktbekg5xbtycrcfqecj",
		"tcp_mss_default":	1448,
		"target_bitrate":	10000000000,
		"sock_bufsize":	0,
		"sndbuf_actual":	16384,
		"rcvbuf_actual":	131072,
		"test_start":	{
			"protocol":	"TCP",
			"num_streams":	1,
			"blksize":	131072,
			"omit":	0,
			"duration":	60,
			"bytes":	0,
			"blocks":	0,
			"reverse":	0,
			"tos":	0
		}
	},
	"intervals":	[{
			"streams":	[{
					"socket":	5,
					"start":	0,
					"end":	60.000161,
					"seconds":	60.000160217285156,
					"bytes":	70491308032,
					"bits_per_second":	9398815973.38702,
					"retransmits":	0,
					"snd_cwnd":	3780728,
					"rtt":	1097,
					"rttvar":	43,
					"pmtu":	9000,
					"omitted":	false,
					"sender":	true
				}],
			"sum":	{
				"start":	0,
				"end":	60.000161,
				"seconds":	60.000160217285156,
				"bytes":	70491308032,
				"bits_per_second":	9398815973.38702,
				"retransmits":	0,
				"omitted":	false,
				"sender":	true
			}
		}],
	"end":	{
		"streams":	[{
				"sender":	{
					"socket":	5,
					"start":	0,
					"end":	60.000161,
					"seconds":	60.000161,
					"bytes":	70491308032,
					"bits_per_second":	9398815850.77747,
					"retransmits":	0,
					"max_snd_cwnd":	3780728,
					"max_rtt":	1097,
					"min_rtt":	1097,
					"mean_rtt":	1097,
					"sender":	true
				},
				"receiver":	{
					"socket":	5,
					"start":	0,
					"end":	60.000487,
					"seconds":	60.000161,
					"bytes":	70489026144,
					"bits_per_second":	9398460535.02866,
					"sender":	true
				}
			}],
		"sum_sent":	{
			"start":	0,
			"end":	60.000161,
			"seconds":	60.000161,
			"bytes":	70491308032,
			"bits_per_second":	9398815850.77747,
			"retransmits":	0,
			"sender":	true
		},
		"sum_received":	{
			"start":	0,
			"end":	60.000487,
			"seconds":	60.000487,
			"bytes":	70489026144,
			"bits_per_second":	9398460535.02866,
			"sender":	true
		},
		"cpu_utilization_percent":	{
			"host_total":	92.575883573215634,
			"host_user":	2.5258334193993166,
			"host_system":	90.0500534870156,
			"remote_total":	47.094944397805385,
			"remote_user":	1.9141449882455437,
			"remote_system":	45.180799409559846
		},
		"sender_tcp_congestion":	"cubic",
		"receiver_tcp_congestion":	"reno"
	}
}
