{
	"start":	{
		"connected":	[{
				"socket":	5,
				"local_host":	"10.0.1.1",
				"local_port":	38846,
				"remote_host":	"10.0.0.1",
				"remote_port":	5201
			}],
		"version":	"iperf 3.9+",
		"system_info":	"Linux han-3 5.10.0 #9 SMP PREEMPT Tue Feb 23 15:01:43 PST 2021 x86_64",
		"timestamp":	{
			"time":	"Fri, 01 Mar 2024 10:35:17 GMT",
			"timesecs":	1709289317
		},
		"connecting_to":	{
			"host":	"10.0.0.1",
			"port":	5201
		},
		"cookie":	"j2onsadnyon35fe54w7mbmyyw3raomy3zzj3",
		"tcp_mss_default":	1448,
		"target_bitrate":	4000000000,
		"sock_bufsize":	0,
		"sndbuf_actual":	16384,
		"rcvbuf_actual":	131072,
		"test_start":	{
			"protocol":	"TCP",
			"num_streams":	1,
			"blksize":	131072,
			"omit":	0,
			"duration":	90,
			"bytes":	0,
			"blocks":	0,
			"reverse":	0,
			"tos":	0
		}
	},
	"intervals":	[{
			"streams":	[{
					"socket":	5,
					"start":	0,
					"end":	60.000065,
					"seconds":	60.000064849853516,
					"bytes":	29999628288,
					"bits_per_second":	3999946115.1346726,
					"retransmits":	0,
					"snd_cwnd":	802192,
					"rtt":	327,
					"rttvar":	90,
					"pmtu":	9000,
					"omitted":	false,
					"sender":	true
				}],
			"sum":	{
				"start":	0,
				"end":	60.000065,
				"seconds":	60.000064849853516,
				"bytes":	29999628288,
				"bits_per_second":	3999946115.1346726,
				"retransmits":	0,
				"omitted":	false,
				"sender":	true
			}
		}, {
			"streams":	[{
					"socket":	5,
					"start":	60.000065,
					"end":	90.000096,
					"seconds":	30.000030517578125,
					"bytes":	15000010752,
					"bits_per_second":	3999998798.1908059,
					"retransmits":	0,
					"snd_cwnd":	802192,
					"rtt":	301,
					"rttvar":	98,
					"pmtu":	9000,
					"omitted":	false,
					"sender":	true
				}],
			"sum":	{
				"start":	60.000065,
				"end":	90.000096,
				"seconds":	30.000030517578125,
				"bytes":	15000010752,
				"bits_per_second":	3999998798.1908059,
				"retransmits":	0,
				"omitted":	false,
				"sender":	true
			}
		}],
	"end":	{
		"streams":	[{
				"sender":	{
					"socket":	5,
					"start":	0,
					"end":	90.000096,
					"seconds":	90.000096,
					"bytes":	44999639040,
					"bits_per_second":	3999963648.0387754,
					"retransmits":	0,
					"max_snd_cwnd":	802192,
					"max_rtt":	327,
					"min_rtt":	301,
					"mean_rtt":	314,
					"sender":	true
				},
				"receiver":	{
					"socket":	5,
					"start":	0,
					"end":	90.000215,
					"seconds":	90.000096,
					"bytes":	44999639040,
					"bits_per_second":	3999958359.2105865,
					"sender":	true
				}
			}],
		"sum_sent":	{
			"start":	0,
			"end":	90.000096,
			"seconds":	90.000096,
			"bytes":	44999639040,
			"bits_per_second":	3999963648.0387754,
			"retransmits":	0,
			"sender":	true
		},
		"sum_received":	{
			"start":	0,
			"end":	90.000215,
			"seconds":	90.000215,
			"bytes":	44999639040,
			"bits_per_second":	3999958359.2105865,
			"sender":	true
		},
		"cpu_utilization_percent":	{
			"host_total":	15.562497912548567,
			"host_user":	3.8901028236076369,
			"host_system":	11.67239731111145,
			"remote_total":	33.184370556910345,
			"remote_user":	3.9683104382380145,
			"remote_system":	29.21605900813417
		},
		"sender_tcp_congestion":	"cubic",
		"receiver_tcp_congestion":	"reno"
	}
}
