{
	"start":	{
		"connected":	[{
				"socket":	5,
				"local_host":	"10.0.1.1",
				"local_port":	49660,
				"remote_host":	"10.0.0.1",
				"remote_port":	5201
			}],
		"version":	"iperf 3.9+",
		"system_info":	"Linux han-3 5.10.0 #9 SMP PREEMPT Tue Feb 23 15:01:43 PST 2021 x86_64",
		"timestamp":	{
			"time":	"Sun, 03 Mar 2024 00:16:31 GMT",
			"timesecs":	1709424991
		},
		"connecting_to":	{
			"host":	"10.0.0.1",
			"port":	5201
		},
		"cookie":	"nxdqr3flvbojc3mxh6eirmefqz2xrmd6mvev",
		"tcp_mss_default":	1448,
		"target_bitrate":	9000000000,
		"sock_bufsize":	0,
		"sndbuf_actual":	16384,
		"rcvbuf_actual":	131072,
		"test_start":	{
			"protocol":	"TCP",
			"num_streams":	1,
			"blksize":	131072,
			"omit":	0,
			"duration":	60,
			"bytes":	0,
			"blocks":	0,
			"reverse":	0,
			"tos":	0
		}
	},
	"intervals":	[{
			"streams":	[{
					"socket":	5,
					"start":	0,
					"end":	60.000173,
					"seconds":	60.000171661376953,
					"bytes":	66768994304,
					"bits_per_second":	8902507103.58954,
					"retransmits":	0,
					"snd_cwnd":	3132024,
					"rtt":	1092,
					"rttvar":	21,
					"pmtu":	9000,
					"omitted":	false,
					"sender":	true
				}],
			"sum":	{
				"start":	0,
				"end":	60.000173,
				"seconds":	60.000171661376953,
				"bytes":	66768994304,
				"bits_per_second":	8902507103.58954,
				"retransmits":	0,
				"omitted":	false,
				"sender":	true
			}
		}],
	"end":	{
		"streams":	[{
				"sender":	{
					"socket":	5,
					"start":	0,
					"end":	60.000173,
					"seconds":	60.000173,
					"bytes":	66768994304,
					"bits_per_second":	8902506904.97176,
					"retransmits":	0,
					"max_snd_cwnd":	3132024,
					"max_rtt":	1092,
					"min_rtt":	1092,
					"mean_rtt":	1092,
					"sender":	true
				},
				"receiver":	{
					"socket":	5,
					"start":	0,
					"end":	60.001211,
					"seconds":	60.000173,
					"bytes":	66767543712,
					"bits_per_second":	8902159486.3477,
					"sender":	true
				}
			}],
		"sum_sent":	{
			"start":	0,
			"end":	60.000173,
			"seconds":	60.000173,
			"bytes":	66768994304,
			"bits_per_second":	8902506904.97176,
			"retransmits":	0,
			"sender":	true
		},
		"sum_received":	{
			"start":	0,
			"end":	60.001211,
			"seconds":	60.001211,
			"bytes":	66767543712,
			"bits_per_second":	8902159486.3477,
			"sender":	true
		},
		"cpu_utilization_percent":	{
			"host_total":	87.317562134790734,
			"host_user":	2.27408680133958,
			"host_system":	85.043501999044537,
			"remote_total":	46.911230303702759,
			"remote_user":	2.5467820713365228,
			"remote_system":	44.364448232366236
		},
		"sender_tcp_congestion":	"cubic",
		"receiver_tcp_congestion":	"reno"
	}
}
