{
	"start":	{
		"connected":	[{
				"socket":	5,
				"local_host":	"10.0.1.1",
				"local_port":	51362,
				"remote_host":	"10.0.0.1",
				"remote_port":	5201
			}],
		"version":	"iperf 3.9+",
		"system_info":	"Linux han-3 5.10.0 #9 SMP PREEMPT Tue Feb 23 15:01:43 PST 2021 x86_64",
		"timestamp":	{
			"time":	"Sun, 03 Mar 2024 06:04:55 GMT",
			"timesecs":	1709445895
		},
		"connecting_to":	{
			"host":	"10.0.0.1",
			"port":	5201
		},
		"cookie":	"2wmcyygethn6ongsxlxkmwjj27y6idutyzgq",
		"tcp_mss_default":	1448,
		"target_bitrate":	3000000000,
		"sock_bufsize":	0,
		"sndbuf_actual":	16384,
		"rcvbuf_actual":	131072,
		"test_start":	{
			"protocol":	"TCP",
			"num_streams":	1,
			"blksize":	131072,
			"omit":	0,
			"duration":	40,
			"bytes":	0,
			"blocks":	0,
			"reverse":	0,
			"tos":	0
		}
	},
	"intervals":	[{
			"streams":	[{
					"socket":	5,
					"start":	0,
					"end":	40.000121,
					"seconds":	40.0001220703125,
					"bytes":	14999748608,
					"bits_per_second":	2999940566.50794,
					"retransmits":	0,
					"snd_cwnd":	615400,
					"rtt":	331,
					"rttvar":	66,
					"pmtu":	9000,
					"omitted":	false,
					"sender":	true
				}],
			"sum":	{
				"start":	0,
				"end":	40.000121,
				"seconds":	40.0001220703125,
				"bytes":	14999748608,
				"bits_per_second":	2999940566.50794,
				"retransmits":	0,
				"omitted":	false,
				"sender":	true
			}
		}],
	"end":	{
		"streams":	[{
				"sender":	{
					"socket":	5,
					"start":	0,
					"end":	40.000121,
					"seconds":	40.000121,
					"bytes":	14999748608,
					"bits_per_second":	2999940646.7795434,
					"retransmits":	0,
					"max_snd_cwnd":	615400,
					"max_rtt":	331,
					"min_rtt":	331,
					"mean_rtt":	331,
					"sender":	true
				},
				"receiver":	{
					"socket":	5,
					"start":	0,
					"end":	40.000183,
					"seconds":	40.000121,
					"bytes":	14999748608,
					"bits_per_second":	2999935996.8928142,
					"sender":	true
				}
			}],
		"sum_sent":	{
			"start":	0,
			"end":	40.000121,
			"seconds":	40.000121,
			"bytes":	14999748608,
			"bits_per_second":	2999940646.7795434,
			"retransmits":	0,
			"sender":	true
		},
		"sum_received":	{
			"start":	0,
			"end":	40.000183,
			"seconds":	40.000183,
			"bytes":	14999748608,
			"bits_per_second":	2999935996.8928142,
			"sender":	true
		},
		"cpu_utilization_percent":	{
			"host_total":	14.353629297876431,
			"host_user":	2.3902745919713,
			"host_system":	11.963352206062433,
			"remote_total":	27.922102729508687,
			"remote_user":	0,
			"remote_system":	27.922102729508687
		},
		"sender_tcp_congestion":	"cubic",
		"receiver_tcp_congestion":	"reno"
	}
}
