{
	"start":	{
		"connected":	[{
				"socket":	5,
				"local_host":	"10.0.1.1",
				"local_port":	38874,
				"remote_host":	"10.0.0.1",
				"remote_port":	5201
			}],
		"version":	"iperf 3.9+",
		"system_info":	"Linux han-3 5.10.0 #9 SMP PREEMPT Tue Feb 23 15:01:43 PST 2021 x86_64",
		"timestamp":	{
			"time":	"Fri, 01 Mar 2024 10:44:17 GMT",
			"timesecs":	1709289857
		},
		"connecting_to":	{
			"host":	"10.0.0.1",
			"port":	5201
		},
		"cookie":	"dqsmvbx6lqfqzbbmnoj3mtr57ne2ssts2tcy",
		"tcp_mss_default":	1448,
		"target_bitrate":	4000000000,
		"sock_bufsize":	0,
		"sndbuf_actual":	16384,
		"rcvbuf_actual":	131072,
		"test_start":	{
			"protocol":	"TCP",
			"num_streams":	1,
			"blksize":	131072,
			"omit":	0,
			"duration":	90,
			"bytes":	0,
			"blocks":	0,
			"reverse":	0,
			"tos":	0
		}
	},
	"intervals":	[{
			"streams":	[{
					"socket":	5,
					"start":	0,
					"end":	60.00008,
					"seconds":	60.000080108642578,
					"bytes":	29999628288,
					"bits_per_second":	3999945097.89713,
					"retransmits":	0,
					"snd_cwnd":	668976,
					"rtt":	371,
					"rttvar":	95,
					"pmtu":	9000,
					"omitted":	false,
					"sender":	true
				}],
			"sum":	{
				"start":	0,
				"end":	60.00008,
				"seconds":	60.000080108642578,
				"bytes":	29999628288,
				"bits_per_second":	3999945097.89713,
				"retransmits":	0,
				"omitted":	false,
				"sender":	true
			}
		}, {
			"streams":	[{
					"socket":	5,
					"start":	60.00008,
					"end":	90.000088,
					"seconds":	30.000007629394531,
					"bytes":	15000010752,
					"bits_per_second":	4000001849.9469252,
					"retransmits":	0,
					"snd_cwnd":	668976,
					"rtt":	358,
					"rttvar":	104,
					"pmtu":	9000,
					"omitted":	false,
					"sender":	true
				}],
			"sum":	{
				"start":	60.00008,
				"end":	90.000088,
				"seconds":	30.000007629394531,
				"bytes":	15000010752,
				"bits_per_second":	4000001849.9469252,
				"retransmits":	0,
				"omitted":	false,
				"sender":	true
			}
		}],
	"end":	{
		"streams":	[{
				"sender":	{
					"socket":	5,
					"start":	0,
					"end":	90.000088,
					"seconds":	90.000088,
					"bytes":	44999639040,
					"bits_per_second":	3999964003.5907516,
					"retransmits":	0,
					"max_snd_cwnd":	668976,
					"max_rtt":	371,
					"min_rtt":	358,
					"mean_rtt":	364,
					"sender":	true
				},
				"receiver":	{
					"socket":	5,
					"start":	0,
					"end":	90.000217,
					"seconds":	90.000088,
					"bytes":	44999639040,
					"bits_per_second":	3999958270.3228369,
					"sender":	true
				}
			}],
		"sum_sent":	{
			"start":	0,
			"end":	90.000088,
			"seconds":	90.000088,
			"bytes":	44999639040,
			"bits_per_second":	3999964003.5907516,
			"retransmits":	0,
			"sender":	true
		},
		"sum_received":	{
			"start":	0,
			"end":	90.000217,
			"seconds":	90.000217,
			"bytes":	44999639040,
			"bits_per_second":	3999958270.3228369,
			"sender":	true
		},
		"cpu_utilization_percent":	{
			"host_total":	15.776406161283377,
			"host_user":	0,
			"host_system":	15.776406161283377,
			"remote_total":	34.897025949279538,
			"remote_user":	1.1975990846040281,
			"remote_system":	33.6994268646755
		},
		"sender_tcp_congestion":	"cubic",
		"receiver_tcp_congestion":	"reno"
	}
}
