{
	"start":	{
		"connected":	[{
				"socket":	5,
				"local_host":	"10.0.1.1",
				"local_port":	39320,
				"remote_host":	"10.0.0.1",
				"remote_port":	5201
			}],
		"version":	"iperf 3.9+",
		"system_info":	"Linux han-3 5.10.0 #9 SMP PREEMPT Tue Feb 23 15:01:43 PST 2021 x86_64",
		"timestamp":	{
			"time":	"Fri, 01 Mar 2024 12:19:03 GMT",
			"timesecs":	1709295543
		},
		"connecting_to":	{
			"host":	"10.0.0.1",
			"port":	5201
		},
		"cookie":	"rabvkzlmk7lkrnqsqh34t5xndnu5oc6cruy7",
		"tcp_mss_default":	1448,
		"target_bitrate":	5000000000,
		"sock_bufsize":	0,
		"sndbuf_actual":	16384,
		"rcvbuf_actual":	131072,
		"test_start":	{
			"protocol":	"TCP",
			"num_streams":	1,
			"blksize":	131072,
			"omit":	0,
			"duration":	100,
			"bytes":	0,
			"blocks":	0,
			"reverse":	0,
			"tos":	0
		}
	},
	"intervals":	[{
			"streams":	[{
					"socket":	5,
					"start":	0,
					"end":	60.00007,
					"seconds":	60.000068664550781,
					"bytes":	37499568128,
					"bits_per_second":	4999936695.093215,
					"retransmits":	0,
					"snd_cwnd":	802192,
					"rtt":	392,
					"rttvar":	100,
					"pmtu":	9000,
					"omitted":	false,
					"sender":	true
				}],
			"sum":	{
				"start":	0,
				"end":	60.00007,
				"seconds":	60.000068664550781,
				"bytes":	37499568128,
				"bits_per_second":	4999936695.093215,
				"retransmits":	0,
				"omitted":	false,
				"sender":	true
			}
		}, {
			"streams":	[{
					"socket":	5,
					"start":	60.00007,
					"end":	100.00008,
					"seconds":	40.0000114440918,
					"bytes":	25000017920,
					"bits_per_second":	5000002153.48791,
					"retransmits":	0,
					"snd_cwnd":	802192,
					"rtt":	416,
					"rttvar":	115,
					"pmtu":	9000,
					"omitted":	false,
					"sender":	true
				}],
			"sum":	{
				"start":	60.00007,
				"end":	100.00008,
				"seconds":	40.0000114440918,
				"bytes":	25000017920,
				"bits_per_second":	5000002153.48791,
				"retransmits":	0,
				"omitted":	false,
				"sender":	true
			}
		}],
	"end":	{
		"streams":	[{
				"sender":	{
					"socket":	5,
					"start":	0,
					"end":	100.00008,
					"seconds":	100.00008,
					"bytes":	62499586048,
					"bits_per_second":	4999962883.8696928,
					"retransmits":	0,
					"max_snd_cwnd":	802192,
					"max_rtt":	416,
					"min_rtt":	392,
					"mean_rtt":	404,
					"sender":	true
				},
				"receiver":	{
					"socket":	5,
					"start":	0,
					"end":	99.999816,
					"seconds":	100.00008,
					"bytes":	62499586048,
					"bits_per_second":	4999976083.7959948,
					"sender":	true
				}
			}],
		"sum_sent":	{
			"start":	0,
			"end":	100.00008,
			"seconds":	100.00008,
			"bytes":	62499586048,
			"bits_per_second":	4999962883.8696928,
			"retransmits":	0,
			"sender":	true
		},
		"sum_received":	{
			"start":	0,
			"end":	99.999816,
			"seconds":	99.999816,
			"bytes":	62499586048,
			"bits_per_second":	4999976083.7959948,
			"sender":	true
		},
		"cpu_utilization_percent":	{
			"host_total":	18.388872271468717,
			"host_user":	12.258628194321258,
			"host_system":	6.13024407714746,
			"remote_total":	31.130584014420577,
			"remote_user":	4.3723418602266566,
			"remote_system":	26.758242154193919
		},
		"sender_tcp_congestion":	"cubic",
		"receiver_tcp_congestion":	"reno"
	}
}
