{
	"start":	{
		"connected":	[{
				"socket":	5,
				"local_host":	"10.0.1.1",
				"local_port":	40884,
				"remote_host":	"10.0.0.1",
				"remote_port":	5201
			}],
		"version":	"iperf 3.9+",
		"system_info":	"Linux han-3 5.10.0 #9 SMP PREEMPT Tue Feb 23 15:01:43 PST 2021 x86_64",
		"timestamp":	{
			"time":	"Fri, 01 Mar 2024 17:34:21 GMT",
			"timesecs":	1709314461
		},
		"connecting_to":	{
			"host":	"10.0.0.1",
			"port":	5201
		},
		"cookie":	"hrt5ayqskbzorqfcv5cxk5xdsmtum7vuwo2u",
		"tcp_mss_default":	1448,
		"target_bitrate":	9000000000,
		"sock_bufsize":	0,
		"sndbuf_actual":	16384,
		"rcvbuf_actual":	131072,
		"test_start":	{
			"protocol":	"TCP",
			"num_streams":	1,
			"blksize":	131072,
			"omit":	0,
			"duration":	50,
			"bytes":	0,
			"blocks":	0,
			"reverse":	0,
			"tos":	0
		}
	},
	"intervals":	[{
			"streams":	[{
					"socket":	5,
					"start":	0,
					"end":	50.000086,
					"seconds":	50.0000877380371,
					"bytes":	56249417728,
					"bits_per_second":	8999891043.82451,
					"retransmits":	0,
					"snd_cwnd":	1608728,
					"rtt":	571,
					"rttvar":	132,
					"pmtu":	9000,
					"omitted":	false,
					"sender":	true
				}],
			"sum":	{
				"start":	0,
				"end":	50.000086,
				"seconds":	50.0000877380371,
				"bytes":	56249417728,
				"bits_per_second":	8999891043.82451,
				"retransmits":	0,
				"omitted":	false,
				"sender":	true
			}
		}],
	"end":	{
		"streams":	[{
				"sender":	{
					"socket":	5,
					"start":	0,
					"end":	50.000086,
					"seconds":	50.000086,
					"bytes":	56249417728,
					"bits_per_second":	8999891356.6668663,
					"retransmits":	0,
					"max_snd_cwnd":	1608728,
					"max_rtt":	571,
					"min_rtt":	571,
					"mean_rtt":	571,
					"sender":	true
				},
				"receiver":	{
					"socket":	5,
					"start":	0,
					"end":	49.999774,
					"seconds":	50.000086,
					"bytes":	56249351008,
					"bits_per_second":	8999936840.99452,
					"sender":	true
				}
			}],
		"sum_sent":	{
			"start":	0,
			"end":	50.000086,
			"seconds":	50.000086,
			"bytes":	56249417728,
			"bits_per_second":	8999891356.6668663,
			"retransmits":	0,
			"sender":	true
		},
		"sum_received":	{
			"start":	0,
			"end":	49.999774,
			"seconds":	49.999774,
			"bytes":	56249351008,
			"bits_per_second":	8999936840.99452,
			"sender":	true
		},
		"cpu_utilization_percent":	{
			"host_total":	26.898045045681414,
			"host_user":	0,
			"host_system":	26.898047045585578,
			"remote_total":	46.181045127282843,
			"remote_user":	4.7936026098668725,
			"remote_system":	41.387442517415977
		},
		"sender_tcp_congestion":	"cubic",
		"receiver_tcp_congestion":	"reno"
	}
}
