{
	"start":	{
		"connected":	[{
				"socket":	5,
				"local_host":	"10.0.1.1",
				"local_port":	50882,
				"remote_host":	"10.0.0.1",
				"remote_port":	5201
			}],
		"version":	"iperf 3.9+",
		"system_info":	"Linux han-3 5.10.0 #9 SMP PREEMPT Tue Feb 23 15:01:43 PST 2021 x86_64",
		"timestamp":	{
			"time":	"Sun, 03 Mar 2024 04:27:49 GMT",
			"timesecs":	1709440069
		},
		"connecting_to":	{
			"host":	"10.0.0.1",
			"port":	5201
		},
		"cookie":	"u7z4aguq5inpzsa5kspqo5umtjmk5oz2unfp",
		"tcp_mss_default":	1448,
		"target_bitrate":	2000000000,
		"sock_bufsize":	0,
		"sndbuf_actual":	16384,
		"rcvbuf_actual":	131072,
		"test_start":	{
			"protocol":	"TCP",
			"num_streams":	1,
			"blksize":	131072,
			"omit":	0,
			"duration":	30,
			"bytes":	0,
			"blocks":	0,
			"reverse":	0,
			"tos":	0
		}
	},
	"intervals":	[{
			"streams":	[{
					"socket":	5,
					"start":	0,
					"end":	30.000073,
					"seconds":	30.000072479248047,
					"bytes":	7499808768,
					"bits_per_second":	1999944172.9850068,
					"retransmits":	0,
					"snd_cwnd":	403992,
					"rtt":	295,
					"rttvar":	53,
					"pmtu":	9000,
					"omitted":	false,
					"sender":	true
				}],
			"sum":	{
				"start":	0,
				"end":	30.000073,
				"seconds":	30.000072479248047,
				"bytes":	7499808768,
				"bits_per_second":	1999944172.9850068,
				"retransmits":	0,
				"omitted":	false,
				"sender":	true
			}
		}],
	"end":	{
		"streams":	[{
				"sender":	{
					"socket":	5,
					"start":	0,
					"end":	30.000073,
					"seconds":	30.000073,
					"bytes":	7499808768,
					"bits_per_second":	1999944138.2692635,
					"retransmits":	0,
					"max_snd_cwnd":	403992,
					"max_rtt":	295,
					"min_rtt":	295,
					"mean_rtt":	295,
					"sender":	true
				},
				"receiver":	{
					"socket":	5,
					"start":	0,
					"end":	30.000167,
					"seconds":	30.000073,
					"bytes":	7499808768,
					"bits_per_second":	1999937871.8125136,
					"sender":	true
				}
			}],
		"sum_sent":	{
			"start":	0,
			"end":	30.000073,
			"seconds":	30.000073,
			"bytes":	7499808768,
			"bits_per_second":	1999944138.2692635,
			"retransmits":	0,
			"sender":	true
		},
		"sum_received":	{
			"start":	0,
			"end":	30.000167,
			"seconds":	30.000167,
			"bytes":	7499808768,
			"bits_per_second":	1999937871.8125136,
			"sender":	true
		},
		"cpu_utilization_percent":	{
			"host_total":	8.3819998362127048,
			"host_user":	1.6753833794292023,
			"host_system":	6.7066164567835029,
			"remote_total":	21.996359744266311,
			"remote_user":	0.23736935218276245,
			"remote_system":	21.75899039208355
		},
		"sender_tcp_congestion":	"cubic",
		"receiver_tcp_congestion":	"reno"
	}
}
