{
	"start":	{
		"connected":	[{
				"socket":	5,
				"local_host":	"10.0.1.1",
				"local_port":	48842,
				"remote_host":	"10.0.0.1",
				"remote_port":	5201
			}],
		"version":	"iperf 3.9+",
		"system_info":	"Linux han-3 5.10.0 #9 SMP PREEMPT Tue Feb 23 15:01:43 PST 2021 x86_64",
		"timestamp":	{
			"time":	"Sat, 02 Mar 2024 21:28:27 GMT",
			"timesecs":	1709414907
		},
		"connecting_to":	{
			"host":	"10.0.0.1",
			"port":	5201
		},
		"cookie":	"6sver7xmkqbfnxxzevl5u3jilfoduswhnihz",
		"tcp_mss_default":	1448,
		"target_bitrate":	7000000000,
		"sock_bufsize":	0,
		"sndbuf_actual":	16384,
		"rcvbuf_actual":	131072,
		"test_start":	{
			"protocol":	"TCP",
			"num_streams":	1,
			"blksize":	131072,
			"omit":	0,
			"duration":	70,
			"bytes":	0,
			"blocks":	0,
			"reverse":	0,
			"tos":	0
		}
	},
	"intervals":	[{
			"streams":	[{
					"socket":	5,
					"start":	0,
					"end":	60.000061,
					"seconds":	60.00006103515625,
					"bytes":	52499447808,
					"bits_per_second":	6999919253.71391,
					"retransmits":	0,
					"snd_cwnd":	3467960,
					"rtt":	522,
					"rttvar":	117,
					"pmtu":	9000,
					"omitted":	false,
					"sender":	true
				}],
			"sum":	{
				"start":	0,
				"end":	60.000061,
				"seconds":	60.00006103515625,
				"bytes":	52499447808,
				"bits_per_second":	6999919253.71391,
				"retransmits":	0,
				"omitted":	false,
				"sender":	true
			}
		}, {
			"streams":	[{
					"socket":	5,
					"start":	60.000061,
					"end":	70.000085,
					"seconds":	10.00002384185791,
					"bytes":	8749973504,
					"bits_per_second":	6999962113.98979,
					"retransmits":	0,
					"snd_cwnd":	3467960,
					"rtt":	563,
					"rttvar":	149,
					"pmtu":	9000,
					"omitted":	false,
					"sender":	true
				}],
			"sum":	{
				"start":	60.000061,
				"end":	70.000085,
				"seconds":	10.00002384185791,
				"bytes":	8749973504,
				"bits_per_second":	6999962113.98979,
				"retransmits":	0,
				"omitted":	false,
				"sender":	true
			}
		}],
	"end":	{
		"streams":	[{
				"sender":	{
					"socket":	5,
					"start":	0,
					"end":	70.000085,
					"seconds":	70.000085,
					"bytes":	61249421312,
					"bits_per_second":	6999925364.3192,
					"retransmits":	0,
					"max_snd_cwnd":	3467960,
					"max_rtt":	563,
					"min_rtt":	522,
					"mean_rtt":	542,
					"sender":	true
				},
				"receiver":	{
					"socket":	5,
					"start":	0,
					"end":	70.000627,
					"seconds":	70.000085,
					"bytes":	61249421312,
					"bits_per_second":	6999871165.3825617,
					"sender":	true
				}
			}],
		"sum_sent":	{
			"start":	0,
			"end":	70.000085,
			"seconds":	70.000085,
			"bytes":	61249421312,
			"bits_per_second":	6999925364.3192,
			"retransmits":	0,
			"sender":	true
		},
		"sum_received":	{
			"start":	0,
			"end":	70.000627,
			"seconds":	70.000627,
			"bytes":	61249421312,
			"bits_per_second":	6999871165.3825617,
			"sender":	true
		},
		"cpu_utilization_percent":	{
			"host_total":	61.536324800854189,
			"host_user":	1.5007112034151477,
			"host_system":	60.035613597439038,
			"remote_total":	41.914376105148364,
			"remote_user":	8.9210449476987961,
			"remote_system":	32.993328303082826
		},
		"sender_tcp_congestion":	"cubic",
		"receiver_tcp_congestion":	"reno"
	}
}
