{
	"start":	{
		"connected":	[{
				"socket":	5,
				"local_host":	"10.0.1.1",
				"local_port":	43024,
				"remote_host":	"10.0.0.1",
				"remote_port":	5201
			}],
		"version":	"iperf 3.9+",
		"system_info":	"Linux han-3 5.10.0 #9 SMP PREEMPT Tue Feb 23 15:01:43 PST 2021 x86_64",
		"timestamp":	{
			"time":	"Sat, 02 Mar 2024 01:05:08 GMT",
			"timesecs":	1709341508
		},
		"connecting_to":	{
			"host":	"10.0.0.1",
			"port":	5201
		},
		"cookie":	"zv3ykao5pdfy7wdlgxghudncqpaj3kggaeau",
		"tcp_mss_default":	1448,
		"target_bitrate":	4000000000,
		"sock_bufsize":	0,
		"sndbuf_actual":	16384,
		"rcvbuf_actual":	131072,
		"test_start":	{
			"protocol":	"TCP",
			"num_streams":	1,
			"blksize":	131072,
			"omit":	0,
			"duration":	40,
			"bytes":	0,
			"blocks":	0,
			"reverse":	0,
			"tos":	0
		}
	},
	"intervals":	[{
			"streams":	[{
					"socket":	5,
					"start":	0,
					"end":	40.000163,
					"seconds":	40.000164031982422,
					"bytes":	19999621120,
					"bits_per_second":	3999907821.1797647,
					"retransmits":	0,
					"snd_cwnd":	860112,
					"rtt":	301,
					"rttvar":	65,
					"pmtu":	9000,
					"omitted":	false,
					"sender":	true
				}],
			"sum":	{
				"start":	0,
				"end":	40.000163,
				"seconds":	40.000164031982422,
				"bytes":	19999621120,
				"bits_per_second":	3999907821.1797647,
				"retransmits":	0,
				"omitted":	false,
				"sender":	true
			}
		}],
	"end":	{
		"streams":	[{
				"sender":	{
					"socket":	5,
					"start":	0,
					"end":	40.000163,
					"seconds":	40.000163,
					"bytes":	19999621120,
					"bits_per_second":	3999907924.3752079,
					"retransmits":	0,
					"max_snd_cwnd":	860112,
					"max_rtt":	301,
					"min_rtt":	301,
					"mean_rtt":	301,
					"sender":	true
				},
				"receiver":	{
					"socket":	5,
					"start":	0,
					"end":	40.000201,
					"seconds":	40.000163,
					"bytes":	19999621120,
					"bits_per_second":	3999904124.4817748,
					"sender":	true
				}
			}],
		"sum_sent":	{
			"start":	0,
			"end":	40.000163,
			"seconds":	40.000163,
			"bytes":	19999621120,
			"bits_per_second":	3999907924.3752079,
			"retransmits":	0,
			"sender":	true
		},
		"sum_received":	{
			"start":	0,
			"end":	40.000201,
			"seconds":	40.000201,
			"bytes":	19999621120,
			"bits_per_second":	3999904124.4817748,
			"sender":	true
		},
		"cpu_utilization_percent":	{
			"host_total":	21.830016006086055,
			"host_user":	0.675541426584542,
			"host_system":	21.154469579786994,
			"remote_total":	30.3149042878714,
			"remote_user":	1.5258689390973659,
			"remote_system":	28.789035348774039
		},
		"sender_tcp_congestion":	"cubic",
		"receiver_tcp_congestion":	"reno"
	}
}
