{
	"start":	{
		"connected":	[{
				"socket":	5,
				"local_host":	"10.0.1.1",
				"local_port":	43514,
				"remote_host":	"10.0.0.1",
				"remote_port":	5201
			}],
		"version":	"iperf 3.9+",
		"system_info":	"Linux han-3 5.10.0 #9 SMP PREEMPT Tue Feb 23 15:01:43 PST 2021 x86_64",
		"timestamp":	{
			"time":	"Sat, 02 Mar 2024 02:46:34 GMT",
			"timesecs":	1709347594
		},
		"connecting_to":	{
			"host":	"10.0.0.1",
			"port":	5201
		},
		"cookie":	"tmuxlycwvuezyhvnv6ngs73vxzjpdv32vnoc",
		"tcp_mss_default":	1448,
		"target_bitrate":	5000000000,
		"sock_bufsize":	0,
		"sndbuf_actual":	16384,
		"rcvbuf_actual":	131072,
		"test_start":	{
			"protocol":	"TCP",
			"num_streams":	1,
			"blksize":	131072,
			"omit":	0,
			"duration":	60,
			"bytes":	0,
			"blocks":	0,
			"reverse":	0,
			"tos":	0
		}
	},
	"intervals":	[{
			"streams":	[{
					"socket":	5,
					"start":	0,
					"end":	60.000056,
					"seconds":	60.000057220458984,
					"bytes":	37499568128,
					"bits_per_second":	4999937648.7545471,
					"retransmits":	0,
					"snd_cwnd":	831152,
					"rtt":	419,
					"rttvar":	95,
					"pmtu":	9000,
					"omitted":	false,
					"sender":	true
				}],
			"sum":	{
				"start":	0,
				"end":	60.000056,
				"seconds":	60.000057220458984,
				"bytes":	37499568128,
				"bits_per_second":	4999937648.7545471,
				"retransmits":	0,
				"omitted":	false,
				"sender":	true
			}
		}],
	"end":	{
		"streams":	[{
				"sender":	{
					"socket":	5,
					"start":	0,
					"end":	60.000056,
					"seconds":	60.000056,
					"bytes":	37499568128,
					"bits_per_second":	4999937750.4581,
					"retransmits":	0,
					"max_snd_cwnd":	831152,
					"max_rtt":	419,
					"min_rtt":	419,
					"mean_rtt":	419,
					"sender":	true
				},
				"receiver":	{
					"socket":	5,
					"start":	0,
					"end":	60.000044,
					"seconds":	60.000056,
					"bytes":	37499568128,
					"bits_per_second":	4999938750.4449158,
					"sender":	true
				}
			}],
		"sum_sent":	{
			"start":	0,
			"end":	60.000056,
			"seconds":	60.000056,
			"bytes":	37499568128,
			"bits_per_second":	4999937750.4581,
			"retransmits":	0,
			"sender":	true
		},
		"sum_received":	{
			"start":	0,
			"end":	60.000044,
			"seconds":	60.000044,
			"bytes":	37499568128,
			"bits_per_second":	4999938750.4449158,
			"sender":	true
		},
		"cpu_utilization_percent":	{
			"host_total":	18.530784083002587,
			"host_user":	6.9485819660596082,
			"host_system":	11.582203783543758,
			"remote_total":	36.137335195306264,
			"remote_user":	1.3246617395217941,
			"remote_system":	34.812671790672212
		},
		"sender_tcp_congestion":	"cubic",
		"receiver_tcp_congestion":	"reno"
	}
}
