{
	"start":	{
		"connected":	[{
				"socket":	5,
				"local_host":	"10.0.1.1",
				"local_port":	41260,
				"remote_host":	"10.0.0.1",
				"remote_port":	5201
			}],
		"version":	"iperf 3.9+",
		"system_info":	"Linux han-3 5.10.0 #9 SMP PREEMPT Tue Feb 23 15:01:43 PST 2021 x86_64",
		"timestamp":	{
			"time":	"Fri, 01 Mar 2024 18:55:25 GMT",
			"timesecs":	1709319325
		},
		"connecting_to":	{
			"host":	"10.0.0.1",
			"port":	5201
		},
		"cookie":	"isskcb5cwgboqh3eqawteli5zpgz2hcrlqgk",
		"tcp_mss_default":	1448,
		"target_bitrate":	10000000000,
		"sock_bufsize":	0,
		"sndbuf_actual":	16384,
		"rcvbuf_actual":	131072,
		"test_start":	{
			"protocol":	"TCP",
			"num_streams":	1,
			"blksize":	131072,
			"omit":	0,
			"duration":	40,
			"bytes":	0,
			"blocks":	0,
			"reverse":	0,
			"tos":	0
		}
	},
	"intervals":	[{
			"streams":	[{
					"socket":	5,
					"start":	0,
					"end":	40.000204,
					"seconds":	40.000202178955078,
					"bytes":	47073460224,
					"bits_per_second":	9414644458.725523,
					"retransmits":	0,
					"snd_cwnd":	1649272,
					"rtt":	1109,
					"rttvar":	47,
					"pmtu":	9000,
					"omitted":	false,
					"sender":	true
				}],
			"sum":	{
				"start":	0,
				"end":	40.000204,
				"seconds":	40.000202178955078,
				"bytes":	47073460224,
				"bits_per_second":	9414644458.725523,
				"retransmits":	0,
				"omitted":	false,
				"sender":	true
			}
		}],
	"end":	{
		"streams":	[{
				"sender":	{
					"socket":	5,
					"start":	0,
					"end":	40.000204,
					"seconds":	40.000204,
					"bytes":	47073460224,
					"bits_per_second":	9414644030.11545,
					"retransmits":	0,
					"max_snd_cwnd":	1649272,
					"max_rtt":	1109,
					"min_rtt":	1109,
					"mean_rtt":	1109,
					"sender":	true
				},
				"receiver":	{
					"socket":	5,
					"start":	0,
					"end":	40.000678,
					"seconds":	40.000204,
					"bytes":	47071309736,
					"bits_per_second":	9414102378.16469,
					"sender":	true
				}
			}],
		"sum_sent":	{
			"start":	0,
			"end":	40.000204,
			"seconds":	40.000204,
			"bytes":	47073460224,
			"bits_per_second":	9414644030.11545,
			"retransmits":	0,
			"sender":	true
		},
		"sum_received":	{
			"start":	0,
			"end":	40.000678,
			"seconds":	40.000678,
			"bytes":	47071309736,
			"bits_per_second":	9414102378.16469,
			"sender":	true
		},
		"cpu_utilization_percent":	{
			"host_total":	19.384048605674657,
			"host_user":	2.1618059958744653,
			"host_system":	17.22224260980019,
			"remote_total":	47.462177576346157,
			"remote_user":	1.277323824216164,
			"remote_system":	46.18485375213
		},
		"sender_tcp_congestion":	"cubic",
		"receiver_tcp_congestion":	"reno"
	}
}
