{
	"start":	{
		"connected":	[{
				"socket":	5,
				"local_host":	"10.0.1.1",
				"local_port":	48802,
				"remote_host":	"10.0.0.1",
				"remote_port":	5201
			}],
		"version":	"iperf 3.9+",
		"system_info":	"Linux han-3 5.10.0 #9 SMP PREEMPT Tue Feb 23 15:01:43 PST 2021 x86_64",
		"timestamp":	{
			"time":	"Sat, 02 Mar 2024 21:17:56 GMT",
			"timesecs":	1709414276
		},
		"connecting_to":	{
			"host":	"10.0.0.1",
			"port":	5201
		},
		"cookie":	"bmbkngf7cad2cf6gwdzapncint7yedkx33ey",
		"tcp_mss_default":	1448,
		"target_bitrate":	7000000000,
		"sock_bufsize":	0,
		"sndbuf_actual":	16384,
		"rcvbuf_actual":	131072,
		"test_start":	{
			"protocol":	"TCP",
			"num_streams":	1,
			"blksize":	131072,
			"omit":	0,
			"duration":	70,
			"bytes":	0,
			"blocks":	0,
			"reverse":	0,
			"tos":	0
		}
	},
	"intervals":	[{
			"streams":	[{
					"socket":	5,
					"start":	0,
					"end":	60.000238,
					"seconds":	60.000236511230469,
					"bytes":	52348583936,
					"bits_per_second":	6979783678.1795645,
					"retransmits":	0,
					"snd_cwnd":	3507056,
					"rtt":	243,
					"rttvar":	53,
					"pmtu":	9000,
					"omitted":	false,
					"sender":	true
				}],
			"sum":	{
				"start":	0,
				"end":	60.000238,
				"seconds":	60.000236511230469,
				"bytes":	52348583936,
				"bits_per_second":	6979783678.1795645,
				"retransmits":	0,
				"omitted":	false,
				"sender":	true
			}
		}, {
			"streams":	[{
					"socket":	5,
					"start":	60.000238,
					"end":	70.000205,
					"seconds":	9.9999666213989258,
					"bytes":	8793751552,
					"bits_per_second":	7035024723.52838,
					"retransmits":	0,
					"snd_cwnd":	3507056,
					"rtt":	286,
					"rttvar":	74,
					"pmtu":	9000,
					"omitted":	false,
					"sender":	true
				}],
			"sum":	{
				"start":	60.000238,
				"end":	70.000205,
				"seconds":	9.9999666213989258,
				"bytes":	8793751552,
				"bits_per_second":	7035024723.52838,
				"retransmits":	0,
				"omitted":	false,
				"sender":	true
			}
		}],
	"end":	{
		"streams":	[{
				"sender":	{
					"socket":	5,
					"start":	0,
					"end":	70.000205,
					"seconds":	70.000205,
					"bytes":	61142335488,
					"bits_per_second":	6987675020.43744,
					"retransmits":	0,
					"max_snd_cwnd":	3507056,
					"max_rtt":	286,
					"min_rtt":	243,
					"mean_rtt":	264,
					"sender":	true
				},
				"receiver":	{
					"socket":	5,
					"start":	0,
					"end":	70.000203,
					"seconds":	70.000205,
					"bytes":	61142333984,
					"bits_per_second":	6987675048.1995029,
					"sender":	true
				}
			}],
		"sum_sent":	{
			"start":	0,
			"end":	70.000205,
			"seconds":	70.000205,
			"bytes":	61142335488,
			"bits_per_second":	6987675020.43744,
			"retransmits":	0,
			"sender":	true
		},
		"sum_received":	{
			"start":	0,
			"end":	70.000203,
			"seconds":	70.000203,
			"bytes":	61142333984,
			"bits_per_second":	6987675048.1995029,
			"sender":	true
		},
		"cpu_utilization_percent":	{
			"host_total":	58.90625706895316,
			"host_user":	1.140889308537939,
			"host_system":	57.765373474504287,
			"remote_total":	42.536989493107676,
			"remote_user":	4.0576490560852978,
			"remote_system":	38.479341864069639
		},
		"sender_tcp_congestion":	"cubic",
		"receiver_tcp_congestion":	"reno"
	}
}
