{
	"start":	{
		"connected":	[{
				"socket":	5,
				"local_host":	"10.0.1.1",
				"local_port":	37892,
				"remote_host":	"10.0.0.1",
				"remote_port":	5201
			}],
		"version":	"iperf 3.9+",
		"system_info":	"Linux han-3 5.10.0 #9 SMP PREEMPT Tue Feb 23 15:01:43 PST 2021 x86_64",
		"timestamp":	{
			"time":	"Fri, 01 Mar 2024 07:08:26 GMT",
			"timesecs":	1709276906
		},
		"connecting_to":	{
			"host":	"10.0.0.1",
			"port":	5201
		},
		"cookie":	"vmvjkhfu7zc6s2wtczix2enz2uxtpqi6o7q3",
		"tcp_mss_default":	1448,
		"target_bitrate":	2000000000,
		"sock_bufsize":	0,
		"sndbuf_actual":	16384,
		"rcvbuf_actual":	131072,
		"test_start":	{
			"protocol":	"TCP",
			"num_streams":	1,
			"blksize":	131072,
			"omit":	0,
			"duration":	70,
			"bytes":	0,
			"blocks":	0,
			"reverse":	0,
			"tos":	0
		}
	},
	"intervals":	[{
			"streams":	[{
					"socket":	5,
					"start":	0,
					"end":	60.000061,
					"seconds":	60.00006103515625,
					"bytes":	14999879680,
					"bits_per_second":	1999981922.846514,
					"retransmits":	0,
					"snd_cwnd":	408336,
					"rtt":	311,
					"rttvar":	57,
					"pmtu":	9000,
					"omitted":	false,
					"sender":	true
				}],
			"sum":	{
				"start":	0,
				"end":	60.000061,
				"seconds":	60.00006103515625,
				"bytes":	14999879680,
				"bits_per_second":	1999981922.846514,
				"retransmits":	0,
				"omitted":	false,
				"sender":	true
			}
		}, {
			"streams":	[{
					"socket":	5,
					"start":	60.000061,
					"end":	70.000081,
					"seconds":	10.000020027160645,
					"bytes":	2499936256,
					"bits_per_second":	1999944999.4780216,
					"retransmits":	0,
					"snd_cwnd":	408336,
					"rtt":	311,
					"rttvar":	52,
					"pmtu":	9000,
					"omitted":	false,
					"sender":	true
				}],
			"sum":	{
				"start":	60.000061,
				"end":	70.000081,
				"seconds":	10.000020027160645,
				"bytes":	2499936256,
				"bits_per_second":	1999944999.4780216,
				"retransmits":	0,
				"omitted":	false,
				"sender":	true
			}
		}],
	"end":	{
		"streams":	[{
				"sender":	{
					"socket":	5,
					"start":	0,
					"end":	70.000081,
					"seconds":	70.000081,
					"bytes":	17499815936,
					"bits_per_second":	1999976649.8555911,
					"retransmits":	0,
					"max_snd_cwnd":	408336,
					"max_rtt":	311,
					"min_rtt":	311,
					"mean_rtt":	311,
					"sender":	true
				},
				"receiver":	{
					"socket":	5,
					"start":	0,
					"end":	69.999972,
					"seconds":	70.000081,
					"bytes":	17499815936,
					"bits_per_second":	1999979764.1061914,
					"sender":	true
				}
			}],
		"sum_sent":	{
			"start":	0,
			"end":	70.000081,
			"seconds":	70.000081,
			"bytes":	17499815936,
			"bits_per_second":	1999976649.8555911,
			"retransmits":	0,
			"sender":	true
		},
		"sum_received":	{
			"start":	0,
			"end":	69.999972,
			"seconds":	69.999972,
			"bytes":	17499815936,
			"bits_per_second":	1999979764.1061914,
			"sender":	true
		},
		"cpu_utilization_percent":	{
			"host_total":	9.60054397998931,
			"host_user":	4.7991263178533075,
			"host_system":	4.801417662136,
			"remote_total":	21.444530084392358,
			"remote_user":	0.8903253417299,
			"remote_system":	20.554209025770291
		},
		"sender_tcp_congestion":	"cubic",
		"receiver_tcp_congestion":	"reno"
	}
}
