{
	"start":	{
		"connected":	[{
				"socket":	5,
				"local_host":	"10.0.1.1",
				"local_port":	42292,
				"remote_host":	"10.0.0.1",
				"remote_port":	5201
			}],
		"version":	"iperf 3.9+",
		"system_info":	"Linux han-3 5.10.0 #9 SMP PREEMPT Tue Feb 23 15:01:43 PST 2021 x86_64",
		"timestamp":	{
			"time":	"Fri, 01 Mar 2024 22:32:58 GMT",
			"timesecs":	1709332378
		},
		"connecting_to":	{
			"host":	"10.0.0.1",
			"port":	5201
		},
		"cookie":	"xbvn5dd4ljpamlfznnb6q3ay3snguiqm6ntp",
		"tcp_mss_default":	1448,
		"target_bitrate":	2000000000,
		"sock_bufsize":	0,
		"sndbuf_actual":	16384,
		"rcvbuf_actual":	131072,
		"test_start":	{
			"protocol":	"TCP",
			"num_streams":	1,
			"blksize":	131072,
			"omit":	0,
			"duration":	80,
			"bytes":	0,
			"blocks":	0,
			"reverse":	0,
			"tos":	0
		}
	},
	"intervals":	[{
			"streams":	[{
					"socket":	5,
					"start":	0,
					"end":	60.000061,
					"seconds":	60.00006103515625,
					"bytes":	14999879680,
					"bits_per_second":	1999981922.846514,
					"retransmits":	0,
					"snd_cwnd":	477840,
					"rtt":	298,
					"rttvar":	64,
					"pmtu":	9000,
					"omitted":	false,
					"sender":	true
				}],
			"sum":	{
				"start":	0,
				"end":	60.000061,
				"seconds":	60.00006103515625,
				"bytes":	14999879680,
				"bits_per_second":	1999981922.846514,
				"retransmits":	0,
				"omitted":	false,
				"sender":	true
			}
		}, {
			"streams":	[{
					"socket":	5,
					"start":	60.000061,
					"end":	80.000079,
					"seconds":	20.0000171661377,
					"bytes":	5000003584,
					"bits_per_second":	1999999716.9864733,
					"retransmits":	0,
					"snd_cwnd":	556032,
					"rtt":	298,
					"rttvar":	69,
					"pmtu":	9000,
					"omitted":	false,
					"sender":	true
				}],
			"sum":	{
				"start":	60.000061,
				"end":	80.000079,
				"seconds":	20.0000171661377,
				"bytes":	5000003584,
				"bits_per_second":	1999999716.9864733,
				"retransmits":	0,
				"omitted":	false,
				"sender":	true
			}
		}],
	"end":	{
		"streams":	[{
				"sender":	{
					"socket":	5,
					"start":	0,
					"end":	80.000079,
					"seconds":	80.000079,
					"bytes":	19999883264,
					"bits_per_second":	1999986351.4134779,
					"retransmits":	0,
					"max_snd_cwnd":	556032,
					"max_rtt":	298,
					"min_rtt":	298,
					"mean_rtt":	298,
					"sender":	true
				},
				"receiver":	{
					"socket":	5,
					"start":	0,
					"end":	80.000314,
					"seconds":	80.000079,
					"bytes":	19999883264,
					"bits_per_second":	1999980476.47663,
					"sender":	true
				}
			}],
		"sum_sent":	{
			"start":	0,
			"end":	80.000079,
			"seconds":	80.000079,
			"bytes":	19999883264,
			"bits_per_second":	1999986351.4134779,
			"retransmits":	0,
			"sender":	true
		},
		"sum_received":	{
			"start":	0,
			"end":	80.000314,
			"seconds":	80.000314,
			"bytes":	19999883264,
			"bits_per_second":	1999980476.47663,
			"sender":	true
		},
		"cpu_utilization_percent":	{
			"host_total":	9.6842251205328953,
			"host_user":	0,
			"host_system":	9.6842251205328953,
			"remote_total":	21.625787813499162,
			"remote_user":	1.2538979743922767,
			"remote_system":	20.371889839106885
		},
		"sender_tcp_congestion":	"cubic",
		"receiver_tcp_congestion":	"reno"
	}
}
