{
	"start":	{
		"connected":	[{
				"socket":	5,
				"local_host":	"10.0.1.1",
				"local_port":	46964,
				"remote_host":	"10.0.0.1",
				"remote_port":	5201
			}],
		"version":	"iperf 3.9+",
		"system_info":	"Linux han-3 5.10.0 #9 SMP PREEMPT Tue Feb 23 15:01:43 PST 2021 x86_64",
		"timestamp":	{
			"time":	"Sat, 02 Mar 2024 14:51:44 GMT",
			"timesecs":	1709391104
		},
		"connecting_to":	{
			"host":	"10.0.0.1",
			"port":	5201
		},
		"cookie":	"ebzbp6sgreya6ui5zjzyq5ydbohc5s2ymb2m",
		"tcp_mss_default":	1448,
		"target_bitrate":	3000000000,
		"sock_bufsize":	0,
		"sndbuf_actual":	16384,
		"rcvbuf_actual":	131072,
		"test_start":	{
			"protocol":	"TCP",
			"num_streams":	1,
			"blksize":	131072,
			"omit":	0,
			"duration":	40,
			"bytes":	0,
			"blocks":	0,
			"reverse":	0,
			"tos":	0
		}
	},
	"intervals":	[{
			"streams":	[{
					"socket":	5,
					"start":	0,
					"end":	40.000333,
					"seconds":	40.0003318786621,
					"bytes":	14999748608,
					"bits_per_second":	2999924831.3240137,
					"retransmits":	0,
					"snd_cwnd":	628432,
					"rtt":	309,
					"rttvar":	99,
					"pmtu":	9000,
					"omitted":	false,
					"sender":	true
				}],
			"sum":	{
				"start":	0,
				"end":	40.000333,
				"seconds":	40.0003318786621,
				"bytes":	14999748608,
				"bits_per_second":	2999924831.3240137,
				"retransmits":	0,
				"omitted":	false,
				"sender":	true
			}
		}],
	"end":	{
		"streams":	[{
				"sender":	{
					"socket":	5,
					"start":	0,
					"end":	40.000333,
					"seconds":	40.000333,
					"bytes":	14999748608,
					"bits_per_second":	2999924747.22648,
					"retransmits":	0,
					"max_snd_cwnd":	628432,
					"max_rtt":	309,
					"min_rtt":	309,
					"mean_rtt":	309,
					"sender":	true
				},
				"receiver":	{
					"socket":	5,
					"start":	0,
					"end":	40.000585,
					"seconds":	40.000333,
					"bytes":	14999748608,
					"bits_per_second":	2999905847.9769731,
					"sender":	true
				}
			}],
		"sum_sent":	{
			"start":	0,
			"end":	40.000333,
			"seconds":	40.000333,
			"bytes":	14999748608,
			"bits_per_second":	2999924747.22648,
			"retransmits":	0,
			"sender":	true
		},
		"sum_received":	{
			"start":	0,
			"end":	40.000585,
			"seconds":	40.000585,
			"bytes":	14999748608,
			"bits_per_second":	2999905847.9769731,
			"sender":	true
		},
		"cpu_utilization_percent":	{
			"host_total":	25.32900741386921,
			"host_user":	0.69984711491459772,
			"host_system":	24.629165298630383,
			"remote_total":	29.38513718788,
			"remote_user":	1.4617107325443155,
			"remote_system":	27.923423960212162
		},
		"sender_tcp_congestion":	"cubic",
		"receiver_tcp_congestion":	"reno"
	}
}
