{
	"start":	{
		"connected":	[{
				"socket":	5,
				"local_host":	"10.0.1.1",
				"local_port":	48648,
				"remote_host":	"10.0.0.1",
				"remote_port":	5201
			}],
		"version":	"iperf 3.9+",
		"system_info":	"Linux han-3 5.10.0 #9 SMP PREEMPT Tue Feb 23 15:01:43 PST 2021 x86_64",
		"timestamp":	{
			"time":	"Sat, 02 Mar 2024 20:49:54 GMT",
			"timesecs":	1709412594
		},
		"connecting_to":	{
			"host":	"10.0.0.1",
			"port":	5201
		},
		"cookie":	"7swrtv4wmyuzc7hh4cgm3cryrizmoelik2iq",
		"tcp_mss_default":	1448,
		"target_bitrate":	7000000000,
		"sock_bufsize":	0,
		"sndbuf_actual":	16384,
		"rcvbuf_actual":	131072,
		"test_start":	{
			"protocol":	"TCP",
			"num_streams":	1,
			"blksize":	131072,
			"omit":	0,
			"duration":	30,
			"bytes":	0,
			"blocks":	0,
			"reverse":	0,
			"tos":	0
		}
	},
	"intervals":	[{
			"streams":	[{
					"socket":	5,
					"start":	0,
					"end":	30.000243,
					"seconds":	30.000242233276367,
					"bytes":	26191331328,
					"bits_per_second":	6984298626.48202,
					"retransmits":	0,
					"snd_cwnd":	2829392,
					"rtt":	1111,
					"rttvar":	26,
					"pmtu":	9000,
					"omitted":	false,
					"sender":	true
				}],
			"sum":	{
				"start":	0,
				"end":	30.000243,
				"seconds":	30.000242233276367,
				"bytes":	26191331328,
				"bits_per_second":	6984298626.48202,
				"retransmits":	0,
				"omitted":	false,
				"sender":	true
			}
		}],
	"end":	{
		"streams":	[{
				"sender":	{
					"socket":	5,
					"start":	0,
					"end":	30.000243,
					"seconds":	30.000243,
					"bytes":	26191331328,
					"bits_per_second":	6984298447.98257,
					"retransmits":	0,
					"max_snd_cwnd":	2829392,
					"max_rtt":	1111,
					"min_rtt":	1111,
					"mean_rtt":	1111,
					"sender":	true
				},
				"receiver":	{
					"socket":	5,
					"start":	0,
					"end":	30.000625,
					"seconds":	30.000243,
					"bytes":	26189213752,
					"bits_per_second":	6983644841.2658072,
					"sender":	true
				}
			}],
		"sum_sent":	{
			"start":	0,
			"end":	30.000243,
			"seconds":	30.000243,
			"bytes":	26191331328,
			"bits_per_second":	6984298447.98257,
			"retransmits":	0,
			"sender":	true
		},
		"sum_received":	{
			"start":	0,
			"end":	30.000625,
			"seconds":	30.000625,
			"bytes":	26189213752,
			"bits_per_second":	6983644841.2658072,
			"sender":	true
		},
		"cpu_utilization_percent":	{
			"host_total":	67.2644458108442,
			"host_user":	1.4345019606295559,
			"host_system":	65.8299438502146,
			"remote_total":	41.5530580218911,
			"remote_user":	5.6431640465790016,
			"remote_system":	35.9098939753121
		},
		"sender_tcp_congestion":	"cubic",
		"receiver_tcp_congestion":	"reno"
	}
}
