{
	"start":	{
		"connected":	[{
				"socket":	5,
				"local_host":	"10.0.1.1",
				"local_port":	48556,
				"remote_host":	"10.0.0.1",
				"remote_port":	5201
			}],
		"version":	"iperf 3.9+",
		"system_info":	"Linux han-3 5.10.0 #9 SMP PREEMPT Tue Feb 23 15:01:43 PST 2021 x86_64",
		"timestamp":	{
			"time":	"Sat, 02 Mar 2024 20:43:12 GMT",
			"timesecs":	1709412192
		},
		"connecting_to":	{
			"host":	"10.0.0.1",
			"port":	5201
		},
		"cookie":	"gbqinufu45rupbkkdlzrcs3hs4fz3gnsf4lo",
		"tcp_mss_default":	1448,
		"target_bitrate":	7000000000,
		"sock_bufsize":	0,
		"sndbuf_actual":	16384,
		"rcvbuf_actual":	131072,
		"test_start":	{
			"protocol":	"TCP",
			"num_streams":	1,
			"blksize":	131072,
			"omit":	0,
			"duration":	10,
			"bytes":	0,
			"blocks":	0,
			"reverse":	0,
			"tos":	0
		}
	},
	"intervals":	[{
			"streams":	[{
					"socket":	5,
					"start":	0,
					"end":	10.000249,
					"seconds":	10.000248908996582,
					"bytes":	8749318144,
					"bits_per_second":	6999280296.816452,
					"retransmits":	0,
					"snd_cwnd":	1631896,
					"rtt":	501,
					"rttvar":	154,
					"pmtu":	9000,
					"omitted":	false,
					"sender":	true
				}],
			"sum":	{
				"start":	0,
				"end":	10.000249,
				"seconds":	10.000248908996582,
				"bytes":	8749318144,
				"bits_per_second":	6999280296.816452,
				"retransmits":	0,
				"omitted":	false,
				"sender":	true
			}
		}],
	"end":	{
		"streams":	[{
				"sender":	{
					"socket":	5,
					"start":	0,
					"end":	10.000249,
					"seconds":	10.000249,
					"bytes":	8749318144,
					"bits_per_second":	6999280233.1221952,
					"retransmits":	0,
					"max_snd_cwnd":	1631896,
					"max_rtt":	501,
					"min_rtt":	501,
					"mean_rtt":	501,
					"sender":	true
				},
				"receiver":	{
					"socket":	5,
					"start":	0,
					"end":	10.000446,
					"seconds":	10.000249,
					"bytes":	8749318144,
					"bits_per_second":	6999142353.4510355,
					"sender":	true
				}
			}],
		"sum_sent":	{
			"start":	0,
			"end":	10.000249,
			"seconds":	10.000249,
			"bytes":	8749318144,
			"bits_per_second":	6999280233.1221952,
			"retransmits":	0,
			"sender":	true
		},
		"sum_received":	{
			"start":	0,
			"end":	10.000446,
			"seconds":	10.000446,
			"bytes":	8749318144,
			"bits_per_second":	6999142353.4510355,
			"sender":	true
		},
		"cpu_utilization_percent":	{
			"host_total":	36.936611164153142,
			"host_user":	0.81746154730543719,
			"host_system":	36.1191896066503,
			"remote_total":	42.759477424400885,
			"remote_user":	0,
			"remote_system":	42.759477424400885
		},
		"sender_tcp_congestion":	"cubic",
		"receiver_tcp_congestion":	"reno"
	}
}
