{
	"start":	{
		"connected":	[{
				"socket":	5,
				"local_host":	"10.0.1.1",
				"local_port":	48344,
				"remote_host":	"10.0.0.1",
				"remote_port":	5201
			}],
		"version":	"iperf 3.9+",
		"system_info":	"Linux han-3 5.10.0 #9 SMP PREEMPT Tue Feb 23 15:01:43 PST 2021 x86_64",
		"timestamp":	{
			"time":	"Sat, 02 Mar 2024 19:41:08 GMT",
			"timesecs":	1709408468
		},
		"connecting_to":	{
			"host":	"10.0.0.1",
			"port":	5201
		},
		"cookie":	"vjrcmk2cqque53dwsptc7rm3phsmckghzv7u",
		"tcp_mss_default":	1448,
		"target_bitrate":	6000000000,
		"sock_bufsize":	0,
		"sndbuf_actual":	16384,
		"rcvbuf_actual":	131072,
		"test_start":	{
			"protocol":	"TCP",
			"num_streams":	1,
			"blksize":	131072,
			"omit":	0,
			"duration":	60,
			"bytes":	0,
			"blocks":	0,
			"reverse":	0,
			"tos":	0
		}
	},
	"intervals":	[{
			"streams":	[{
					"socket":	5,
					"start":	0,
					"end":	60.000216,
					"seconds":	60.000217437744141,
					"bytes":	44999376896,
					"bits_per_second":	5999895176.07213,
					"retransmits":	0,
					"snd_cwnd":	1734704,
					"rtt":	437,
					"rttvar":	124,
					"pmtu":	9000,
					"omitted":	false,
					"sender":	true
				}],
			"sum":	{
				"start":	0,
				"end":	60.000216,
				"seconds":	60.000217437744141,
				"bytes":	44999376896,
				"bits_per_second":	5999895176.07213,
				"retransmits":	0,
				"omitted":	false,
				"sender":	true
			}
		}],
	"end":	{
		"streams":	[{
				"sender":	{
					"socket":	5,
					"start":	0,
					"end":	60.000216,
					"seconds":	60.000216,
					"bytes":	44999376896,
					"bits_per_second":	5999895319.8435154,
					"retransmits":	0,
					"max_snd_cwnd":	1734704,
					"max_rtt":	437,
					"min_rtt":	437,
					"mean_rtt":	437,
					"sender":	true
				},
				"receiver":	{
					"socket":	5,
					"start":	0,
					"end":	60.00044,
					"seconds":	60.000216,
					"bytes":	44999376896,
					"bits_per_second":	5999872920.3985844,
					"sender":	true
				}
			}],
		"sum_sent":	{
			"start":	0,
			"end":	60.000216,
			"seconds":	60.000216,
			"bytes":	44999376896,
			"bits_per_second":	5999895319.8435154,
			"retransmits":	0,
			"sender":	true
		},
		"sum_received":	{
			"start":	0,
			"end":	60.00044,
			"seconds":	60.00044,
			"bytes":	44999376896,
			"bits_per_second":	5999872920.3985844,
			"sender":	true
		},
		"cpu_utilization_percent":	{
			"host_total":	38.06296850624728,
			"host_user":	0.77553056716687052,
			"host_system":	37.287447938657927,
			"remote_total":	39.7287517703751,
			"remote_user":	1.2836384583794735,
			"remote_system":	38.4451116474835
		},
		"sender_tcp_congestion":	"cubic",
		"receiver_tcp_congestion":	"reno"
	}
}
