{
	"start":	{
		"connected":	[{
				"socket":	5,
				"local_host":	"10.0.1.1",
				"local_port":	43886,
				"remote_host":	"10.0.0.1",
				"remote_port":	5201
			}],
		"version":	"iperf 3.9+",
		"system_info":	"Linux han-3 5.10.0 #9 SMP PREEMPT Tue Feb 23 15:01:43 PST 2021 x86_64",
		"timestamp":	{
			"time":	"Sat, 02 Mar 2024 04:06:39 GMT",
			"timesecs":	1709352399
		},
		"connecting_to":	{
			"host":	"10.0.0.1",
			"port":	5201
		},
		"cookie":	"67o52yrnz26mlnpk27ssmytce2ybrbdhfbw2",
		"tcp_mss_default":	1448,
		"target_bitrate":	6000000000,
		"sock_bufsize":	0,
		"sndbuf_actual":	16384,
		"rcvbuf_actual":	131072,
		"test_start":	{
			"protocol":	"TCP",
			"num_streams":	1,
			"blksize":	131072,
			"omit":	0,
			"duration":	40,
			"bytes":	0,
			"blocks":	0,
			"reverse":	0,
			"tos":	0
		}
	},
	"intervals":	[{
			"streams":	[{
					"socket":	5,
					"start":	0,
					"end":	40.000209,
					"seconds":	40.0002098083496,
					"bytes":	29999628288,
					"bits_per_second":	5999894186.90257,
					"retransmits":	0,
					"snd_cwnd":	1252520,
					"rtt":	372,
					"rttvar":	93,
					"pmtu":	9000,
					"omitted":	false,
					"sender":	true
				}],
			"sum":	{
				"start":	0,
				"end":	40.000209,
				"seconds":	40.0002098083496,
				"bytes":	29999628288,
				"bits_per_second":	5999894186.90257,
				"retransmits":	0,
				"omitted":	false,
				"sender":	true
			}
		}],
	"end":	{
		"streams":	[{
				"sender":	{
					"socket":	5,
					"start":	0,
					"end":	40.000209,
					"seconds":	40.000209,
					"bytes":	29999628288,
					"bits_per_second":	5999894308.15224,
					"retransmits":	0,
					"max_snd_cwnd":	1252520,
					"max_rtt":	372,
					"min_rtt":	372,
					"mean_rtt":	372,
					"sender":	true
				},
				"receiver":	{
					"socket":	5,
					"start":	0,
					"end":	40.000448,
					"seconds":	40.000209,
					"bytes":	29999628288,
					"bits_per_second":	5999858459.185257,
					"sender":	true
				}
			}],
		"sum_sent":	{
			"start":	0,
			"end":	40.000209,
			"seconds":	40.000209,
			"bytes":	29999628288,
			"bits_per_second":	5999894308.15224,
			"retransmits":	0,
			"sender":	true
		},
		"sum_received":	{
			"start":	0,
			"end":	40.000448,
			"seconds":	40.000448,
			"bytes":	29999628288,
			"bits_per_second":	5999858459.185257,
			"sender":	true
		},
		"cpu_utilization_percent":	{
			"host_total":	20.856117159758256,
			"host_user":	4.6331753011409829,
			"host_system":	16.222944358454221,
			"remote_total":	39.562051039961787,
			"remote_user":	0.47761100740382184,
			"remote_system":	39.084442528721858
		},
		"sender_tcp_congestion":	"cubic",
		"receiver_tcp_congestion":	"reno"
	}
}
