{
	"start":	{
		"connected":	[{
				"socket":	5,
				"local_host":	"10.0.1.1",
				"local_port":	46838,
				"remote_host":	"10.0.0.1",
				"remote_port":	5201
			}],
		"version":	"iperf 3.9+",
		"system_info":	"Linux han-3 5.10.0 #9 SMP PREEMPT Tue Feb 23 15:01:43 PST 2021 x86_64",
		"timestamp":	{
			"time":	"Sat, 02 Mar 2024 14:37:12 GMT",
			"timesecs":	1709390232
		},
		"connecting_to":	{
			"host":	"10.0.0.1",
			"port":	5201
		},
		"cookie":	"lstmkp3hsqmpvudm4ahdbcffraqmugdl7wnb",
		"tcp_mss_default":	1448,
		"target_bitrate":	3000000000,
		"sock_bufsize":	0,
		"sndbuf_actual":	16384,
		"rcvbuf_actual":	131072,
		"test_start":	{
			"protocol":	"TCP",
			"num_streams":	1,
			"blksize":	131072,
			"omit":	0,
			"duration":	10,
			"bytes":	0,
			"blocks":	0,
			"reverse":	0,
			"tos":	0
		}
	},
	"intervals":	[{
			"streams":	[{
					"socket":	5,
					"start":	0,
					"end":	10.00009,
					"seconds":	10.000089645385742,
					"bytes":	3749707776,
					"bits_per_second":	2999739329.5210681,
					"retransmits":	0,
					"snd_cwnd":	599472,
					"rtt":	334,
					"rttvar":	56,
					"pmtu":	9000,
					"omitted":	false,
					"sender":	true
				}],
			"sum":	{
				"start":	0,
				"end":	10.00009,
				"seconds":	10.000089645385742,
				"bytes":	3749707776,
				"bits_per_second":	2999739329.5210681,
				"retransmits":	0,
				"omitted":	false,
				"sender":	true
			}
		}],
	"end":	{
		"streams":	[{
				"sender":	{
					"socket":	5,
					"start":	0,
					"end":	10.00009,
					"seconds":	10.00009,
					"bytes":	3749707776,
					"bits_per_second":	2999739223.1469917,
					"retransmits":	0,
					"max_snd_cwnd":	599472,
					"max_rtt":	334,
					"min_rtt":	334,
					"mean_rtt":	334,
					"sender":	true
				},
				"receiver":	{
					"socket":	5,
					"start":	0,
					"end":	10.000217,
					"seconds":	10.00009,
					"bytes":	3749707776,
					"bits_per_second":	2999701127.2855382,
					"sender":	true
				}
			}],
		"sum_sent":	{
			"start":	0,
			"end":	10.00009,
			"seconds":	10.00009,
			"bytes":	3749707776,
			"bits_per_second":	2999739223.1469917,
			"retransmits":	0,
			"sender":	true
		},
		"sum_received":	{
			"start":	0,
			"end":	10.000217,
			"seconds":	10.000217,
			"bytes":	3749707776,
			"bits_per_second":	2999701127.2855382,
			"sender":	true
		},
		"cpu_utilization_percent":	{
			"host_total":	22.961829011414974,
			"host_user":	0.30238782002735948,
			"host_system":	22.659441191387618,
			"remote_total":	28.530421129016737,
			"remote_user":	0,
			"remote_system":	28.530411216996814
		},
		"sender_tcp_congestion":	"cubic",
		"receiver_tcp_congestion":	"reno"
	}
}
