{
	"start":	{
		"connected":	[{
				"socket":	5,
				"local_host":	"10.0.1.1",
				"local_port":	48244,
				"remote_host":	"10.0.0.1",
				"remote_port":	5201
			}],
		"version":	"iperf 3.9+",
		"system_info":	"Linux han-3 5.10.0 #9 SMP PREEMPT Tue Feb 23 15:01:43 PST 2021 x86_64",
		"timestamp":	{
			"time":	"Sat, 02 Mar 2024 19:22:27 GMT",
			"timesecs":	1709407347
		},
		"connecting_to":	{
			"host":	"10.0.0.1",
			"port":	5201
		},
		"cookie":	"xtzrimeeq6rvnqjjdgjj6wkcbaaxnfmldkai",
		"tcp_mss_default":	1448,
		"target_bitrate":	6000000000,
		"sock_bufsize":	0,
		"sndbuf_actual":	16384,
		"rcvbuf_actual":	131072,
		"test_start":	{
			"protocol":	"TCP",
			"num_streams":	1,
			"blksize":	131072,
			"omit":	0,
			"duration":	40,
			"bytes":	0,
			"blocks":	0,
			"reverse":	0,
			"tos":	0
		}
	},
	"intervals":	[{
			"streams":	[{
					"socket":	5,
					"start":	0,
					"end":	40.000271,
					"seconds":	40.000270843505859,
					"bytes":	29999497216,
					"bits_per_second":	5999858817.63008,
					"retransmits":	0,
					"snd_cwnd":	1905568,
					"rtt":	404,
					"rttvar":	129,
					"pmtu":	9000,
					"omitted":	false,
					"sender":	true
				}],
			"sum":	{
				"start":	0,
				"end":	40.000271,
				"seconds":	40.000270843505859,
				"bytes":	29999497216,
				"bits_per_second":	5999858817.63008,
				"retransmits":	0,
				"omitted":	false,
				"sender":	true
			}
		}],
	"end":	{
		"streams":	[{
				"sender":	{
					"socket":	5,
					"start":	0,
					"end":	40.000271,
					"seconds":	40.000271,
					"bytes":	29999497216,
					"bits_per_second":	5999858794.15667,
					"retransmits":	0,
					"max_snd_cwnd":	1905568,
					"max_rtt":	404,
					"min_rtt":	404,
					"mean_rtt":	404,
					"sender":	true
				},
				"receiver":	{
					"socket":	5,
					"start":	0,
					"end":	40.00032,
					"seconds":	40.000271,
					"bytes":	29999497216,
					"bits_per_second":	5999851444.3884449,
					"sender":	true
				}
			}],
		"sum_sent":	{
			"start":	0,
			"end":	40.000271,
			"seconds":	40.000271,
			"bytes":	29999497216,
			"bits_per_second":	5999858794.15667,
			"retransmits":	0,
			"sender":	true
		},
		"sum_received":	{
			"start":	0,
			"end":	40.00032,
			"seconds":	40.00032,
			"bytes":	29999497216,
			"bits_per_second":	5999851444.3884449,
			"sender":	true
		},
		"cpu_utilization_percent":	{
			"host_total":	33.067411522720157,
			"host_user":	0.48546385763239969,
			"host_system":	32.581942665382741,
			"remote_total":	38.703421011839687,
			"remote_user":	0,
			"remote_system":	38.703421011839687
		},
		"sender_tcp_congestion":	"cubic",
		"receiver_tcp_congestion":	"reno"
	}
}
