{
	"start":	{
		"connected":	[{
				"socket":	5,
				"local_host":	"10.0.1.1",
				"local_port":	46480,
				"remote_host":	"10.0.0.1",
				"remote_port":	5201
			}],
		"version":	"iperf 3.9+",
		"system_info":	"Linux han-3 5.10.0 #9 SMP PREEMPT Tue Feb 23 15:01:43 PST 2021 x86_64",
		"timestamp":	{
			"time":	"Sat, 02 Mar 2024 13:12:56 GMT",
			"timesecs":	1709385176
		},
		"connecting_to":	{
			"host":	"10.0.0.1",
			"port":	5201
		},
		"cookie":	"kuhdcpyk553ugka2v6bigd7a2jnuqnu6qjkw",
		"tcp_mss_default":	1448,
		"target_bitrate":	2000000000,
		"sock_bufsize":	0,
		"sndbuf_actual":	16384,
		"rcvbuf_actual":	131072,
		"test_start":	{
			"protocol":	"TCP",
			"num_streams":	1,
			"blksize":	131072,
			"omit":	0,
			"duration":	30,
			"bytes":	0,
			"blocks":	0,
			"reverse":	0,
			"tos":	0
		}
	},
	"intervals":	[{
			"streams":	[{
					"socket":	5,
					"start":	0,
					"end":	30.000289,
					"seconds":	30.000289916992188,
					"bytes":	7499808768,
					"bits_per_second":	1999929677.6801088,
					"retransmits":	0,
					"snd_cwnd":	515488,
					"rtt":	276,
					"rttvar":	39,
					"pmtu":	9000,
					"omitted":	false,
					"sender":	true
				}],
			"sum":	{
				"start":	0,
				"end":	30.000289,
				"seconds":	30.000289916992188,
				"bytes":	7499808768,
				"bits_per_second":	1999929677.6801088,
				"retransmits":	0,
				"omitted":	false,
				"sender":	true
			}
		}],
	"end":	{
		"streams":	[{
				"sender":	{
					"socket":	5,
					"start":	0,
					"end":	30.000289,
					"seconds":	30.000289,
					"bytes":	7499808768,
					"bits_per_second":	1999929738.8101828,
					"retransmits":	0,
					"max_snd_cwnd":	515488,
					"max_rtt":	276,
					"min_rtt":	276,
					"mean_rtt":	276,
					"sender":	true
				},
				"receiver":	{
					"socket":	5,
					"start":	0,
					"end":	30.000553,
					"seconds":	30.000289,
					"bytes":	7499808768,
					"bits_per_second":	1999912139.7528906,
					"sender":	true
				}
			}],
		"sum_sent":	{
			"start":	0,
			"end":	30.000289,
			"seconds":	30.000289,
			"bytes":	7499808768,
			"bits_per_second":	1999929738.8101828,
			"retransmits":	0,
			"sender":	true
		},
		"sum_received":	{
			"start":	0,
			"end":	30.000553,
			"seconds":	30.000553,
			"bytes":	7499808768,
			"bits_per_second":	1999912139.7528906,
			"sender":	true
		},
		"cpu_utilization_percent":	{
			"host_total":	16.9688206596731,
			"host_user":	0.23889654361447621,
			"host_system":	16.7299274491112,
			"remote_total":	21.895564023546736,
			"remote_user":	4.3961220188816572,
			"remote_system":	17.499445330024646
		},
		"sender_tcp_congestion":	"cubic",
		"receiver_tcp_congestion":	"reno"
	}
}
