{
	"start":	{
		"connected":	[{
				"socket":	5,
				"local_host":	"10.0.1.1",
				"local_port":	44566,
				"remote_host":	"10.0.0.1",
				"remote_port":	5201
			}],
		"version":	"iperf 3.9+",
		"system_info":	"Linux han-3 5.10.0 #9 SMP PREEMPT Tue Feb 23 15:01:43 PST 2021 x86_64",
		"timestamp":	{
			"time":	"Sat, 02 Mar 2024 06:40:08 GMT",
			"timesecs":	1709361608
		},
		"connecting_to":	{
			"host":	"10.0.0.1",
			"port":	5201
		},
		"cookie":	"zqbs7h3cqwyuu56wm3dwy5goyqxytktwvj6v",
		"tcp_mss_default":	1448,
		"target_bitrate":	7000000000,
		"sock_bufsize":	0,
		"sndbuf_actual":	16384,
		"rcvbuf_actual":	131072,
		"test_start":	{
			"protocol":	"TCP",
			"num_streams":	1,
			"blksize":	131072,
			"omit":	0,
			"duration":	100,
			"bytes":	0,
			"blocks":	0,
			"reverse":	0,
			"tos":	0
		}
	},
	"intervals":	[{
			"streams":	[{
					"socket":	5,
					"start":	0,
					"end":	60.00013,
					"seconds":	60.000129699707031,
					"bytes":	52499447808,
					"bits_per_second":	6999911242.9593754,
					"retransmits":	0,
					"snd_cwnd":	1407456,
					"rtt":	482,
					"rttvar":	152,
					"pmtu":	9000,
					"omitted":	false,
					"sender":	true
				}],
			"sum":	{
				"start":	0,
				"end":	60.00013,
				"seconds":	60.000129699707031,
				"bytes":	52499447808,
				"bits_per_second":	6999911242.9593754,
				"retransmits":	0,
				"omitted":	false,
				"sender":	true
			}
		}, {
			"streams":	[{
					"socket":	5,
					"start":	60.00013,
					"end":	100.000131,
					"seconds":	40,
					"bytes":	35000025088,
					"bits_per_second":	7000005017.6,
					"retransmits":	0,
					"snd_cwnd":	1610176,
					"rtt":	547,
					"rttvar":	178,
					"pmtu":	9000,
					"omitted":	false,
					"sender":	true
				}],
			"sum":	{
				"start":	60.00013,
				"end":	100.000131,
				"seconds":	40,
				"bytes":	35000025088,
				"bits_per_second":	7000005017.6,
				"retransmits":	0,
				"omitted":	false,
				"sender":	true
			}
		}],
	"end":	{
		"streams":	[{
				"sender":	{
					"socket":	5,
					"start":	0,
					"end":	100.000131,
					"seconds":	100.000131,
					"bytes":	87499472896,
					"bits_per_second":	6999948661.7472534,
					"retransmits":	0,
					"max_snd_cwnd":	1610176,
					"max_rtt":	547,
					"min_rtt":	482,
					"mean_rtt":	514,
					"sender":	true
				},
				"receiver":	{
					"socket":	5,
					"start":	0,
					"end":	100.000936,
					"seconds":	100.000131,
					"bytes":	87499472896,
					"bits_per_second":	6999892312.6879539,
					"sender":	true
				}
			}],
		"sum_sent":	{
			"start":	0,
			"end":	100.000131,
			"seconds":	100.000131,
			"bytes":	87499472896,
			"bits_per_second":	6999948661.7472534,
			"retransmits":	0,
			"sender":	true
		},
		"sum_received":	{
			"start":	0,
			"end":	100.000936,
			"seconds":	100.000936,
			"bytes":	87499472896,
			"bits_per_second":	6999892312.6879539,
			"sender":	true
		},
		"cpu_utilization_percent":	{
			"host_total":	29.664880100383943,
			"host_user":	0.28873793458274077,
			"host_system":	29.376143165776735,
			"remote_total":	41.119831728360758,
			"remote_user":	4.75170693502366,
			"remote_system":	36.3681247933371
		},
		"sender_tcp_congestion":	"cubic",
		"receiver_tcp_congestion":	"reno"
	}
}
