{
	"start":	{
		"connected":	[{
				"socket":	5,
				"local_host":	"10.0.1.1",
				"local_port":	47736,
				"remote_host":	"10.0.0.1",
				"remote_port":	5201
			}],
		"version":	"iperf 3.9+",
		"system_info":	"Linux han-3 5.10.0 #9 SMP PREEMPT Tue Feb 23 15:01:43 PST 2021 x86_64",
		"timestamp":	{
			"time":	"Sat, 02 Mar 2024 17:42:38 GMT",
			"timesecs":	1709401358
		},
		"connecting_to":	{
			"host":	"10.0.0.1",
			"port":	5201
		},
		"cookie":	"dhwy5k7ot5ja4a6whir6cxawgeskqbxyhvfs",
		"tcp_mss_default":	1448,
		"target_bitrate":	5000000000,
		"sock_bufsize":	0,
		"sndbuf_actual":	16384,
		"rcvbuf_actual":	131072,
		"test_start":	{
			"protocol":	"TCP",
			"num_streams":	1,
			"blksize":	131072,
			"omit":	0,
			"duration":	20,
			"bytes":	0,
			"blocks":	0,
			"reverse":	0,
			"tos":	0
		}
	},
	"intervals":	[{
			"streams":	[{
					"socket":	5,
					"start":	0,
					"end":	20.000312,
					"seconds":	20.000312805175781,
					"bytes":	12499550208,
					"bits_per_second":	4999741885.9430256,
					"retransmits":	0,
					"snd_cwnd":	826808,
					"rtt":	325,
					"rttvar":	105,
					"pmtu":	9000,
					"omitted":	false,
					"sender":	true
				}],
			"sum":	{
				"start":	0,
				"end":	20.000312,
				"seconds":	20.000312805175781,
				"bytes":	12499550208,
				"bits_per_second":	4999741885.9430256,
				"retransmits":	0,
				"omitted":	false,
				"sender":	true
			}
		}],
	"end":	{
		"streams":	[{
				"sender":	{
					"socket":	5,
					"start":	0,
					"end":	20.000312,
					"seconds":	20.000312,
					"bytes":	12499550208,
					"bits_per_second":	4999742087.22344,
					"retransmits":	0,
					"max_snd_cwnd":	826808,
					"max_rtt":	325,
					"min_rtt":	325,
					"mean_rtt":	325,
					"sender":	true
				},
				"receiver":	{
					"socket":	5,
					"start":	0,
					"end":	20.000533,
					"seconds":	20.000312,
					"bytes":	12499550208,
					"bits_per_second":	4999686841.5456724,
					"sender":	true
				}
			}],
		"sum_sent":	{
			"start":	0,
			"end":	20.000312,
			"seconds":	20.000312,
			"bytes":	12499550208,
			"bits_per_second":	4999742087.22344,
			"retransmits":	0,
			"sender":	true
		},
		"sum_received":	{
			"start":	0,
			"end":	20.000533,
			"seconds":	20.000533,
			"bytes":	12499550208,
			"bits_per_second":	4999686841.5456724,
			"sender":	true
		},
		"cpu_utilization_percent":	{
			"host_total":	32.0400478789211,
			"host_user":	0.65055881487922018,
			"host_system":	31.389494063302742,
			"remote_total":	27.903829295899286,
			"remote_user":	0,
			"remote_system":	27.903829295899286
		},
		"sender_tcp_congestion":	"cubic",
		"receiver_tcp_congestion":	"reno"
	}
}
