{
	"start":	{
		"connected":	[{
				"socket":	5,
				"local_host":	"10.0.1.1",
				"local_port":	46064,
				"remote_host":	"10.0.0.1",
				"remote_port":	5201
			}],
		"version":	"iperf 3.9+",
		"system_info":	"Linux han-3 5.10.0 #9 SMP PREEMPT Tue Feb 23 15:01:43 PST 2021 x86_64",
		"timestamp":	{
			"time":	"Sat, 02 Mar 2024 11:44:08 GMT",
			"timesecs":	1709379848
		},
		"connecting_to":	{
			"host":	"10.0.0.1",
			"port":	5201
		},
		"cookie":	"nlcenaaofp227tgry67otgdtxprg5turfjbv",
		"tcp_mss_default":	1448,
		"target_bitrate":	1000000000,
		"sock_bufsize":	0,
		"sndbuf_actual":	16384,
		"rcvbuf_actual":	131072,
		"test_start":	{
			"protocol":	"TCP",
			"num_streams":	1,
			"blksize":	131072,
			"omit":	0,
			"duration":	40,
			"bytes":	0,
			"blocks":	0,
			"reverse":	0,
			"tos":	0
		}
	},
	"intervals":	[{
			"streams":	[{
					"socket":	5,
					"start":	0,
					"end":	40.00028,
					"seconds":	40.0002784729004,
					"bytes":	5000003584,
					"bits_per_second":	999993755.02096665,
					"retransmits":	0,
					"snd_cwnd":	286704,
					"rtt":	246,
					"rttvar":	38,
					"pmtu":	9000,
					"omitted":	false,
					"sender":	true
				}],
			"sum":	{
				"start":	0,
				"end":	40.00028,
				"seconds":	40.0002784729004,
				"bytes":	5000003584,
				"bits_per_second":	999993755.02096665,
				"retransmits":	0,
				"omitted":	false,
				"sender":	true
			}
		}],
	"end":	{
		"streams":	[{
				"sender":	{
					"socket":	5,
					"start":	0,
					"end":	40.00028,
					"seconds":	40.00028,
					"bytes":	5000003584,
					"bits_per_second":	999993716.84398222,
					"retransmits":	0,
					"max_snd_cwnd":	286704,
					"max_rtt":	246,
					"min_rtt":	246,
					"mean_rtt":	246,
					"sender":	true
				},
				"receiver":	{
					"socket":	5,
					"start":	0,
					"end":	40.000597,
					"seconds":	40.00028,
					"bytes":	5000003584,
					"bits_per_second":	999985792.0120542,
					"sender":	true
				}
			}],
		"sum_sent":	{
			"start":	0,
			"end":	40.00028,
			"seconds":	40.00028,
			"bytes":	5000003584,
			"bits_per_second":	999993716.84398222,
			"retransmits":	0,
			"sender":	true
		},
		"sum_received":	{
			"start":	0,
			"end":	40.000597,
			"seconds":	40.000597,
			"bytes":	5000003584,
			"bits_per_second":	999985792.0120542,
			"sender":	true
		},
		"cpu_utilization_percent":	{
			"host_total":	8.5098001610295,
			"host_user":	1.3907718216772267,
			"host_system":	7.1190283393522753,
			"remote_total":	12.348664655923418,
			"remote_user":	0,
			"remote_system":	12.348667151096132
		},
		"sender_tcp_congestion":	"cubic",
		"receiver_tcp_congestion":	"reno"
	}
}
