{
	"start":	{
		"connected":	[{
				"socket":	5,
				"local_host":	"10.0.1.1",
				"local_port":	37446,
				"remote_host":	"10.0.0.1",
				"remote_port":	5201
			}],
		"version":	"iperf 3.9+",
		"system_info":	"Linux han-3 5.10.0 #9 SMP PREEMPT Tue Feb 23 15:01:43 PST 2021 x86_64",
		"timestamp":	{
			"time":	"Fri, 01 Mar 2024 05:34:21 GMT",
			"timesecs":	1709271261
		},
		"connecting_to":	{
			"host":	"10.0.0.1",
			"port":	5201
		},
		"cookie":	"sbaxmmkp54lus5tcixikdhubsz4y45adlmys",
		"tcp_mss_default":	1448,
		"target_bitrate":	1000000000,
		"sock_bufsize":	0,
		"sndbuf_actual":	16384,
		"rcvbuf_actual":	131072,
		"test_start":	{
			"protocol":	"TCP",
			"num_streams":	1,
			"blksize":	131072,
			"omit":	0,
			"duration":	70,
			"bytes":	0,
			"blocks":	0,
			"reverse":	0,
			"tos":	0
		}
	},
	"intervals":	[{
			"streams":	[{
					"socket":	5,
					"start":	0,
					"end":	60.000067,
					"seconds":	60.000068664550781,
					"bytes":	7499939840,
					"bits_per_second":	999990834.26797628,
					"retransmits":	0,
					"snd_cwnd":	160728,
					"rtt":	243,
					"rttvar":	36,
					"pmtu":	9000,
					"omitted":	false,
					"sender":	true
				}],
			"sum":	{
				"start":	0,
				"end":	60.000067,
				"seconds":	60.000068664550781,
				"bytes":	7499939840,
				"bits_per_second":	999990834.26797628,
				"retransmits":	0,
				"omitted":	false,
				"sender":	true
			}
		}, {
			"streams":	[{
					"socket":	5,
					"start":	60.000067,
					"end":	70.000082,
					"seconds":	10.000015258789062,
					"bytes":	1250033664,
					"bits_per_second":	1000025405.2823284,
					"retransmits":	0,
					"snd_cwnd":	160728,
					"rtt":	252,
					"rttvar":	29,
					"pmtu":	9000,
					"omitted":	false,
					"sender":	true
				}],
			"sum":	{
				"start":	60.000067,
				"end":	70.000082,
				"seconds":	10.000015258789062,
				"bytes":	1250033664,
				"bits_per_second":	1000025405.2823284,
				"retransmits":	0,
				"omitted":	false,
				"sender":	true
			}
		}],
	"end":	{
		"streams":	[{
				"sender":	{
					"socket":	5,
					"start":	0,
					"end":	70.000082,
					"seconds":	70.000082,
					"bytes":	8749973504,
					"bits_per_second":	999995800.46206224,
					"retransmits":	0,
					"max_snd_cwnd":	160728,
					"max_rtt":	252,
					"min_rtt":	243,
					"mean_rtt":	247,
					"sender":	true
				},
				"receiver":	{
					"socket":	5,
					"start":	0,
					"end":	70.000431,
					"seconds":	70.000082,
					"bytes":	8749973504,
					"bits_per_second":	999990814.79941165,
					"sender":	true
				}
			}],
		"sum_sent":	{
			"start":	0,
			"end":	70.000082,
			"seconds":	70.000082,
			"bytes":	8749973504,
			"bits_per_second":	999995800.46206224,
			"retransmits":	0,
			"sender":	true
		},
		"sum_received":	{
			"start":	0,
			"end":	70.000431,
			"seconds":	70.000431,
			"bytes":	8749973504,
			"bits_per_second":	999990814.79941165,
			"sender":	true
		},
		"cpu_utilization_percent":	{
			"host_total":	6.75782154431416,
			"host_user":	2.7027946298637375,
			"host_system":	4.05502548593091,
			"remote_total":	14.333252240143461,
			"remote_user":	1.3930175023390783,
			"remote_system":	12.940233310274927
		},
		"sender_tcp_congestion":	"cubic",
		"receiver_tcp_congestion":	"reno"
	}
}
