{
	"start":	{
		"connected":	[{
				"socket":	5,
				"local_host":	"10.0.1.1",
				"local_port":	41388,
				"remote_host":	"10.0.0.1",
				"remote_port":	5201
			}],
		"version":	"iperf 3.9+",
		"system_info":	"Linux han-3 5.10.0 #9 SMP PREEMPT Tue Feb 23 15:01:43 PST 2021 x86_64",
		"timestamp":	{
			"time":	"Fri, 01 Mar 2024 19:21:16 GMT",
			"timesecs":	1709320876
		},
		"connecting_to":	{
			"host":	"10.0.0.1",
			"port":	5201
		},
		"cookie":	"z6x44sfw3ssmiieysits6mwoepp53v5jffjc",
		"tcp_mss_default":	1448,
		"target_bitrate":	10000000000,
		"sock_bufsize":	0,
		"sndbuf_actual":	16384,
		"rcvbuf_actual":	131072,
		"test_start":	{
			"protocol":	"TCP",
			"num_streams":	1,
			"blksize":	131072,
			"omit":	0,
			"duration":	70,
			"bytes":	0,
			"blocks":	0,
			"reverse":	0,
			"tos":	0
		}
	},
	"intervals":	[{
			"streams":	[{
					"socket":	5,
					"start":	0,
					"end":	60.000033,
					"seconds":	60.0000343322754,
					"bytes":	70607962112,
					"bits_per_second":	9414389561.30975,
					"retransmits":	0,
					"snd_cwnd":	2664320,
					"rtt":	1116,
					"rttvar":	32,
					"pmtu":	9000,
					"omitted":	false,
					"sender":	true
				}],
			"sum":	{
				"start":	0,
				"end":	60.000033,
				"seconds":	60.0000343322754,
				"bytes":	70607962112,
				"bits_per_second":	9414389561.30975,
				"retransmits":	0,
				"omitted":	false,
				"sender":	true
			}
		}, {
			"streams":	[{
					"socket":	5,
					"start":	60.000033,
					"end":	70.000051,
					"seconds":	10.000018119812012,
					"bytes":	11768168448,
					"bits_per_second":	9414517699.47091,
					"retransmits":	0,
					"snd_cwnd":	2664320,
					"rtt":	1111,
					"rttvar":	34,
					"pmtu":	9000,
					"omitted":	false,
					"sender":	true
				}],
			"sum":	{
				"start":	60.000033,
				"end":	70.000051,
				"seconds":	10.000018119812012,
				"bytes":	11768168448,
				"bits_per_second":	9414517699.47091,
				"retransmits":	0,
				"omitted":	false,
				"sender":	true
			}
		}],
	"end":	{
		"streams":	[{
				"sender":	{
					"socket":	5,
					"start":	0,
					"end":	70.000051,
					"seconds":	70.000051,
					"bytes":	82376130560,
					"bits_per_second":	9414408062.07413,
					"retransmits":	0,
					"max_snd_cwnd":	2664320,
					"max_rtt":	1116,
					"min_rtt":	1111,
					"mean_rtt":	1113,
					"sender":	true
				},
				"receiver":	{
					"socket":	5,
					"start":	0,
					"end":	70.000123,
					"seconds":	70.000051,
					"bytes":	82373815680,
					"bits_per_second":	9414133821.45057,
					"sender":	true
				}
			}],
		"sum_sent":	{
			"start":	0,
			"end":	70.000051,
			"seconds":	70.000051,
			"bytes":	82376130560,
			"bits_per_second":	9414408062.07413,
			"retransmits":	0,
			"sender":	true
		},
		"sum_received":	{
			"start":	0,
			"end":	70.000123,
			"seconds":	70.000123,
			"bytes":	82373815680,
			"bits_per_second":	9414133821.45057,
			"sender":	true
		},
		"cpu_utilization_percent":	{
			"host_total":	28.714064954116637,
			"host_user":	1.7440332940031837,
			"host_system":	26.970030231588471,
			"remote_total":	47.468164287125582,
			"remote_user":	1.3668770393415175,
			"remote_system":	46.101287247784065
		},
		"sender_tcp_congestion":	"cubic",
		"receiver_tcp_congestion":	"reno"
	}
}
