{
	"start":	{
		"connected":	[{
				"socket":	5,
				"local_host":	"10.0.1.1",
				"local_port":	42916,
				"remote_host":	"10.0.0.1",
				"remote_port":	5201
			}],
		"version":	"iperf 3.9+",
		"system_info":	"Linux han-3 5.10.0 #9 SMP PREEMPT Tue Feb 23 15:01:43 PST 2021 x86_64",
		"timestamp":	{
			"time":	"Sat, 02 Mar 2024 00:52:06 GMT",
			"timesecs":	1709340726
		},
		"connecting_to":	{
			"host":	"10.0.0.1",
			"port":	5201
		},
		"cookie":	"l5hkjwdfj33vw5pm6zyqd7srpqjzbcrfrrm4",
		"tcp_mss_default":	1448,
		"target_bitrate":	4000000000,
		"sock_bufsize":	0,
		"sndbuf_actual":	16384,
		"rcvbuf_actual":	131072,
		"test_start":	{
			"protocol":	"TCP",
			"num_streams":	1,
			"blksize":	131072,
			"omit":	0,
			"duration":	20,
			"bytes":	0,
			"blocks":	0,
			"reverse":	0,
			"tos":	0
		}
	},
	"intervals":	[{
			"streams":	[{
					"socket":	5,
					"start":	0,
					"end":	20.000075,
					"seconds":	20.00007438659668,
					"bytes":	9999613952,
					"bits_per_second":	3999830704.1103315,
					"retransmits":	0,
					"snd_cwnd":	700832,
					"rtt":	304,
					"rttvar":	83,
					"pmtu":	9000,
					"omitted":	false,
					"sender":	true
				}],
			"sum":	{
				"start":	0,
				"end":	20.000075,
				"seconds":	20.00007438659668,
				"bytes":	9999613952,
				"bits_per_second":	3999830704.1103315,
				"retransmits":	0,
				"omitted":	false,
				"sender":	true
			}
		}],
	"end":	{
		"streams":	[{
				"sender":	{
					"socket":	5,
					"start":	0,
					"end":	20.000075,
					"seconds":	20.000075,
					"bytes":	9999613952,
					"bits_per_second":	3999830581.43532,
					"retransmits":	0,
					"max_snd_cwnd":	700832,
					"max_rtt":	304,
					"min_rtt":	304,
					"mean_rtt":	304,
					"sender":	true
				},
				"receiver":	{
					"socket":	5,
					"start":	0,
					"end":	20.000202,
					"seconds":	20.000075,
					"bytes":	9999613952,
					"bits_per_second":	3999805182.7676539,
					"sender":	true
				}
			}],
		"sum_sent":	{
			"start":	0,
			"end":	20.000075,
			"seconds":	20.000075,
			"bytes":	9999613952,
			"bits_per_second":	3999830581.43532,
			"retransmits":	0,
			"sender":	true
		},
		"sum_received":	{
			"start":	0,
			"end":	20.000202,
			"seconds":	20.000202,
			"bytes":	9999613952,
			"bits_per_second":	3999805182.7676539,
			"sender":	true
		},
		"cpu_utilization_percent":	{
			"host_total":	20.631196938954314,
			"host_user":	5.1593178089636123,
			"host_system":	15.47188412941202,
			"remote_total":	32.5620270189767,
			"remote_user":	12.609321070878515,
			"remote_system":	19.952765769814508
		},
		"sender_tcp_congestion":	"cubic",
		"receiver_tcp_congestion":	"reno"
	}
}
