{
	"start":	{
		"connected":	[{
				"socket":	5,
				"local_host":	"10.0.1.1",
				"local_port":	45868,
				"remote_host":	"10.0.0.1",
				"remote_port":	5201
			}],
		"version":	"iperf 3.9+",
		"system_info":	"Linux han-3 5.10.0 #9 SMP PREEMPT Tue Feb 23 15:01:43 PST 2021 x86_64",
		"timestamp":	{
			"time":	"Sat, 02 Mar 2024 11:10:55 GMT",
			"timesecs":	1709377855
		},
		"connecting_to":	{
			"host":	"10.0.0.1",
			"port":	5201
		},
		"cookie":	"h2xnl2vufprwy5h3eemjrzs2wk7udox5wtsk",
		"tcp_mss_default":	1448,
		"target_bitrate":	10000000000,
		"sock_bufsize":	0,
		"sndbuf_actual":	16384,
		"rcvbuf_actual":	131072,
		"test_start":	{
			"protocol":	"TCP",
			"num_streams":	1,
			"blksize":	131072,
			"omit":	0,
			"duration":	90,
			"bytes":	0,
			"blocks":	0,
			"reverse":	0,
			"tos":	0
		}
	},
	"intervals":	[{
			"streams":	[{
					"socket":	5,
					"start":	0,
					"end":	60.000011,
					"seconds":	60.0000114440918,
					"bytes":	70502973440,
					"bits_per_second":	9400394665.6836758,
					"retransmits":	0,
					"snd_cwnd":	4178928,
					"rtt":	1116,
					"rttvar":	47,
					"pmtu":	9000,
					"omitted":	false,
					"sender":	true
				}],
			"sum":	{
				"start":	0,
				"end":	60.000011,
				"seconds":	60.0000114440918,
				"bytes":	70502973440,
				"bits_per_second":	9400394665.6836758,
				"retransmits":	0,
				"omitted":	false,
				"sender":	true
			}
		}, {
			"streams":	[{
					"socket":	5,
					"start":	60.000011,
					"end":	90.00015,
					"seconds":	30.0001392364502,
					"bytes":	34412298240,
					"bits_per_second":	9176570273.56434,
					"retransmits":	0,
					"snd_cwnd":	4178928,
					"rtt":	1129,
					"rttvar":	19,
					"pmtu":	9000,
					"omitted":	false,
					"sender":	true
				}],
			"sum":	{
				"start":	60.000011,
				"end":	90.00015,
				"seconds":	30.0001392364502,
				"bytes":	34412298240,
				"bits_per_second":	9176570273.56434,
				"retransmits":	0,
				"omitted":	false,
				"sender":	true
			}
		}],
	"end":	{
		"streams":	[{
				"sender":	{
					"socket":	5,
					"start":	0,
					"end":	90.00015,
					"seconds":	90.00015,
					"bytes":	104915271680,
					"bits_per_second":	9325786384.1338043,
					"retransmits":	0,
					"max_snd_cwnd":	4178928,
					"max_rtt":	1129,
					"min_rtt":	1116,
					"mean_rtt":	1122,
					"sender":	true
				},
				"receiver":	{
					"socket":	5,
					"start":	0,
					"end":	90.000215,
					"seconds":	90.00015,
					"bytes":	104912874360,
					"bits_per_second":	9325566554.2576771,
					"sender":	true
				}
			}],
		"sum_sent":	{
			"start":	0,
			"end":	90.00015,
			"seconds":	90.00015,
			"bytes":	104915271680,
			"bits_per_second":	9325786384.1338043,
			"retransmits":	0,
			"sender":	true
		},
		"sum_received":	{
			"start":	0,
			"end":	90.000215,
			"seconds":	90.000215,
			"bytes":	104912874360,
			"bits_per_second":	9325566554.2576771,
			"sender":	true
		},
		"cpu_utilization_percent":	{
			"host_total":	64.3626708254902,
			"host_user":	2.0543257657997827,
			"host_system":	62.308370614571331,
			"remote_total":	48.249693581675338,
			"remote_user":	5.65109186011868,
			"remote_system":	42.598600611184416
		},
		"sender_tcp_congestion":	"cubic",
		"receiver_tcp_congestion":	"reno"
	}
}
