{
	"start":	{
		"connected":	[{
				"socket":	5,
				"local_host":	"10.0.1.1",
				"local_port":	43166,
				"remote_host":	"10.0.0.1",
				"remote_port":	5201
			}],
		"version":	"iperf 3.9+",
		"system_info":	"Linux han-3 5.10.0 #9 SMP PREEMPT Tue Feb 23 15:01:43 PST 2021 x86_64",
		"timestamp":	{
			"time":	"Sat, 02 Mar 2024 01:36:30 GMT",
			"timesecs":	1709343390
		},
		"connecting_to":	{
			"host":	"10.0.0.1",
			"port":	5201
		},
		"cookie":	"tasyj7vhnanfd2abawziknixhpnrkr64dki2",
		"tcp_mss_default":	1448,
		"target_bitrate":	4000000000,
		"sock_bufsize":	0,
		"sndbuf_actual":	16384,
		"rcvbuf_actual":	131072,
		"test_start":	{
			"protocol":	"TCP",
			"num_streams":	1,
			"blksize":	131072,
			"omit":	0,
			"duration":	80,
			"bytes":	0,
			"blocks":	0,
			"reverse":	0,
			"tos":	0
		}
	},
	"intervals":	[{
			"streams":	[{
					"socket":	5,
					"start":	0,
					"end":	60.000064,
					"seconds":	60.000064849853516,
					"bytes":	29999628288,
					"bits_per_second":	3999946115.1346726,
					"retransmits":	0,
					"snd_cwnd":	680560,
					"rtt":	361,
					"rttvar":	113,
					"pmtu":	9000,
					"omitted":	false,
					"sender":	true
				}],
			"sum":	{
				"start":	0,
				"end":	60.000064,
				"seconds":	60.000064849853516,
				"bytes":	29999628288,
				"bits_per_second":	3999946115.1346726,
				"retransmits":	0,
				"omitted":	false,
				"sender":	true
			}
		}, {
			"streams":	[{
					"socket":	5,
					"start":	60.000064,
					"end":	80.000074,
					"seconds":	20.000009536743164,
					"bytes":	10000007168,
					"bits_per_second":	4000000959.85091,
					"retransmits":	0,
					"snd_cwnd":	680560,
					"rtt":	353,
					"rttvar":	95,
					"pmtu":	9000,
					"omitted":	false,
					"sender":	true
				}],
			"sum":	{
				"start":	60.000064,
				"end":	80.000074,
				"seconds":	20.000009536743164,
				"bytes":	10000007168,
				"bits_per_second":	4000000959.85091,
				"retransmits":	0,
				"omitted":	false,
				"sender":	true
			}
		}],
	"end":	{
		"streams":	[{
				"sender":	{
					"socket":	5,
					"start":	0,
					"end":	80.000074,
					"seconds":	80.000074,
					"bytes":	39999635456,
					"bits_per_second":	3999959845.6371427,
					"retransmits":	0,
					"max_snd_cwnd":	680560,
					"max_rtt":	361,
					"min_rtt":	353,
					"mean_rtt":	357,
					"sender":	true
				},
				"receiver":	{
					"socket":	5,
					"start":	0,
					"end":	80.000555,
					"seconds":	80.000074,
					"bytes":	39999635456,
					"bits_per_second":	3999935796.0454144,
					"sender":	true
				}
			}],
		"sum_sent":	{
			"start":	0,
			"end":	80.000074,
			"seconds":	80.000074,
			"bytes":	39999635456,
			"bits_per_second":	3999959845.6371427,
			"retransmits":	0,
			"sender":	true
		},
		"sum_received":	{
			"start":	0,
			"end":	80.000555,
			"seconds":	80.000555,
			"bytes":	39999635456,
			"bits_per_second":	3999935796.0454144,
			"sender":	true
		},
		"cpu_utilization_percent":	{
			"host_total":	17.873077753194806,
			"host_user":	0.575489235410391,
			"host_system":	17.297588517784419,
			"remote_total":	29.537012711754318,
			"remote_user":	3.4443052823610718,
			"remote_system":	26.092706180282111
		},
		"sender_tcp_congestion":	"cubic",
		"receiver_tcp_congestion":	"reno"
	}
}
