{
	"start":	{
		"connected":	[{
				"socket":	5,
				"local_host":	"10.0.1.1",
				"local_port":	53730,
				"remote_host":	"10.0.0.1",
				"remote_port":	5201
			}],
		"version":	"iperf 3.9+",
		"system_info":	"Linux han-3 5.10.0 #9 SMP PREEMPT Tue Feb 23 15:01:43 PST 2021 x86_64",
		"timestamp":	{
			"time":	"Sun, 03 Mar 2024 14:23:03 GMT",
			"timesecs":	1709475783
		},
		"connecting_to":	{
			"host":	"10.0.0.1",
			"port":	5201
		},
		"cookie":	"5mlj6whrndpb37bnsq4rzkahsln56wkwiho4",
		"tcp_mss_default":	1448,
		"target_bitrate":	8000000000,
		"sock_bufsize":	0,
		"sndbuf_actual":	16384,
		"rcvbuf_actual":	131072,
		"test_start":	{
			"protocol":	"TCP",
			"num_streams":	1,
			"blksize":	131072,
			"omit":	0,
			"duration":	80,
			"bytes":	0,
			"blocks":	0,
			"reverse":	0,
			"tos":	0
		}
	},
	"intervals":	[{
			"streams":	[{
					"socket":	5,
					"start":	0,
					"end":	60.000107,
					"seconds":	60.000106811523438,
					"bytes":	59999387648,
					"bits_per_second":	7999904111.7009077,
					"retransmits":	0,
					"snd_cwnd":	1878056,
					"rtt":	544,
					"rttvar":	172,
					"pmtu":	9000,
					"omitted":	false,
					"sender":	true
				}],
			"sum":	{
				"start":	0,
				"end":	60.000107,
				"seconds":	60.000106811523438,
				"bytes":	59999387648,
				"bits_per_second":	7999904111.7009077,
				"retransmits":	0,
				"omitted":	false,
				"sender":	true
			}
		}, {
			"streams":	[{
					"socket":	5,
					"start":	60.000107,
					"end":	80.000121,
					"seconds":	20.00001335144043,
					"bytes":	20000145408,
					"bits_per_second":	8000052822.5885649,
					"retransmits":	0,
					"snd_cwnd":	1878056,
					"rtt":	491,
					"rttvar":	164,
					"pmtu":	9000,
					"omitted":	false,
					"sender":	true
				}],
			"sum":	{
				"start":	60.000107,
				"end":	80.000121,
				"seconds":	20.00001335144043,
				"bytes":	20000145408,
				"bits_per_second":	8000052822.5885649,
				"retransmits":	0,
				"omitted":	false,
				"sender":	true
			}
		}],
	"end":	{
		"streams":	[{
				"sender":	{
					"socket":	5,
					"start":	0,
					"end":	80.000121,
					"seconds":	80.000121,
					"bytes":	79999533056,
					"bits_per_second":	7999941205.6889267,
					"retransmits":	0,
					"max_snd_cwnd":	1878056,
					"max_rtt":	544,
					"min_rtt":	491,
					"mean_rtt":	517,
					"sender":	true
				},
				"receiver":	{
					"socket":	5,
					"start":	0,
					"end":	80.000648,
					"seconds":	80.000121,
					"bytes":	79999533056,
					"bits_per_second":	7999888506.5030975,
					"sender":	true
				}
			}],
		"sum_sent":	{
			"start":	0,
			"end":	80.000121,
			"seconds":	80.000121,
			"bytes":	79999533056,
			"bits_per_second":	7999941205.6889267,
			"retransmits":	0,
			"sender":	true
		},
		"sum_received":	{
			"start":	0,
			"end":	80.000648,
			"seconds":	80.000648,
			"bytes":	79999533056,
			"bits_per_second":	7999888506.5030975,
			"sender":	true
		},
		"cpu_utilization_percent":	{
			"host_total":	36.241114544925878,
			"host_user":	2.3184287006283091,
			"host_system":	33.922688344223381,
			"remote_total":	45.10152414987342,
			"remote_user":	2.7744887065672237,
			"remote_system":	42.327034194094146
		},
		"sender_tcp_congestion":	"cubic",
		"receiver_tcp_congestion":	"reno"
	}
}
