{
	"start":	{
		"connected":	[{
				"socket":	5,
				"local_host":	"10.0.1.1",
				"local_port":	37428,
				"remote_host":	"10.0.0.1",
				"remote_port":	5201
			}],
		"version":	"iperf 3.9+",
		"system_info":	"Linux han-3 5.10.0 #9 SMP PREEMPT Tue Feb 23 15:01:43 PST 2021 x86_64",
		"timestamp":	{
			"time":	"Fri, 01 Mar 2024 05:30:01 GMT",
			"timesecs":	1709271001
		},
		"connecting_to":	{
			"host":	"10.0.0.1",
			"port":	5201
		},
		"cookie":	"nmkm2uwhfzcar6a524xsucjyr4innmeng6ng",
		"tcp_mss_default":	1448,
		"target_bitrate":	1000000000,
		"sock_bufsize":	0,
		"sndbuf_actual":	16384,
		"rcvbuf_actual":	131072,
		"test_start":	{
			"protocol":	"TCP",
			"num_streams":	1,
			"blksize":	131072,
			"omit":	0,
			"duration":	60,
			"bytes":	0,
			"blocks":	0,
			"reverse":	0,
			"tos":	0
		}
	},
	"intervals":	[{
			"streams":	[{
					"socket":	5,
					"start":	0,
					"end":	60.000083,
					"seconds":	60.000083923339844,
					"bytes":	7499939840,
					"bits_per_second":	999990579.957512,
					"retransmits":	0,
					"snd_cwnd":	136112,
					"rtt":	249,
					"rttvar":	36,
					"pmtu":	9000,
					"omitted":	false,
					"sender":	true
				}],
			"sum":	{
				"start":	0,
				"end":	60.000083,
				"seconds":	60.000083923339844,
				"bytes":	7499939840,
				"bits_per_second":	999990579.957512,
				"retransmits":	0,
				"omitted":	false,
				"sender":	true
			}
		}],
	"end":	{
		"streams":	[{
				"sender":	{
					"socket":	5,
					"start":	0,
					"end":	60.000083,
					"seconds":	60.000083,
					"bytes":	7499939840,
					"bits_per_second":	999990595.346343,
					"retransmits":	0,
					"max_snd_cwnd":	136112,
					"max_rtt":	249,
					"min_rtt":	249,
					"mean_rtt":	249,
					"sender":	true
				},
				"receiver":	{
					"socket":	5,
					"start":	0,
					"end":	60.000449,
					"seconds":	60.000083,
					"bytes":	7499939840,
					"bits_per_second":	999984495.449359,
					"sender":	true
				}
			}],
		"sum_sent":	{
			"start":	0,
			"end":	60.000083,
			"seconds":	60.000083,
			"bytes":	7499939840,
			"bits_per_second":	999990595.346343,
			"retransmits":	0,
			"sender":	true
		},
		"sum_received":	{
			"start":	0,
			"end":	60.000449,
			"seconds":	60.000449,
			"bytes":	7499939840,
			"bits_per_second":	999984495.449359,
			"sender":	true
		},
		"cpu_utilization_percent":	{
			"host_total":	6.94723301248128,
			"host_user":	1.737334898536844,
			"host_system":	5.2098997805438554,
			"remote_total":	12.940701387625694,
			"remote_user":	0.72972484412348126,
			"remote_system":	12.2109782089475
		},
		"sender_tcp_congestion":	"cubic",
		"receiver_tcp_congestion":	"reno"
	}
}
