{
	"start":	{
		"connected":	[{
				"socket":	5,
				"local_host":	"10.0.1.1",
				"local_port":	52234,
				"remote_host":	"10.0.0.1",
				"remote_port":	5201
			}],
		"version":	"iperf 3.9+",
		"system_info":	"Linux han-3 5.10.0 #9 SMP PREEMPT Tue Feb 23 15:01:43 PST 2021 x86_64",
		"timestamp":	{
			"time":	"Sun, 03 Mar 2024 09:08:25 GMT",
			"timesecs":	1709456905
		},
		"connecting_to":	{
			"host":	"10.0.0.1",
			"port":	5201
		},
		"cookie":	"kdirvvywsa5wuibidauosprzwyo7umucr723",
		"tcp_mss_default":	1448,
		"target_bitrate":	5000000000,
		"sock_bufsize":	0,
		"sndbuf_actual":	16384,
		"rcvbuf_actual":	131072,
		"test_start":	{
			"protocol":	"TCP",
			"num_streams":	1,
			"blksize":	131072,
			"omit":	0,
			"duration":	40,
			"bytes":	0,
			"blocks":	0,
			"reverse":	0,
			"tos":	0
		}
	},
	"intervals":	[{
			"streams":	[{
					"socket":	5,
					"start":	0,
					"end":	40.000074,
					"seconds":	40.000072479248047,
					"bytes":	24999493632,
					"bits_per_second":	4999889666.6939163,
					"retransmits":	0,
					"snd_cwnd":	813776,
					"rtt":	334,
					"rttvar":	67,
					"pmtu":	9000,
					"omitted":	false,
					"sender":	true
				}],
			"sum":	{
				"start":	0,
				"end":	40.000074,
				"seconds":	40.000072479248047,
				"bytes":	24999493632,
				"bits_per_second":	4999889666.6939163,
				"retransmits":	0,
				"omitted":	false,
				"sender":	true
			}
		}],
	"end":	{
		"streams":	[{
				"sender":	{
					"socket":	5,
					"start":	0,
					"end":	40.000074,
					"seconds":	40.000074,
					"bytes":	24999493632,
					"bits_per_second":	4999889476.6044683,
					"retransmits":	0,
					"max_snd_cwnd":	813776,
					"max_rtt":	334,
					"min_rtt":	334,
					"mean_rtt":	334,
					"sender":	true
				},
				"receiver":	{
					"socket":	5,
					"start":	0,
					"end":	40.000199,
					"seconds":	40.000074,
					"bytes":	24999493632,
					"bits_per_second":	4999873852.027586,
					"sender":	true
				}
			}],
		"sum_sent":	{
			"start":	0,
			"end":	40.000074,
			"seconds":	40.000074,
			"bytes":	24999493632,
			"bits_per_second":	4999889476.6044683,
			"retransmits":	0,
			"sender":	true
		},
		"sum_received":	{
			"start":	0,
			"end":	40.000199,
			"seconds":	40.000199,
			"bytes":	24999493632,
			"bits_per_second":	4999873852.027586,
			"sender":	true
		},
		"cpu_utilization_percent":	{
			"host_total":	18.8567215532809,
			"host_user":	2.6927895678918432,
			"host_system":	16.163934485242439,
			"remote_total":	36.736527423035483,
			"remote_user":	0.69868579577739465,
			"remote_system":	36.037839130489282
		},
		"sender_tcp_congestion":	"cubic",
		"receiver_tcp_congestion":	"reno"
	}
}
