{
	"start":	{
		"connected":	[{
				"socket":	5,
				"local_host":	"10.0.1.1",
				"local_port":	45440,
				"remote_host":	"10.0.0.1",
				"remote_port":	5201
			}],
		"version":	"iperf 3.9+",
		"system_info":	"Linux han-3 5.10.0 #9 SMP PREEMPT Tue Feb 23 15:01:43 PST 2021 x86_64",
		"timestamp":	{
			"time":	"Sat, 02 Mar 2024 09:42:09 GMT",
			"timesecs":	1709372529
		},
		"connecting_to":	{
			"host":	"10.0.0.1",
			"port":	5201
		},
		"cookie":	"xatvfpshvbsqs7hibvaqwmvjnwlajfygt7pb",
		"tcp_mss_default":	1448,
		"target_bitrate":	9000000000,
		"sock_bufsize":	0,
		"sndbuf_actual":	16384,
		"rcvbuf_actual":	131072,
		"test_start":	{
			"protocol":	"TCP",
			"num_streams":	1,
			"blksize":	131072,
			"omit":	0,
			"duration":	90,
			"bytes":	0,
			"blocks":	0,
			"reverse":	0,
			"tos":	0
		}
	},
	"intervals":	[{
			"streams":	[{
					"socket":	5,
					"start":	0,
					"end":	60.000015,
					"seconds":	60.000015258789062,
					"bytes":	67332866048,
					"bits_per_second":	8977713189.9161358,
					"retransmits":	0,
					"snd_cwnd":	2904688,
					"rtt":	1107,
					"rttvar":	30,
					"pmtu":	9000,
					"omitted":	false,
					"sender":	true
				}],
			"sum":	{
				"start":	0,
				"end":	60.000015,
				"seconds":	60.000015258789062,
				"bytes":	67332866048,
				"bits_per_second":	8977713189.9161358,
				"retransmits":	0,
				"omitted":	false,
				"sender":	true
			}
		}, {
			"streams":	[{
					"socket":	5,
					"start":	60.000015,
					"end":	90.000057,
					"seconds":	30.000041961669922,
					"bytes":	33835057152,
					"bits_per_second":	9022669286.9909859,
					"retransmits":	0,
					"snd_cwnd":	2904688,
					"rtt":	1115,
					"rttvar":	35,
					"pmtu":	9000,
					"omitted":	false,
					"sender":	true
				}],
			"sum":	{
				"start":	60.000015,
				"end":	90.000057,
				"seconds":	30.000041961669922,
				"bytes":	33835057152,
				"bits_per_second":	9022669286.9909859,
				"retransmits":	0,
				"omitted":	false,
				"sender":	true
			}
		}],
	"end":	{
		"streams":	[{
				"sender":	{
					"socket":	5,
					"start":	0,
					"end":	90.000057,
					"seconds":	90.000057,
					"bytes":	101167923200,
					"bits_per_second":	8992698589.06867,
					"retransmits":	0,
					"max_snd_cwnd":	2904688,
					"max_rtt":	1115,
					"min_rtt":	1107,
					"mean_rtt":	1111,
					"sender":	true
				},
				"receiver":	{
					"socket":	5,
					"start":	0,
					"end":	90.000341,
					"seconds":	90.000057,
					"bytes":	101165433472,
					"bits_per_second":	8992448903.89915,
					"sender":	true
				}
			}],
		"sum_sent":	{
			"start":	0,
			"end":	90.000057,
			"seconds":	90.000057,
			"bytes":	101167923200,
			"bits_per_second":	8992698589.06867,
			"retransmits":	0,
			"sender":	true
		},
		"sum_received":	{
			"start":	0,
			"end":	90.000341,
			"seconds":	90.000341,
			"bytes":	101165433472,
			"bits_per_second":	8992448903.89915,
			"sender":	true
		},
		"cpu_utilization_percent":	{
			"host_total":	61.333850787201641,
			"host_user":	1.6109634888363762,
			"host_system":	59.722886187281631,
			"remote_total":	46.68268196238558,
			"remote_user":	3.0905204283407421,
			"remote_system":	43.592162644434332
		},
		"sender_tcp_congestion":	"cubic",
		"receiver_tcp_congestion":	"reno"
	}
}
