{
	"start":	{
		"connected":	[{
				"socket":	5,
				"local_host":	"10.0.1.1",
				"local_port":	44604,
				"remote_host":	"10.0.0.1",
				"remote_port":	5201
			}],
		"version":	"iperf 3.9+",
		"system_info":	"Linux han-3 5.10.0 #9 SMP PREEMPT Tue Feb 23 15:01:43 PST 2021 x86_64",
		"timestamp":	{
			"time":	"Sat, 02 Mar 2024 06:53:28 GMT",
			"timesecs":	1709362408
		},
		"connecting_to":	{
			"host":	"10.0.0.1",
			"port":	5201
		},
		"cookie":	"jbmshnfmvrfyuudyv42cjnqz5iktumrpo4ep",
		"tcp_mss_default":	1448,
		"target_bitrate":	7000000000,
		"sock_bufsize":	0,
		"sndbuf_actual":	16384,
		"rcvbuf_actual":	131072,
		"test_start":	{
			"protocol":	"TCP",
			"num_streams":	1,
			"blksize":	131072,
			"omit":	0,
			"duration":	100,
			"bytes":	0,
			"blocks":	0,
			"reverse":	0,
			"tos":	0
		}
	},
	"intervals":	[{
			"streams":	[{
					"socket":	5,
					"start":	0,
					"end":	60.000063,
					"seconds":	60.000064849853516,
					"bytes":	52499447808,
					"bits_per_second":	6999918808.67151,
					"retransmits":	0,
					"snd_cwnd":	2862696,
					"rtt":	490,
					"rttvar":	139,
					"pmtu":	9000,
					"omitted":	false,
					"sender":	true
				}],
			"sum":	{
				"start":	0,
				"end":	60.000063,
				"seconds":	60.000064849853516,
				"bytes":	52499447808,
				"bits_per_second":	6999918808.67151,
				"retransmits":	0,
				"omitted":	false,
				"sender":	true
			}
		}, {
			"streams":	[{
					"socket":	5,
					"start":	60.000063,
					"end":	100.000076,
					"seconds":	40.0000114440918,
					"bytes":	34999894016,
					"bits_per_second":	6999976800.4905729,
					"retransmits":	0,
					"snd_cwnd":	2862696,
					"rtt":	515,
					"rttvar":	160,
					"pmtu":	9000,
					"omitted":	false,
					"sender":	true
				}],
			"sum":	{
				"start":	60.000063,
				"end":	100.000076,
				"seconds":	40.0000114440918,
				"bytes":	34999894016,
				"bits_per_second":	6999976800.4905729,
				"retransmits":	0,
				"omitted":	false,
				"sender":	true
			}
		}],
	"end":	{
		"streams":	[{
				"sender":	{
					"socket":	5,
					"start":	0,
					"end":	100.000076,
					"seconds":	100.000076,
					"bytes":	87499341824,
					"bits_per_second":	6999942025.96406,
					"retransmits":	0,
					"max_snd_cwnd":	2862696,
					"max_rtt":	515,
					"min_rtt":	490,
					"mean_rtt":	502,
					"sender":	true
				},
				"receiver":	{
					"socket":	5,
					"start":	0,
					"end":	100.000344,
					"seconds":	100.000076,
					"bytes":	87499341824,
					"bits_per_second":	6999923266.1839647,
					"sender":	true
				}
			}],
		"sum_sent":	{
			"start":	0,
			"end":	100.000076,
			"seconds":	100.000076,
			"bytes":	87499341824,
			"bits_per_second":	6999942025.96406,
			"retransmits":	0,
			"sender":	true
		},
		"sum_received":	{
			"start":	0,
			"end":	100.000344,
			"seconds":	100.000344,
			"bytes":	87499341824,
			"bits_per_second":	6999923266.1839647,
			"sender":	true
		},
		"cpu_utilization_percent":	{
			"host_total":	39.2968466522661,
			"host_user":	2.0272936825707988,
			"host_system":	37.269550969744927,
			"remote_total":	42.608073494094519,
			"remote_user":	1.3362072932970346,
			"remote_system":	41.27186520139562
		},
		"sender_tcp_congestion":	"cubic",
		"receiver_tcp_congestion":	"reno"
	}
}
