{
	"start":	{
		"connected":	[{
				"socket":	5,
				"local_host":	"10.0.1.1",
				"local_port":	47700,
				"remote_host":	"10.0.0.1",
				"remote_port":	5201
			}],
		"version":	"iperf 3.9+",
		"system_info":	"Linux han-3 5.10.0 #9 SMP PREEMPT Tue Feb 23 15:01:43 PST 2021 x86_64",
		"timestamp":	{
			"time":	"Sat, 02 Mar 2024 17:40:17 GMT",
			"timesecs":	1709401217
		},
		"connecting_to":	{
			"host":	"10.0.0.1",
			"port":	5201
		},
		"cookie":	"lvphuk2jbqj7htobssdxzblgm7dcjlwuwb2c",
		"tcp_mss_default":	1448,
		"target_bitrate":	5000000000,
		"sock_bufsize":	0,
		"sndbuf_actual":	16384,
		"rcvbuf_actual":	131072,
		"test_start":	{
			"protocol":	"TCP",
			"num_streams":	1,
			"blksize":	131072,
			"omit":	0,
			"duration":	10,
			"bytes":	0,
			"blocks":	0,
			"reverse":	0,
			"tos":	0
		}
	},
	"intervals":	[{
			"streams":	[{
					"socket":	5,
					"start":	0,
					"end":	10.000086,
					"seconds":	10.000085830688477,
					"bytes":	6249644032,
					"bits_per_second":	4999672313.06832,
					"retransmits":	0,
					"snd_cwnd":	919480,
					"rtt":	280,
					"rttvar":	42,
					"pmtu":	9000,
					"omitted":	false,
					"sender":	true
				}],
			"sum":	{
				"start":	0,
				"end":	10.000086,
				"seconds":	10.000085830688477,
				"bytes":	6249644032,
				"bits_per_second":	4999672313.06832,
				"retransmits":	0,
				"omitted":	false,
				"sender":	true
			}
		}],
	"end":	{
		"streams":	[{
				"sender":	{
					"socket":	5,
					"start":	0,
					"end":	10.000086,
					"seconds":	10.000086,
					"bytes":	6249644032,
					"bits_per_second":	4999672228.4188356,
					"retransmits":	0,
					"max_snd_cwnd":	919480,
					"max_rtt":	280,
					"min_rtt":	280,
					"mean_rtt":	280,
					"sender":	true
				},
				"receiver":	{
					"socket":	5,
					"start":	0,
					"end":	10.000245,
					"seconds":	10.000086,
					"bytes":	6249644032,
					"bits_per_second":	4999592735.5779781,
					"sender":	true
				}
			}],
		"sum_sent":	{
			"start":	0,
			"end":	10.000086,
			"seconds":	10.000086,
			"bytes":	6249644032,
			"bits_per_second":	4999672228.4188356,
			"retransmits":	0,
			"sender":	true
		},
		"sum_received":	{
			"start":	0,
			"end":	10.000245,
			"seconds":	10.000245,
			"bytes":	6249644032,
			"bits_per_second":	4999592735.5779781,
			"sender":	true
		},
		"cpu_utilization_percent":	{
			"host_total":	24.647683146777361,
			"host_user":	0.920892669330038,
			"host_system":	23.726770482166209,
			"remote_total":	36.175185165224164,
			"remote_user":	9.3656388251101141,
			"remote_system":	26.80954634011405
		},
		"sender_tcp_congestion":	"cubic",
		"receiver_tcp_congestion":	"reno"
	}
}
