{
	"start":	{
		"connected":	[{
				"socket":	5,
				"local_host":	"10.0.1.1",
				"local_port":	40982,
				"remote_host":	"10.0.0.1",
				"remote_port":	5201
			}],
		"version":	"iperf 3.9+",
		"system_info":	"Linux han-3 5.10.0 #9 SMP PREEMPT Tue Feb 23 15:01:43 PST 2021 x86_64",
		"timestamp":	{
			"time":	"Fri, 01 Mar 2024 17:57:42 GMT",
			"timesecs":	1709315862
		},
		"connecting_to":	{
			"host":	"10.0.0.1",
			"port":	5201
		},
		"cookie":	"jwo5vizcojfxohg42hxl7qixpewow3fmkauk",
		"tcp_mss_default":	1448,
		"target_bitrate":	9000000000,
		"sock_bufsize":	0,
		"sndbuf_actual":	16384,
		"rcvbuf_actual":	131072,
		"test_start":	{
			"protocol":	"TCP",
			"num_streams":	1,
			"blksize":	131072,
			"omit":	0,
			"duration":	80,
			"bytes":	0,
			"blocks":	0,
			"reverse":	0,
			"tos":	0
		}
	},
	"intervals":	[{
			"streams":	[{
					"socket":	5,
					"start":	0,
					"end":	60.000096,
					"seconds":	60.000095367431641,
					"bytes":	67499327488,
					"bits_per_second":	8999896026.78385,
					"retransmits":	0,
					"snd_cwnd":	3832856,
					"rtt":	557,
					"rttvar":	124,
					"pmtu":	9000,
					"omitted":	false,
					"sender":	true
				}],
			"sum":	{
				"start":	0,
				"end":	60.000096,
				"seconds":	60.000095367431641,
				"bytes":	67499327488,
				"bits_per_second":	8999896026.78385,
				"retransmits":	0,
				"omitted":	false,
				"sender":	true
			}
		}, {
			"streams":	[{
					"socket":	5,
					"start":	60.000096,
					"end":	80.000118,
					"seconds":	20.000022888183594,
					"bytes":	22500081664,
					"bits_per_second":	9000022365.8917866,
					"retransmits":	0,
					"snd_cwnd":	3832856,
					"rtt":	591,
					"rttvar":	147,
					"pmtu":	9000,
					"omitted":	false,
					"sender":	true
				}],
			"sum":	{
				"start":	60.000096,
				"end":	80.000118,
				"seconds":	20.000022888183594,
				"bytes":	22500081664,
				"bits_per_second":	9000022365.8917866,
				"retransmits":	0,
				"omitted":	false,
				"sender":	true
			}
		}],
	"end":	{
		"streams":	[{
				"sender":	{
					"socket":	5,
					"start":	0,
					"end":	80.000118,
					"seconds":	80.000118,
					"bytes":	89999409152,
					"bits_per_second":	8999927640.30673,
					"retransmits":	0,
					"max_snd_cwnd":	3832856,
					"max_rtt":	591,
					"min_rtt":	557,
					"mean_rtt":	574,
					"sender":	true
				},
				"receiver":	{
					"socket":	5,
					"start":	0,
					"end":	79.99987,
					"seconds":	80.000118,
					"bytes":	89999409152,
					"bits_per_second":	8999955540.12775,
					"sender":	true
				}
			}],
		"sum_sent":	{
			"start":	0,
			"end":	80.000118,
			"seconds":	80.000118,
			"bytes":	89999409152,
			"bits_per_second":	8999927640.30673,
			"retransmits":	0,
			"sender":	true
		},
		"sum_received":	{
			"start":	0,
			"end":	79.99987,
			"seconds":	79.99987,
			"bytes":	89999409152,
			"bits_per_second":	8999955540.12775,
			"sender":	true
		},
		"cpu_utilization_percent":	{
			"host_total":	28.904266839985375,
			"host_user":	1.7633442348343389,
			"host_system":	27.140923855117716,
			"remote_total":	46.972752299522043,
			"remote_user":	4.2106163069626454,
			"remote_system":	42.762137241888851
		},
		"sender_tcp_congestion":	"cubic",
		"receiver_tcp_congestion":	"reno"
	}
}
