{
	"start":	{
		"connected":	[{
				"socket":	5,
				"local_host":	"10.0.1.1",
				"local_port":	38988,
				"remote_host":	"10.0.0.1",
				"remote_port":	5201
			}],
		"version":	"iperf 3.9+",
		"system_info":	"Linux han-3 5.10.0 #9 SMP PREEMPT Tue Feb 23 15:01:43 PST 2021 x86_64",
		"timestamp":	{
			"time":	"Fri, 01 Mar 2024 11:06:59 GMT",
			"timesecs":	1709291219
		},
		"connecting_to":	{
			"host":	"10.0.0.1",
			"port":	5201
		},
		"cookie":	"3inhcdz76hjyndvgc6vqrbkvwfcqjywphd5d",
		"tcp_mss_default":	1448,
		"target_bitrate":	5000000000,
		"sock_bufsize":	0,
		"sndbuf_actual":	16384,
		"rcvbuf_actual":	131072,
		"test_start":	{
			"protocol":	"TCP",
			"num_streams":	1,
			"blksize":	131072,
			"omit":	0,
			"duration":	20,
			"bytes":	0,
			"blocks":	0,
			"reverse":	0,
			"tos":	0
		}
	},
	"intervals":	[{
			"streams":	[{
					"socket":	5,
					"start":	0,
					"end":	20.000077,
					"seconds":	20.000076293945312,
					"bytes":	12499550208,
					"bits_per_second":	4999801010.4727564,
					"retransmits":	0,
					"snd_cwnd":	813776,
					"rtt":	407,
					"rttvar":	130,
					"pmtu":	9000,
					"omitted":	false,
					"sender":	true
				}],
			"sum":	{
				"start":	0,
				"end":	20.000077,
				"seconds":	20.000076293945312,
				"bytes":	12499550208,
				"bits_per_second":	4999801010.4727564,
				"retransmits":	0,
				"omitted":	false,
				"sender":	true
			}
		}],
	"end":	{
		"streams":	[{
				"sender":	{
					"socket":	5,
					"start":	0,
					"end":	20.000077,
					"seconds":	20.000077,
					"bytes":	12499550208,
					"bits_per_second":	4999800833.96679,
					"retransmits":	0,
					"max_snd_cwnd":	813776,
					"max_rtt":	407,
					"min_rtt":	407,
					"mean_rtt":	407,
					"sender":	true
				},
				"receiver":	{
					"socket":	5,
					"start":	0,
					"end":	20.00016,
					"seconds":	20.000077,
					"bytes":	12499550208,
					"bits_per_second":	4999780084.95932,
					"sender":	true
				}
			}],
		"sum_sent":	{
			"start":	0,
			"end":	20.000077,
			"seconds":	20.000077,
			"bytes":	12499550208,
			"bits_per_second":	4999800833.96679,
			"retransmits":	0,
			"sender":	true
		},
		"sum_received":	{
			"start":	0,
			"end":	20.00016,
			"seconds":	20.00016,
			"bytes":	12499550208,
			"bits_per_second":	4999780084.95932,
			"sender":	true
		},
		"cpu_utilization_percent":	{
			"host_total":	17.158433681994374,
			"host_user":	0,
			"host_system":	17.158438681387945,
			"remote_total":	36.809651149608648,
			"remote_user":	0,
			"remote_system":	36.809641174631381
		},
		"sender_tcp_congestion":	"cubic",
		"receiver_tcp_congestion":	"reno"
	}
}
