{
	"start":	{
		"connected":	[{
				"socket":	5,
				"local_host":	"10.0.1.1",
				"local_port":	52870,
				"remote_host":	"10.0.0.1",
				"remote_port":	5201
			}],
		"version":	"iperf 3.9+",
		"system_info":	"Linux han-3 5.10.0 #9 SMP PREEMPT Tue Feb 23 15:01:43 PST 2021 x86_64",
		"timestamp":	{
			"time":	"Sun, 03 Mar 2024 11:24:53 GMT",
			"timesecs":	1709465093
		},
		"connecting_to":	{
			"host":	"10.0.0.1",
			"port":	5201
		},
		"cookie":	"fblpeehqslydsizar6vn4sfg3tcwncamkyf4",
		"tcp_mss_default":	1448,
		"target_bitrate":	6000000000,
		"sock_bufsize":	0,
		"sndbuf_actual":	16384,
		"rcvbuf_actual":	131072,
		"test_start":	{
			"protocol":	"TCP",
			"num_streams":	1,
			"blksize":	131072,
			"omit":	0,
			"duration":	80,
			"bytes":	0,
			"blocks":	0,
			"reverse":	0,
			"tos":	0
		}
	},
	"intervals":	[{
			"streams":	[{
					"socket":	5,
					"start":	0,
					"end":	60.000063,
					"seconds":	60.000064849853516,
					"bytes":	44999507968,
					"bits_per_second":	5999927910.8258982,
					"retransmits":	0,
					"snd_cwnd":	1659408,
					"rtt":	441,
					"rttvar":	139,
					"pmtu":	9000,
					"omitted":	false,
					"sender":	true
				}],
			"sum":	{
				"start":	0,
				"end":	60.000063,
				"seconds":	60.000064849853516,
				"bytes":	44999507968,
				"bits_per_second":	5999927910.8258982,
				"retransmits":	0,
				"omitted":	false,
				"sender":	true
			}
		}, {
			"streams":	[{
					"socket":	5,
					"start":	60.000063,
					"end":	80.000075,
					"seconds":	20.0000114440918,
					"bytes":	15000010752,
					"bits_per_second":	6000000867.5719643,
					"retransmits":	0,
					"snd_cwnd":	1659408,
					"rtt":	459,
					"rttvar":	112,
					"pmtu":	9000,
					"omitted":	false,
					"sender":	true
				}],
			"sum":	{
				"start":	60.000063,
				"end":	80.000075,
				"seconds":	20.0000114440918,
				"bytes":	15000010752,
				"bits_per_second":	6000000867.5719643,
				"retransmits":	0,
				"omitted":	false,
				"sender":	true
			}
		}],
	"end":	{
		"streams":	[{
				"sender":	{
					"socket":	5,
					"start":	0,
					"end":	80.000075,
					"seconds":	80.000075,
					"bytes":	59999518720,
					"bits_per_second":	5999946247.0503941,
					"retransmits":	0,
					"max_snd_cwnd":	1659408,
					"max_rtt":	459,
					"min_rtt":	441,
					"mean_rtt":	450,
					"sender":	true
				},
				"receiver":	{
					"socket":	5,
					"start":	0,
					"end":	80.00015,
					"seconds":	80.000075,
					"bytes":	59999518720,
					"bits_per_second":	5999940622.1113329,
					"sender":	true
				}
			}],
		"sum_sent":	{
			"start":	0,
			"end":	80.000075,
			"seconds":	80.000075,
			"bytes":	59999518720,
			"bits_per_second":	5999946247.0503941,
			"retransmits":	0,
			"sender":	true
		},
		"sum_received":	{
			"start":	0,
			"end":	80.00015,
			"seconds":	80.00015,
			"bytes":	59999518720,
			"bits_per_second":	5999940622.1113329,
			"sender":	true
		},
		"cpu_utilization_percent":	{
			"host_total":	23.316784032974024,
			"host_user":	0.0769627151693934,
			"host_system":	23.239821317804626,
			"remote_total":	38.950352980377275,
			"remote_user":	3.1620119816542349,
			"remote_system":	35.788340998723037
		},
		"sender_tcp_congestion":	"cubic",
		"receiver_tcp_congestion":	"reno"
	}
}
