{
	"start":	{
		"connected":	[{
				"socket":	5,
				"local_host":	"10.0.1.1",
				"local_port":	46642,
				"remote_host":	"10.0.0.1",
				"remote_port":	5201
			}],
		"version":	"iperf 3.9+",
		"system_info":	"Linux han-3 5.10.0 #9 SMP PREEMPT Tue Feb 23 15:01:43 PST 2021 x86_64",
		"timestamp":	{
			"time":	"Sat, 02 Mar 2024 13:44:49 GMT",
			"timesecs":	1709387089
		},
		"connecting_to":	{
			"host":	"10.0.0.1",
			"port":	5201
		},
		"cookie":	"42fi2o3a6usis2rktfs2g4esfhobkbsjj6sg",
		"tcp_mss_default":	1448,
		"target_bitrate":	2000000000,
		"sock_bufsize":	0,
		"sndbuf_actual":	16384,
		"rcvbuf_actual":	131072,
		"test_start":	{
			"protocol":	"TCP",
			"num_streams":	1,
			"blksize":	131072,
			"omit":	0,
			"duration":	70,
			"bytes":	0,
			"blocks":	0,
			"reverse":	0,
			"tos":	0
		}
	},
	"intervals":	[{
			"streams":	[{
					"socket":	5,
					"start":	0,
					"end":	60.000063,
					"seconds":	60.000064849853516,
					"bytes":	14999879680,
					"bits_per_second":	1999981795.6912253,
					"retransmits":	0,
					"snd_cwnd":	606712,
					"rtt":	218,
					"rttvar":	49,
					"pmtu":	9000,
					"omitted":	false,
					"sender":	true
				}],
			"sum":	{
				"start":	0,
				"end":	60.000063,
				"seconds":	60.000064849853516,
				"bytes":	14999879680,
				"bits_per_second":	1999981795.6912253,
				"retransmits":	0,
				"omitted":	false,
				"sender":	true
			}
		}, {
			"streams":	[{
					"socket":	5,
					"start":	60.000063,
					"end":	70.000147,
					"seconds":	10.000083923339844,
					"bytes":	2499936256,
					"bits_per_second":	1999932220.7008579,
					"retransmits":	0,
					"snd_cwnd":	625536,
					"rtt":	270,
					"rttvar":	36,
					"pmtu":	9000,
					"omitted":	false,
					"sender":	true
				}],
			"sum":	{
				"start":	60.000063,
				"end":	70.000147,
				"seconds":	10.000083923339844,
				"bytes":	2499936256,
				"bits_per_second":	1999932220.7008579,
				"retransmits":	0,
				"omitted":	false,
				"sender":	true
			}
		}],
	"end":	{
		"streams":	[{
				"sender":	{
					"socket":	5,
					"start":	0,
					"end":	70.000147,
					"seconds":	70.000147,
					"bytes":	17499815936,
					"bits_per_second":	1999974764.1672809,
					"retransmits":	0,
					"max_snd_cwnd":	625536,
					"max_rtt":	270,
					"min_rtt":	218,
					"mean_rtt":	244,
					"sender":	true
				},
				"receiver":	{
					"socket":	5,
					"start":	0,
					"end":	70.000223,
					"seconds":	70.000147,
					"bytes":	17499815936,
					"bits_per_second":	1999972592.7730258,
					"sender":	true
				}
			}],
		"sum_sent":	{
			"start":	0,
			"end":	70.000147,
			"seconds":	70.000147,
			"bytes":	17499815936,
			"bits_per_second":	1999974764.1672809,
			"retransmits":	0,
			"sender":	true
		},
		"sum_received":	{
			"start":	0,
			"end":	70.000223,
			"seconds":	70.000223,
			"bytes":	17499815936,
			"bits_per_second":	1999972592.7730258,
			"sender":	true
		},
		"cpu_utilization_percent":	{
			"host_total":	22.615790930775862,
			"host_user":	0.818088392893621,
			"host_system":	21.797703966403468,
			"remote_total":	20.960443935161273,
			"remote_user":	6.3055269612519034,
			"remote_system":	14.654915547008354
		},
		"sender_tcp_congestion":	"cubic",
		"receiver_tcp_congestion":	"reno"
	}
}
