{
	"start":	{
		"connected":	[{
				"socket":	5,
				"local_host":	"10.0.1.1",
				"local_port":	45512,
				"remote_host":	"10.0.0.1",
				"remote_port":	5201
			}],
		"version":	"iperf 3.9+",
		"system_info":	"Linux han-3 5.10.0 #9 SMP PREEMPT Tue Feb 23 15:01:43 PST 2021 x86_64",
		"timestamp":	{
			"time":	"Sat, 02 Mar 2024 10:01:10 GMT",
			"timesecs":	1709373670
		},
		"connecting_to":	{
			"host":	"10.0.0.1",
			"port":	5201
		},
		"cookie":	"6y4kgzyq4hj4ykldq6xsk5ac2n37abr5bksi",
		"tcp_mss_default":	1448,
		"target_bitrate":	10000000000,
		"sock_bufsize":	0,
		"sndbuf_actual":	16384,
		"rcvbuf_actual":	131072,
		"test_start":	{
			"protocol":	"TCP",
			"num_streams":	1,
			"blksize":	131072,
			"omit":	0,
			"duration":	10,
			"bytes":	0,
			"blocks":	0,
			"reverse":	0,
			"tos":	0
		}
	},
	"intervals":	[{
			"streams":	[{
					"socket":	5,
					"start":	0,
					"end":	10.000197,
					"seconds":	10.000197410583496,
					"bytes":	11768168448,
					"bits_per_second":	9414348909.18886,
					"retransmits":	0,
					"snd_cwnd":	1591352,
					"rtt":	1100,
					"rttvar":	13,
					"pmtu":	9000,
					"omitted":	false,
					"sender":	true
				}],
			"sum":	{
				"start":	0,
				"end":	10.000197,
				"seconds":	10.000197410583496,
				"bytes":	11768168448,
				"bits_per_second":	9414348909.18886,
				"retransmits":	0,
				"omitted":	false,
				"sender":	true
			}
		}],
	"end":	{
		"streams":	[{
				"sender":	{
					"socket":	5,
					"start":	0,
					"end":	10.000197,
					"seconds":	10.000197,
					"bytes":	11768168448,
					"bits_per_second":	9414349295.718874,
					"retransmits":	0,
					"max_snd_cwnd":	1591352,
					"max_rtt":	1100,
					"min_rtt":	1100,
					"mean_rtt":	1100,
					"sender":	true
				},
				"receiver":	{
					"socket":	5,
					"start":	0,
					"end":	10.000584,
					"seconds":	10.000197,
					"bytes":	11766138880,
					"bits_per_second":	9412361422.09295,
					"sender":	true
				}
			}],
		"sum_sent":	{
			"start":	0,
			"end":	10.000197,
			"seconds":	10.000197,
			"bytes":	11768168448,
			"bits_per_second":	9414349295.718874,
			"retransmits":	0,
			"sender":	true
		},
		"sum_received":	{
			"start":	0,
			"end":	10.000584,
			"seconds":	10.000584,
			"bytes":	11766138880,
			"bits_per_second":	9412361422.09295,
			"sender":	true
		},
		"cpu_utilization_percent":	{
			"host_total":	22.361107112122056,
			"host_user":	2.5107852734828637,
			"host_system":	19.850331836111831,
			"remote_total":	46.449488253193053,
			"remote_user":	2.3743803873314446,
			"remote_system":	44.075097929802141
		},
		"sender_tcp_congestion":	"cubic",
		"receiver_tcp_congestion":	"reno"
	}
}
