{
	"start":	{
		"connected":	[{
				"socket":	5,
				"local_host":	"10.0.1.1",
				"local_port":	41136,
				"remote_host":	"10.0.0.1",
				"remote_port":	5201
			}],
		"version":	"iperf 3.9+",
		"system_info":	"Linux han-3 5.10.0 #9 SMP PREEMPT Tue Feb 23 15:01:43 PST 2021 x86_64",
		"timestamp":	{
			"time":	"Fri, 01 Mar 2024 18:43:23 GMT",
			"timesecs":	1709318603
		},
		"connecting_to":	{
			"host":	"10.0.0.1",
			"port":	5201
		},
		"cookie":	"5udxglkiy6izvygz5pidjotemetcbcohtbqe",
		"tcp_mss_default":	1448,
		"target_bitrate":	10000000000,
		"sock_bufsize":	0,
		"sndbuf_actual":	16384,
		"rcvbuf_actual":	131072,
		"test_start":	{
			"protocol":	"TCP",
			"num_streams":	1,
			"blksize":	131072,
			"omit":	0,
			"duration":	10,
			"bytes":	0,
			"blocks":	0,
			"reverse":	0,
			"tos":	0
		}
	},
	"intervals":	[{
			"streams":	[{
					"socket":	5,
					"start":	0,
					"end":	10.000221,
					"seconds":	10.000221252441406,
					"bytes":	11768954880,
					"bits_per_second":	9414955595.80887,
					"retransmits":	0,
					"snd_cwnd":	1614520,
					"rtt":	1097,
					"rttvar":	48,
					"pmtu":	9000,
					"omitted":	false,
					"sender":	true
				}],
			"sum":	{
				"start":	0,
				"end":	10.000221,
				"seconds":	10.000221252441406,
				"bytes":	11768954880,
				"bits_per_second":	9414955595.80887,
				"retransmits":	0,
				"omitted":	false,
				"sender":	true
			}
		}],
	"end":	{
		"streams":	[{
				"sender":	{
					"socket":	5,
					"start":	0,
					"end":	10.000221,
					"seconds":	10.000221,
					"bytes":	11768954880,
					"bits_per_second":	9414955833.47608,
					"retransmits":	0,
					"max_snd_cwnd":	1614520,
					"max_rtt":	1097,
					"min_rtt":	1097,
					"mean_rtt":	1097,
					"sender":	true
				},
				"receiver":	{
					"socket":	5,
					"start":	0,
					"end":	10.000622,
					"seconds":	10.000221,
					"bytes":	11766764128,
					"bits_per_second":	9412825824.633707,
					"sender":	true
				}
			}],
		"sum_sent":	{
			"start":	0,
			"end":	10.000221,
			"seconds":	10.000221,
			"bytes":	11768954880,
			"bits_per_second":	9414955833.47608,
			"retransmits":	0,
			"sender":	true
		},
		"sum_received":	{
			"start":	0,
			"end":	10.000622,
			"seconds":	10.000622,
			"bytes":	11766764128,
			"bits_per_second":	9412825824.633707,
			"sender":	true
		},
		"cpu_utilization_percent":	{
			"host_total":	21.125933153842539,
			"host_user":	2.2455578028007359,
			"host_system":	18.880365353411239,
			"remote_total":	48.288548971958726,
			"remote_user":	0.43835858620297313,
			"remote_system":	47.850180431205246
		},
		"sender_tcp_congestion":	"cubic",
		"receiver_tcp_congestion":	"reno"
	}
}
