{
	"start":	{
		"connected":	[{
				"socket":	5,
				"local_host":	"10.0.1.1",
				"local_port":	53530,
				"remote_host":	"10.0.0.1",
				"remote_port":	5201
			}],
		"version":	"iperf 3.9+",
		"system_info":	"Linux han-3 5.10.0 #9 SMP PREEMPT Tue Feb 23 15:01:43 PST 2021 x86_64",
		"timestamp":	{
			"time":	"Sun, 03 Mar 2024 13:40:51 GMT",
			"timesecs":	1709473251
		},
		"connecting_to":	{
			"host":	"10.0.0.1",
			"port":	5201
		},
		"cookie":	"fl2myj22faldjhxdsculvnmbfd3nhwc4s7gs",
		"tcp_mss_default":	1448,
		"target_bitrate":	8000000000,
		"sock_bufsize":	0,
		"sndbuf_actual":	16384,
		"rcvbuf_actual":	131072,
		"test_start":	{
			"protocol":	"TCP",
			"num_streams":	1,
			"blksize":	131072,
			"omit":	0,
			"duration":	30,
			"bytes":	0,
			"blocks":	0,
			"reverse":	0,
			"tos":	0
		}
	},
	"intervals":	[{
			"streams":	[{
					"socket":	5,
					"start":	0,
					"end":	30.000075,
					"seconds":	30.00007438659668,
					"bytes":	29999366144,
					"bits_per_second":	7999811135.77585,
					"retransmits":	0,
					"snd_cwnd":	1235144,
					"rtt":	550,
					"rttvar":	164,
					"pmtu":	9000,
					"omitted":	false,
					"sender":	true
				}],
			"sum":	{
				"start":	0,
				"end":	30.000075,
				"seconds":	30.00007438659668,
				"bytes":	29999366144,
				"bits_per_second":	7999811135.77585,
				"retransmits":	0,
				"omitted":	false,
				"sender":	true
			}
		}],
	"end":	{
		"streams":	[{
				"sender":	{
					"socket":	5,
					"start":	0,
					"end":	30.000075,
					"seconds":	30.000075,
					"bytes":	29999366144,
					"bits_per_second":	7999810972.2059031,
					"retransmits":	0,
					"max_snd_cwnd":	1235144,
					"max_rtt":	550,
					"min_rtt":	550,
					"mean_rtt":	550,
					"sender":	true
				},
				"receiver":	{
					"socket":	5,
					"start":	0,
					"end":	30.000185,
					"seconds":	30.000075,
					"bytes":	29999366144,
					"bits_per_second":	7999781639.7465553,
					"sender":	true
				}
			}],
		"sum_sent":	{
			"start":	0,
			"end":	30.000075,
			"seconds":	30.000075,
			"bytes":	29999366144,
			"bits_per_second":	7999810972.2059031,
			"retransmits":	0,
			"sender":	true
		},
		"sum_received":	{
			"start":	0,
			"end":	30.000185,
			"seconds":	30.000185,
			"bytes":	29999366144,
			"bits_per_second":	7999781639.7465553,
			"sender":	true
		},
		"cpu_utilization_percent":	{
			"host_total":	29.0236078127267,
			"host_user":	4.61148165636824,
			"host_system":	24.41212282330099,
			"remote_total":	45.218098768776073,
			"remote_user":	6.9249715744698976,
			"remote_system":	38.293123866763871
		},
		"sender_tcp_congestion":	"cubic",
		"receiver_tcp_congestion":	"reno"
	}
}
