{
	"start":	{
		"connected":	[{
				"socket":	5,
				"local_host":	"10.0.1.1",
				"local_port":	39338,
				"remote_host":	"10.0.0.1",
				"remote_port":	5201
			}],
		"version":	"iperf 3.9+",
		"system_info":	"Linux han-3 5.10.0 #9 SMP PREEMPT Tue Feb 23 15:01:43 PST 2021 x86_64",
		"timestamp":	{
			"time":	"Fri, 01 Mar 2024 12:25:43 GMT",
			"timesecs":	1709295943
		},
		"connecting_to":	{
			"host":	"10.0.0.1",
			"port":	5201
		},
		"cookie":	"x67ztxpvohe5cdksopxnmmre2c3urc3zh5rd",
		"tcp_mss_default":	1448,
		"target_bitrate":	5000000000,
		"sock_bufsize":	0,
		"sndbuf_actual":	16384,
		"rcvbuf_actual":	131072,
		"test_start":	{
			"protocol":	"TCP",
			"num_streams":	1,
			"blksize":	131072,
			"omit":	0,
			"duration":	100,
			"bytes":	0,
			"blocks":	0,
			"reverse":	0,
			"tos":	0
		}
	},
	"intervals":	[{
			"streams":	[{
					"socket":	5,
					"start":	0,
					"end":	60.000065,
					"seconds":	60.000064849853516,
					"bytes":	37499568128,
					"bits_per_second":	4999937012.9802856,
					"retransmits":	0,
					"snd_cwnd":	793504,
					"rtt":	410,
					"rttvar":	122,
					"pmtu":	9000,
					"omitted":	false,
					"sender":	true
				}],
			"sum":	{
				"start":	0,
				"end":	60.000065,
				"seconds":	60.000064849853516,
				"bytes":	37499568128,
				"bits_per_second":	4999937012.9802856,
				"retransmits":	0,
				"omitted":	false,
				"sender":	true
			}
		}, {
			"streams":	[{
					"socket":	5,
					"start":	60.000065,
					"end":	100.000077,
					"seconds":	40.0000114440918,
					"bytes":	25000017920,
					"bits_per_second":	5000002153.48791,
					"retransmits":	0,
					"snd_cwnd":	793504,
					"rtt":	408,
					"rttvar":	109,
					"pmtu":	9000,
					"omitted":	false,
					"sender":	true
				}],
			"sum":	{
				"start":	60.000065,
				"end":	100.000077,
				"seconds":	40.0000114440918,
				"bytes":	25000017920,
				"bits_per_second":	5000002153.48791,
				"retransmits":	0,
				"omitted":	false,
				"sender":	true
			}
		}],
	"end":	{
		"streams":	[{
				"sender":	{
					"socket":	5,
					"start":	0,
					"end":	100.000077,
					"seconds":	100.000077,
					"bytes":	62499586048,
					"bits_per_second":	4999963033.8684635,
					"retransmits":	0,
					"max_snd_cwnd":	793504,
					"max_rtt":	410,
					"min_rtt":	408,
					"mean_rtt":	409,
					"sender":	true
				},
				"receiver":	{
					"socket":	5,
					"start":	0,
					"end":	99.99954,
					"seconds":	100.000077,
					"bytes":	62499586048,
					"bits_per_second":	4999989883.7934656,
					"sender":	true
				}
			}],
		"sum_sent":	{
			"start":	0,
			"end":	100.000077,
			"seconds":	100.000077,
			"bytes":	62499586048,
			"bits_per_second":	4999963033.8684635,
			"retransmits":	0,
			"sender":	true
		},
		"sum_received":	{
			"start":	0,
			"end":	99.99954,
			"seconds":	99.99954,
			"bytes":	62499586048,
			"bits_per_second":	4999989883.7934656,
			"sender":	true
		},
		"cpu_utilization_percent":	{
			"host_total":	18.867627139150358,
			"host_user":	3.7739172185093719,
			"host_system":	15.093709920640988,
			"remote_total":	36.908555018211878,
			"remote_user":	0,
			"remote_system":	36.908555018211878
		},
		"sender_tcp_congestion":	"cubic",
		"receiver_tcp_congestion":	"reno"
	}
}
