{
	"start":	{
		"connected":	[{
				"socket":	5,
				"local_host":	"10.0.1.1",
				"local_port":	40478,
				"remote_host":	"10.0.0.1",
				"remote_port":	5201
			}],
		"version":	"iperf 3.9+",
		"system_info":	"Linux han-3 5.10.0 #9 SMP PREEMPT Tue Feb 23 15:01:43 PST 2021 x86_64",
		"timestamp":	{
			"time":	"Fri, 01 Mar 2024 16:09:16 GMT",
			"timesecs":	1709309356
		},
		"connecting_to":	{
			"host":	"10.0.0.1",
			"port":	5201
		},
		"cookie":	"du7v6havlydy2w5dlksgj72tac4s4cvlmdgc",
		"tcp_mss_default":	1448,
		"target_bitrate":	8000000000,
		"sock_bufsize":	0,
		"sndbuf_actual":	16384,
		"rcvbuf_actual":	131072,
		"test_start":	{
			"protocol":	"TCP",
			"num_streams":	1,
			"blksize":	131072,
			"omit":	0,
			"duration":	60,
			"bytes":	0,
			"blocks":	0,
			"reverse":	0,
			"tos":	0
		}
	},
	"intervals":	[{
			"streams":	[{
					"socket":	5,
					"start":	0,
					"end":	60.000073,
					"seconds":	60.000072479248047,
					"bytes":	59999387648,
					"bits_per_second":	7999908689.27723,
					"retransmits":	0,
					"snd_cwnd":	3195736,
					"rtt":	600,
					"rttvar":	154,
					"pmtu":	9000,
					"omitted":	false,
					"sender":	true
				}],
			"sum":	{
				"start":	0,
				"end":	60.000073,
				"seconds":	60.000072479248047,
				"bytes":	59999387648,
				"bits_per_second":	7999908689.27723,
				"retransmits":	0,
				"omitted":	false,
				"sender":	true
			}
		}],
	"end":	{
		"streams":	[{
				"sender":	{
					"socket":	5,
					"start":	0,
					"end":	60.000073,
					"seconds":	60.000073,
					"bytes":	59999387648,
					"bits_per_second":	7999908619.8445129,
					"retransmits":	0,
					"max_snd_cwnd":	3195736,
					"max_rtt":	600,
					"min_rtt":	600,
					"mean_rtt":	600,
					"sender":	true
				},
				"receiver":	{
					"socket":	5,
					"start":	0,
					"end":	60.000222,
					"seconds":	60.000073,
					"bytes":	59999387648,
					"bits_per_second":	7999888753.47828,
					"sender":	true
				}
			}],
		"sum_sent":	{
			"start":	0,
			"end":	60.000073,
			"seconds":	60.000073,
			"bytes":	59999387648,
			"bits_per_second":	7999908619.8445129,
			"retransmits":	0,
			"sender":	true
		},
		"sum_received":	{
			"start":	0,
			"end":	60.000222,
			"seconds":	60.000222,
			"bytes":	59999387648,
			"bits_per_second":	7999888753.47828,
			"sender":	true
		},
		"cpu_utilization_percent":	{
			"host_total":	21.8334761723118,
			"host_user":	0.44917614485952334,
			"host_system":	21.384300027452284,
			"remote_total":	43.530015343981923,
			"remote_user":	1.5196301778820569,
			"remote_system":	42.010385166099866
		},
		"sender_tcp_congestion":	"cubic",
		"receiver_tcp_congestion":	"reno"
	}
}
