{
	"start":	{
		"connected":	[{
				"socket":	5,
				"local_host":	"10.0.1.1",
				"local_port":	51614,
				"remote_host":	"10.0.0.1",
				"remote_port":	5201
			}],
		"version":	"iperf 3.9+",
		"system_info":	"Linux han-3 5.10.0 #9 SMP PREEMPT Tue Feb 23 15:01:43 PST 2021 x86_64",
		"timestamp":	{
			"time":	"Sun, 03 Mar 2024 07:07:08 GMT",
			"timesecs":	1709449628
		},
		"connecting_to":	{
			"host":	"10.0.0.1",
			"port":	5201
		},
		"cookie":	"245picfv63m6jcrsfpi7zz7grpnmysvoz5e6",
		"tcp_mss_default":	1448,
		"target_bitrate":	3000000000,
		"sock_bufsize":	0,
		"sndbuf_actual":	16384,
		"rcvbuf_actual":	131072,
		"test_start":	{
			"protocol":	"TCP",
			"num_streams":	1,
			"blksize":	131072,
			"omit":	0,
			"duration":	90,
			"bytes":	0,
			"blocks":	0,
			"reverse":	0,
			"tos":	0
		}
	},
	"intervals":	[{
			"streams":	[{
					"socket":	5,
					"start":	0,
					"end":	60.000116,
					"seconds":	60.000114440917969,
					"bytes":	22499819520,
					"bits_per_second":	2999970214.0109138,
					"retransmits":	0,
					"snd_cwnd":	573408,
					"rtt":	301,
					"rttvar":	57,
					"pmtu":	9000,
					"omitted":	false,
					"sender":	true
				}],
			"sum":	{
				"start":	0,
				"end":	60.000116,
				"seconds":	60.000114440917969,
				"bytes":	22499819520,
				"bits_per_second":	2999970214.0109138,
				"retransmits":	0,
				"omitted":	false,
				"sender":	true
			}
		}, {
			"streams":	[{
					"socket":	5,
					"start":	60.000116,
					"end":	90.000155,
					"seconds":	30.000038146972656,
					"bytes":	11249909760,
					"bits_per_second":	2999972121.3381839,
					"retransmits":	0,
					"snd_cwnd":	573408,
					"rtt":	276,
					"rttvar":	83,
					"pmtu":	9000,
					"omitted":	false,
					"sender":	true
				}],
			"sum":	{
				"start":	60.000116,
				"end":	90.000155,
				"seconds":	30.000038146972656,
				"bytes":	11249909760,
				"bits_per_second":	2999972121.3381839,
				"retransmits":	0,
				"omitted":	false,
				"sender":	true
			}
		}],
	"end":	{
		"streams":	[{
				"sender":	{
					"socket":	5,
					"start":	0,
					"end":	90.000155,
					"seconds":	90.000155,
					"bytes":	33749729280,
					"bits_per_second":	2999970769.3836746,
					"retransmits":	0,
					"max_snd_cwnd":	573408,
					"max_rtt":	301,
					"min_rtt":	276,
					"mean_rtt":	288,
					"sender":	true
				},
				"receiver":	{
					"socket":	5,
					"start":	0,
					"end":	89.99971,
					"seconds":	90.000155,
					"bytes":	33749729280,
					"bits_per_second":	2999985602.6202755,
					"sender":	true
				}
			}],
		"sum_sent":	{
			"start":	0,
			"end":	90.000155,
			"seconds":	90.000155,
			"bytes":	33749729280,
			"bits_per_second":	2999970769.3836746,
			"retransmits":	0,
			"sender":	true
		},
		"sum_received":	{
			"start":	0,
			"end":	89.99971,
			"seconds":	89.99971,
			"bytes":	33749729280,
			"bits_per_second":	2999985602.6202755,
			"sender":	true
		},
		"cpu_utilization_percent":	{
			"host_total":	15.058573601921946,
			"host_user":	0,
			"host_system":	15.058574713001265,
			"remote_total":	28.396413825106677,
			"remote_user":	0,
			"remote_system":	28.396413825106677
		},
		"sender_tcp_congestion":	"cubic",
		"receiver_tcp_congestion":	"reno"
	}
}
