{
	"start":	{
		"connected":	[{
				"socket":	5,
				"local_host":	"10.0.1.1",
				"local_port":	39212,
				"remote_host":	"10.0.0.1",
				"remote_port":	5201
			}],
		"version":	"iperf 3.9+",
		"system_info":	"Linux han-3 5.10.0 #9 SMP PREEMPT Tue Feb 23 15:01:43 PST 2021 x86_64",
		"timestamp":	{
			"time":	"Fri, 01 Mar 2024 11:46:01 GMT",
			"timesecs":	1709293561
		},
		"connecting_to":	{
			"host":	"10.0.0.1",
			"port":	5201
		},
		"cookie":	"gbc34mzuwnowdftel6dvlv43q2dzp4onztru",
		"tcp_mss_default":	1448,
		"target_bitrate":	5000000000,
		"sock_bufsize":	0,
		"sndbuf_actual":	16384,
		"rcvbuf_actual":	131072,
		"test_start":	{
			"protocol":	"TCP",
			"num_streams":	1,
			"blksize":	131072,
			"omit":	0,
			"duration":	70,
			"bytes":	0,
			"blocks":	0,
			"reverse":	0,
			"tos":	0
		}
	},
	"intervals":	[{
			"streams":	[{
					"socket":	5,
					"start":	0,
					"end":	60.000061,
					"seconds":	60.00006103515625,
					"bytes":	37499568128,
					"bits_per_second":	4999937330.8673964,
					"retransmits":	0,
					"snd_cwnd":	792056,
					"rtt":	404,
					"rttvar":	92,
					"pmtu":	9000,
					"omitted":	false,
					"sender":	true
				}],
			"sum":	{
				"start":	0,
				"end":	60.000061,
				"seconds":	60.00006103515625,
				"bytes":	37499568128,
				"bits_per_second":	4999937330.8673964,
				"retransmits":	0,
				"omitted":	false,
				"sender":	true
			}
		}, {
			"streams":	[{
					"socket":	5,
					"start":	60.000061,
					"end":	70.000078,
					"seconds":	10.000017166137695,
					"bytes":	6250037248,
					"bits_per_second":	5000021215.294734,
					"retransmits":	0,
					"snd_cwnd":	792056,
					"rtt":	407,
					"rttvar":	91,
					"pmtu":	9000,
					"omitted":	false,
					"sender":	true
				}],
			"sum":	{
				"start":	60.000061,
				"end":	70.000078,
				"seconds":	10.000017166137695,
				"bytes":	6250037248,
				"bits_per_second":	5000021215.294734,
				"retransmits":	0,
				"omitted":	false,
				"sender":	true
			}
		}],
	"end":	{
		"streams":	[{
				"sender":	{
					"socket":	5,
					"start":	0,
					"end":	70.000078,
					"seconds":	70.000078,
					"bytes":	43749605376,
					"bits_per_second":	4999949328.7421761,
					"retransmits":	0,
					"max_snd_cwnd":	792056,
					"max_rtt":	407,
					"min_rtt":	404,
					"mean_rtt":	405,
					"sender":	true
				},
				"receiver":	{
					"socket":	5,
					"start":	0,
					"end":	70.000407,
					"seconds":	70.000078,
					"bytes":	43749605376,
					"bits_per_second":	4999925829.1169653,
					"sender":	true
				}
			}],
		"sum_sent":	{
			"start":	0,
			"end":	70.000078,
			"seconds":	70.000078,
			"bytes":	43749605376,
			"bits_per_second":	4999949328.7421761,
			"retransmits":	0,
			"sender":	true
		},
		"sum_received":	{
			"start":	0,
			"end":	70.000407,
			"seconds":	70.000407,
			"bytes":	43749605376,
			"bits_per_second":	4999925829.1169653,
			"sender":	true
		},
		"cpu_utilization_percent":	{
			"host_total":	14.759954255981512,
			"host_user":	2.45893170103194,
			"host_system":	12.30102255494957,
			"remote_total":	32.723877789115427,
			"remote_user":	0,
			"remote_system":	32.7238763614602
		},
		"sender_tcp_congestion":	"cubic",
		"receiver_tcp_congestion":	"reno"
	}
}
