{
	"start":	{
		"connected":	[{
				"socket":	5,
				"local_host":	"10.0.1.1",
				"local_port":	41194,
				"remote_host":	"10.0.0.1",
				"remote_port":	5201
			}],
		"version":	"iperf 3.9+",
		"system_info":	"Linux han-3 5.10.0 #9 SMP PREEMPT Tue Feb 23 15:01:43 PST 2021 x86_64",
		"timestamp":	{
			"time":	"Fri, 01 Mar 2024 18:47:04 GMT",
			"timesecs":	1709318824
		},
		"connecting_to":	{
			"host":	"10.0.0.1",
			"port":	5201
		},
		"cookie":	"d5jfmwpgltvnpo5ludkvapnozpektxlfcv4d",
		"tcp_mss_default":	1448,
		"target_bitrate":	10000000000,
		"sock_bufsize":	0,
		"sndbuf_actual":	16384,
		"rcvbuf_actual":	131072,
		"test_start":	{
			"protocol":	"TCP",
			"num_streams":	1,
			"blksize":	131072,
			"omit":	0,
			"duration":	20,
			"bytes":	0,
			"blocks":	0,
			"reverse":	0,
			"tos":	0
		}
	},
	"intervals":	[{
			"streams":	[{
					"socket":	5,
					"start":	0,
					"end":	20.000089,
					"seconds":	20.000089645385742,
					"bytes":	23535943680,
					"bits_per_second":	9414335274.41414,
					"retransmits":	0,
					"snd_cwnd":	3682264,
					"rtt":	1128,
					"rttvar":	17,
					"pmtu":	9000,
					"omitted":	false,
					"sender":	true
				}],
			"sum":	{
				"start":	0,
				"end":	20.000089,
				"seconds":	20.000089645385742,
				"bytes":	23535943680,
				"bits_per_second":	9414335274.41414,
				"retransmits":	0,
				"omitted":	false,
				"sender":	true
			}
		}],
	"end":	{
		"streams":	[{
				"sender":	{
					"socket":	5,
					"start":	0,
					"end":	20.000089,
					"seconds":	20.000089,
					"bytes":	23535943680,
					"bits_per_second":	9414335578.2066765,
					"retransmits":	0,
					"max_snd_cwnd":	3682264,
					"max_rtt":	1128,
					"min_rtt":	1128,
					"mean_rtt":	1128,
					"sender":	true
				},
				"receiver":	{
					"socket":	5,
					"start":	0,
					"end":	20.000503,
					"seconds":	20.000089,
					"bytes":	23533596416,
					"bits_per_second":	9413201824.3741169,
					"sender":	true
				}
			}],
		"sum_sent":	{
			"start":	0,
			"end":	20.000089,
			"seconds":	20.000089,
			"bytes":	23535943680,
			"bits_per_second":	9414335578.2066765,
			"retransmits":	0,
			"sender":	true
		},
		"sum_received":	{
			"start":	0,
			"end":	20.000503,
			"seconds":	20.000503,
			"bytes":	23533596416,
			"bits_per_second":	9413201824.3741169,
			"sender":	true
		},
		"cpu_utilization_percent":	{
			"host_total":	30.685411527430457,
			"host_user":	2.0973208088741808,
			"host_system":	28.588090718556273,
			"remote_total":	47.207904885665151,
			"remote_user":	1.7087078602925905,
			"remote_system":	45.499192037332882
		},
		"sender_tcp_congestion":	"cubic",
		"receiver_tcp_congestion":	"reno"
	}
}
