{
	"start":	{
		"connected":	[{
				"socket":	5,
				"local_host":	"10.0.1.1",
				"local_port":	52882,
				"remote_host":	"10.0.0.1",
				"remote_port":	5201
			}],
		"version":	"iperf 3.9+",
		"system_info":	"Linux han-3 5.10.0 #9 SMP PREEMPT Tue Feb 23 15:01:43 PST 2021 x86_64",
		"timestamp":	{
			"time":	"Sun, 03 Mar 2024 11:28:53 GMT",
			"timesecs":	1709465333
		},
		"connecting_to":	{
			"host":	"10.0.0.1",
			"port":	5201
		},
		"cookie":	"wfciwrw2lubmov7wkms45iemighjyej72nho",
		"tcp_mss_default":	1448,
		"target_bitrate":	6000000000,
		"sock_bufsize":	0,
		"sndbuf_actual":	16384,
		"rcvbuf_actual":	131072,
		"test_start":	{
			"protocol":	"TCP",
			"num_streams":	1,
			"blksize":	131072,
			"omit":	0,
			"duration":	90,
			"bytes":	0,
			"blocks":	0,
			"reverse":	0,
			"tos":	0
		}
	},
	"intervals":	[{
			"streams":	[{
					"socket":	5,
					"start":	0,
					"end":	60.000061,
					"seconds":	60.00006103515625,
					"bytes":	44999507968,
					"bits_per_second":	5999928292.2906532,
					"retransmits":	0,
					"snd_cwnd":	948440,
					"rtt":	494,
					"rttvar":	138,
					"pmtu":	9000,
					"omitted":	false,
					"sender":	true
				}],
			"sum":	{
				"start":	0,
				"end":	60.000061,
				"seconds":	60.00006103515625,
				"bytes":	44999507968,
				"bits_per_second":	5999928292.2906532,
				"retransmits":	0,
				"omitted":	false,
				"sender":	true
			}
		}, {
			"streams":	[{
					"socket":	5,
					"start":	60.000061,
					"end":	90.000073,
					"seconds":	30.0000114440918,
					"bytes":	22499950592,
					"bits_per_second":	5999984535.7208729,
					"retransmits":	0,
					"snd_cwnd":	948440,
					"rtt":	448,
					"rttvar":	85,
					"pmtu":	9000,
					"omitted":	false,
					"sender":	true
				}],
			"sum":	{
				"start":	60.000061,
				"end":	90.000073,
				"seconds":	30.0000114440918,
				"bytes":	22499950592,
				"bits_per_second":	5999984535.7208729,
				"retransmits":	0,
				"omitted":	false,
				"sender":	true
			}
		}],
	"end":	{
		"streams":	[{
				"sender":	{
					"socket":	5,
					"start":	0,
					"end":	90.000073,
					"seconds":	90.000073,
					"bytes":	67499458560,
					"bits_per_second":	5999947005.376318,
					"retransmits":	0,
					"max_snd_cwnd":	948440,
					"max_rtt":	494,
					"min_rtt":	448,
					"mean_rtt":	471,
					"sender":	true
				},
				"receiver":	{
					"socket":	5,
					"start":	0,
					"end":	90.000055,
					"seconds":	90.000073,
					"bytes":	67499458560,
					"bits_per_second":	5999948205.3649855,
					"sender":	true
				}
			}],
		"sum_sent":	{
			"start":	0,
			"end":	90.000073,
			"seconds":	90.000073,
			"bytes":	67499458560,
			"bits_per_second":	5999947005.376318,
			"retransmits":	0,
			"sender":	true
		},
		"sum_received":	{
			"start":	0,
			"end":	90.000055,
			"seconds":	90.000055,
			"bytes":	67499458560,
			"bits_per_second":	5999948205.3649855,
			"sender":	true
		},
		"cpu_utilization_percent":	{
			"host_total":	21.827263438728313,
			"host_user":	2.96371009564316,
			"host_system":	18.863553343085151,
			"remote_total":	39.808184442253967,
			"remote_user":	3.4610548468831723,
			"remote_system":	36.347130705734529
		},
		"sender_tcp_congestion":	"cubic",
		"receiver_tcp_congestion":	"reno"
	}
}
