{
	"start":	{
		"connected":	[{
				"socket":	5,
				"local_host":	"10.0.1.1",
				"local_port":	40186,
				"remote_host":	"10.0.0.1",
				"remote_port":	5201
			}],
		"version":	"iperf 3.9+",
		"system_info":	"Linux han-3 5.10.0 #9 SMP PREEMPT Tue Feb 23 15:01:43 PST 2021 x86_64",
		"timestamp":	{
			"time":	"Fri, 01 Mar 2024 15:18:02 GMT",
			"timesecs":	1709306282
		},
		"connecting_to":	{
			"host":	"10.0.0.1",
			"port":	5201
		},
		"cookie":	"whkvjz664z3nek6cvhkh52kese6x22y7tnwc",
		"tcp_mss_default":	1448,
		"target_bitrate":	7000000000,
		"sock_bufsize":	0,
		"sndbuf_actual":	16384,
		"rcvbuf_actual":	131072,
		"test_start":	{
			"protocol":	"TCP",
			"num_streams":	1,
			"blksize":	131072,
			"omit":	0,
			"duration":	90,
			"bytes":	0,
			"blocks":	0,
			"reverse":	0,
			"tos":	0
		}
	},
	"intervals":	[{
			"streams":	[{
					"socket":	5,
					"start":	0,
					"end":	60.000058,
					"seconds":	60.000057220458984,
					"bytes":	52499316736,
					"bits_per_second":	6999902222.5063667,
					"retransmits":	0,
					"snd_cwnd":	1109168,
					"rtt":	490,
					"rttvar":	116,
					"pmtu":	9000,
					"omitted":	false,
					"sender":	true
				}],
			"sum":	{
				"start":	0,
				"end":	60.000058,
				"seconds":	60.000057220458984,
				"bytes":	52499316736,
				"bits_per_second":	6999902222.5063667,
				"retransmits":	0,
				"omitted":	false,
				"sender":	true
			}
		}, {
			"streams":	[{
					"socket":	5,
					"start":	60.000058,
					"end":	90.000115,
					"seconds":	30.000057220458984,
					"bytes":	26250051584,
					"bits_per_second":	7000000404.2921324,
					"retransmits":	0,
					"snd_cwnd":	1741944,
					"rtt":	503,
					"rttvar":	161,
					"pmtu":	9000,
					"omitted":	false,
					"sender":	true
				}],
			"sum":	{
				"start":	60.000058,
				"end":	90.000115,
				"seconds":	30.000057220458984,
				"bytes":	26250051584,
				"bits_per_second":	7000000404.2921324,
				"retransmits":	0,
				"omitted":	false,
				"sender":	true
			}
		}],
	"end":	{
		"streams":	[{
				"sender":	{
					"socket":	5,
					"start":	0,
					"end":	90.000115,
					"seconds":	90.000115,
					"bytes":	78749368320,
					"bits_per_second":	6999934906.305398,
					"retransmits":	0,
					"max_snd_cwnd":	1741944,
					"max_rtt":	503,
					"min_rtt":	490,
					"mean_rtt":	496,
					"sender":	true
				},
				"receiver":	{
					"socket":	5,
					"start":	0,
					"end":	89.999185,
					"seconds":	90.000115,
					"bytes":	78749368320,
					"bits_per_second":	7000007239.6211147,
					"sender":	true
				}
			}],
		"sum_sent":	{
			"start":	0,
			"end":	90.000115,
			"seconds":	90.000115,
			"bytes":	78749368320,
			"bits_per_second":	6999934906.305398,
			"retransmits":	0,
			"sender":	true
		},
		"sum_received":	{
			"start":	0,
			"end":	89.999185,
			"seconds":	89.999185,
			"bytes":	78749368320,
			"bits_per_second":	7000007239.6211147,
			"sender":	true
		},
		"cpu_utilization_percent":	{
			"host_total":	17.497891642578175,
			"host_user":	1.2974013208006632,
			"host_system":	16.20049254393729,
			"remote_total":	40.172784949010222,
			"remote_user":	1.8413401466078678,
			"remote_system":	38.331444802402352
		},
		"sender_tcp_congestion":	"cubic",
		"receiver_tcp_congestion":	"reno"
	}
}
