{
	"start":	{
		"connected":	[{
				"socket":	5,
				"local_host":	"10.0.1.1",
				"local_port":	43752,
				"remote_host":	"10.0.0.1",
				"remote_port":	5201
			}],
		"version":	"iperf 3.9+",
		"system_info":	"Linux han-3 5.10.0 #9 SMP PREEMPT Tue Feb 23 15:01:43 PST 2021 x86_64",
		"timestamp":	{
			"time":	"Sat, 02 Mar 2024 03:53:47 GMT",
			"timesecs":	1709351627
		},
		"connecting_to":	{
			"host":	"10.0.0.1",
			"port":	5201
		},
		"cookie":	"xsm4opindd73yrj2ioov6qz5stze33eb7qaa",
		"tcp_mss_default":	1448,
		"target_bitrate":	6000000000,
		"sock_bufsize":	0,
		"sndbuf_actual":	16384,
		"rcvbuf_actual":	131072,
		"test_start":	{
			"protocol":	"TCP",
			"num_streams":	1,
			"blksize":	131072,
			"omit":	0,
			"duration":	10,
			"bytes":	0,
			"blocks":	0,
			"reverse":	0,
			"tos":	0
		}
	},
	"intervals":	[{
			"streams":	[{
					"socket":	5,
					"start":	0,
					"end":	10.000194,
					"seconds":	10.00019359588623,
					"bytes":	7499415552,
					"bits_per_second":	5999416295.3685436,
					"retransmits":	0,
					"snd_cwnd":	1088896,
					"rtt":	406,
					"rttvar":	105,
					"pmtu":	9000,
					"omitted":	false,
					"sender":	true
				}],
			"sum":	{
				"start":	0,
				"end":	10.000194,
				"seconds":	10.00019359588623,
				"bytes":	7499415552,
				"bits_per_second":	5999416295.3685436,
				"retransmits":	0,
				"omitted":	false,
				"sender":	true
			}
		}],
	"end":	{
		"streams":	[{
				"sender":	{
					"socket":	5,
					"start":	0,
					"end":	10.000194,
					"seconds":	10.000194,
					"bytes":	7499415552,
					"bits_per_second":	5999416052.9285727,
					"retransmits":	0,
					"max_snd_cwnd":	1088896,
					"max_rtt":	406,
					"min_rtt":	406,
					"mean_rtt":	406,
					"sender":	true
				},
				"receiver":	{
					"socket":	5,
					"start":	0,
					"end":	10.000477,
					"seconds":	10.000194,
					"bytes":	7499415552,
					"bits_per_second":	5999246277.55256,
					"sender":	true
				}
			}],
		"sum_sent":	{
			"start":	0,
			"end":	10.000194,
			"seconds":	10.000194,
			"bytes":	7499415552,
			"bits_per_second":	5999416052.9285727,
			"retransmits":	0,
			"sender":	true
		},
		"sum_received":	{
			"start":	0,
			"end":	10.000477,
			"seconds":	10.000477,
			"bytes":	7499415552,
			"bits_per_second":	5999246277.55256,
			"sender":	true
		},
		"cpu_utilization_percent":	{
			"host_total":	21.845831860346447,
			"host_user":	0.69028764434604983,
			"host_system":	21.1555442160004,
			"remote_total":	40.152840553632565,
			"remote_user":	0,
			"remote_system":	40.152840553632565
		},
		"sender_tcp_congestion":	"cubic",
		"receiver_tcp_congestion":	"reno"
	}
}
