{
	"start":	{
		"connected":	[{
				"socket":	5,
				"local_host":	"10.0.1.1",
				"local_port":	53850,
				"remote_host":	"10.0.0.1",
				"remote_port":	5201
			}],
		"version":	"iperf 3.9+",
		"system_info":	"Linux han-3 5.10.0 #9 SMP PREEMPT Tue Feb 23 15:01:43 PST 2021 x86_64",
		"timestamp":	{
			"time":	"Sun, 03 Mar 2024 15:02:25 GMT",
			"timesecs":	1709478145
		},
		"connecting_to":	{
			"host":	"10.0.0.1",
			"port":	5201
		},
		"cookie":	"chga22cdfivdxxhrsorqmv75uu5cgomjkk3k",
		"tcp_mss_default":	1448,
		"target_bitrate":	8000000000,
		"sock_bufsize":	0,
		"sndbuf_actual":	16384,
		"rcvbuf_actual":	131072,
		"test_start":	{
			"protocol":	"TCP",
			"num_streams":	1,
			"blksize":	131072,
			"omit":	0,
			"duration":	100,
			"bytes":	0,
			"blocks":	0,
			"reverse":	0,
			"tos":	0
		}
	},
	"intervals":	[{
			"streams":	[{
					"socket":	5,
					"start":	0,
					"end":	60.000061,
					"seconds":	60.00006103515625,
					"bytes":	59999387648,
					"bits_per_second":	7999910215.137167,
					"retransmits":	0,
					"snd_cwnd":	1216320,
					"rtt":	543,
					"rttvar":	133,
					"pmtu":	9000,
					"omitted":	false,
					"sender":	true
				}],
			"sum":	{
				"start":	0,
				"end":	60.000061,
				"seconds":	60.00006103515625,
				"bytes":	59999387648,
				"bits_per_second":	7999910215.137167,
				"retransmits":	0,
				"omitted":	false,
				"sender":	true
			}
		}, {
			"streams":	[{
					"socket":	5,
					"start":	60.000061,
					"end":	100.000075,
					"seconds":	40.000015258789062,
					"bytes":	40000028672,
					"bits_per_second":	8000002682.6411638,
					"retransmits":	0,
					"snd_cwnd":	2227024,
					"rtt":	499,
					"rttvar":	149,
					"pmtu":	9000,
					"omitted":	false,
					"sender":	true
				}],
			"sum":	{
				"start":	60.000061,
				"end":	100.000075,
				"seconds":	40.000015258789062,
				"bytes":	40000028672,
				"bits_per_second":	8000002682.6411638,
				"retransmits":	0,
				"omitted":	false,
				"sender":	true
			}
		}],
	"end":	{
		"streams":	[{
				"sender":	{
					"socket":	5,
					"start":	0,
					"end":	100.000075,
					"seconds":	100.000075,
					"bytes":	99999416320,
					"bits_per_second":	7999947305.6395216,
					"retransmits":	0,
					"max_snd_cwnd":	2227024,
					"max_rtt":	543,
					"min_rtt":	499,
					"mean_rtt":	521,
					"sender":	true
				},
				"receiver":	{
					"socket":	5,
					"start":	0,
					"end":	100.000358,
					"seconds":	100.000075,
					"bytes":	99999416320,
					"bits_per_second":	7999924665.8696957,
					"sender":	true
				}
			}],
		"sum_sent":	{
			"start":	0,
			"end":	100.000075,
			"seconds":	100.000075,
			"bytes":	99999416320,
			"bits_per_second":	7999947305.6395216,
			"retransmits":	0,
			"sender":	true
		},
		"sum_received":	{
			"start":	0,
			"end":	100.000358,
			"seconds":	100.000358,
			"bytes":	99999416320,
			"bits_per_second":	7999924665.8696957,
			"sender":	true
		},
		"cpu_utilization_percent":	{
			"host_total":	29.794788226580909,
			"host_user":	3.7865219410039472,
			"host_system":	26.008266285576966,
			"remote_total":	44.7251918656642,
			"remote_user":	2.5358974694164473,
			"remote_system":	42.189292397407634
		},
		"sender_tcp_congestion":	"cubic",
		"receiver_tcp_congestion":	"reno"
	}
}
