{
	"start":	{
		"connected":	[{
				"socket":	5,
				"local_host":	"10.0.1.1",
				"local_port":	54300,
				"remote_host":	"10.0.0.1",
				"remote_port":	5201
			}],
		"version":	"iperf 3.9+",
		"system_info":	"Linux han-3 5.10.0 #9 SMP PREEMPT Tue Feb 23 15:01:43 PST 2021 x86_64",
		"timestamp":	{
			"time":	"Sun, 03 Mar 2024 16:36:10 GMT",
			"timesecs":	1709483770
		},
		"connecting_to":	{
			"host":	"10.0.0.1",
			"port":	5201
		},
		"cookie":	"qhjorw6kihrrlsscfu3uptsah3yjkk2arloj",
		"tcp_mss_default":	1448,
		"target_bitrate":	10000000000,
		"sock_bufsize":	0,
		"sndbuf_actual":	16384,
		"rcvbuf_actual":	131072,
		"test_start":	{
			"protocol":	"TCP",
			"num_streams":	1,
			"blksize":	131072,
			"omit":	0,
			"duration":	10,
			"bytes":	0,
			"blocks":	0,
			"reverse":	0,
			"tos":	0
		}
	},
	"intervals":	[{
			"streams":	[{
					"socket":	5,
					"start":	0,
					"end":	10.000119,
					"seconds":	10.000119209289551,
					"bytes":	11769217024,
					"bits_per_second":	9415261380.53799,
					"retransmits":	0,
					"snd_cwnd":	1636240,
					"rtt":	1127,
					"rttvar":	53,
					"pmtu":	9000,
					"omitted":	false,
					"sender":	true
				}],
			"sum":	{
				"start":	0,
				"end":	10.000119,
				"seconds":	10.000119209289551,
				"bytes":	11769217024,
				"bits_per_second":	9415261380.53799,
				"retransmits":	0,
				"omitted":	false,
				"sender":	true
			}
		}],
	"end":	{
		"streams":	[{
				"sender":	{
					"socket":	5,
					"start":	0,
					"end":	10.000119,
					"seconds":	10.000119,
					"bytes":	11769217024,
					"bits_per_second":	9415261577.5872269,
					"retransmits":	0,
					"max_snd_cwnd":	1636240,
					"max_rtt":	1127,
					"min_rtt":	1127,
					"mean_rtt":	1127,
					"sender":	true
				},
				"receiver":	{
					"socket":	5,
					"start":	0,
					"end":	10.000526,
					"seconds":	10.000119,
					"bytes":	11766943216,
					"bits_per_second":	9413059445.8731461,
					"sender":	true
				}
			}],
		"sum_sent":	{
			"start":	0,
			"end":	10.000119,
			"seconds":	10.000119,
			"bytes":	11769217024,
			"bits_per_second":	9415261577.5872269,
			"retransmits":	0,
			"sender":	true
		},
		"sum_received":	{
			"start":	0,
			"end":	10.000526,
			"seconds":	10.000526,
			"bytes":	11766943216,
			"bits_per_second":	9413059445.8731461,
			"sender":	true
		},
		"cpu_utilization_percent":	{
			"host_total":	23.398426970965307,
			"host_user":	2.6606302034052032,
			"host_system":	20.737806765456547,
			"remote_total":	47.9653402767938,
			"remote_user":	1.0544445258158859,
			"remote_system":	46.9108858006658
		},
		"sender_tcp_congestion":	"cubic",
		"receiver_tcp_congestion":	"reno"
	}
}
