{
	"start":	{
		"connected":	[{
				"socket":	5,
				"local_host":	"10.0.1.1",
				"local_port":	42142,
				"remote_host":	"10.0.0.1",
				"remote_port":	5201
			}],
		"version":	"iperf 3.9+",
		"system_info":	"Linux han-3 5.10.0 #9 SMP PREEMPT Tue Feb 23 15:01:43 PST 2021 x86_64",
		"timestamp":	{
			"time":	"Fri, 01 Mar 2024 22:00:16 GMT",
			"timesecs":	1709330416
		},
		"connecting_to":	{
			"host":	"10.0.0.1",
			"port":	5201
		},
		"cookie":	"aveyfcjmrgnzmws2v62gak3fwlvoit3xm6xk",
		"tcp_mss_default":	1448,
		"target_bitrate":	2000000000,
		"sock_bufsize":	0,
		"sndbuf_actual":	16384,
		"rcvbuf_actual":	131072,
		"test_start":	{
			"protocol":	"TCP",
			"num_streams":	1,
			"blksize":	131072,
			"omit":	0,
			"duration":	40,
			"bytes":	0,
			"blocks":	0,
			"reverse":	0,
			"tos":	0
		}
	},
	"intervals":	[{
			"streams":	[{
					"socket":	5,
					"start":	0,
					"end":	40.000076,
					"seconds":	40.000076293945312,
					"bytes":	9999876096,
					"bits_per_second":	1999971404.5572758,
					"retransmits":	0,
					"snd_cwnd":	395304,
					"rtt":	317,
					"rttvar":	43,
					"pmtu":	9000,
					"omitted":	false,
					"sender":	true
				}],
			"sum":	{
				"start":	0,
				"end":	40.000076,
				"seconds":	40.000076293945312,
				"bytes":	9999876096,
				"bits_per_second":	1999971404.5572758,
				"retransmits":	0,
				"omitted":	false,
				"sender":	true
			}
		}],
	"end":	{
		"streams":	[{
				"sender":	{
					"socket":	5,
					"start":	0,
					"end":	40.000076,
					"seconds":	40.000076,
					"bytes":	9999876096,
					"bits_per_second":	1999971419.2543035,
					"retransmits":	0,
					"max_snd_cwnd":	395304,
					"max_rtt":	317,
					"min_rtt":	317,
					"mean_rtt":	317,
					"sender":	true
				},
				"receiver":	{
					"socket":	5,
					"start":	0,
					"end":	40.00015,
					"seconds":	40.000076,
					"bytes":	9999876096,
					"bits_per_second":	1999967719.3210526,
					"sender":	true
				}
			}],
		"sum_sent":	{
			"start":	0,
			"end":	40.000076,
			"seconds":	40.000076,
			"bytes":	9999876096,
			"bits_per_second":	1999971419.2543035,
			"retransmits":	0,
			"sender":	true
		},
		"sum_received":	{
			"start":	0,
			"end":	40.00015,
			"seconds":	40.00015,
			"bytes":	9999876096,
			"bits_per_second":	1999967719.3210526,
			"sender":	true
		},
		"cpu_utilization_percent":	{
			"host_total":	9.77862896031679,
			"host_user":	3.9135314600101236,
			"host_system":	5.865095000455848,
			"remote_total":	21.581332268836352,
			"remote_user":	0.29803785007794359,
			"remote_system":	21.283294418758409
		},
		"sender_tcp_congestion":	"cubic",
		"receiver_tcp_congestion":	"reno"
	}
}
