{
	"start":	{
		"connected":	[{
				"socket":	5,
				"local_host":	"10.0.1.1",
				"local_port":	52356,
				"remote_host":	"10.0.0.1",
				"remote_port":	5201
			}],
		"version":	"iperf 3.9+",
		"system_info":	"Linux han-3 5.10.0 #9 SMP PREEMPT Tue Feb 23 15:01:43 PST 2021 x86_64",
		"timestamp":	{
			"time":	"Sun, 03 Mar 2024 09:32:07 GMT",
			"timesecs":	1709458327
		},
		"connecting_to":	{
			"host":	"10.0.0.1",
			"port":	5201
		},
		"cookie":	"ollbu7n7nwr3zh64sfoemfrvz6jbczbl3rky",
		"tcp_mss_default":	1448,
		"target_bitrate":	5000000000,
		"sock_bufsize":	0,
		"sndbuf_actual":	16384,
		"rcvbuf_actual":	131072,
		"test_start":	{
			"protocol":	"TCP",
			"num_streams":	1,
			"blksize":	131072,
			"omit":	0,
			"duration":	70,
			"bytes":	0,
			"blocks":	0,
			"reverse":	0,
			"tos":	0
		}
	},
	"intervals":	[{
			"streams":	[{
					"socket":	5,
					"start":	0,
					"end":	60.000082,
					"seconds":	60.000080108642578,
					"bytes":	37499568128,
					"bits_per_second":	4999935741.4322462,
					"retransmits":	0,
					"snd_cwnd":	919480,
					"rtt":	426,
					"rttvar":	131,
					"pmtu":	9000,
					"omitted":	false,
					"sender":	true
				}],
			"sum":	{
				"start":	0,
				"end":	60.000082,
				"seconds":	60.000080108642578,
				"bytes":	37499568128,
				"bits_per_second":	4999935741.4322462,
				"retransmits":	0,
				"omitted":	false,
				"sender":	true
			}
		}, {
			"streams":	[{
					"socket":	5,
					"start":	60.000082,
					"end":	70.000131,
					"seconds":	10.000048637390137,
					"bytes":	6250037248,
					"bits_per_second":	5000005479.67828,
					"retransmits":	0,
					"snd_cwnd":	919480,
					"rtt":	377,
					"rttvar":	133,
					"pmtu":	9000,
					"omitted":	false,
					"sender":	true
				}],
			"sum":	{
				"start":	60.000082,
				"end":	70.000131,
				"seconds":	10.000048637390137,
				"bytes":	6250037248,
				"bits_per_second":	5000005479.67828,
				"retransmits":	0,
				"omitted":	false,
				"sender":	true
			}
		}],
	"end":	{
		"streams":	[{
				"sender":	{
					"socket":	5,
					"start":	0,
					"end":	70.000131,
					"seconds":	70.000131,
					"bytes":	43749605376,
					"bits_per_second":	4999945543.07334,
					"retransmits":	0,
					"max_snd_cwnd":	919480,
					"max_rtt":	426,
					"min_rtt":	377,
					"mean_rtt":	401,
					"sender":	true
				},
				"receiver":	{
					"socket":	5,
					"start":	0,
					"end":	70.000037,
					"seconds":	70.000131,
					"bytes":	43749605376,
					"bits_per_second":	4999952257.2823782,
					"sender":	true
				}
			}],
		"sum_sent":	{
			"start":	0,
			"end":	70.000131,
			"seconds":	70.000131,
			"bytes":	43749605376,
			"bits_per_second":	4999945543.07334,
			"retransmits":	0,
			"sender":	true
		},
		"sum_received":	{
			"start":	0,
			"end":	70.000037,
			"seconds":	70.000037,
			"bytes":	43749605376,
			"bits_per_second":	4999952257.2823782,
			"sender":	true
		},
		"cpu_utilization_percent":	{
			"host_total":	22.296810585357925,
			"host_user":	0.016265184273066759,
			"host_system":	22.280543972559979,
			"remote_total":	36.511807254479059,
			"remote_user":	1.7944519634592155,
			"remote_system":	34.71735529101985
		},
		"sender_tcp_congestion":	"cubic",
		"receiver_tcp_congestion":	"reno"
	}
}
