{
	"start":	{
		"connected":	[{
				"socket":	5,
				"local_host":	"10.0.1.1",
				"local_port":	39158,
				"remote_host":	"10.0.0.1",
				"remote_port":	5201
			}],
		"version":	"iperf 3.9+",
		"system_info":	"Linux han-3 5.10.0 #9 SMP PREEMPT Tue Feb 23 15:01:43 PST 2021 x86_64",
		"timestamp":	{
			"time":	"Fri, 01 Mar 2024 11:33:01 GMT",
			"timesecs":	1709292781
		},
		"connecting_to":	{
			"host":	"10.0.0.1",
			"port":	5201
		},
		"cookie":	"6opsb2no5asvhdzdrdt2repzrb6k7oslkgrd",
		"tcp_mss_default":	1448,
		"target_bitrate":	5000000000,
		"sock_bufsize":	0,
		"sndbuf_actual":	16384,
		"rcvbuf_actual":	131072,
		"test_start":	{
			"protocol":	"TCP",
			"num_streams":	1,
			"blksize":	131072,
			"omit":	0,
			"duration":	60,
			"bytes":	0,
			"blocks":	0,
			"reverse":	0,
			"tos":	0
		}
	},
	"intervals":	[{
			"streams":	[{
					"socket":	5,
					"start":	0,
					"end":	60.000072,
					"seconds":	60.000072479248047,
					"bytes":	37499568128,
					"bits_per_second":	4999936377.2061853,
					"retransmits":	0,
					"snd_cwnd":	931064,
					"rtt":	319,
					"rttvar":	58,
					"pmtu":	9000,
					"omitted":	false,
					"sender":	true
				}],
			"sum":	{
				"start":	0,
				"end":	60.000072,
				"seconds":	60.000072479248047,
				"bytes":	37499568128,
				"bits_per_second":	4999936377.2061853,
				"retransmits":	0,
				"omitted":	false,
				"sender":	true
			}
		}],
	"end":	{
		"streams":	[{
				"sender":	{
					"socket":	5,
					"start":	0,
					"end":	60.000072,
					"seconds":	60.000072,
					"bytes":	37499568128,
					"bits_per_second":	4999936417.1429663,
					"retransmits":	0,
					"max_snd_cwnd":	931064,
					"max_rtt":	319,
					"min_rtt":	319,
					"mean_rtt":	319,
					"sender":	true
				},
				"receiver":	{
					"socket":	5,
					"start":	0,
					"end":	60.000188,
					"seconds":	60.000072,
					"bytes":	37499568128,
					"bits_per_second":	4999926750.6295147,
					"sender":	true
				}
			}],
		"sum_sent":	{
			"start":	0,
			"end":	60.000072,
			"seconds":	60.000072,
			"bytes":	37499568128,
			"bits_per_second":	4999936417.1429663,
			"retransmits":	0,
			"sender":	true
		},
		"sum_received":	{
			"start":	0,
			"end":	60.000188,
			"seconds":	60.000188,
			"bytes":	37499568128,
			"bits_per_second":	4999926750.6295147,
			"sender":	true
		},
		"cpu_utilization_percent":	{
			"host_total":	19.9492347116617,
			"host_user":	3.3218195193703615,
			"host_system":	16.627411859092277,
			"remote_total":	36.563791813261382,
			"remote_user":	1.8147506744473869,
			"remote_system":	34.749041138814
		},
		"sender_tcp_congestion":	"cubic",
		"receiver_tcp_congestion":	"reno"
	}
}
