{
	"start":	{
		"connected":	[{
				"socket":	5,
				"local_host":	"10.0.1.1",
				"local_port":	51258,
				"remote_host":	"10.0.0.1",
				"remote_port":	5201
			}],
		"version":	"iperf 3.9+",
		"system_info":	"Linux han-3 5.10.0 #9 SMP PREEMPT Tue Feb 23 15:01:43 PST 2021 x86_64",
		"timestamp":	{
			"time":	"Sun, 03 Mar 2024 05:54:43 GMT",
			"timesecs":	1709445283
		},
		"connecting_to":	{
			"host":	"10.0.0.1",
			"port":	5201
		},
		"cookie":	"54gmfhc6twxnqxuplcy5o5xrbvec24jcpuwu",
		"tcp_mss_default":	1448,
		"target_bitrate":	3000000000,
		"sock_bufsize":	0,
		"sndbuf_actual":	16384,
		"rcvbuf_actual":	131072,
		"test_start":	{
			"protocol":	"TCP",
			"num_streams":	1,
			"blksize":	131072,
			"omit":	0,
			"duration":	10,
			"bytes":	0,
			"blocks":	0,
			"reverse":	0,
			"tos":	0
		}
	},
	"intervals":	[{
			"streams":	[{
					"socket":	5,
					"start":	0,
					"end":	10.000124,
					"seconds":	10.000123977661133,
					"bytes":	3749707776,
					"bits_per_second":	2999729030.8610721,
					"retransmits":	0,
					"snd_cwnd":	551688,
					"rtt":	326,
					"rttvar":	56,
					"pmtu":	9000,
					"omitted":	false,
					"sender":	true
				}],
			"sum":	{
				"start":	0,
				"end":	10.000124,
				"seconds":	10.000123977661133,
				"bytes":	3749707776,
				"bits_per_second":	2999729030.8610721,
				"retransmits":	0,
				"omitted":	false,
				"sender":	true
			}
		}],
	"end":	{
		"streams":	[{
				"sender":	{
					"socket":	5,
					"start":	0,
					"end":	10.000124,
					"seconds":	10.000124,
					"bytes":	3749707776,
					"bits_per_second":	2999729024.1601,
					"retransmits":	0,
					"max_snd_cwnd":	551688,
					"max_rtt":	326,
					"min_rtt":	326,
					"mean_rtt":	326,
					"sender":	true
				},
				"receiver":	{
					"socket":	5,
					"start":	0,
					"end":	10.000277,
					"seconds":	10.000124,
					"bytes":	3749707776,
					"bits_per_second":	2999683129.57731,
					"sender":	true
				}
			}],
		"sum_sent":	{
			"start":	0,
			"end":	10.000124,
			"seconds":	10.000124,
			"bytes":	3749707776,
			"bits_per_second":	2999729024.1601,
			"retransmits":	0,
			"sender":	true
		},
		"sum_received":	{
			"start":	0,
			"end":	10.000277,
			"seconds":	10.000277,
			"bytes":	3749707776,
			"bits_per_second":	2999683129.57731,
			"sender":	true
		},
		"cpu_utilization_percent":	{
			"host_total":	16.153402497703333,
			"host_user":	0.25509497629054351,
			"host_system":	15.898317518864442,
			"remote_total":	29.026154806411114,
			"remote_user":	0,
			"remote_system":	29.026144853178369
		},
		"sender_tcp_congestion":	"cubic",
		"receiver_tcp_congestion":	"reno"
	}
}
