{
	"start":	{
		"connected":	[{
				"socket":	5,
				"local_host":	"10.0.1.1",
				"local_port":	52110,
				"remote_host":	"10.0.0.1",
				"remote_port":	5201
			}],
		"version":	"iperf 3.9+",
		"system_info":	"Linux han-3 5.10.0 #9 SMP PREEMPT Tue Feb 23 15:01:43 PST 2021 x86_64",
		"timestamp":	{
			"time":	"Sun, 03 Mar 2024 08:57:24 GMT",
			"timesecs":	1709456244
		},
		"connecting_to":	{
			"host":	"10.0.0.1",
			"port":	5201
		},
		"cookie":	"y55dicgcyksttgqfivadyeplfes53qirhxeq",
		"tcp_mss_default":	1448,
		"target_bitrate":	5000000000,
		"sock_bufsize":	0,
		"sndbuf_actual":	16384,
		"rcvbuf_actual":	131072,
		"test_start":	{
			"protocol":	"TCP",
			"num_streams":	1,
			"blksize":	131072,
			"omit":	0,
			"duration":	10,
			"bytes":	0,
			"blocks":	0,
			"reverse":	0,
			"tos":	0
		}
	},
	"intervals":	[{
			"streams":	[{
					"socket":	5,
					"start":	0,
					"end":	10.000084,
					"seconds":	10.000083923339844,
					"bytes":	6249512960,
					"bits_per_second":	4999568409.9521255,
					"retransmits":	0,
					"snd_cwnd":	793504,
					"rtt":	437,
					"rttvar":	118,
					"pmtu":	9000,
					"omitted":	false,
					"sender":	true
				}],
			"sum":	{
				"start":	0,
				"end":	10.000084,
				"seconds":	10.000083923339844,
				"bytes":	6249512960,
				"bits_per_second":	4999568409.9521255,
				"retransmits":	0,
				"omitted":	false,
				"sender":	true
			}
		}],
	"end":	{
		"streams":	[{
				"sender":	{
					"socket":	5,
					"start":	0,
					"end":	10.000084,
					"seconds":	10.000084,
					"bytes":	6249512960,
					"bits_per_second":	4999568371.62568,
					"retransmits":	0,
					"max_snd_cwnd":	793504,
					"max_rtt":	437,
					"min_rtt":	437,
					"mean_rtt":	437,
					"sender":	true
				},
				"receiver":	{
					"socket":	5,
					"start":	0,
					"end":	10.000192,
					"seconds":	10.000084,
					"bytes":	6249512960,
					"bits_per_second":	4999514377.3239555,
					"sender":	true
				}
			}],
		"sum_sent":	{
			"start":	0,
			"end":	10.000084,
			"seconds":	10.000084,
			"bytes":	6249512960,
			"bits_per_second":	4999568371.62568,
			"retransmits":	0,
			"sender":	true
		},
		"sum_received":	{
			"start":	0,
			"end":	10.000192,
			"seconds":	10.000192,
			"bytes":	6249512960,
			"bits_per_second":	4999514377.3239555,
			"sender":	true
		},
		"cpu_utilization_percent":	{
			"host_total":	18.327885068454979,
			"host_user":	4.5767324547525075,
			"host_system":	13.751152613702475,
			"remote_total":	36.941609273494272,
			"remote_user":	2.3337475831422436,
			"remote_system":	34.607851745969967
		},
		"sender_tcp_congestion":	"cubic",
		"receiver_tcp_congestion":	"reno"
	}
}
