{
	"start":	{
		"connected":	[{
				"socket":	5,
				"local_host":	"10.0.1.1",
				"local_port":	52348,
				"remote_host":	"10.0.0.1",
				"remote_port":	5201
			}],
		"version":	"iperf 3.9+",
		"system_info":	"Linux han-3 5.10.0 #9 SMP PREEMPT Tue Feb 23 15:01:43 PST 2021 x86_64",
		"timestamp":	{
			"time":	"Sun, 03 Mar 2024 09:30:06 GMT",
			"timesecs":	1709458206
		},
		"connecting_to":	{
			"host":	"10.0.0.1",
			"port":	5201
		},
		"cookie":	"3vruf6yxu3ly4cqdvdioihxtsxgckpoaefdz",
		"tcp_mss_default":	1448,
		"target_bitrate":	5000000000,
		"sock_bufsize":	0,
		"sndbuf_actual":	16384,
		"rcvbuf_actual":	131072,
		"test_start":	{
			"protocol":	"TCP",
			"num_streams":	1,
			"blksize":	131072,
			"omit":	0,
			"duration":	60,
			"bytes":	0,
			"blocks":	0,
			"reverse":	0,
			"tos":	0
		}
	},
	"intervals":	[{
			"streams":	[{
					"socket":	5,
					"start":	0,
					"end":	60.000077,
					"seconds":	60.000076293945312,
					"bytes":	37499568128,
					"bits_per_second":	4999936059.3191957,
					"retransmits":	0,
					"snd_cwnd":	792056,
					"rtt":	421,
					"rttvar":	99,
					"pmtu":	9000,
					"omitted":	false,
					"sender":	true
				}],
			"sum":	{
				"start":	0,
				"end":	60.000077,
				"seconds":	60.000076293945312,
				"bytes":	37499568128,
				"bits_per_second":	4999936059.3191957,
				"retransmits":	0,
				"omitted":	false,
				"sender":	true
			}
		}],
	"end":	{
		"streams":	[{
				"sender":	{
					"socket":	5,
					"start":	0,
					"end":	60.000077,
					"seconds":	60.000077,
					"bytes":	37499568128,
					"bits_per_second":	4999936000.4821329,
					"retransmits":	0,
					"max_snd_cwnd":	792056,
					"max_rtt":	421,
					"min_rtt":	421,
					"mean_rtt":	421,
					"sender":	true
				},
				"receiver":	{
					"socket":	5,
					"start":	0,
					"end":	59.999967,
					"seconds":	60.000077,
					"bytes":	37499568128,
					"bits_per_second":	4999945167.0365086,
					"sender":	true
				}
			}],
		"sum_sent":	{
			"start":	0,
			"end":	60.000077,
			"seconds":	60.000077,
			"bytes":	37499568128,
			"bits_per_second":	4999936000.4821329,
			"retransmits":	0,
			"sender":	true
		},
		"sum_received":	{
			"start":	0,
			"end":	59.999967,
			"seconds":	59.999967,
			"bytes":	37499568128,
			"bits_per_second":	4999945167.0365086,
			"sender":	true
		},
		"cpu_utilization_percent":	{
			"host_total":	16.730421911236061,
			"host_user":	2.3886600905724014,
			"host_system":	14.341760154063213,
			"remote_total":	33.441491185605173,
			"remote_user":	2.370091683453897,
			"remote_system":	31.071397836971727
		},
		"sender_tcp_congestion":	"cubic",
		"receiver_tcp_congestion":	"reno"
	}
}
