{
	"start":	{
		"connected":	[{
				"socket":	5,
				"local_host":	"10.0.1.1",
				"local_port":	51996,
				"remote_host":	"10.0.0.1",
				"remote_port":	5201
			}],
		"version":	"iperf 3.9+",
		"system_info":	"Linux han-3 5.10.0 #9 SMP PREEMPT Tue Feb 23 15:01:43 PST 2021 x86_64",
		"timestamp":	{
			"time":	"Sun, 03 Mar 2024 08:21:22 GMT",
			"timesecs":	1709454082
		},
		"connecting_to":	{
			"host":	"10.0.0.1",
			"port":	5201
		},
		"cookie":	"qs2ibf23h5p3dmlz7inzac4sfrtlo3wtonc3",
		"tcp_mss_default":	1448,
		"target_bitrate":	4000000000,
		"sock_bufsize":	0,
		"sndbuf_actual":	16384,
		"rcvbuf_actual":	131072,
		"test_start":	{
			"protocol":	"TCP",
			"num_streams":	1,
			"blksize":	131072,
			"omit":	0,
			"duration":	80,
			"bytes":	0,
			"blocks":	0,
			"reverse":	0,
			"tos":	0
		}
	},
	"intervals":	[{
			"streams":	[{
					"socket":	5,
					"start":	0,
					"end":	60.000065,
					"seconds":	60.000064849853516,
					"bytes":	29999628288,
					"bits_per_second":	3999946115.1346726,
					"retransmits":	0,
					"snd_cwnd":	682008,
					"rtt":	332,
					"rttvar":	93,
					"pmtu":	9000,
					"omitted":	false,
					"sender":	true
				}],
			"sum":	{
				"start":	0,
				"end":	60.000065,
				"seconds":	60.000064849853516,
				"bytes":	29999628288,
				"bits_per_second":	3999946115.1346726,
				"retransmits":	0,
				"omitted":	false,
				"sender":	true
			}
		}, {
			"streams":	[{
					"socket":	5,
					"start":	60.000065,
					"end":	80.00008,
					"seconds":	20.000015258789062,
					"bytes":	10000007168,
					"bits_per_second":	3999999815.4423285,
					"retransmits":	0,
					"snd_cwnd":	682008,
					"rtt":	337,
					"rttvar":	60,
					"pmtu":	9000,
					"omitted":	false,
					"sender":	true
				}],
			"sum":	{
				"start":	60.000065,
				"end":	80.00008,
				"seconds":	20.000015258789062,
				"bytes":	10000007168,
				"bits_per_second":	3999999815.4423285,
				"retransmits":	0,
				"omitted":	false,
				"sender":	true
			}
		}],
	"end":	{
		"streams":	[{
				"sender":	{
					"socket":	5,
					"start":	0,
					"end":	80.00008,
					"seconds":	80.00008,
					"bytes":	39999635456,
					"bits_per_second":	3999959545.6404543,
					"retransmits":	0,
					"max_snd_cwnd":	682008,
					"max_rtt":	337,
					"min_rtt":	332,
					"mean_rtt":	334,
					"sender":	true
				},
				"receiver":	{
					"socket":	5,
					"start":	0,
					"end":	80.000274,
					"seconds":	80.00008,
					"bytes":	39999635456,
					"bits_per_second":	3999949845.7717781,
					"sender":	true
				}
			}],
		"sum_sent":	{
			"start":	0,
			"end":	80.00008,
			"seconds":	80.00008,
			"bytes":	39999635456,
			"bits_per_second":	3999959545.6404543,
			"retransmits":	0,
			"sender":	true
		},
		"sum_received":	{
			"start":	0,
			"end":	80.000274,
			"seconds":	80.000274,
			"bytes":	39999635456,
			"bits_per_second":	3999949845.7717781,
			"sender":	true
		},
		"cpu_utilization_percent":	{
			"host_total":	16.09081366872643,
			"host_user":	8.04451873558433,
			"host_system":	8.0462936831790035,
			"remote_total":	32.487429740618737,
			"remote_user":	3.7562491541692742,
			"remote_system":	28.731180586449469
		},
		"sender_tcp_congestion":	"cubic",
		"receiver_tcp_congestion":	"reno"
	}
}
