{
	"start":	{
		"connected":	[{
				"socket":	5,
				"local_host":	"10.0.1.1",
				"local_port":	43928,
				"remote_host":	"10.0.0.1",
				"remote_port":	5201
			}],
		"version":	"iperf 3.9+",
		"system_info":	"Linux han-3 5.10.0 #9 SMP PREEMPT Tue Feb 23 15:01:43 PST 2021 x86_64",
		"timestamp":	{
			"time":	"Sat, 02 Mar 2024 04:14:10 GMT",
			"timesecs":	1709352850
		},
		"connecting_to":	{
			"host":	"10.0.0.1",
			"port":	5201
		},
		"cookie":	"6yruclgx5hjgx7fw3zapjmez4xqt7dijfa6g",
		"tcp_mss_default":	1448,
		"target_bitrate":	6000000000,
		"sock_bufsize":	0,
		"sndbuf_actual":	16384,
		"rcvbuf_actual":	131072,
		"test_start":	{
			"protocol":	"TCP",
			"num_streams":	1,
			"blksize":	131072,
			"omit":	0,
			"duration":	50,
			"bytes":	0,
			"blocks":	0,
			"reverse":	0,
			"tos":	0
		}
	},
	"intervals":	[{
			"streams":	[{
					"socket":	5,
					"start":	0,
					"end":	50.000195,
					"seconds":	50.000194549560547,
					"bytes":	37499699200,
					"bits_per_second":	5999928526.3308382,
					"retransmits":	0,
					"snd_cwnd":	1649272,
					"rtt":	282,
					"rttvar":	62,
					"pmtu":	9000,
					"omitted":	false,
					"sender":	true
				}],
			"sum":	{
				"start":	0,
				"end":	50.000195,
				"seconds":	50.000194549560547,
				"bytes":	37499699200,
				"bits_per_second":	5999928526.3308382,
				"retransmits":	0,
				"omitted":	false,
				"sender":	true
			}
		}],
	"end":	{
		"streams":	[{
				"sender":	{
					"socket":	5,
					"start":	0,
					"end":	50.000195,
					"seconds":	50.000195,
					"bytes":	37499699200,
					"bits_per_second":	5999928472.2789583,
					"retransmits":	0,
					"max_snd_cwnd":	1649272,
					"max_rtt":	282,
					"min_rtt":	282,
					"mean_rtt":	282,
					"sender":	true
				},
				"receiver":	{
					"socket":	5,
					"start":	0,
					"end":	50.000404,
					"seconds":	50.000195,
					"bytes":	37499699200,
					"bits_per_second":	5999903392.7805862,
					"sender":	true
				}
			}],
		"sum_sent":	{
			"start":	0,
			"end":	50.000195,
			"seconds":	50.000195,
			"bytes":	37499699200,
			"bits_per_second":	5999928472.2789583,
			"retransmits":	0,
			"sender":	true
		},
		"sum_received":	{
			"start":	0,
			"end":	50.000404,
			"seconds":	50.000404,
			"bytes":	37499699200,
			"bits_per_second":	5999903392.7805862,
			"sender":	true
		},
		"cpu_utilization_percent":	{
			"host_total":	33.565844980631269,
			"host_user":	0.64516757387773682,
			"host_system":	32.9206814065525,
			"remote_total":	37.604671086687361,
			"remote_user":	4.3219280628489516,
			"remote_system":	33.2827430238384
		},
		"sender_tcp_congestion":	"cubic",
		"receiver_tcp_congestion":	"reno"
	}
}
