{
	"start":	{
		"connected":	[{
				"socket":	5,
				"local_host":	"10.0.1.1",
				"local_port":	38912,
				"remote_host":	"10.0.0.1",
				"remote_port":	5201
			}],
		"version":	"iperf 3.9+",
		"system_info":	"Linux han-3 5.10.0 #9 SMP PREEMPT Tue Feb 23 15:01:43 PST 2021 x86_64",
		"timestamp":	{
			"time":	"Fri, 01 Mar 2024 10:57:18 GMT",
			"timesecs":	1709290638
		},
		"connecting_to":	{
			"host":	"10.0.0.1",
			"port":	5201
		},
		"cookie":	"nmkpv5wj7y77jo2bnlobyf62u3hoipdqbbdi",
		"tcp_mss_default":	1448,
		"target_bitrate":	4000000000,
		"sock_bufsize":	0,
		"sndbuf_actual":	16384,
		"rcvbuf_actual":	131072,
		"test_start":	{
			"protocol":	"TCP",
			"num_streams":	1,
			"blksize":	131072,
			"omit":	0,
			"duration":	100,
			"bytes":	0,
			"blocks":	0,
			"reverse":	0,
			"tos":	0
		}
	},
	"intervals":	[{
			"streams":	[{
					"socket":	5,
					"start":	0,
					"end":	60.00006,
					"seconds":	60.00006103515625,
					"bytes":	29999628288,
					"bits_per_second":	3999946369.444139,
					"retransmits":	0,
					"snd_cwnd":	696488,
					"rtt":	321,
					"rttvar":	94,
					"pmtu":	9000,
					"omitted":	false,
					"sender":	true
				}],
			"sum":	{
				"start":	0,
				"end":	60.00006,
				"seconds":	60.00006103515625,
				"bytes":	29999628288,
				"bits_per_second":	3999946369.444139,
				"retransmits":	0,
				"omitted":	false,
				"sender":	true
			}
		}, {
			"streams":	[{
					"socket":	5,
					"start":	60.00006,
					"end":	100.000074,
					"seconds":	40.000015258789062,
					"bytes":	20000014336,
					"bits_per_second":	4000001341.3205819,
					"retransmits":	0,
					"snd_cwnd":	696488,
					"rtt":	338,
					"rttvar":	88,
					"pmtu":	9000,
					"omitted":	false,
					"sender":	true
				}],
			"sum":	{
				"start":	60.00006,
				"end":	100.000074,
				"seconds":	40.000015258789062,
				"bytes":	20000014336,
				"bits_per_second":	4000001341.3205819,
				"retransmits":	0,
				"omitted":	false,
				"sender":	true
			}
		}],
	"end":	{
		"streams":	[{
				"sender":	{
					"socket":	5,
					"start":	0,
					"end":	100.000074,
					"seconds":	100.000074,
					"bytes":	49999642624,
					"bits_per_second":	3999968449.943347,
					"retransmits":	0,
					"max_snd_cwnd":	696488,
					"max_rtt":	338,
					"min_rtt":	321,
					"mean_rtt":	329,
					"sender":	true
				},
				"receiver":	{
					"socket":	5,
					"start":	0,
					"end":	100.000199,
					"seconds":	100.000074,
					"bytes":	49999642624,
					"bits_per_second":	3999963449.9927349,
					"sender":	true
				}
			}],
		"sum_sent":	{
			"start":	0,
			"end":	100.000074,
			"seconds":	100.000074,
			"bytes":	49999642624,
			"bits_per_second":	3999968449.943347,
			"retransmits":	0,
			"sender":	true
		},
		"sum_received":	{
			"start":	0,
			"end":	100.000199,
			"seconds":	100.000199,
			"bytes":	49999642624,
			"bits_per_second":	3999963449.9927349,
			"sender":	true
		},
		"cpu_utilization_percent":	{
			"host_total":	12.424556762354031,
			"host_user":	0.776664857108938,
			"host_system":	11.647890905268452,
			"remote_total":	33.122409069083034,
			"remote_user":	4.1060887167649058,
			"remote_system":	29.016320352318132
		},
		"sender_tcp_congestion":	"cubic",
		"receiver_tcp_congestion":	"reno"
	}
}
