{
	"start":	{
		"connected":	[{
				"socket":	5,
				"local_host":	"10.0.1.1",
				"local_port":	49754,
				"remote_host":	"10.0.0.1",
				"remote_port":	5201
			}],
		"version":	"iperf 3.9+",
		"system_info":	"Linux han-3 5.10.0 #9 SMP PREEMPT Tue Feb 23 15:01:43 PST 2021 x86_64",
		"timestamp":	{
			"time":	"Sun, 03 Mar 2024 00:41:13 GMT",
			"timesecs":	1709426473
		},
		"connecting_to":	{
			"host":	"10.0.0.1",
			"port":	5201
		},
		"cookie":	"pczvo2pyyz3usydpvcjg43hrfyrs37e7gub6",
		"tcp_mss_default":	1448,
		"target_bitrate":	9000000000,
		"sock_bufsize":	0,
		"sndbuf_actual":	16384,
		"rcvbuf_actual":	131072,
		"test_start":	{
			"protocol":	"TCP",
			"num_streams":	1,
			"blksize":	131072,
			"omit":	0,
			"duration":	80,
			"bytes":	0,
			"blocks":	0,
			"reverse":	0,
			"tos":	0
		}
	},
	"intervals":	[{
			"streams":	[{
					"socket":	5,
					"start":	0,
					"end":	60.000066,
					"seconds":	60.000064849853516,
					"bytes":	66813952000,
					"bits_per_second":	8908517304.73263,
					"retransmits":	0,
					"snd_cwnd":	2978536,
					"rtt":	1084,
					"rttvar":	30,
					"pmtu":	9000,
					"omitted":	false,
					"sender":	true
				}],
			"sum":	{
				"start":	0,
				"end":	60.000066,
				"seconds":	60.000064849853516,
				"bytes":	66813952000,
				"bits_per_second":	8908517304.73263,
				"retransmits":	0,
				"omitted":	false,
				"sender":	true
			}
		}, {
			"streams":	[{
					"socket":	5,
					"start":	60.000066,
					"end":	80.000354,
					"seconds":	20.000288009643555,
					"bytes":	22168731648,
					"bits_per_second":	8867364964.86886,
					"retransmits":	0,
					"snd_cwnd":	2978536,
					"rtt":	310,
					"rttvar":	110,
					"pmtu":	9000,
					"omitted":	false,
					"sender":	true
				}],
			"sum":	{
				"start":	60.000066,
				"end":	80.000354,
				"seconds":	20.000288009643555,
				"bytes":	22168731648,
				"bits_per_second":	8867364964.86886,
				"retransmits":	0,
				"omitted":	false,
				"sender":	true
			}
		}],
	"end":	{
		"streams":	[{
				"sender":	{
					"socket":	5,
					"start":	0,
					"end":	80.000354,
					"seconds":	80.000354,
					"bytes":	88982683648,
					"bits_per_second":	8898228990.13672,
					"retransmits":	0,
					"max_snd_cwnd":	2978536,
					"max_rtt":	1084,
					"min_rtt":	310,
					"mean_rtt":	697,
					"sender":	true
				},
				"receiver":	{
					"socket":	5,
					"start":	0,
					"end":	80.000613,
					"seconds":	80.000354,
					"bytes":	88982683648,
					"bits_per_second":	8898200182.3411,
					"sender":	true
				}
			}],
		"sum_sent":	{
			"start":	0,
			"end":	80.000354,
			"seconds":	80.000354,
			"bytes":	88982683648,
			"bits_per_second":	8898228990.13672,
			"retransmits":	0,
			"sender":	true
		},
		"sum_received":	{
			"start":	0,
			"end":	80.000613,
			"seconds":	80.000613,
			"bytes":	88982683648,
			"bits_per_second":	8898200182.3411,
			"sender":	true
		},
		"cpu_utilization_percent":	{
			"host_total":	88.407330240890431,
			"host_user":	2.33766034097286,
			"host_system":	86.069664900077257,
			"remote_total":	45.778660501945538,
			"remote_user":	8.431044587783397,
			"remote_system":	37.347615914162148
		},
		"sender_tcp_congestion":	"cubic",
		"receiver_tcp_congestion":	"reno"
	}
}
