{
	"start":	{
		"connected":	[{
				"socket":	5,
				"local_host":	"10.0.1.1",
				"local_port":	47122,
				"remote_host":	"10.0.0.1",
				"remote_port":	5201
			}],
		"version":	"iperf 3.9+",
		"system_info":	"Linux han-3 5.10.0 #9 SMP PREEMPT Tue Feb 23 15:01:43 PST 2021 x86_64",
		"timestamp":	{
			"time":	"Sat, 02 Mar 2024 15:29:07 GMT",
			"timesecs":	1709393347
		},
		"connecting_to":	{
			"host":	"10.0.0.1",
			"port":	5201
		},
		"cookie":	"cj6gfm47dikr7udwssq2ypcb2wnjju7vqzgg",
		"tcp_mss_default":	1448,
		"target_bitrate":	3000000000,
		"sock_bufsize":	0,
		"sndbuf_actual":	16384,
		"rcvbuf_actual":	131072,
		"test_start":	{
			"protocol":	"TCP",
			"num_streams":	1,
			"blksize":	131072,
			"omit":	0,
			"duration":	80,
			"bytes":	0,
			"blocks":	0,
			"reverse":	0,
			"tos":	0
		}
	},
	"intervals":	[{
			"streams":	[{
					"socket":	5,
					"start":	0,
					"end":	60.000072,
					"seconds":	60.000072479248047,
					"bytes":	22499819520,
					"bits_per_second":	2999972312.0710444,
					"retransmits":	0,
					"snd_cwnd":	706624,
					"rtt":	248,
					"rttvar":	66,
					"pmtu":	9000,
					"omitted":	false,
					"sender":	true
				}],
			"sum":	{
				"start":	0,
				"end":	60.000072,
				"seconds":	60.000072479248047,
				"bytes":	22499819520,
				"bits_per_second":	2999972312.0710444,
				"retransmits":	0,
				"omitted":	false,
				"sender":	true
			}
		}, {
			"streams":	[{
					"socket":	5,
					"start":	60.000072,
					"end":	80.000129,
					"seconds":	20.000057220458984,
					"bytes":	7499939840,
					"bits_per_second":	2999967353.0245562,
					"retransmits":	0,
					"snd_cwnd":	706624,
					"rtt":	274,
					"rttvar":	80,
					"pmtu":	9000,
					"omitted":	false,
					"sender":	true
				}],
			"sum":	{
				"start":	60.000072,
				"end":	80.000129,
				"seconds":	20.000057220458984,
				"bytes":	7499939840,
				"bits_per_second":	2999967353.0245562,
				"retransmits":	0,
				"omitted":	false,
				"sender":	true
			}
		}],
	"end":	{
		"streams":	[{
				"sender":	{
					"socket":	5,
					"start":	0,
					"end":	80.000129,
					"seconds":	80.000129,
					"bytes":	29999759360,
					"bits_per_second":	2999971098.5466037,
					"retransmits":	0,
					"max_snd_cwnd":	706624,
					"max_rtt":	274,
					"min_rtt":	248,
					"mean_rtt":	261,
					"sender":	true
				},
				"receiver":	{
					"socket":	5,
					"start":	0,
					"end":	80.000343,
					"seconds":	80.000129,
					"bytes":	29999759360,
					"bits_per_second":	2999963073.6583219,
					"sender":	true
				}
			}],
		"sum_sent":	{
			"start":	0,
			"end":	80.000129,
			"seconds":	80.000129,
			"bytes":	29999759360,
			"bits_per_second":	2999971098.5466037,
			"retransmits":	0,
			"sender":	true
		},
		"sum_received":	{
			"start":	0,
			"end":	80.000343,
			"seconds":	80.000343,
			"bytes":	29999759360,
			"bits_per_second":	2999963073.6583219,
			"sender":	true
		},
		"cpu_utilization_percent":	{
			"host_total":	22.245647575230347,
			"host_user":	0.3257319584994931,
			"host_system":	21.9199193666095,
			"remote_total":	27.556829710134522,
			"remote_user":	0.69103687908198741,
			"remote_system":	26.865792831052538
		},
		"sender_tcp_congestion":	"cubic",
		"receiver_tcp_congestion":	"reno"
	}
}
