{
	"start":	{
		"connected":	[{
				"socket":	5,
				"local_host":	"10.0.1.1",
				"local_port":	46074,
				"remote_host":	"10.0.0.1",
				"remote_port":	5201
			}],
		"version":	"iperf 3.9+",
		"system_info":	"Linux han-3 5.10.0 #9 SMP PREEMPT Tue Feb 23 15:01:43 PST 2021 x86_64",
		"timestamp":	{
			"time":	"Sat, 02 Mar 2024 11:45:29 GMT",
			"timesecs":	1709379929
		},
		"connecting_to":	{
			"host":	"10.0.0.1",
			"port":	5201
		},
		"cookie":	"stceuwu5tnjttgffheb3rfpvwkwjebnqk2e2",
		"tcp_mss_default":	1448,
		"target_bitrate":	1000000000,
		"sock_bufsize":	0,
		"sndbuf_actual":	16384,
		"rcvbuf_actual":	131072,
		"test_start":	{
			"protocol":	"TCP",
			"num_streams":	1,
			"blksize":	131072,
			"omit":	0,
			"duration":	40,
			"bytes":	0,
			"blocks":	0,
			"reverse":	0,
			"tos":	0
		}
	},
	"intervals":	[{
			"streams":	[{
					"socket":	5,
					"start":	0,
					"end":	40.000093,
					"seconds":	40.000091552734375,
					"bytes":	5000003584,
					"bits_per_second":	999998427.98523867,
					"retransmits":	0,
					"snd_cwnd":	173760,
					"rtt":	280,
					"rttvar":	15,
					"pmtu":	9000,
					"omitted":	false,
					"sender":	true
				}],
			"sum":	{
				"start":	0,
				"end":	40.000093,
				"seconds":	40.000091552734375,
				"bytes":	5000003584,
				"bits_per_second":	999998427.98523867,
				"retransmits":	0,
				"omitted":	false,
				"sender":	true
			}
		}],
	"end":	{
		"streams":	[{
				"sender":	{
					"socket":	5,
					"start":	0,
					"end":	40.000093,
					"seconds":	40.000093,
					"bytes":	5000003584,
					"bits_per_second":	999998391.803739,
					"retransmits":	0,
					"max_snd_cwnd":	173760,
					"max_rtt":	280,
					"min_rtt":	280,
					"mean_rtt":	280,
					"sender":	true
				},
				"receiver":	{
					"socket":	5,
					"start":	0,
					"end":	40.000271,
					"seconds":	40.000093,
					"bytes":	5000003584,
					"bits_per_second":	999993941.841044,
					"sender":	true
				}
			}],
		"sum_sent":	{
			"start":	0,
			"end":	40.000093,
			"seconds":	40.000093,
			"bytes":	5000003584,
			"bits_per_second":	999998391.803739,
			"retransmits":	0,
			"sender":	true
		},
		"sum_received":	{
			"start":	0,
			"end":	40.000271,
			"seconds":	40.000271,
			"bytes":	5000003584,
			"bits_per_second":	999993941.841044,
			"sender":	true
		},
		"cpu_utilization_percent":	{
			"host_total":	8.7423586141600467,
			"host_user":	0.249882525789642,
			"host_system":	8.49246358911942,
			"remote_total":	13.623872270238754,
			"remote_user":	0,
			"remote_system":	13.623872270238754
		},
		"sender_tcp_congestion":	"cubic",
		"receiver_tcp_congestion":	"reno"
	}
}
