{
	"start":	{
		"connected":	[{
				"socket":	5,
				"local_host":	"10.0.1.1",
				"local_port":	39832,
				"remote_host":	"10.0.0.1",
				"remote_port":	5201
			}],
		"version":	"iperf 3.9+",
		"system_info":	"Linux han-3 5.10.0 #9 SMP PREEMPT Tue Feb 23 15:01:43 PST 2021 x86_64",
		"timestamp":	{
			"time":	"Fri, 01 Mar 2024 14:08:38 GMT",
			"timesecs":	1709302118
		},
		"connecting_to":	{
			"host":	"10.0.0.1",
			"port":	5201
		},
		"cookie":	"smwmmn43l2y722fz5morn5w5z6urksyj3v2h",
		"tcp_mss_default":	1448,
		"target_bitrate":	7000000000,
		"sock_bufsize":	0,
		"sndbuf_actual":	16384,
		"rcvbuf_actual":	131072,
		"test_start":	{
			"protocol":	"TCP",
			"num_streams":	1,
			"blksize":	131072,
			"omit":	0,
			"duration":	10,
			"bytes":	0,
			"blocks":	0,
			"reverse":	0,
			"tos":	0
		}
	},
	"intervals":	[{
			"streams":	[{
					"socket":	5,
					"start":	0,
					"end":	10.000086,
					"seconds":	10.000085830688477,
					"bytes":	8749449216,
					"bits_per_second":	6999499295.6156464,
					"retransmits":	0,
					"snd_cwnd":	1096136,
					"rtt":	568,
					"rttvar":	147,
					"pmtu":	9000,
					"omitted":	false,
					"sender":	true
				}],
			"sum":	{
				"start":	0,
				"end":	10.000086,
				"seconds":	10.000085830688477,
				"bytes":	8749449216,
				"bits_per_second":	6999499295.6156464,
				"retransmits":	0,
				"omitted":	false,
				"sender":	true
			}
		}],
	"end":	{
		"streams":	[{
				"sender":	{
					"socket":	5,
					"start":	0,
					"end":	10.000086,
					"seconds":	10.000086,
					"bytes":	8749449216,
					"bits_per_second":	6999499177.1070776,
					"retransmits":	0,
					"max_snd_cwnd":	1096136,
					"max_rtt":	568,
					"min_rtt":	568,
					"mean_rtt":	568,
					"sender":	true
				},
				"receiver":	{
					"socket":	5,
					"start":	0,
					"end":	10.000259,
					"seconds":	10.000086,
					"bytes":	8749449216,
					"bits_per_second":	6999378088.9074974,
					"sender":	true
				}
			}],
		"sum_sent":	{
			"start":	0,
			"end":	10.000086,
			"seconds":	10.000086,
			"bytes":	8749449216,
			"bits_per_second":	6999499177.1070776,
			"retransmits":	0,
			"sender":	true
		},
		"sum_received":	{
			"start":	0,
			"end":	10.000259,
			"seconds":	10.000259,
			"bytes":	8749449216,
			"bits_per_second":	6999378088.9074974,
			"sender":	true
		},
		"cpu_utilization_percent":	{
			"host_total":	19.934889548375846,
			"host_user":	0.014036648048446031,
			"host_system":	19.920832905102262,
			"remote_total":	41.882506378389387,
			"remote_user":	0,
			"remote_system":	41.882496434684676
		},
		"sender_tcp_congestion":	"cubic",
		"receiver_tcp_congestion":	"reno"
	}
}
