{
	"start":	{
		"connected":	[{
				"socket":	5,
				"local_host":	"10.0.1.1",
				"local_port":	43530,
				"remote_host":	"10.0.0.1",
				"remote_port":	5201
			}],
		"version":	"iperf 3.9+",
		"system_info":	"Linux han-3 5.10.0 #9 SMP PREEMPT Tue Feb 23 15:01:43 PST 2021 x86_64",
		"timestamp":	{
			"time":	"Sat, 02 Mar 2024 02:50:34 GMT",
			"timesecs":	1709347834
		},
		"connecting_to":	{
			"host":	"10.0.0.1",
			"port":	5201
		},
		"cookie":	"4qao2cscjkw47kfbn4yntvsk6efxctzqo4ic",
		"tcp_mss_default":	1448,
		"target_bitrate":	5000000000,
		"sock_bufsize":	0,
		"sndbuf_actual":	16384,
		"rcvbuf_actual":	131072,
		"test_start":	{
			"protocol":	"TCP",
			"num_streams":	1,
			"blksize":	131072,
			"omit":	0,
			"duration":	60,
			"bytes":	0,
			"blocks":	0,
			"reverse":	0,
			"tos":	0
		}
	},
	"intervals":	[{
			"streams":	[{
					"socket":	5,
					"start":	0,
					"end":	60.000222,
					"seconds":	60.0002212524414,
					"bytes":	37499568128,
					"bits_per_second":	4999923979.6435442,
					"retransmits":	0,
					"snd_cwnd":	1365464,
					"rtt":	411,
					"rttvar":	129,
					"pmtu":	9000,
					"omitted":	false,
					"sender":	true
				}],
			"sum":	{
				"start":	0,
				"end":	60.000222,
				"seconds":	60.0002212524414,
				"bytes":	37499568128,
				"bits_per_second":	4999923979.6435442,
				"retransmits":	0,
				"omitted":	false,
				"sender":	true
			}
		}],
	"end":	{
		"streams":	[{
				"sender":	{
					"socket":	5,
					"start":	0,
					"end":	60.000222,
					"seconds":	60.000222,
					"bytes":	37499568128,
					"bits_per_second":	4999923917.3481722,
					"retransmits":	0,
					"max_snd_cwnd":	1365464,
					"max_rtt":	411,
					"min_rtt":	411,
					"mean_rtt":	411,
					"sender":	true
				},
				"receiver":	{
					"socket":	5,
					"start":	0,
					"end":	60.000283,
					"seconds":	60.000222,
					"bytes":	37499568128,
					"bits_per_second":	4999918834.1161652,
					"sender":	true
				}
			}],
		"sum_sent":	{
			"start":	0,
			"end":	60.000222,
			"seconds":	60.000222,
			"bytes":	37499568128,
			"bits_per_second":	4999923917.3481722,
			"retransmits":	0,
			"sender":	true
		},
		"sum_received":	{
			"start":	0,
			"end":	60.000283,
			"seconds":	60.000283,
			"bytes":	37499568128,
			"bits_per_second":	4999918834.1161652,
			"sender":	true
		},
		"cpu_utilization_percent":	{
			"host_total":	22.717202369825841,
			"host_user":	0.58346681691847446,
			"host_system":	22.133733886306917,
			"remote_total":	36.952864634070217,
			"remote_user":	6.0854245576675634,
			"remote_system":	30.867438411334479
		},
		"sender_tcp_congestion":	"cubic",
		"receiver_tcp_congestion":	"reno"
	}
}
