{
	"start":	{
		"connected":	[{
				"socket":	5,
				"local_host":	"10.0.1.1",
				"local_port":	49222,
				"remote_host":	"10.0.0.1",
				"remote_port":	5201
			}],
		"version":	"iperf 3.9+",
		"system_info":	"Linux han-3 5.10.0 #9 SMP PREEMPT Tue Feb 23 15:01:43 PST 2021 x86_64",
		"timestamp":	{
			"time":	"Sat, 02 Mar 2024 22:45:44 GMT",
			"timesecs":	1709419544
		},
		"connecting_to":	{
			"host":	"10.0.0.1",
			"port":	5201
		},
		"cookie":	"h4agq2ui47etz5fkui3lgm3zfdidz6rq2aql",
		"tcp_mss_default":	1448,
		"target_bitrate":	8000000000,
		"sock_bufsize":	0,
		"sndbuf_actual":	16384,
		"rcvbuf_actual":	131072,
		"test_start":	{
			"protocol":	"TCP",
			"num_streams":	1,
			"blksize":	131072,
			"omit":	0,
			"duration":	60,
			"bytes":	0,
			"blocks":	0,
			"reverse":	0,
			"tos":	0
		}
	},
	"intervals":	[{
			"streams":	[{
					"socket":	5,
					"start":	0,
					"end":	60.00023,
					"seconds":	60.000228881835938,
					"bytes":	59421097984,
					"bits_per_second":	7922782841.51529,
					"retransmits":	0,
					"snd_cwnd":	3237728,
					"rtt":	1098,
					"rttvar":	38,
					"pmtu":	9000,
					"omitted":	false,
					"sender":	true
				}],
			"sum":	{
				"start":	0,
				"end":	60.00023,
				"seconds":	60.000228881835938,
				"bytes":	59421097984,
				"bits_per_second":	7922782841.51529,
				"retransmits":	0,
				"omitted":	false,
				"sender":	true
			}
		}],
	"end":	{
		"streams":	[{
				"sender":	{
					"socket":	5,
					"start":	0,
					"end":	60.00023,
					"seconds":	60.00023,
					"bytes":	59421097984,
					"bits_per_second":	7922782693.86634,
					"retransmits":	0,
					"max_snd_cwnd":	3237728,
					"max_rtt":	1098,
					"min_rtt":	1098,
					"mean_rtt":	1098,
					"sender":	true
				},
				"receiver":	{
					"socket":	5,
					"start":	0,
					"end":	60.000478,
					"seconds":	60.00023,
					"bytes":	59418924416,
					"bits_per_second":	7922460139.8675518,
					"sender":	true
				}
			}],
		"sum_sent":	{
			"start":	0,
			"end":	60.00023,
			"seconds":	60.00023,
			"bytes":	59421097984,
			"bits_per_second":	7922782693.86634,
			"retransmits":	0,
			"sender":	true
		},
		"sum_received":	{
			"start":	0,
			"end":	60.000478,
			"seconds":	60.000478,
			"bytes":	59418924416,
			"bits_per_second":	7922460139.8675518,
			"sender":	true
		},
		"cpu_utilization_percent":	{
			"host_total":	79.383879901520643,
			"host_user":	2.1670390821704291,
			"host_system":	77.216845819148134,
			"remote_total":	44.777866987767133,
			"remote_user":	1.9843528279365932,
			"remote_system":	42.793515824575621
		},
		"sender_tcp_congestion":	"cubic",
		"receiver_tcp_congestion":	"reno"
	}
}
