{
	"start":	{
		"connected":	[{
				"socket":	5,
				"local_host":	"10.0.1.1",
				"local_port":	37596,
				"remote_host":	"10.0.0.1",
				"remote_port":	5201
			}],
		"version":	"iperf 3.9+",
		"system_info":	"Linux han-3 5.10.0 #9 SMP PREEMPT Tue Feb 23 15:01:43 PST 2021 x86_64",
		"timestamp":	{
			"time":	"Fri, 01 Mar 2024 06:20:23 GMT",
			"timesecs":	1709274023
		},
		"connecting_to":	{
			"host":	"10.0.0.1",
			"port":	5201
		},
		"cookie":	"gb7wsortxluwhozgnc4tjvlvq6roi3fg4ybg",
		"tcp_mss_default":	1448,
		"target_bitrate":	1000000000,
		"sock_bufsize":	0,
		"sndbuf_actual":	16384,
		"rcvbuf_actual":	131072,
		"test_start":	{
			"protocol":	"TCP",
			"num_streams":	1,
			"blksize":	131072,
			"omit":	0,
			"duration":	100,
			"bytes":	0,
			"blocks":	0,
			"reverse":	0,
			"tos":	0
		}
	},
	"intervals":	[{
			"streams":	[{
					"socket":	5,
					"start":	0,
					"end":	60.000064,
					"seconds":	60.000064849853516,
					"bytes":	7499939840,
					"bits_per_second":	999990897.84561265,
					"retransmits":	0,
					"snd_cwnd":	275120,
					"rtt":	283,
					"rttvar":	24,
					"pmtu":	9000,
					"omitted":	false,
					"sender":	true
				}],
			"sum":	{
				"start":	0,
				"end":	60.000064,
				"seconds":	60.000064849853516,
				"bytes":	7499939840,
				"bits_per_second":	999990897.84561265,
				"retransmits":	0,
				"omitted":	false,
				"sender":	true
			}
		}, {
			"streams":	[{
					"socket":	5,
					"start":	60.000064,
					"end":	100.000075,
					"seconds":	40.0000114440918,
					"bytes":	5000003584,
					"bits_per_second":	1000000430.6975819,
					"retransmits":	0,
					"snd_cwnd":	275120,
					"rtt":	250,
					"rttvar":	28,
					"pmtu":	9000,
					"omitted":	false,
					"sender":	true
				}],
			"sum":	{
				"start":	60.000064,
				"end":	100.000075,
				"seconds":	40.0000114440918,
				"bytes":	5000003584,
				"bits_per_second":	1000000430.6975819,
				"retransmits":	0,
				"omitted":	false,
				"sender":	true
			}
		}],
	"end":	{
		"streams":	[{
				"sender":	{
					"socket":	5,
					"start":	0,
					"end":	100.000075,
					"seconds":	100.000075,
					"bytes":	12499943424,
					"bits_per_second":	999994723.923957,
					"retransmits":	0,
					"max_snd_cwnd":	275120,
					"max_rtt":	283,
					"min_rtt":	250,
					"mean_rtt":	266,
					"sender":	true
				},
				"receiver":	{
					"socket":	5,
					"start":	0,
					"end":	100.000207,
					"seconds":	100.000075,
					"bytes":	12499943424,
					"bits_per_second":	999993403.933654,
					"sender":	true
				}
			}],
		"sum_sent":	{
			"start":	0,
			"end":	100.000075,
			"seconds":	100.000075,
			"bytes":	12499943424,
			"bits_per_second":	999994723.923957,
			"retransmits":	0,
			"sender":	true
		},
		"sum_received":	{
			"start":	0,
			"end":	100.000207,
			"seconds":	100.000207,
			"bytes":	12499943424,
			"bits_per_second":	999993403.933654,
			"sender":	true
		},
		"cpu_utilization_percent":	{
			"host_total":	6.7171308929226514,
			"host_user":	0.79786038859164832,
			"host_system":	5.9192715043064243,
			"remote_total":	13.772322518058514,
			"remote_user":	0.46520704935811535,
			"remote_system":	13.307115468700397
		},
		"sender_tcp_congestion":	"cubic",
		"receiver_tcp_congestion":	"reno"
	}
}
