{
	"start":	{
		"connected":	[{
				"socket":	5,
				"local_host":	"10.0.1.1",
				"local_port":	45790,
				"remote_host":	"10.0.0.1",
				"remote_port":	5201
			}],
		"version":	"iperf 3.9+",
		"system_info":	"Linux han-3 5.10.0 #9 SMP PREEMPT Tue Feb 23 15:01:43 PST 2021 x86_64",
		"timestamp":	{
			"time":	"Sat, 02 Mar 2024 10:47:04 GMT",
			"timesecs":	1709376424
		},
		"connecting_to":	{
			"host":	"10.0.0.1",
			"port":	5201
		},
		"cookie":	"ocntu7xkb2edv2hck7azibu7ndj2wabaxt3s",
		"tcp_mss_default":	1448,
		"target_bitrate":	10000000000,
		"sock_bufsize":	0,
		"sndbuf_actual":	16384,
		"rcvbuf_actual":	131072,
		"test_start":	{
			"protocol":	"TCP",
			"num_streams":	1,
			"blksize":	131072,
			"omit":	0,
			"duration":	80,
			"bytes":	0,
			"blocks":	0,
			"reverse":	0,
			"tos":	0
		}
	},
	"intervals":	[{
			"streams":	[{
					"socket":	5,
					"start":	0,
					"end":	60.000077,
					"seconds":	60.000076293945312,
					"bytes":	69962825728,
					"bits_per_second":	9328364902.10397,
					"retransmits":	0,
					"snd_cwnd":	3473752,
					"rtt":	203,
					"rttvar":	30,
					"pmtu":	9000,
					"omitted":	false,
					"sender":	true
				}],
			"sum":	{
				"start":	0,
				"end":	60.000077,
				"seconds":	60.000076293945312,
				"bytes":	69962825728,
				"bits_per_second":	9328364902.10397,
				"retransmits":	0,
				"omitted":	false,
				"sender":	true
			}
		}, {
			"streams":	[{
					"socket":	5,
					"start":	60.000077,
					"end":	80.000038,
					"seconds":	19.999961853027344,
					"bytes":	23246405632,
					"bits_per_second":	9298579988.43383,
					"retransmits":	0,
					"snd_cwnd":	3473752,
					"rtt":	1092,
					"rttvar":	38,
					"pmtu":	9000,
					"omitted":	false,
					"sender":	true
				}],
			"sum":	{
				"start":	60.000077,
				"end":	80.000038,
				"seconds":	19.999961853027344,
				"bytes":	23246405632,
				"bits_per_second":	9298579988.43383,
				"retransmits":	0,
				"omitted":	false,
				"sender":	true
			}
		}],
	"end":	{
		"streams":	[{
				"sender":	{
					"socket":	5,
					"start":	0,
					"end":	80.000038,
					"seconds":	80.000038,
					"bytes":	93209231360,
					"bits_per_second":	9320918708.5636139,
					"retransmits":	0,
					"max_snd_cwnd":	3473752,
					"max_rtt":	1092,
					"min_rtt":	203,
					"mean_rtt":	647,
					"sender":	true
				},
				"receiver":	{
					"socket":	5,
					"start":	0,
					"end":	80.000456,
					"seconds":	80.000038,
					"bytes":	93206713624,
					"bits_per_second":	9320618234.87606,
					"sender":	true
				}
			}],
		"sum_sent":	{
			"start":	0,
			"end":	80.000038,
			"seconds":	80.000038,
			"bytes":	93209231360,
			"bits_per_second":	9320918708.5636139,
			"retransmits":	0,
			"sender":	true
		},
		"sum_received":	{
			"start":	0,
			"end":	80.000456,
			"seconds":	80.000456,
			"bytes":	93206713624,
			"bits_per_second":	9320618234.87606,
			"sender":	true
		},
		"cpu_utilization_percent":	{
			"host_total":	66.793678045254737,
			"host_user":	2.0317295703106266,
			"host_system":	64.76194722497975,
			"remote_total":	47.557925220184217,
			"remote_user":	1.5275154133071704,
			"remote_system":	46.030408557753738
		},
		"sender_tcp_congestion":	"cubic",
		"receiver_tcp_congestion":	"reno"
	}
}
