{
	"start":	{
		"connected":	[{
				"socket":	5,
				"local_host":	"10.0.1.1",
				"local_port":	53594,
				"remote_host":	"10.0.0.1",
				"remote_port":	5201
			}],
		"version":	"iperf 3.9+",
		"system_info":	"Linux han-3 5.10.0 #9 SMP PREEMPT Tue Feb 23 15:01:43 PST 2021 x86_64",
		"timestamp":	{
			"time":	"Sun, 03 Mar 2024 13:50:41 GMT",
			"timesecs":	1709473841
		},
		"connecting_to":	{
			"host":	"10.0.0.1",
			"port":	5201
		},
		"cookie":	"wx4wq34cpobrlg27gcj54rnrqdgqqqh7b24m",
		"tcp_mss_default":	1448,
		"target_bitrate":	8000000000,
		"sock_bufsize":	0,
		"sndbuf_actual":	16384,
		"rcvbuf_actual":	131072,
		"test_start":	{
			"protocol":	"TCP",
			"num_streams":	1,
			"blksize":	131072,
			"omit":	0,
			"duration":	50,
			"bytes":	0,
			"blocks":	0,
			"reverse":	0,
			"tos":	0
		}
	},
	"intervals":	[{
			"streams":	[{
					"socket":	5,
					"start":	0,
					"end":	50.000089,
					"seconds":	50.0000877380371,
					"bytes":	49999380480,
					"bits_per_second":	7999886838.9126329,
					"retransmits":	0,
					"snd_cwnd":	1491440,
					"rtt":	572,
					"rttvar":	163,
					"pmtu":	9000,
					"omitted":	false,
					"sender":	true
				}],
			"sum":	{
				"start":	0,
				"end":	50.000089,
				"seconds":	50.0000877380371,
				"bytes":	49999380480,
				"bits_per_second":	7999886838.9126329,
				"retransmits":	0,
				"omitted":	false,
				"sender":	true
			}
		}],
	"end":	{
		"streams":	[{
				"sender":	{
					"socket":	5,
					"start":	0,
					"end":	50.000089,
					"seconds":	50.000089,
					"bytes":	49999380480,
					"bits_per_second":	7999886637.0017853,
					"retransmits":	0,
					"max_snd_cwnd":	1491440,
					"max_rtt":	572,
					"min_rtt":	572,
					"mean_rtt":	572,
					"sender":	true
				},
				"receiver":	{
					"socket":	5,
					"start":	0,
					"end":	50.000166,
					"seconds":	50.000089,
					"bytes":	49999380480,
					"bits_per_second":	7999874317.217267,
					"sender":	true
				}
			}],
		"sum_sent":	{
			"start":	0,
			"end":	50.000089,
			"seconds":	50.000089,
			"bytes":	49999380480,
			"bits_per_second":	7999886637.0017853,
			"retransmits":	0,
			"sender":	true
		},
		"sum_received":	{
			"start":	0,
			"end":	50.000166,
			"seconds":	50.000166,
			"bytes":	49999380480,
			"bits_per_second":	7999874317.217267,
			"sender":	true
		},
		"cpu_utilization_percent":	{
			"host_total":	23.927712119938548,
			"host_user":	7.9737801422239531,
			"host_system":	15.953931977714591,
			"remote_total":	45.15309390165703,
			"remote_user":	0,
			"remote_system":	45.15309390165703
		},
		"sender_tcp_congestion":	"cubic",
		"receiver_tcp_congestion":	"reno"
	}
}
