{
	"start":	{
		"connected":	[{
				"socket":	5,
				"local_host":	"10.0.1.1",
				"local_port":	37818,
				"remote_host":	"10.0.0.1",
				"remote_port":	5201
			}],
		"version":	"iperf 3.9+",
		"system_info":	"Linux han-3 5.10.0 #9 SMP PREEMPT Tue Feb 23 15:01:43 PST 2021 x86_64",
		"timestamp":	{
			"time":	"Fri, 01 Mar 2024 06:51:15 GMT",
			"timesecs":	1709275875
		},
		"connecting_to":	{
			"host":	"10.0.0.1",
			"port":	5201
		},
		"cookie":	"3zobrl5atajrvgzfshy57wb6tmvedxbandsr",
		"tcp_mss_default":	1448,
		"target_bitrate":	2000000000,
		"sock_bufsize":	0,
		"sndbuf_actual":	16384,
		"rcvbuf_actual":	131072,
		"test_start":	{
			"protocol":	"TCP",
			"num_streams":	1,
			"blksize":	131072,
			"omit":	0,
			"duration":	50,
			"bytes":	0,
			"blocks":	0,
			"reverse":	0,
			"tos":	0
		}
	},
	"intervals":	[{
			"streams":	[{
					"socket":	5,
					"start":	0,
					"end":	50.000076,
					"seconds":	50.000076293945312,
					"bytes":	12499812352,
					"bits_per_second":	1999966924.6126566,
					"retransmits":	0,
					"snd_cwnd":	395304,
					"rtt":	271,
					"rttvar":	46,
					"pmtu":	9000,
					"omitted":	false,
					"sender":	true
				}],
			"sum":	{
				"start":	0,
				"end":	50.000076,
				"seconds":	50.000076293945312,
				"bytes":	12499812352,
				"bits_per_second":	1999966924.6126566,
				"retransmits":	0,
				"omitted":	false,
				"sender":	true
			}
		}],
	"end":	{
		"streams":	[{
				"sender":	{
					"socket":	5,
					"start":	0,
					"end":	50.000076,
					"seconds":	50.000076,
					"bytes":	12499812352,
					"bits_per_second":	1999966936.3702567,
					"retransmits":	0,
					"max_snd_cwnd":	395304,
					"max_rtt":	271,
					"min_rtt":	271,
					"mean_rtt":	271,
					"sender":	true
				},
				"receiver":	{
					"socket":	5,
					"start":	0,
					"end":	50.000466,
					"seconds":	50.000076,
					"bytes":	12499812352,
					"bits_per_second":	1999951336.7735412,
					"sender":	true
				}
			}],
		"sum_sent":	{
			"start":	0,
			"end":	50.000076,
			"seconds":	50.000076,
			"bytes":	12499812352,
			"bits_per_second":	1999966936.3702567,
			"retransmits":	0,
			"sender":	true
		},
		"sum_received":	{
			"start":	0,
			"end":	50.000466,
			"seconds":	50.000466,
			"bytes":	12499812352,
			"bits_per_second":	1999951336.7735412,
			"sender":	true
		},
		"cpu_utilization_percent":	{
			"host_total":	6.910327516178338,
			"host_user":	0.80369170289801661,
			"host_system":	6.1066378131800469,
			"remote_total":	21.0641809162346,
			"remote_user":	1.194237673000377,
			"remote_system":	19.869943243234225
		},
		"sender_tcp_congestion":	"cubic",
		"receiver_tcp_congestion":	"reno"
	}
}
