{
	"start":	{
		"connected":	[{
				"socket":	5,
				"local_host":	"10.0.1.1",
				"local_port":	46196,
				"remote_host":	"10.0.0.1",
				"remote_port":	5201
			}],
		"version":	"iperf 3.9+",
		"system_info":	"Linux han-3 5.10.0 #9 SMP PREEMPT Tue Feb 23 15:01:43 PST 2021 x86_64",
		"timestamp":	{
			"time":	"Sat, 02 Mar 2024 12:10:41 GMT",
			"timesecs":	1709381441
		},
		"connecting_to":	{
			"host":	"10.0.0.1",
			"port":	5201
		},
		"cookie":	"grlb3ikyzqxa56ooysflzkj3eegqsy2dpty5",
		"tcp_mss_default":	1448,
		"target_bitrate":	1000000000,
		"sock_bufsize":	0,
		"sndbuf_actual":	16384,
		"rcvbuf_actual":	131072,
		"test_start":	{
			"protocol":	"TCP",
			"num_streams":	1,
			"blksize":	131072,
			"omit":	0,
			"duration":	70,
			"bytes":	0,
			"blocks":	0,
			"reverse":	0,
			"tos":	0
		}
	},
	"intervals":	[{
			"streams":	[{
					"socket":	5,
					"start":	0,
					"end":	60.000068,
					"seconds":	60.000068664550781,
					"bytes":	7499939840,
					"bits_per_second":	999990834.26797628,
					"retransmits":	0,
					"snd_cwnd":	215752,
					"rtt":	244,
					"rttvar":	31,
					"pmtu":	9000,
					"omitted":	false,
					"sender":	true
				}],
			"sum":	{
				"start":	0,
				"end":	60.000068,
				"seconds":	60.000068664550781,
				"bytes":	7499939840,
				"bits_per_second":	999990834.26797628,
				"retransmits":	0,
				"omitted":	false,
				"sender":	true
			}
		}, {
			"streams":	[{
					"socket":	5,
					"start":	60.000068,
					"end":	70.000081,
					"seconds":	10.00001335144043,
					"bytes":	1250033664,
					"bits_per_second":	1000025596.0217826,
					"retransmits":	0,
					"snd_cwnd":	218648,
					"rtt":	264,
					"rttvar":	35,
					"pmtu":	9000,
					"omitted":	false,
					"sender":	true
				}],
			"sum":	{
				"start":	60.000068,
				"end":	70.000081,
				"seconds":	10.00001335144043,
				"bytes":	1250033664,
				"bits_per_second":	1000025596.0217826,
				"retransmits":	0,
				"omitted":	false,
				"sender":	true
			}
		}],
	"end":	{
		"streams":	[{
				"sender":	{
					"socket":	5,
					"start":	0,
					"end":	70.000081,
					"seconds":	70.000081,
					"bytes":	8749973504,
					"bits_per_second":	999995814.74770021,
					"retransmits":	0,
					"max_snd_cwnd":	218648,
					"max_rtt":	264,
					"min_rtt":	244,
					"mean_rtt":	254,
					"sender":	true
				},
				"receiver":	{
					"socket":	5,
					"start":	0,
					"end":	70.000644,
					"seconds":	70.000081,
					"bytes":	8749973504,
					"bits_per_second":	999987771.998212,
					"sender":	true
				}
			}],
		"sum_sent":	{
			"start":	0,
			"end":	70.000081,
			"seconds":	70.000081,
			"bytes":	8749973504,
			"bits_per_second":	999995814.74770021,
			"retransmits":	0,
			"sender":	true
		},
		"sum_received":	{
			"start":	0,
			"end":	70.000644,
			"seconds":	70.000644,
			"bytes":	8749973504,
			"bits_per_second":	999987771.998212,
			"sender":	true
		},
		"cpu_utilization_percent":	{
			"host_total":	9.06431713485366,
			"host_user":	0.78691190635654451,
			"host_system":	8.27740237145107,
			"remote_total":	13.181290064728518,
			"remote_user":	0,
			"remote_system":	13.181292918398826
		},
		"sender_tcp_congestion":	"cubic",
		"receiver_tcp_congestion":	"reno"
	}
}
