{
	"start":	{
		"connected":	[{
				"socket":	5,
				"local_host":	"10.0.1.1",
				"local_port":	51500,
				"remote_host":	"10.0.0.1",
				"remote_port":	5201
			}],
		"version":	"iperf 3.9+",
		"system_info":	"Linux han-3 5.10.0 #9 SMP PREEMPT Tue Feb 23 15:01:43 PST 2021 x86_64",
		"timestamp":	{
			"time":	"Sun, 03 Mar 2024 06:33:16 GMT",
			"timesecs":	1709447596
		},
		"connecting_to":	{
			"host":	"10.0.0.1",
			"port":	5201
		},
		"cookie":	"4ijz3wpk2r6pp7fmcmnvnnzc24dhakrlc6mh",
		"tcp_mss_default":	1448,
		"target_bitrate":	3000000000,
		"sock_bufsize":	0,
		"sndbuf_actual":	16384,
		"rcvbuf_actual":	131072,
		"test_start":	{
			"protocol":	"TCP",
			"num_streams":	1,
			"blksize":	131072,
			"omit":	0,
			"duration":	70,
			"bytes":	0,
			"blocks":	0,
			"reverse":	0,
			"tos":	0
		}
	},
	"intervals":	[{
			"streams":	[{
					"socket":	5,
					"start":	0,
					"end":	60.000074,
					"seconds":	60.000072479248047,
					"bytes":	22499688448,
					"bits_per_second":	2999954835.8254886,
					"retransmits":	0,
					"snd_cwnd":	531416,
					"rtt":	280,
					"rttvar":	45,
					"pmtu":	9000,
					"omitted":	false,
					"sender":	true
				}],
			"sum":	{
				"start":	0,
				"end":	60.000074,
				"seconds":	60.000072479248047,
				"bytes":	22499688448,
				"bits_per_second":	2999954835.8254886,
				"retransmits":	0,
				"omitted":	false,
				"sender":	true
			}
		}, {
			"streams":	[{
					"socket":	5,
					"start":	60.000074,
					"end":	70.000089,
					"seconds":	10.000015258789062,
					"bytes":	3750100992,
					"bits_per_second":	3000076215.8469849,
					"retransmits":	0,
					"snd_cwnd":	531416,
					"rtt":	328,
					"rttvar":	43,
					"pmtu":	9000,
					"omitted":	false,
					"sender":	true
				}],
			"sum":	{
				"start":	60.000074,
				"end":	70.000089,
				"seconds":	10.000015258789062,
				"bytes":	3750100992,
				"bits_per_second":	3000076215.8469849,
				"retransmits":	0,
				"omitted":	false,
				"sender":	true
			}
		}],
	"end":	{
		"streams":	[{
				"sender":	{
					"socket":	5,
					"start":	0,
					"end":	70.000089,
					"seconds":	70.000089,
					"bytes":	26249789440,
					"bits_per_second":	2999972121.74973,
					"retransmits":	0,
					"max_snd_cwnd":	531416,
					"max_rtt":	328,
					"min_rtt":	280,
					"mean_rtt":	304,
					"sender":	true
				},
				"receiver":	{
					"socket":	5,
					"start":	0,
					"end":	70.00008,
					"seconds":	70.000089,
					"bytes":	26249789440,
					"bits_per_second":	2999972507.4599915,
					"sender":	true
				}
			}],
		"sum_sent":	{
			"start":	0,
			"end":	70.000089,
			"seconds":	70.000089,
			"bytes":	26249789440,
			"bits_per_second":	2999972121.74973,
			"retransmits":	0,
			"sender":	true
		},
		"sum_received":	{
			"start":	0,
			"end":	70.00008,
			"seconds":	70.00008,
			"bytes":	26249789440,
			"bits_per_second":	2999972507.4599915,
			"sender":	true
		},
		"cpu_utilization_percent":	{
			"host_total":	12.068093848927264,
			"host_user":	2.4142250338041475,
			"host_system":	9.6538673866028066,
			"remote_total":	27.773904689578778,
			"remote_user":	1.7475604255051875,
			"remote_system":	26.026344264073593
		},
		"sender_tcp_congestion":	"cubic",
		"receiver_tcp_congestion":	"reno"
	}
}
