{
	"start":	{
		"connected":	[{
				"socket":	5,
				"local_host":	"10.0.1.1",
				"local_port":	53252,
				"remote_host":	"10.0.0.1",
				"remote_port":	5201
			}],
		"version":	"iperf 3.9+",
		"system_info":	"Linux han-3 5.10.0 #9 SMP PREEMPT Tue Feb 23 15:01:43 PST 2021 x86_64",
		"timestamp":	{
			"time":	"Sun, 03 Mar 2024 12:41:27 GMT",
			"timesecs":	1709469687
		},
		"connecting_to":	{
			"host":	"10.0.0.1",
			"port":	5201
		},
		"cookie":	"ympe2km5ihdijbezos5mwrbvvmxi2ad3p7ru",
		"tcp_mss_default":	1448,
		"target_bitrate":	7000000000,
		"sock_bufsize":	0,
		"sndbuf_actual":	16384,
		"rcvbuf_actual":	131072,
		"test_start":	{
			"protocol":	"TCP",
			"num_streams":	1,
			"blksize":	131072,
			"omit":	0,
			"duration":	70,
			"bytes":	0,
			"blocks":	0,
			"reverse":	0,
			"tos":	0
		}
	},
	"intervals":	[{
			"streams":	[{
					"socket":	5,
					"start":	0,
					"end":	60.000061,
					"seconds":	60.00006103515625,
					"bytes":	52499316736,
					"bits_per_second":	6999901777.46502,
					"retransmits":	0,
					"snd_cwnd":	1077312,
					"rtt":	503,
					"rttvar":	115,
					"pmtu":	9000,
					"omitted":	false,
					"sender":	true
				}],
			"sum":	{
				"start":	0,
				"end":	60.000061,
				"seconds":	60.00006103515625,
				"bytes":	52499316736,
				"bits_per_second":	6999901777.46502,
				"retransmits":	0,
				"omitted":	false,
				"sender":	true
			}
		}, {
			"streams":	[{
					"socket":	5,
					"start":	60.000061,
					"end":	70.000079,
					"seconds":	10.000018119812012,
					"bytes":	8750104576,
					"bits_per_second":	7000070976.8029833,
					"retransmits":	0,
					"snd_cwnd":	1077312,
					"rtt":	541,
					"rttvar":	181,
					"pmtu":	9000,
					"omitted":	false,
					"sender":	true
				}],
			"sum":	{
				"start":	60.000061,
				"end":	70.000079,
				"seconds":	10.000018119812012,
				"bytes":	8750104576,
				"bits_per_second":	7000070976.8029833,
				"retransmits":	0,
				"omitted":	false,
				"sender":	true
			}
		}],
	"end":	{
		"streams":	[{
				"sender":	{
					"socket":	5,
					"start":	0,
					"end":	70.000079,
					"seconds":	70.000079,
					"bytes":	61249421312,
					"bits_per_second":	6999925964.3121262,
					"retransmits":	0,
					"max_snd_cwnd":	1077312,
					"max_rtt":	541,
					"min_rtt":	503,
					"mean_rtt":	522,
					"sender":	true
				},
				"receiver":	{
					"socket":	5,
					"start":	0,
					"end":	69.999921,
					"seconds":	70.000079,
					"bytes":	61249421312,
					"bits_per_second":	6999941764.1628485,
					"sender":	true
				}
			}],
		"sum_sent":	{
			"start":	0,
			"end":	70.000079,
			"seconds":	70.000079,
			"bytes":	61249421312,
			"bits_per_second":	6999925964.3121262,
			"retransmits":	0,
			"sender":	true
		},
		"sum_received":	{
			"start":	0,
			"end":	69.999921,
			"seconds":	69.999921,
			"bytes":	61249421312,
			"bits_per_second":	6999941764.1628485,
			"sender":	true
		},
		"cpu_utilization_percent":	{
			"host_total":	20.9368524804218,
			"host_user":	0,
			"host_system":	20.9368524804218,
			"remote_total":	39.933814855119643,
			"remote_user":	2.025752377672152,
			"remote_system":	37.9080639049344
		},
		"sender_tcp_congestion":	"cubic",
		"receiver_tcp_congestion":	"reno"
	}
}
