{
	"start":	{
		"connected":	[{
				"socket":	5,
				"local_host":	"10.0.1.1",
				"local_port":	53896,
				"remote_host":	"10.0.0.1",
				"remote_port":	5201
			}],
		"version":	"iperf 3.9+",
		"system_info":	"Linux han-3 5.10.0 #9 SMP PREEMPT Tue Feb 23 15:01:43 PST 2021 x86_64",
		"timestamp":	{
			"time":	"Sun, 03 Mar 2024 15:05:45 GMT",
			"timesecs":	1709478345
		},
		"connecting_to":	{
			"host":	"10.0.0.1",
			"port":	5201
		},
		"cookie":	"bt4dj2dlepwxjdssc5zts2eu7ywbnahcgfww",
		"tcp_mss_default":	1448,
		"target_bitrate":	9000000000,
		"sock_bufsize":	0,
		"sndbuf_actual":	16384,
		"rcvbuf_actual":	131072,
		"test_start":	{
			"protocol":	"TCP",
			"num_streams":	1,
			"blksize":	131072,
			"omit":	0,
			"duration":	20,
			"bytes":	0,
			"blocks":	0,
			"reverse":	0,
			"tos":	0
		}
	},
	"intervals":	[{
			"streams":	[{
					"socket":	5,
					"start":	0,
					"end":	20.000069,
					"seconds":	20.000068664550781,
					"bytes":	22499426304,
					"bits_per_second":	8999739623.44608,
					"retransmits":	0,
					"snd_cwnd":	1349536,
					"rtt":	496,
					"rttvar":	104,
					"pmtu":	9000,
					"omitted":	false,
					"sender":	true
				}],
			"sum":	{
				"start":	0,
				"end":	20.000069,
				"seconds":	20.000068664550781,
				"bytes":	22499426304,
				"bits_per_second":	8999739623.44608,
				"retransmits":	0,
				"omitted":	false,
				"sender":	true
			}
		}],
	"end":	{
		"streams":	[{
				"sender":	{
					"socket":	5,
					"start":	0,
					"end":	20.000069,
					"seconds":	20.000069,
					"bytes":	22499426304,
					"bits_per_second":	8999739472.49882,
					"retransmits":	0,
					"max_snd_cwnd":	1349536,
					"max_rtt":	496,
					"min_rtt":	496,
					"mean_rtt":	496,
					"sender":	true
				},
				"receiver":	{
					"socket":	5,
					"start":	0,
					"end":	20.000157,
					"seconds":	20.000069,
					"bytes":	22499381360,
					"bits_per_second":	8999681896.49711,
					"sender":	true
				}
			}],
		"sum_sent":	{
			"start":	0,
			"end":	20.000069,
			"seconds":	20.000069,
			"bytes":	22499426304,
			"bits_per_second":	8999739472.49882,
			"retransmits":	0,
			"sender":	true
		},
		"sum_received":	{
			"start":	0,
			"end":	20.000157,
			"seconds":	20.000157,
			"bytes":	22499381360,
			"bits_per_second":	8999681896.49711,
			"sender":	true
		},
		"cpu_utilization_percent":	{
			"host_total":	27.685128918634287,
			"host_user":	11.070247013537662,
			"host_system":	16.614876905682809,
			"remote_total":	45.818433159673717,
			"remote_user":	0.89600620129294728,
			"remote_system":	44.922431947835058
		},
		"sender_tcp_congestion":	"cubic",
		"receiver_tcp_congestion":	"reno"
	}
}
