{
	"start":	{
		"connected":	[{
				"socket":	5,
				"local_host":	"10.0.1.1",
				"local_port":	44074,
				"remote_host":	"10.0.0.1",
				"remote_port":	5201
			}],
		"version":	"iperf 3.9+",
		"system_info":	"Linux han-3 5.10.0 #9 SMP PREEMPT Tue Feb 23 15:01:43 PST 2021 x86_64",
		"timestamp":	{
			"time":	"Sat, 02 Mar 2024 04:50:42 GMT",
			"timesecs":	1709355042
		},
		"connecting_to":	{
			"host":	"10.0.0.1",
			"port":	5201
		},
		"cookie":	"hxgitrctl4oy2jfbcy6kydwdays7n7iilyrg",
		"tcp_mss_default":	1448,
		"target_bitrate":	6000000000,
		"sock_bufsize":	0,
		"sndbuf_actual":	16384,
		"rcvbuf_actual":	131072,
		"test_start":	{
			"protocol":	"TCP",
			"num_streams":	1,
			"blksize":	131072,
			"omit":	0,
			"duration":	80,
			"bytes":	0,
			"blocks":	0,
			"reverse":	0,
			"tos":	0
		}
	},
	"intervals":	[{
			"streams":	[{
					"socket":	5,
					"start":	0,
					"end":	60.000063,
					"seconds":	60.000064849853516,
					"bytes":	44999507968,
					"bits_per_second":	5999927910.8258982,
					"retransmits":	0,
					"snd_cwnd":	3821272,
					"rtt":	427,
					"rttvar":	134,
					"pmtu":	9000,
					"omitted":	false,
					"sender":	true
				}],
			"sum":	{
				"start":	0,
				"end":	60.000063,
				"seconds":	60.000064849853516,
				"bytes":	44999507968,
				"bits_per_second":	5999927910.8258982,
				"retransmits":	0,
				"omitted":	false,
				"sender":	true
			}
		}, {
			"streams":	[{
					"socket":	5,
					"start":	60.000063,
					"end":	80.000074,
					"seconds":	20.0000114440918,
					"bytes":	14999879680,
					"bits_per_second":	5999948438.8019648,
					"retransmits":	0,
					"snd_cwnd":	3821272,
					"rtt":	448,
					"rttvar":	125,
					"pmtu":	9000,
					"omitted":	false,
					"sender":	true
				}],
			"sum":	{
				"start":	60.000063,
				"end":	80.000074,
				"seconds":	20.0000114440918,
				"bytes":	14999879680,
				"bits_per_second":	5999948438.8019648,
				"retransmits":	0,
				"omitted":	false,
				"sender":	true
			}
		}],
	"end":	{
		"streams":	[{
				"sender":	{
					"socket":	5,
					"start":	0,
					"end":	80.000074,
					"seconds":	80.000074,
					"bytes":	59999387648,
					"bits_per_second":	5999933214.8617764,
					"retransmits":	0,
					"max_snd_cwnd":	3821272,
					"max_rtt":	448,
					"min_rtt":	427,
					"mean_rtt":	437,
					"sender":	true
				},
				"receiver":	{
					"socket":	5,
					"start":	0,
					"end":	80.000358,
					"seconds":	80.000074,
					"bytes":	59999387648,
					"bits_per_second":	5999911915.19418,
					"sender":	true
				}
			}],
		"sum_sent":	{
			"start":	0,
			"end":	80.000074,
			"seconds":	80.000074,
			"bytes":	59999387648,
			"bits_per_second":	5999933214.8617764,
			"retransmits":	0,
			"sender":	true
		},
		"sum_received":	{
			"start":	0,
			"end":	80.000358,
			"seconds":	80.000358,
			"bytes":	59999387648,
			"bits_per_second":	5999911915.19418,
			"sender":	true
		},
		"cpu_utilization_percent":	{
			"host_total":	34.957430461103385,
			"host_user":	0.64242922288860882,
			"host_system":	34.314999988250335,
			"remote_total":	40.189978835235543,
			"remote_user":	4.74495134067888,
			"remote_system":	35.445027494556655
		},
		"sender_tcp_congestion":	"cubic",
		"receiver_tcp_congestion":	"reno"
	}
}
