{
	"start":	{
		"connected":	[{
				"socket":	5,
				"local_host":	"10.0.1.1",
				"local_port":	44020,
				"remote_host":	"10.0.0.1",
				"remote_port":	5201
			}],
		"version":	"iperf 3.9+",
		"system_info":	"Linux han-3 5.10.0 #9 SMP PREEMPT Tue Feb 23 15:01:43 PST 2021 x86_64",
		"timestamp":	{
			"time":	"Sat, 02 Mar 2024 04:35:21 GMT",
			"timesecs":	1709354121
		},
		"connecting_to":	{
			"host":	"10.0.0.1",
			"port":	5201
		},
		"cookie":	"q4jhf2fatz7ml74domxtftpa2jqqnwkpwxmx",
		"tcp_mss_default":	1448,
		"target_bitrate":	6000000000,
		"sock_bufsize":	0,
		"sndbuf_actual":	16384,
		"rcvbuf_actual":	131072,
		"test_start":	{
			"protocol":	"TCP",
			"num_streams":	1,
			"blksize":	131072,
			"omit":	0,
			"duration":	70,
			"bytes":	0,
			"blocks":	0,
			"reverse":	0,
			"tos":	0
		}
	},
	"intervals":	[{
			"streams":	[{
					"socket":	5,
					"start":	0,
					"end":	60.000062,
					"seconds":	60.00006103515625,
					"bytes":	44999507968,
					"bits_per_second":	5999928292.2906532,
					"retransmits":	0,
					"snd_cwnd":	973056,
					"rtt":	473,
					"rttvar":	90,
					"pmtu":	9000,
					"omitted":	false,
					"sender":	true
				}],
			"sum":	{
				"start":	0,
				"end":	60.000062,
				"seconds":	60.00006103515625,
				"bytes":	44999507968,
				"bits_per_second":	5999928292.2906532,
				"retransmits":	0,
				"omitted":	false,
				"sender":	true
			}
		}, {
			"streams":	[{
					"socket":	5,
					"start":	60.000062,
					"end":	70.000096,
					"seconds":	10.000034332275391,
					"bytes":	7499939840,
					"bits_per_second":	5999931272.8707218,
					"retransmits":	0,
					"snd_cwnd":	973056,
					"rtt":	415,
					"rttvar":	179,
					"pmtu":	9000,
					"omitted":	false,
					"sender":	true
				}],
			"sum":	{
				"start":	60.000062,
				"end":	70.000096,
				"seconds":	10.000034332275391,
				"bytes":	7499939840,
				"bits_per_second":	5999931272.8707218,
				"retransmits":	0,
				"omitted":	false,
				"sender":	true
			}
		}],
	"end":	{
		"streams":	[{
				"sender":	{
					"socket":	5,
					"start":	0,
					"end":	70.000096,
					"seconds":	70.000096,
					"bytes":	52499447808,
					"bits_per_second":	5999928663.86926,
					"retransmits":	0,
					"max_snd_cwnd":	973056,
					"max_rtt":	473,
					"min_rtt":	415,
					"mean_rtt":	444,
					"sender":	true
				},
				"receiver":	{
					"socket":	5,
					"start":	0,
					"end":	70.000142,
					"seconds":	70.000096,
					"bytes":	52499447808,
					"bits_per_second":	5999924721.0669947,
					"sender":	true
				}
			}],
		"sum_sent":	{
			"start":	0,
			"end":	70.000096,
			"seconds":	70.000096,
			"bytes":	52499447808,
			"bits_per_second":	5999928663.86926,
			"retransmits":	0,
			"sender":	true
		},
		"sum_received":	{
			"start":	0,
			"end":	70.000142,
			"seconds":	70.000142,
			"bytes":	52499447808,
			"bits_per_second":	5999924721.0669947,
			"sender":	true
		},
		"cpu_utilization_percent":	{
			"host_total":	32.523408815590479,
			"host_user":	1.3415960634588255,
			"host_system":	31.181811323608528,
			"remote_total":	39.8745688951707,
			"remote_user":	0,
			"remote_system":	39.8745688951707
		},
		"sender_tcp_congestion":	"cubic",
		"receiver_tcp_congestion":	"reno"
	}
}
