{
	"start":	{
		"connected":	[{
				"socket":	5,
				"local_host":	"10.0.1.1",
				"local_port":	42322,
				"remote_host":	"10.0.0.1",
				"remote_port":	5201
			}],
		"version":	"iperf 3.9+",
		"system_info":	"Linux han-3 5.10.0 #9 SMP PREEMPT Tue Feb 23 15:01:43 PST 2021 x86_64",
		"timestamp":	{
			"time":	"Fri, 19 May 2023 05:12:21 GMT",
			"timesecs":	1684473141
		},
		"connecting_to":	{
			"host":	"10.0.0.1",
			"port":	5201
		},
		"cookie":	"rohd5dv7rqzo4ojsknsvpk6aulpows3rg3em",
		"tcp_mss_default":	1448,
		"sock_bufsize":	0,
		"sndbuf_actual":	16384,
		"rcvbuf_actual":	131072,
		"test_start":	{
			"protocol":	"TCP",
			"num_streams":	1,
			"blksize":	131072,
			"omit":	0,
			"duration":	30,
			"bytes":	0,
			"blocks":	0,
			"reverse":	0,
			"tos":	0
		}
	},
	"intervals":	[{
			"streams":	[{
					"socket":	5,
					"start":	0,
					"end":	30.000434,
					"seconds":	30.000434875488281,
					"bytes":	33383383040,
					"bits_per_second":	8902106433.73726,
					"retransmits":	7703,
					"snd_cwnd":	558928,
					"rtt":	468,
					"rttvar":	28,
					"pmtu":	1500,
					"omitted":	false,
					"sender":	true
				}],
			"sum":	{
				"start":	0,
				"end":	30.000434,
				"seconds":	30.000434875488281,
				"bytes":	33383383040,
				"bits_per_second":	8902106433.73726,
				"retransmits":	7703,
				"omitted":	false,
				"sender":	true
			}
		}],
	"end":	{
		"streams":	[{
				"sender":	{
					"socket":	5,
					"start":	0,
					"end":	30.000434,
					"seconds":	30.000434,
					"bytes":	33383383040,
					"bits_per_second":	8902106693.5231667,
					"retransmits":	7703,
					"max_snd_cwnd":	558928,
					"max_rtt":	468,
					"min_rtt":	468,
					"mean_rtt":	468,
					"sender":	true
				},
				"receiver":	{
					"socket":	5,
					"start":	0,
					"end":	30.000749,
					"seconds":	30.000434,
					"bytes":	33380096288,
					"bits_per_second":	8901136778.41843,
					"sender":	true
				}
			}],
		"sum_sent":	{
			"start":	0,
			"end":	30.000434,
			"seconds":	30.000434,
			"bytes":	33383383040,
			"bits_per_second":	8902106693.5231667,
			"retransmits":	7703,
			"sender":	true
		},
		"sum_received":	{
			"start":	0,
			"end":	30.000749,
			"seconds":	30.000749,
			"bytes":	33380096288,
			"bits_per_second":	8901136778.41843,
			"sender":	true
		},
		"cpu_utilization_percent":	{
			"host_total":	50.8058341083549,
			"host_user":	0.99175095744869124,
			"host_system":	49.8140864839739,
			"remote_total":	82.6876723358952,
			"remote_user":	0.67661521527079038,
			"remote_system":	82.0110205113891
		},
		"sender_tcp_congestion":	"cubic",
		"receiver_tcp_congestion":	"cubic"
	}
}
