{
	"start":	{
		"connected":	[{
				"socket":	5,
				"local_host":	"10.0.1.1",
				"local_port":	42812,
				"remote_host":	"10.0.0.1",
				"remote_port":	5201
			}],
		"version":	"iperf 3.9+",
		"system_info":	"Linux han-3 5.10.0 #9 SMP PREEMPT Tue Feb 23 15:01:43 PST 2021 x86_64",
		"timestamp":	{
			"time":	"Fri, 19 May 2023 06:55:07 GMT",
			"timesecs":	1684479307
		},
		"connecting_to":	{
			"host":	"10.0.0.1",
			"port":	5201
		},
		"cookie":	"eirg2ujuhxg2muthjifmejgwizhup2fqdbzz",
		"tcp_mss_default":	1448,
		"sock_bufsize":	0,
		"sndbuf_actual":	16384,
		"rcvbuf_actual":	131072,
		"test_start":	{
			"protocol":	"TCP",
			"num_streams":	1,
			"blksize":	131072,
			"omit":	0,
			"duration":	80,
			"bytes":	0,
			"blocks":	0,
			"reverse":	0,
			"tos":	0
		}
	},
	"intervals":	[{
			"streams":	[{
					"socket":	5,
					"start":	0,
					"end":	60.000061,
					"seconds":	60.00006103515625,
					"bytes":	63978602496,
					"bits_per_second":	8530471655.1554937,
					"retransmits":	22793,
					"snd_cwnd":	653048,
					"rtt":	592,
					"rttvar":	13,
					"pmtu":	1500,
					"omitted":	false,
					"sender":	true
				}],
			"sum":	{
				"start":	0,
				"end":	60.000061,
				"seconds":	60.00006103515625,
				"bytes":	63978602496,
				"bits_per_second":	8530471655.1554937,
				"retransmits":	22793,
				"omitted":	false,
				"sender":	true
			}
		}, {
			"streams":	[{
					"socket":	5,
					"start":	60.000061,
					"end":	80.000084,
					"seconds":	20.000022888183594,
					"bytes":	20909916160,
					"bits_per_second":	8363956892.2109537,
					"retransmits":	8278,
					"snd_cwnd":	582096,
					"rtt":	524,
					"rttvar":	24,
					"pmtu":	1500,
					"omitted":	false,
					"sender":	true
				}],
			"sum":	{
				"start":	60.000061,
				"end":	80.000084,
				"seconds":	20.000022888183594,
				"bytes":	20909916160,
				"bits_per_second":	8363956892.2109537,
				"retransmits":	8278,
				"omitted":	false,
				"sender":	true
			}
		}],
	"end":	{
		"streams":	[{
				"sender":	{
					"socket":	5,
					"start":	0,
					"end":	80.000084,
					"seconds":	80.000084,
					"bytes":	84888518656,
					"bits_per_second":	8488842952.3149,
					"retransmits":	31071,
					"max_snd_cwnd":	653048,
					"max_rtt":	592,
					"min_rtt":	524,
					"mean_rtt":	558,
					"sender":	true
				},
				"receiver":	{
					"socket":	5,
					"start":	0,
					"end":	80.001451,
					"seconds":	80.000084,
					"bytes":	84886084480,
					"bits_per_second":	8488454488.6567116,
					"sender":	true
				}
			}],
		"sum_sent":	{
			"start":	0,
			"end":	80.000084,
			"seconds":	80.000084,
			"bytes":	84888518656,
			"bits_per_second":	8488842952.3149,
			"retransmits":	31071,
			"sender":	true
		},
		"sum_received":	{
			"start":	0,
			"end":	80.001451,
			"seconds":	80.001451,
			"bytes":	84886084480,
			"bits_per_second":	8488454488.6567116,
			"sender":	true
		},
		"cpu_utilization_percent":	{
			"host_total":	50.6746461267746,
			"host_user":	1.014755362218742,
			"host_system":	49.659887014660761,
			"remote_total":	84.5555726615062,
			"remote_user":	1.1629851979227612,
			"remote_system":	83.392587463583439
		},
		"sender_tcp_congestion":	"cubic",
		"receiver_tcp_congestion":	"cubic"
	}
}
