{
	"start":	{
		"connected":	[{
				"socket":	5,
				"local_host":	"10.0.1.1",
				"local_port":	42488,
				"remote_host":	"10.0.0.1",
				"remote_port":	5201
			}],
		"version":	"iperf 3.9+",
		"system_info":	"Linux han-3 5.10.0 #9 SMP PREEMPT Tue Feb 23 15:01:43 PST 2021 x86_64",
		"timestamp":	{
			"time":	"Fri, 19 May 2023 05:36:13 GMT",
			"timesecs":	1684474573
		},
		"connecting_to":	{
			"host":	"10.0.0.1",
			"port":	5201
		},
		"cookie":	"fi3e5q5hn3qfnamiryb56hoqotukjwof33sd",
		"tcp_mss_default":	1448,
		"sock_bufsize":	0,
		"sndbuf_actual":	16384,
		"rcvbuf_actual":	131072,
		"test_start":	{
			"protocol":	"TCP",
			"num_streams":	1,
			"blksize":	131072,
			"omit":	0,
			"duration":	50,
			"bytes":	0,
			"blocks":	0,
			"reverse":	0,
			"tos":	0
		}
	},
	"intervals":	[{
			"streams":	[{
					"socket":	5,
					"start":	0,
					"end":	50.000074,
					"seconds":	50.000072479248047,
					"bytes":	56655347712,
					"bits_per_second":	9064842493.66065,
					"retransmits":	11125,
					"snd_cwnd":	647256,
					"rtt":	1014,
					"rttvar":	21,
					"pmtu":	1500,
					"omitted":	false,
					"sender":	true
				}],
			"sum":	{
				"start":	0,
				"end":	50.000074,
				"seconds":	50.000072479248047,
				"bytes":	56655347712,
				"bits_per_second":	9064842493.66065,
				"retransmits":	11125,
				"omitted":	false,
				"sender":	true
			}
		}],
	"end":	{
		"streams":	[{
				"sender":	{
					"socket":	5,
					"start":	0,
					"end":	50.000074,
					"seconds":	50.000074,
					"bytes":	56655347712,
					"bits_per_second":	9064842217.95352,
					"retransmits":	11125,
					"max_snd_cwnd":	647256,
					"max_rtt":	1014,
					"min_rtt":	1014,
					"mean_rtt":	1014,
					"sender":	true
				},
				"receiver":	{
					"socket":	5,
					"start":	0,
					"end":	50.00022,
					"seconds":	50.000074,
					"bytes":	56652690376,
					"bits_per_second":	9064390576.84146,
					"sender":	true
				}
			}],
		"sum_sent":	{
			"start":	0,
			"end":	50.000074,
			"seconds":	50.000074,
			"bytes":	56655347712,
			"bits_per_second":	9064842217.95352,
			"retransmits":	11125,
			"sender":	true
		},
		"sum_received":	{
			"start":	0,
			"end":	50.00022,
			"seconds":	50.00022,
			"bytes":	56652690376,
			"bits_per_second":	9064390576.84146,
			"sender":	true
		},
		"cpu_utilization_percent":	{
			"host_total":	43.631725431817685,
			"host_user":	1.157526296848018,
			"host_system":	42.474199134969673,
			"remote_total":	81.8526965595764,
			"remote_user":	1.2580961618139592,
			"remote_system":	80.594602396247268
		},
		"sender_tcp_congestion":	"cubic",
		"receiver_tcp_congestion":	"cubic"
	}
}
