{
	"start":	{
		"connected":	[{
				"socket":	5,
				"local_host":	"10.0.1.1",
				"local_port":	42838,
				"remote_host":	"10.0.0.1",
				"remote_port":	5201
			}],
		"version":	"iperf 3.9+",
		"system_info":	"Linux han-3 5.10.0 #9 SMP PREEMPT Tue Feb 23 15:01:43 PST 2021 x86_64",
		"timestamp":	{
			"time":	"Fri, 19 May 2023 07:03:27 GMT",
			"timesecs":	1684479807
		},
		"connecting_to":	{
			"host":	"10.0.0.1",
			"port":	5201
		},
		"cookie":	"bcuux2j676fjsgko7i7boziqjrekiv4af742",
		"tcp_mss_default":	1448,
		"sock_bufsize":	0,
		"sndbuf_actual":	16384,
		"rcvbuf_actual":	131072,
		"test_start":	{
			"protocol":	"TCP",
			"num_streams":	1,
			"blksize":	131072,
			"omit":	0,
			"duration":	90,
			"bytes":	0,
			"blocks":	0,
			"reverse":	0,
			"tos":	0
		}
	},
	"intervals":	[{
			"streams":	[{
					"socket":	5,
					"start":	0,
					"end":	60.000062,
					"seconds":	60.00006103515625,
					"bytes":	59413364736,
					"bits_per_second":	7921773906.3548641,
					"retransmits":	24827,
					"snd_cwnd":	483632,
					"rtt":	513,
					"rttvar":	37,
					"pmtu":	1500,
					"omitted":	false,
					"sender":	true
				}],
			"sum":	{
				"start":	0,
				"end":	60.000062,
				"seconds":	60.00006103515625,
				"bytes":	59413364736,
				"bits_per_second":	7921773906.3548641,
				"retransmits":	24827,
				"omitted":	false,
				"sender":	true
			}
		}, {
			"streams":	[{
					"socket":	5,
					"start":	60.000062,
					"end":	90.00002,
					"seconds":	29.999958038330078,
					"bytes":	29156966400,
					"bits_per_second":	7775201915.3485451,
					"retransmits":	11623,
					"snd_cwnd":	980296,
					"rtt":	875,
					"rttvar":	26,
					"pmtu":	1500,
					"omitted":	false,
					"sender":	true
				}],
			"sum":	{
				"start":	60.000062,
				"end":	90.00002,
				"seconds":	29.999958038330078,
				"bytes":	29156966400,
				"bits_per_second":	7775201915.3485451,
				"retransmits":	11623,
				"omitted":	false,
				"sender":	true
			}
		}],
	"end":	{
		"streams":	[{
				"sender":	{
					"socket":	5,
					"start":	0,
					"end":	90.00002,
					"seconds":	90.00002,
					"bytes":	88570331136,
					"bits_per_second":	7872916573.6629829,
					"retransmits":	36450,
					"max_snd_cwnd":	980296,
					"max_rtt":	875,
					"min_rtt":	513,
					"mean_rtt":	694,
					"sender":	true
				},
				"receiver":	{
					"socket":	5,
					"start":	0,
					"end":	90.000757,
					"seconds":	90.00002,
					"bytes":	88567801376,
					"bits_per_second":	7872627238.10201,
					"sender":	true
				}
			}],
		"sum_sent":	{
			"start":	0,
			"end":	90.00002,
			"seconds":	90.00002,
			"bytes":	88570331136,
			"bits_per_second":	7872916573.6629829,
			"retransmits":	36450,
			"sender":	true
		},
		"sum_received":	{
			"start":	0,
			"end":	90.000757,
			"seconds":	90.000757,
			"bytes":	88567801376,
			"bits_per_second":	7872627238.10201,
			"sender":	true
		},
		"cpu_utilization_percent":	{
			"host_total":	32.928476476197048,
			"host_user":	0.95412156469887877,
			"host_system":	31.97435602258134,
			"remote_total":	88.496479148235522,
			"remote_user":	0.88122707177731952,
			"remote_system":	87.6152498555315
		},
		"sender_tcp_congestion":	"cubic",
		"receiver_tcp_congestion":	"cubic"
	}
}
