{
	"start":	{
		"connected":	[{
				"socket":	5,
				"local_host":	"10.0.1.1",
				"local_port":	42436,
				"remote_host":	"10.0.0.1",
				"remote_port":	5201
			}],
		"version":	"iperf 3.9+",
		"system_info":	"Linux han-3 5.10.0 #9 SMP PREEMPT Tue Feb 23 15:01:43 PST 2021 x86_64",
		"timestamp":	{
			"time":	"Fri, 19 May 2023 05:27:43 GMT",
			"timesecs":	1684474063
		},
		"connecting_to":	{
			"host":	"10.0.0.1",
			"port":	5201
		},
		"cookie":	"j7xo7mnv7xseth3j5kagxli5cwhcsaacffag",
		"tcp_mss_default":	1448,
		"sock_bufsize":	0,
		"sndbuf_actual":	16384,
		"rcvbuf_actual":	131072,
		"test_start":	{
			"protocol":	"TCP",
			"num_streams":	1,
			"blksize":	131072,
			"omit":	0,
			"duration":	40,
			"bytes":	0,
			"blocks":	0,
			"reverse":	0,
			"tos":	0
		}
	},
	"intervals":	[{
			"streams":	[{
					"socket":	5,
					"start":	0,
					"end":	40.000077,
					"seconds":	40.000076293945312,
					"bytes":	41718251520,
					"bits_per_second":	8343634389.7803535,
					"retransmits":	14792,
					"snd_cwnd":	537208,
					"rtt":	506,
					"rttvar":	96,
					"pmtu":	1500,
					"omitted":	false,
					"sender":	true
				}],
			"sum":	{
				"start":	0,
				"end":	40.000077,
				"seconds":	40.000076293945312,
				"bytes":	41718251520,
				"bits_per_second":	8343634389.7803535,
				"retransmits":	14792,
				"omitted":	false,
				"sender":	true
			}
		}],
	"end":	{
		"streams":	[{
				"sender":	{
					"socket":	5,
					"start":	0,
					"end":	40.000077,
					"seconds":	40.000077,
					"bytes":	41718251520,
					"bits_per_second":	8343634242.5040836,
					"retransmits":	14792,
					"max_snd_cwnd":	537208,
					"max_rtt":	506,
					"min_rtt":	506,
					"mean_rtt":	506,
					"sender":	true
				},
				"receiver":	{
					"socket":	5,
					"start":	0,
					"end":	40.00084,
					"seconds":	40.000077,
					"bytes":	41711112160,
					"bits_per_second":	8342047249.0077715,
					"sender":	true
				}
			}],
		"sum_sent":	{
			"start":	0,
			"end":	40.000077,
			"seconds":	40.000077,
			"bytes":	41718251520,
			"bits_per_second":	8343634242.5040836,
			"retransmits":	14792,
			"sender":	true
		},
		"sum_received":	{
			"start":	0,
			"end":	40.00084,
			"seconds":	40.00084,
			"bytes":	41711112160,
			"bits_per_second":	8342047249.0077715,
			"sender":	true
		},
		"cpu_utilization_percent":	{
			"host_total":	49.159940899965342,
			"host_user":	0.870243835515553,
			"host_system":	48.289694564575228,
			"remote_total":	84.590054329580539,
			"remote_user":	0.83792413353634543,
			"remote_system":	83.7521301960442
		},
		"sender_tcp_congestion":	"cubic",
		"receiver_tcp_congestion":	"cubic"
	}
}
