{
	"start":	{
		"connected":	[{
				"socket":	5,
				"local_host":	"10.0.1.1",
				"local_port":	42416,
				"remote_host":	"10.0.0.1",
				"remote_port":	5201
			}],
		"version":	"iperf 3.9+",
		"system_info":	"Linux han-3 5.10.0 #9 SMP PREEMPT Tue Feb 23 15:01:43 PST 2021 x86_64",
		"timestamp":	{
			"time":	"Fri, 19 May 2023 05:24:22 GMT",
			"timesecs":	1684473862
		},
		"connecting_to":	{
			"host":	"10.0.0.1",
			"port":	5201
		},
		"cookie":	"p4idfgnu6qvkg2awdt4jvljdotj54djliy5h",
		"tcp_mss_default":	1448,
		"sock_bufsize":	0,
		"sndbuf_actual":	16384,
		"rcvbuf_actual":	131072,
		"test_start":	{
			"protocol":	"TCP",
			"num_streams":	1,
			"blksize":	131072,
			"omit":	0,
			"duration":	40,
			"bytes":	0,
			"blocks":	0,
			"reverse":	0,
			"tos":	0
		}
	},
	"intervals":	[{
			"streams":	[{
					"socket":	5,
					"start":	0,
					"end":	40.000478,
					"seconds":	40.0004768371582,
					"bytes":	39280705536,
					"bits_per_second":	7856047455.81641,
					"retransmits":	14361,
					"snd_cwnd":	910792,
					"rtt":	323,
					"rttvar":	24,
					"pmtu":	1500,
					"omitted":	false,
					"sender":	true
				}],
			"sum":	{
				"start":	0,
				"end":	40.000478,
				"seconds":	40.0004768371582,
				"bytes":	39280705536,
				"bits_per_second":	7856047455.81641,
				"retransmits":	14361,
				"omitted":	false,
				"sender":	true
			}
		}],
	"end":	{
		"streams":	[{
				"sender":	{
					"socket":	5,
					"start":	0,
					"end":	40.000478,
					"seconds":	40.000478,
					"bytes":	39280705536,
					"bits_per_second":	7856047227.4356318,
					"retransmits":	14361,
					"max_snd_cwnd":	910792,
					"max_rtt":	323,
					"min_rtt":	323,
					"mean_rtt":	323,
					"sender":	true
				},
				"receiver":	{
					"socket":	5,
					"start":	0,
					"end":	40.002559,
					"seconds":	40.000478,
					"bytes":	39277712488,
					"bits_per_second":	7855039971.4178286,
					"sender":	true
				}
			}],
		"sum_sent":	{
			"start":	0,
			"end":	40.000478,
			"seconds":	40.000478,
			"bytes":	39280705536,
			"bits_per_second":	7856047227.4356318,
			"retransmits":	14361,
			"sender":	true
		},
		"sum_received":	{
			"start":	0,
			"end":	40.002559,
			"seconds":	40.002559,
			"bytes":	39277712488,
			"bits_per_second":	7855039971.4178286,
			"sender":	true
		},
		"cpu_utilization_percent":	{
			"host_total":	35.093508734914764,
			"host_user":	0.90698923172147472,
			"host_system":	34.1865220030258,
			"remote_total":	88.086290221685161,
			"remote_user":	0.76715654508482167,
			"remote_system":	87.319108704463
		},
		"sender_tcp_congestion":	"cubic",
		"receiver_tcp_congestion":	"cubic"
	}
}
