{
	"start":	{
		"connected":	[{
				"socket":	5,
				"local_host":	"10.0.1.1",
				"local_port":	42194,
				"remote_host":	"10.0.0.1",
				"remote_port":	5201
			}],
		"version":	"iperf 3.9+",
		"system_info":	"Linux han-3 5.10.0 #9 SMP PREEMPT Tue Feb 23 15:01:43 PST 2021 x86_64",
		"timestamp":	{
			"time":	"Fri, 19 May 2023 05:02:30 GMT",
			"timesecs":	1684472550
		},
		"connecting_to":	{
			"host":	"10.0.0.1",
			"port":	5201
		},
		"cookie":	"435kuqcvhkaj2ngkfjh2gody642y3obexnhh",
		"tcp_mss_default":	1448,
		"sock_bufsize":	0,
		"sndbuf_actual":	16384,
		"rcvbuf_actual":	131072,
		"test_start":	{
			"protocol":	"TCP",
			"num_streams":	1,
			"blksize":	131072,
			"omit":	0,
			"duration":	10,
			"bytes":	0,
			"blocks":	0,
			"reverse":	0,
			"tos":	0
		}
	},
	"intervals":	[{
			"streams":	[{
					"socket":	5,
					"start":	0,
					"end":	10.000395,
					"seconds":	10.000394821166992,
					"bytes":	11362107392,
					"bits_per_second":	9089327047.7287846,
					"retransmits":	1476,
					"snd_cwnd":	1065728,
					"rtt":	377,
					"rttvar":	23,
					"pmtu":	1500,
					"omitted":	false,
					"sender":	true
				}],
			"sum":	{
				"start":	0,
				"end":	10.000395,
				"seconds":	10.000394821166992,
				"bytes":	11362107392,
				"bits_per_second":	9089327047.7287846,
				"retransmits":	1476,
				"omitted":	false,
				"sender":	true
			}
		}],
	"end":	{
		"streams":	[{
				"sender":	{
					"socket":	5,
					"start":	0,
					"end":	10.000395,
					"seconds":	10.000395,
					"bytes":	11362107392,
					"bits_per_second":	9089326885.188036,
					"retransmits":	1476,
					"max_snd_cwnd":	1065728,
					"max_rtt":	377,
					"min_rtt":	377,
					"mean_rtt":	377,
					"sender":	true
				},
				"receiver":	{
					"socket":	5,
					"start":	0,
					"end":	10.001424,
					"seconds":	10.000395,
					"bytes":	11359186736,
					"bits_per_second":	9086055534.49189,
					"sender":	true
				}
			}],
		"sum_sent":	{
			"start":	0,
			"end":	10.000395,
			"seconds":	10.000395,
			"bytes":	11362107392,
			"bits_per_second":	9089326885.188036,
			"retransmits":	1476,
			"sender":	true
		},
		"sum_received":	{
			"start":	0,
			"end":	10.001424,
			"seconds":	10.001424,
			"bytes":	11359186736,
			"bits_per_second":	9086055534.49189,
			"sender":	true
		},
		"cpu_utilization_percent":	{
			"host_total":	42.102087145046433,
			"host_user":	1.1314145876511643,
			"host_system":	40.970682554784943,
			"remote_total":	82.073468966684,
			"remote_user":	0.14963529198199996,
			"remote_system":	81.923833674702024
		},
		"sender_tcp_congestion":	"cubic",
		"receiver_tcp_congestion":	"cubic"
	}
}
