{
	"start":	{
		"connected":	[{
				"socket":	5,
				"local_host":	"10.0.1.1",
				"local_port":	42858,
				"remote_host":	"10.0.0.1",
				"remote_port":	5201
			}],
		"version":	"iperf 3.9+",
		"system_info":	"Linux han-3 5.10.0 #9 SMP PREEMPT Tue Feb 23 15:01:43 PST 2021 x86_64",
		"timestamp":	{
			"time":	"Fri, 19 May 2023 07:09:27 GMT",
			"timesecs":	1684480167
		},
		"connecting_to":	{
			"host":	"10.0.0.1",
			"port":	5201
		},
		"cookie":	"xjjko4vwrbtzefnth5n4tsh7pjvtynfn27a5",
		"tcp_mss_default":	1448,
		"sock_bufsize":	0,
		"sndbuf_actual":	16384,
		"rcvbuf_actual":	131072,
		"test_start":	{
			"protocol":	"TCP",
			"num_streams":	1,
			"blksize":	131072,
			"omit":	0,
			"duration":	90,
			"bytes":	0,
			"blocks":	0,
			"reverse":	0,
			"tos":	0
		}
	},
	"intervals":	[{
			"streams":	[{
					"socket":	5,
					"start":	0,
					"end":	60.00009,
					"seconds":	60.000091552734375,
					"bytes":	62291181568,
					"bits_per_second":	8305478202.5793381,
					"retransmits":	21284,
					"snd_cwnd":	603816,
					"rtt":	349,
					"rttvar":	17,
					"pmtu":	1500,
					"omitted":	false,
					"sender":	true
				}],
			"sum":	{
				"start":	0,
				"end":	60.00009,
				"seconds":	60.000091552734375,
				"bytes":	62291181568,
				"bits_per_second":	8305478202.5793381,
				"retransmits":	21284,
				"omitted":	false,
				"sender":	true
			}
		}, {
			"streams":	[{
					"socket":	5,
					"start":	60.00009,
					"end":	90.000053,
					"seconds":	29.999963760375977,
					"bytes":	30513561600,
					"bits_per_second":	8136959589.3452072,
					"retransmits":	10720,
					"snd_cwnd":	689248,
					"rtt":	817,
					"rttvar":	19,
					"pmtu":	1500,
					"omitted":	false,
					"sender":	true
				}],
			"sum":	{
				"start":	60.00009,
				"end":	90.000053,
				"seconds":	29.999963760375977,
				"bytes":	30513561600,
				"bits_per_second":	8136959589.3452072,
				"retransmits":	10720,
				"omitted":	false,
				"sender":	true
			}
		}],
	"end":	{
		"streams":	[{
				"sender":	{
					"socket":	5,
					"start":	0,
					"end":	90.000053,
					"seconds":	90.000053,
					"bytes":	92804743168,
					"bits_per_second":	8249305645.8977871,
					"retransmits":	32004,
					"max_snd_cwnd":	689248,
					"max_rtt":	817,
					"min_rtt":	349,
					"mean_rtt":	583,
					"sender":	true
				},
				"receiver":	{
					"socket":	5,
					"start":	0,
					"end":	90.000925,
					"seconds":	90.000053,
					"bytes":	92802624096,
					"bits_per_second":	8249037360.0938,
					"sender":	true
				}
			}],
		"sum_sent":	{
			"start":	0,
			"end":	90.000053,
			"seconds":	90.000053,
			"bytes":	92804743168,
			"bits_per_second":	8249305645.8977871,
			"retransmits":	32004,
			"sender":	true
		},
		"sum_received":	{
			"start":	0,
			"end":	90.000925,
			"seconds":	90.000925,
			"bytes":	92802624096,
			"bits_per_second":	8249037360.0938,
			"sender":	true
		},
		"cpu_utilization_percent":	{
			"host_total":	39.083190452781032,
			"host_user":	1.06556013241212,
			"host_system":	38.0176303203689,
			"remote_total":	85.653898486286934,
			"remote_user":	1.1598220541873625,
			"remote_system":	84.494076432099561
		},
		"sender_tcp_congestion":	"cubic",
		"receiver_tcp_congestion":	"cubic"
	}
}
