{
	"start":	{
		"connected":	[{
				"socket":	5,
				"local_host":	"10.0.1.1",
				"local_port":	42848,
				"remote_host":	"10.0.0.1",
				"remote_port":	5201
			}],
		"version":	"iperf 3.9+",
		"system_info":	"Linux han-3 5.10.0 #9 SMP PREEMPT Tue Feb 23 15:01:43 PST 2021 x86_64",
		"timestamp":	{
			"time":	"Fri, 19 May 2023 07:06:27 GMT",
			"timesecs":	1684479987
		},
		"connecting_to":	{
			"host":	"10.0.0.1",
			"port":	5201
		},
		"cookie":	"ge44mowj4q7icirlrwroxdgnftruye2kybas",
		"tcp_mss_default":	1448,
		"sock_bufsize":	0,
		"sndbuf_actual":	16384,
		"rcvbuf_actual":	131072,
		"test_start":	{
			"protocol":	"TCP",
			"num_streams":	1,
			"blksize":	131072,
			"omit":	0,
			"duration":	90,
			"bytes":	0,
			"blocks":	0,
			"reverse":	0,
			"tos":	0
		}
	},
	"intervals":	[{
			"streams":	[{
					"socket":	5,
					"start":	0,
					"end":	60.000235,
					"seconds":	60.000236511230469,
					"bytes":	65064665088,
					"bits_per_second":	8675254481.8148,
					"retransmits":	18174,
					"snd_cwnd":	477840,
					"rtt":	374,
					"rttvar":	41,
					"pmtu":	1500,
					"omitted":	false,
					"sender":	true
				}],
			"sum":	{
				"start":	0,
				"end":	60.000235,
				"seconds":	60.000236511230469,
				"bytes":	65064665088,
				"bits_per_second":	8675254481.8148,
				"retransmits":	18174,
				"omitted":	false,
				"sender":	true
			}
		}, {
			"streams":	[{
					"socket":	5,
					"start":	60.000235,
					"end":	90.000123,
					"seconds":	29.999887466430664,
					"bytes":	31792824320,
					"bits_per_second":	8478118287.76374,
					"retransmits":	10873,
					"snd_cwnd":	845632,
					"rtt":	766,
					"rttvar":	13,
					"pmtu":	1500,
					"omitted":	false,
					"sender":	true
				}],
			"sum":	{
				"start":	60.000235,
				"end":	90.000123,
				"seconds":	29.999887466430664,
				"bytes":	31792824320,
				"bits_per_second":	8478118287.76374,
				"retransmits":	10873,
				"omitted":	false,
				"sender":	true
			}
		}],
	"end":	{
		"streams":	[{
				"sender":	{
					"socket":	5,
					"start":	0,
					"end":	90.000123,
					"seconds":	90.000123,
					"bytes":	96857489408,
					"bits_per_second":	8609542847.66922,
					"retransmits":	29047,
					"max_snd_cwnd":	845632,
					"max_rtt":	766,
					"min_rtt":	374,
					"mean_rtt":	570,
					"sender":	true
				},
				"receiver":	{
					"socket":	5,
					"start":	0,
					"end":	90.000798,
					"seconds":	90.000123,
					"bytes":	96854713984,
					"bits_per_second":	8609231574.50226,
					"sender":	true
				}
			}],
		"sum_sent":	{
			"start":	0,
			"end":	90.000123,
			"seconds":	90.000123,
			"bytes":	96857489408,
			"bits_per_second":	8609542847.66922,
			"retransmits":	29047,
			"sender":	true
		},
		"sum_received":	{
			"start":	0,
			"end":	90.000798,
			"seconds":	90.000798,
			"bytes":	96854713984,
			"bits_per_second":	8609231574.50226,
			"sender":	true
		},
		"cpu_utilization_percent":	{
			"host_total":	47.40769896349957,
			"host_user":	1.0686306889123758,
			"host_system":	46.339066052423618,
			"remote_total":	84.672746196755028,
			"remote_user":	0.972837044464852,
			"remote_system":	83.6999080418318
		},
		"sender_tcp_congestion":	"cubic",
		"receiver_tcp_congestion":	"cubic"
	}
}
