{
	"start":	{
		"connected":	[{
				"socket":	5,
				"local_host":	"10.0.1.1",
				"local_port":	42552,
				"remote_host":	"10.0.0.1",
				"remote_port":	5201
			}],
		"version":	"iperf 3.9+",
		"system_info":	"Linux han-3 5.10.0 #9 SMP PREEMPT Tue Feb 23 15:01:43 PST 2021 x86_64",
		"timestamp":	{
			"time":	"Fri, 19 May 2023 05:48:44 GMT",
			"timesecs":	1684475324
		},
		"connecting_to":	{
			"host":	"10.0.0.1",
			"port":	5201
		},
		"cookie":	"ld6j2nwm6jim4grxpc2hylxdlgijvrr5we36",
		"tcp_mss_default":	1448,
		"sock_bufsize":	0,
		"sndbuf_actual":	16384,
		"rcvbuf_actual":	131072,
		"test_start":	{
			"protocol":	"TCP",
			"num_streams":	1,
			"blksize":	131072,
			"omit":	0,
			"duration":	50,
			"bytes":	0,
			"blocks":	0,
			"reverse":	0,
			"tos":	0
		}
	},
	"intervals":	[{
			"streams":	[{
					"socket":	5,
					"start":	0,
					"end":	50.000147,
					"seconds":	50.000148773193359,
					"bytes":	51588759552,
					"bits_per_second":	8254176968.3146772,
					"retransmits":	16889,
					"snd_cwnd":	748616,
					"rtt":	628,
					"rttvar":	14,
					"pmtu":	1500,
					"omitted":	false,
					"sender":	true
				}],
			"sum":	{
				"start":	0,
				"end":	50.000147,
				"seconds":	50.000148773193359,
				"bytes":	51588759552,
				"bits_per_second":	8254176968.3146772,
				"retransmits":	16889,
				"omitted":	false,
				"sender":	true
			}
		}],
	"end":	{
		"streams":	[{
				"sender":	{
					"socket":	5,
					"start":	0,
					"end":	50.000147,
					"seconds":	50.000147,
					"bytes":	51588759552,
					"bits_per_second":	8254177261.0388527,
					"retransmits":	16889,
					"max_snd_cwnd":	748616,
					"max_rtt":	628,
					"min_rtt":	628,
					"mean_rtt":	628,
					"sender":	true
				},
				"receiver":	{
					"socket":	5,
					"start":	0,
					"end":	50.000669,
					"seconds":	50.000147,
					"bytes":	51586212688,
					"bits_per_second":	8253683595.7934875,
					"sender":	true
				}
			}],
		"sum_sent":	{
			"start":	0,
			"end":	50.000147,
			"seconds":	50.000147,
			"bytes":	51588759552,
			"bits_per_second":	8254177261.0388527,
			"retransmits":	16889,
			"sender":	true
		},
		"sum_received":	{
			"start":	0,
			"end":	50.000669,
			"seconds":	50.000669,
			"bytes":	51586212688,
			"bits_per_second":	8253683595.7934875,
			"sender":	true
		},
		"cpu_utilization_percent":	{
			"host_total":	43.536805213600118,
			"host_user":	0.96163480296387049,
			"host_system":	42.5751724105381,
			"remote_total":	86.0323118570612,
			"remote_user":	1.01310030057797,
			"remote_system":	85.019209558557264
		},
		"sender_tcp_congestion":	"cubic",
		"receiver_tcp_congestion":	"cubic"
	}
}
