{
	"start":	{
		"connected":	[{
				"socket":	5,
				"local_host":	"10.0.1.1",
				"local_port":	42756,
				"remote_host":	"10.0.0.1",
				"remote_port":	5201
			}],
		"version":	"iperf 3.9+",
		"system_info":	"Linux han-3 5.10.0 #9 SMP PREEMPT Tue Feb 23 15:01:43 PST 2021 x86_64",
		"timestamp":	{
			"time":	"Fri, 19 May 2023 06:39:06 GMT",
			"timesecs":	1684478346
		},
		"connecting_to":	{
			"host":	"10.0.0.1",
			"port":	5201
		},
		"cookie":	"efpr37r5gfkdgb73v42ukv2kgtfo7tdznp57",
		"tcp_mss_default":	1448,
		"sock_bufsize":	0,
		"sndbuf_actual":	16384,
		"rcvbuf_actual":	131072,
		"test_start":	{
			"protocol":	"TCP",
			"num_streams":	1,
			"blksize":	131072,
			"omit":	0,
			"duration":	80,
			"bytes":	0,
			"blocks":	0,
			"reverse":	0,
			"tos":	0
		}
	},
	"intervals":	[{
			"streams":	[{
					"socket":	5,
					"start":	0,
					"end":	60.000063,
					"seconds":	60.000064849853516,
					"bytes":	60914401280,
					"bits_per_second":	8121911392.253932,
					"retransmits":	24331,
					"snd_cwnd":	366344,
					"rtt":	364,
					"rttvar":	17,
					"pmtu":	1500,
					"omitted":	false,
					"sender":	true
				}],
			"sum":	{
				"start":	0,
				"end":	60.000063,
				"seconds":	60.000064849853516,
				"bytes":	60914401280,
				"bits_per_second":	8121911392.253932,
				"retransmits":	24331,
				"omitted":	false,
				"sender":	true
			}
		}, {
			"streams":	[{
					"socket":	5,
					"start":	60.000063,
					"end":	80.000414,
					"seconds":	20.000350952148438,
					"bytes":	21274296320,
					"bits_per_second":	8509569205.4202538,
					"retransmits":	5694,
					"snd_cwnd":	624088,
					"rtt":	456,
					"rttvar":	57,
					"pmtu":	1500,
					"omitted":	false,
					"sender":	true
				}],
			"sum":	{
				"start":	60.000063,
				"end":	80.000414,
				"seconds":	20.000350952148438,
				"bytes":	21274296320,
				"bits_per_second":	8509569205.4202538,
				"retransmits":	5694,
				"omitted":	false,
				"sender":	true
			}
		}],
	"end":	{
		"streams":	[{
				"sender":	{
					"socket":	5,
					"start":	0,
					"end":	80.000414,
					"seconds":	80.000414,
					"bytes":	82188697600,
					"bits_per_second":	8218827227.5690966,
					"retransmits":	30025,
					"max_snd_cwnd":	624088,
					"max_rtt":	456,
					"min_rtt":	364,
					"mean_rtt":	410,
					"sender":	true
				},
				"receiver":	{
					"socket":	5,
					"start":	0,
					"end":	80.001821,
					"seconds":	80.000414,
					"bytes":	82185318744,
					"bits_per_second":	8218344804.32639,
					"sender":	true
				}
			}],
		"sum_sent":	{
			"start":	0,
			"end":	80.000414,
			"seconds":	80.000414,
			"bytes":	82188697600,
			"bits_per_second":	8218827227.5690966,
			"retransmits":	30025,
			"sender":	true
		},
		"sum_received":	{
			"start":	0,
			"end":	80.001821,
			"seconds":	80.001821,
			"bytes":	82185318744,
			"bits_per_second":	8218344804.32639,
			"sender":	true
		},
		"cpu_utilization_percent":	{
			"host_total":	40.1458421486802,
			"host_user":	0.948413827543741,
			"host_system":	39.1974270711759,
			"remote_total":	86.604314414106767,
			"remote_user":	1.0398720414271228,
			"remote_system":	85.5644436220018
		},
		"sender_tcp_congestion":	"cubic",
		"receiver_tcp_congestion":	"cubic"
	}
}
