{
	"start":	{
		"connected":	[{
				"socket":	5,
				"local_host":	"10.0.1.1",
				"local_port":	42306,
				"remote_host":	"10.0.0.1",
				"remote_port":	5201
			}],
		"version":	"iperf 3.9+",
		"system_info":	"Linux han-3 5.10.0 #9 SMP PREEMPT Tue Feb 23 15:01:43 PST 2021 x86_64",
		"timestamp":	{
			"time":	"Fri, 19 May 2023 05:10:21 GMT",
			"timesecs":	1684473021
		},
		"connecting_to":	{
			"host":	"10.0.0.1",
			"port":	5201
		},
		"cookie":	"b3avfdllmetui2ssvkow5t5lcqi6pjytecer",
		"tcp_mss_default":	1448,
		"sock_bufsize":	0,
		"sndbuf_actual":	16384,
		"rcvbuf_actual":	131072,
		"test_start":	{
			"protocol":	"TCP",
			"num_streams":	1,
			"blksize":	131072,
			"omit":	0,
			"duration":	30,
			"bytes":	0,
			"blocks":	0,
			"reverse":	0,
			"tos":	0
		}
	},
	"intervals":	[{
			"streams":	[{
					"socket":	5,
					"start":	0,
					"end":	30.00011,
					"seconds":	30.0001106262207,
					"bytes":	32669171712,
					"bits_per_second":	8711746998.27846,
					"retransmits":	7329,
					"snd_cwnd":	486528,
					"rtt":	438,
					"rttvar":	37,
					"pmtu":	1500,
					"omitted":	false,
					"sender":	true
				}],
			"sum":	{
				"start":	0,
				"end":	30.00011,
				"seconds":	30.0001106262207,
				"bytes":	32669171712,
				"bits_per_second":	8711746998.27846,
				"retransmits":	7329,
				"omitted":	false,
				"sender":	true
			}
		}],
	"end":	{
		"streams":	[{
				"sender":	{
					"socket":	5,
					"start":	0,
					"end":	30.00011,
					"seconds":	30.00011,
					"bytes":	32669171712,
					"bits_per_second":	8711747180.1270065,
					"retransmits":	7329,
					"max_snd_cwnd":	486528,
					"max_rtt":	438,
					"min_rtt":	438,
					"mean_rtt":	438,
					"sender":	true
				},
				"receiver":	{
					"socket":	5,
					"start":	0,
					"end":	30.00053,
					"seconds":	30.00011,
					"bytes":	32666080608,
					"bits_per_second":	8710800937.98343,
					"sender":	true
				}
			}],
		"sum_sent":	{
			"start":	0,
			"end":	30.00011,
			"seconds":	30.00011,
			"bytes":	32669171712,
			"bits_per_second":	8711747180.1270065,
			"retransmits":	7329,
			"sender":	true
		},
		"sum_received":	{
			"start":	0,
			"end":	30.00053,
			"seconds":	30.00053,
			"bytes":	32666080608,
			"bits_per_second":	8710800937.98343,
			"sender":	true
		},
		"cpu_utilization_percent":	{
			"host_total":	41.66511372452765,
			"host_user":	1.1496593698773534,
			"host_system":	40.5154543546503,
			"remote_total":	83.382217477423751,
			"remote_user":	0.412765297537911,
			"remote_system":	82.9694155733515
		},
		"sender_tcp_congestion":	"cubic",
		"receiver_tcp_congestion":	"cubic"
	}
}
