{
	"start":	{
		"connected":	[{
				"socket":	5,
				"local_host":	"10.0.1.1",
				"local_port":	42780,
				"remote_host":	"10.0.0.1",
				"remote_port":	5201
			}],
		"version":	"iperf 3.9+",
		"system_info":	"Linux han-3 5.10.0 #9 SMP PREEMPT Tue Feb 23 15:01:43 PST 2021 x86_64",
		"timestamp":	{
			"time":	"Fri, 19 May 2023 06:45:46 GMT",
			"timesecs":	1684478746
		},
		"connecting_to":	{
			"host":	"10.0.0.1",
			"port":	5201
		},
		"cookie":	"edgxrd76ngqlabscb77sdc4fuh5przytnaxw",
		"tcp_mss_default":	1448,
		"sock_bufsize":	0,
		"sndbuf_actual":	16384,
		"rcvbuf_actual":	131072,
		"test_start":	{
			"protocol":	"TCP",
			"num_streams":	1,
			"blksize":	131072,
			"omit":	0,
			"duration":	80,
			"bytes":	0,
			"blocks":	0,
			"reverse":	0,
			"tos":	0
		}
	},
	"intervals":	[{
			"streams":	[{
					"socket":	5,
					"start":	0,
					"end":	60.000494,
					"seconds":	60.000492095947266,
					"bytes":	61683007488,
					"bits_per_second":	8224333545.71322,
					"retransmits":	17800,
					"snd_cwnd":	451776,
					"rtt":	343,
					"rttvar":	15,
					"pmtu":	1500,
					"omitted":	false,
					"sender":	true
				}],
			"sum":	{
				"start":	0,
				"end":	60.000494,
				"seconds":	60.000492095947266,
				"bytes":	61683007488,
				"bits_per_second":	8224333545.71322,
				"retransmits":	17800,
				"omitted":	false,
				"sender":	true
			}
		}, {
			"streams":	[{
					"socket":	5,
					"start":	60.000494,
					"end":	80.00008,
					"seconds":	19.99958610534668,
					"bytes":	19684392960,
					"bits_per_second":	7873920132.67218,
					"retransmits":	9353,
					"snd_cwnd":	480736,
					"rtt":	1057,
					"rttvar":	26,
					"pmtu":	1500,
					"omitted":	false,
					"sender":	true
				}],
			"sum":	{
				"start":	60.000494,
				"end":	80.00008,
				"seconds":	19.99958610534668,
				"bytes":	19684392960,
				"bits_per_second":	7873920132.67218,
				"retransmits":	9353,
				"omitted":	false,
				"sender":	true
			}
		}],
	"end":	{
		"streams":	[{
				"sender":	{
					"socket":	5,
					"start":	0,
					"end":	80.00008,
					"seconds":	80.00008,
					"bytes":	81367400448,
					"bits_per_second":	8136731908.0680923,
					"retransmits":	27153,
					"max_snd_cwnd":	480736,
					"max_rtt":	1057,
					"min_rtt":	343,
					"mean_rtt":	700,
					"sender":	true
				},
				"receiver":	{
					"socket":	5,
					"start":	0,
					"end":	80.000247,
					"seconds":	80.00008,
					"bytes":	81364030288,
					"bits_per_second":	8136377907.73321,
					"sender":	true
				}
			}],
		"sum_sent":	{
			"start":	0,
			"end":	80.00008,
			"seconds":	80.00008,
			"bytes":	81367400448,
			"bits_per_second":	8136731908.0680923,
			"retransmits":	27153,
			"sender":	true
		},
		"sum_received":	{
			"start":	0,
			"end":	80.000247,
			"seconds":	80.000247,
			"bytes":	81364030288,
			"bits_per_second":	8136377907.73321,
			"sender":	true
		},
		"cpu_utilization_percent":	{
			"host_total":	39.647651297811933,
			"host_user":	0.99235663000136354,
			"host_system":	38.655294667810573,
			"remote_total":	85.547930188324642,
			"remote_user":	1.2168894043032836,
			"remote_system":	84.331032038490434
		},
		"sender_tcp_congestion":	"cubic",
		"receiver_tcp_congestion":	"cubic"
	}
}
