{
	"start":	{
		"connected":	[{
				"socket":	5,
				"local_host":	"10.0.1.1",
				"local_port":	42880,
				"remote_host":	"10.0.0.1",
				"remote_port":	5201
			}],
		"version":	"iperf 3.9+",
		"system_info":	"Linux han-3 5.10.0 #9 SMP PREEMPT Tue Feb 23 15:01:43 PST 2021 x86_64",
		"timestamp":	{
			"time":	"Fri, 19 May 2023 07:16:57 GMT",
			"timesecs":	1684480617
		},
		"connecting_to":	{
			"host":	"10.0.0.1",
			"port":	5201
		},
		"cookie":	"uzausddpoxnxmgsdkpn3fx7crezgwn4ddooc",
		"tcp_mss_default":	1448,
		"sock_bufsize":	0,
		"sndbuf_actual":	16384,
		"rcvbuf_actual":	131072,
		"test_start":	{
			"protocol":	"TCP",
			"num_streams":	1,
			"blksize":	131072,
			"omit":	0,
			"duration":	90,
			"bytes":	0,
			"blocks":	0,
			"reverse":	0,
			"tos":	0
		}
	},
	"intervals":	[{
			"streams":	[{
					"socket":	5,
					"start":	0,
					"end":	60.000068,
					"seconds":	60.000068664550781,
					"bytes":	63966543872,
					"bits_per_second":	8528862755.7578363,
					"retransmits":	17891,
					"snd_cwnd":	427160,
					"rtt":	406,
					"rttvar":	9,
					"pmtu":	1500,
					"omitted":	false,
					"sender":	true
				}],
			"sum":	{
				"start":	0,
				"end":	60.000068,
				"seconds":	60.000068664550781,
				"bytes":	63966543872,
				"bits_per_second":	8528862755.7578363,
				"retransmits":	17891,
				"omitted":	false,
				"sender":	true
			}
		}, {
			"streams":	[{
					"socket":	5,
					"start":	60.000068,
					"end":	90.000089,
					"seconds":	30.000020980834961,
					"bytes":	32976404480,
					"bits_per_second":	8793701711.35986,
					"retransmits":	7554,
					"snd_cwnd":	573408,
					"rtt":	176,
					"rttvar":	14,
					"pmtu":	1500,
					"omitted":	false,
					"sender":	true
				}],
			"sum":	{
				"start":	60.000068,
				"end":	90.000089,
				"seconds":	30.000020980834961,
				"bytes":	32976404480,
				"bits_per_second":	8793701711.35986,
				"retransmits":	7554,
				"omitted":	false,
				"sender":	true
			}
		}],
	"end":	{
		"streams":	[{
				"sender":	{
					"socket":	5,
					"start":	0,
					"end":	90.000089,
					"seconds":	90.000089,
					"bytes":	96942948352,
					"bits_per_second":	8617142443.2258053,
					"retransmits":	25445,
					"max_snd_cwnd":	573408,
					"max_rtt":	406,
					"min_rtt":	176,
					"mean_rtt":	291,
					"sender":	true
				},
				"receiver":	{
					"socket":	5,
					"start":	0,
					"end":	90.000731,
					"seconds":	90.000089,
					"bytes":	96940342424,
					"bits_per_second":	8616849338.6125946,
					"sender":	true
				}
			}],
		"sum_sent":	{
			"start":	0,
			"end":	90.000089,
			"seconds":	90.000089,
			"bytes":	96942948352,
			"bits_per_second":	8617142443.2258053,
			"retransmits":	25445,
			"sender":	true
		},
		"sum_received":	{
			"start":	0,
			"end":	90.000731,
			"seconds":	90.000731,
			"bytes":	96940342424,
			"bits_per_second":	8616849338.6125946,
			"sender":	true
		},
		"cpu_utilization_percent":	{
			"host_total":	41.931765651609552,
			"host_user":	1.0163692993486557,
			"host_system":	40.9153974633433,
			"remote_total":	84.123927421499076,
			"remote_user":	1.189179857857531,
			"remote_system":	82.9347486742285
		},
		"sender_tcp_congestion":	"cubic",
		"receiver_tcp_congestion":	"cubic"
	}
}
