{
	"start":	{
		"connected":	[{
				"socket":	5,
				"local_host":	"10.0.1.1",
				"local_port":	42922,
				"remote_host":	"10.0.0.1",
				"remote_port":	5201
			}],
		"version":	"iperf 3.9+",
		"system_info":	"Linux han-3 5.10.0 #9 SMP PREEMPT Tue Feb 23 15:01:43 PST 2021 x86_64",
		"timestamp":	{
			"time":	"Fri, 19 May 2023 07:30:28 GMT",
			"timesecs":	1684481428
		},
		"connecting_to":	{
			"host":	"10.0.0.1",
			"port":	5201
		},
		"cookie":	"gngsjasute3so3fkqxzeamq74cmxkvvnhlmn",
		"tcp_mss_default":	1448,
		"sock_bufsize":	0,
		"sndbuf_actual":	16384,
		"rcvbuf_actual":	131072,
		"test_start":	{
			"protocol":	"TCP",
			"num_streams":	1,
			"blksize":	131072,
			"omit":	0,
			"duration":	100,
			"bytes":	0,
			"blocks":	0,
			"reverse":	0,
			"tos":	0
		}
	},
	"intervals":	[{
			"streams":	[{
					"socket":	5,
					"start":	0,
					"end":	60.000213,
					"seconds":	60.000213623046875,
					"bytes":	67461840896,
					"bits_per_second":	8994880094.2384663,
					"retransmits":	13856,
					"snd_cwnd":	635672,
					"rtt":	235,
					"rttvar":	11,
					"pmtu":	1500,
					"omitted":	false,
					"sender":	true
				}],
			"sum":	{
				"start":	0,
				"end":	60.000213,
				"seconds":	60.000213623046875,
				"bytes":	67461840896,
				"bits_per_second":	8994880094.2384663,
				"retransmits":	13856,
				"omitted":	false,
				"sender":	true
			}
		}, {
			"streams":	[{
					"socket":	5,
					"start":	60.000213,
					"end":	100.000039,
					"seconds":	39.999824523925781,
					"bytes":	45272268800,
					"bits_per_second":	9054493481.1742535,
					"retransmits":	8335,
					"snd_cwnd":	664632,
					"rtt":	312,
					"rttvar":	22,
					"pmtu":	1500,
					"omitted":	false,
					"sender":	true
				}],
			"sum":	{
				"start":	60.000213,
				"end":	100.000039,
				"seconds":	39.999824523925781,
				"bytes":	45272268800,
				"bits_per_second":	9054493481.1742535,
				"retransmits":	8335,
				"omitted":	false,
				"sender":	true
			}
		}],
	"end":	{
		"streams":	[{
				"sender":	{
					"socket":	5,
					"start":	0,
					"end":	100.000039,
					"seconds":	100.000039,
					"bytes":	112734109696,
					"bits_per_second":	9018725258.37715,
					"retransmits":	22191,
					"max_snd_cwnd":	664632,
					"max_rtt":	312,
					"min_rtt":	235,
					"mean_rtt":	273,
					"sender":	true
				},
				"receiver":	{
					"socket":	5,
					"start":	0,
					"end":	100.000875,
					"seconds":	100.000039,
					"bytes":	112730935448,
					"bits_per_second":	9018395924.87566,
					"sender":	true
				}
			}],
		"sum_sent":	{
			"start":	0,
			"end":	100.000039,
			"seconds":	100.000039,
			"bytes":	112734109696,
			"bits_per_second":	9018725258.37715,
			"retransmits":	22191,
			"sender":	true
		},
		"sum_received":	{
			"start":	0,
			"end":	100.000875,
			"seconds":	100.000875,
			"bytes":	112730935448,
			"bits_per_second":	9018395924.87566,
			"sender":	true
		},
		"cpu_utilization_percent":	{
			"host_total":	43.146857402714978,
			"host_user":	1.07833016666118,
			"host_system":	42.068528236034481,
			"remote_total":	82.0607056718558,
			"remote_user":	1.2567623378451587,
			"remote_system":	80.803932338522173
		},
		"sender_tcp_congestion":	"cubic",
		"receiver_tcp_congestion":	"cubic"
	}
}
