{
	"start":	{
		"connected":	[{
				"socket":	5,
				"local_host":	"10.0.1.1",
				"local_port":	42820,
				"remote_host":	"10.0.0.1",
				"remote_port":	5201
			}],
		"version":	"iperf 3.9+",
		"system_info":	"Linux han-3 5.10.0 #9 SMP PREEMPT Tue Feb 23 15:01:43 PST 2021 x86_64",
		"timestamp":	{
			"time":	"Fri, 19 May 2023 06:57:47 GMT",
			"timesecs":	1684479467
		},
		"connecting_to":	{
			"host":	"10.0.0.1",
			"port":	5201
		},
		"cookie":	"q5stznpx762w7ji6nxfl4risksndfrisw7oa",
		"tcp_mss_default":	1448,
		"sock_bufsize":	0,
		"sndbuf_actual":	16384,
		"rcvbuf_actual":	131072,
		"test_start":	{
			"protocol":	"TCP",
			"num_streams":	1,
			"blksize":	131072,
			"omit":	0,
			"duration":	80,
			"bytes":	0,
			"blocks":	0,
			"reverse":	0,
			"tos":	0
		}
	},
	"intervals":	[{
			"streams":	[{
					"socket":	5,
					"start":	0,
					"end":	60.000103,
					"seconds":	60.000102996826172,
					"bytes":	61668327424,
					"bits_per_second":	8222429541.7975626,
					"retransmits":	25056,
					"snd_cwnd":	486528,
					"rtt":	257,
					"rttvar":	13,
					"pmtu":	1500,
					"omitted":	false,
					"sender":	true
				}],
			"sum":	{
				"start":	0,
				"end":	60.000103,
				"seconds":	60.000102996826172,
				"bytes":	61668327424,
				"bits_per_second":	8222429541.7975626,
				"retransmits":	25056,
				"omitted":	false,
				"sender":	true
			}
		}, {
			"streams":	[{
					"socket":	5,
					"start":	60.000103,
					"end":	80.00048,
					"seconds":	20.0003776550293,
					"bytes":	20569128960,
					"bits_per_second":	8227496226.2335825,
					"retransmits":	9174,
					"snd_cwnd":	561824,
					"rtt":	518,
					"rttvar":	50,
					"pmtu":	1500,
					"omitted":	false,
					"sender":	true
				}],
			"sum":	{
				"start":	60.000103,
				"end":	80.00048,
				"seconds":	20.0003776550293,
				"bytes":	20569128960,
				"bits_per_second":	8227496226.2335825,
				"retransmits":	9174,
				"omitted":	false,
				"sender":	true
			}
		}],
	"end":	{
		"streams":	[{
				"sender":	{
					"socket":	5,
					"start":	0,
					"end":	80.00048,
					"seconds":	80.00048,
					"bytes":	82237456384,
					"bits_per_second":	8223696296.2222233,
					"retransmits":	34230,
					"max_snd_cwnd":	561824,
					"max_rtt":	518,
					"min_rtt":	257,
					"mean_rtt":	387,
					"sender":	true
				},
				"receiver":	{
					"socket":	5,
					"start":	0,
					"end":	80.00173,
					"seconds":	80.00048,
					"bytes":	82233838168,
					"bits_per_second":	8223205989.9704676,
					"sender":	true
				}
			}],
		"sum_sent":	{
			"start":	0,
			"end":	80.00048,
			"seconds":	80.00048,
			"bytes":	82237456384,
			"bits_per_second":	8223696296.2222233,
			"retransmits":	34230,
			"sender":	true
		},
		"sum_received":	{
			"start":	0,
			"end":	80.00173,
			"seconds":	80.00173,
			"bytes":	82233838168,
			"bits_per_second":	8223205989.9704676,
			"sender":	true
		},
		"cpu_utilization_percent":	{
			"host_total":	45.228273483892863,
			"host_user":	0.959706156066016,
			"host_system":	44.268566077861159,
			"remote_total":	87.0849452683316,
			"remote_user":	0.94451728897101661,
			"remote_system":	86.140430477839
		},
		"sender_tcp_congestion":	"cubic",
		"receiver_tcp_congestion":	"cubic"
	}
}
