{
	"start":	{
		"connected":	[{
				"socket":	5,
				"local_host":	"10.0.1.1",
				"local_port":	38642,
				"remote_host":	"10.0.0.1",
				"remote_port":	5201
			}],
		"version":	"iperf 3.9+",
		"system_info":	"Linux han-3 5.10.0 #9 SMP PREEMPT Tue Feb 23 15:01:43 PST 2021 x86_64",
		"timestamp":	{
			"time":	"Fri, 26 May 2023 00:15:33 GMT",
			"timesecs":	1685060133
		},
		"connecting_to":	{
			"host":	"10.0.0.1",
			"port":	5201
		},
		"cookie":	"vjy3p3rzd6gaevnqepmq3w4xn2vh3hahvnr4",
		"tcp_mss_default":	8948,
		"target_bitrate":	6000000000,
		"sock_bufsize":	0,
		"sndbuf_actual":	16384,
		"rcvbuf_actual":	131072,
		"test_start":	{
			"protocol":	"TCP",
			"num_streams":	1,
			"blksize":	131072,
			"omit":	0,
			"duration":	40,
			"bytes":	0,
			"blocks":	0,
			"reverse":	0,
			"tos":	0
		}
	},
	"intervals":	[{
			"streams":	[{
					"socket":	5,
					"start":	0,
					"end":	40.000216,
					"seconds":	40.000217437744141,
					"bytes":	29999366144,
					"bits_per_second":	5999840614.0047922,
					"retransmits":	13,
					"snd_cwnd":	1046916,
					"rtt":	527,
					"rttvar":	13,
					"pmtu":	9000,
					"omitted":	false,
					"sender":	true
				}],
			"sum":	{
				"start":	0,
				"end":	40.000216,
				"seconds":	40.000217437744141,
				"bytes":	29999366144,
				"bits_per_second":	5999840614.0047922,
				"retransmits":	13,
				"omitted":	false,
				"sender":	true
			}
		}],
	"end":	{
		"streams":	[{
				"sender":	{
					"socket":	5,
					"start":	0,
					"end":	40.000216,
					"seconds":	40.000216,
					"bytes":	29999366144,
					"bits_per_second":	5999840829.65952,
					"retransmits":	13,
					"max_snd_cwnd":	1046916,
					"max_rtt":	527,
					"min_rtt":	527,
					"mean_rtt":	527,
					"sender":	true
				},
				"receiver":	{
					"socket":	5,
					"start":	0,
					"end":	40.000428,
					"seconds":	40.000216,
					"bytes":	29999366144,
					"bits_per_second":	5999809030.84337,
					"sender":	true
				}
			}],
		"sum_sent":	{
			"start":	0,
			"end":	40.000216,
			"seconds":	40.000216,
			"bytes":	29999366144,
			"bits_per_second":	5999840829.65952,
			"retransmits":	13,
			"sender":	true
		},
		"sum_received":	{
			"start":	0,
			"end":	40.000428,
			"seconds":	40.000428,
			"bytes":	29999366144,
			"bits_per_second":	5999809030.84337,
			"sender":	true
		},
		"cpu_utilization_percent":	{
			"host_total":	25.878381770064735,
			"host_user":	0.84625371702474839,
			"host_system":	25.032128053039987,
			"remote_total":	48.3690518600941,
			"remote_user":	4.5847440273557254,
			"remote_system":	43.7843103290449
		},
		"sender_tcp_congestion":	"cubic",
		"receiver_tcp_congestion":	"reno"
	}
}
