{
	"start":	{
		"connected":	[{
				"socket":	5,
				"local_host":	"10.0.1.1",
				"local_port":	38558,
				"remote_host":	"10.0.0.1",
				"remote_port":	5201
			}],
		"version":	"iperf 3.9+",
		"system_info":	"Linux han-3 5.10.0 #9 SMP PREEMPT Tue Feb 23 15:01:43 PST 2021 x86_64",
		"timestamp":	{
			"time":	"Fri, 26 May 2023 00:05:12 GMT",
			"timesecs":	1685059512
		},
		"connecting_to":	{
			"host":	"10.0.0.1",
			"port":	5201
		},
		"cookie":	"dfnbxkwpi2dizmkevko6xaryce7ooke3yqvw",
		"tcp_mss_default":	8948,
		"target_bitrate":	6000000000,
		"sock_bufsize":	0,
		"sndbuf_actual":	16384,
		"rcvbuf_actual":	131072,
		"test_start":	{
			"protocol":	"TCP",
			"num_streams":	1,
			"blksize":	131072,
			"omit":	0,
			"duration":	20,
			"bytes":	0,
			"blocks":	0,
			"reverse":	0,
			"tos":	0
		}
	},
	"intervals":	[{
			"streams":	[{
					"socket":	5,
					"start":	0,
					"end":	20.000072,
					"seconds":	20.000072479248047,
					"bytes":	14999486464,
					"bits_per_second":	5999772842.6487961,
					"retransmits":	35,
					"snd_cwnd":	939540,
					"rtt":	687,
					"rttvar":	60,
					"pmtu":	9000,
					"omitted":	false,
					"sender":	true
				}],
			"sum":	{
				"start":	0,
				"end":	20.000072,
				"seconds":	20.000072479248047,
				"bytes":	14999486464,
				"bits_per_second":	5999772842.6487961,
				"retransmits":	35,
				"omitted":	false,
				"sender":	true
			}
		}],
	"end":	{
		"streams":	[{
				"sender":	{
					"socket":	5,
					"start":	0,
					"end":	20.000072,
					"seconds":	20.000072,
					"bytes":	14999486464,
					"bits_per_second":	5999772986.41725,
					"retransmits":	35,
					"max_snd_cwnd":	939540,
					"max_rtt":	687,
					"min_rtt":	687,
					"mean_rtt":	687,
					"sender":	true
				},
				"receiver":	{
					"socket":	5,
					"start":	0,
					"end":	20.00017,
					"seconds":	20.000072,
					"bytes":	14999486464,
					"bits_per_second":	5999743587.7795038,
					"sender":	true
				}
			}],
		"sum_sent":	{
			"start":	0,
			"end":	20.000072,
			"seconds":	20.000072,
			"bytes":	14999486464,
			"bits_per_second":	5999772986.41725,
			"retransmits":	35,
			"sender":	true
		},
		"sum_received":	{
			"start":	0,
			"end":	20.00017,
			"seconds":	20.00017,
			"bytes":	14999486464,
			"bits_per_second":	5999743587.7795038,
			"sender":	true
		},
		"cpu_utilization_percent":	{
			"host_total":	25.614998023739329,
			"host_user":	0,
			"host_system":	25.614998023739329,
			"remote_total":	40.407758223209257,
			"remote_user":	7.71915528731176,
			"remote_system":	32.688597950200467
		},
		"sender_tcp_congestion":	"cubic",
		"receiver_tcp_congestion":	"reno"
	}
}
