{
	"start":	{
		"connected":	[{
				"socket":	5,
				"local_host":	"10.0.1.1",
				"local_port":	37598,
				"remote_host":	"10.0.0.1",
				"remote_port":	5201
			}],
		"version":	"iperf 3.9+",
		"system_info":	"Linux han-3 5.10.0 #9 SMP PREEMPT Tue Feb 23 15:01:43 PST 2021 x86_64",
		"timestamp":	{
			"time":	"Thu, 25 May 2023 20:51:19 GMT",
			"timesecs":	1685047879
		},
		"connecting_to":	{
			"host":	"10.0.0.1",
			"port":	5201
		},
		"cookie":	"gxqs2o2v7fq6t2kxglaeecryswtqd6vxaoim",
		"tcp_mss_default":	8948,
		"target_bitrate":	3000000000,
		"sock_bufsize":	0,
		"sndbuf_actual":	16384,
		"rcvbuf_actual":	131072,
		"test_start":	{
			"protocol":	"TCP",
			"num_streams":	1,
			"blksize":	131072,
			"omit":	0,
			"duration":	100,
			"bytes":	0,
			"blocks":	0,
			"reverse":	0,
			"tos":	0
		}
	},
	"intervals":	[{
			"streams":	[{
					"socket":	5,
					"start":	0,
					"end":	60.000062,
					"seconds":	60.00006103515625,
					"bytes":	22499688448,
					"bits_per_second":	2999955408.0208821,
					"retransmits":	5,
					"snd_cwnd":	545828,
					"rtt":	299,
					"rttvar":	7,
					"pmtu":	9000,
					"omitted":	false,
					"sender":	true
				}],
			"sum":	{
				"start":	0,
				"end":	60.000062,
				"seconds":	60.00006103515625,
				"bytes":	22499688448,
				"bits_per_second":	2999955408.0208821,
				"retransmits":	5,
				"omitted":	false,
				"sender":	true
			}
		}, {
			"streams":	[{
					"socket":	5,
					"start":	60.000062,
					"end":	100.000087,
					"seconds":	40.000026702880859,
					"bytes":	15000010752,
					"bits_per_second":	3000000147.6838369,
					"retransmits":	0,
					"snd_cwnd":	545828,
					"rtt":	346,
					"rttvar":	71,
					"pmtu":	9000,
					"omitted":	false,
					"sender":	true
				}],
			"sum":	{
				"start":	60.000062,
				"end":	100.000087,
				"seconds":	40.000026702880859,
				"bytes":	15000010752,
				"bits_per_second":	3000000147.6838369,
				"retransmits":	0,
				"omitted":	false,
				"sender":	true
			}
		}],
	"end":	{
		"streams":	[{
				"sender":	{
					"socket":	5,
					"start":	0,
					"end":	100.000087,
					"seconds":	100.000087,
					"bytes":	37499699200,
					"bits_per_second":	2999973326.0232067,
					"retransmits":	5,
					"max_snd_cwnd":	545828,
					"max_rtt":	346,
					"min_rtt":	299,
					"mean_rtt":	322,
					"sender":	true
				},
				"receiver":	{
					"socket":	5,
					"start":	0,
					"end":	100.000219,
					"seconds":	100.000087,
					"bytes":	37499699200,
					"bits_per_second":	2999969366.0670881,
					"sender":	true
				}
			}],
		"sum_sent":	{
			"start":	0,
			"end":	100.000087,
			"seconds":	100.000087,
			"bytes":	37499699200,
			"bits_per_second":	2999973326.0232067,
			"retransmits":	5,
			"sender":	true
		},
		"sum_received":	{
			"start":	0,
			"end":	100.000219,
			"seconds":	100.000219,
			"bytes":	37499699200,
			"bits_per_second":	2999969366.0670881,
			"sender":	true
		},
		"cpu_utilization_percent":	{
			"host_total":	12.818223878033946,
			"host_user":	3.2049674591677513,
			"host_system":	9.6132584188159349,
			"remote_total":	35.923655593435221,
			"remote_user":	1.2698697598128907,
			"remote_system":	34.65378683310346
		},
		"sender_tcp_congestion":	"cubic",
		"receiver_tcp_congestion":	"reno"
	}
}
