{
	"start":	{
		"connected":	[{
				"socket":	5,
				"local_host":	"10.0.1.1",
				"local_port":	52106,
				"remote_host":	"10.0.0.1",
				"remote_port":	5201
			}],
		"version":	"iperf 3.9+",
		"system_info":	"Linux han-3 5.10.0 #9 SMP PREEMPT Tue Feb 23 15:01:43 PST 2021 x86_64",
		"timestamp":	{
			"time":	"Mon, 22 May 2023 21:59:36 GMT",
			"timesecs":	1684792776
		},
		"connecting_to":	{
			"host":	"10.0.0.1",
			"port":	5201
		},
		"cookie":	"tdhrjwiqqr7fhldokthuewjzcrybnpcysaze",
		"tcp_mss_default":	8948,
		"target_bitrate":	1000000000,
		"sock_bufsize":	0,
		"sndbuf_actual":	16384,
		"rcvbuf_actual":	131072,
		"test_start":	{
			"protocol":	"TCP",
			"num_streams":	1,
			"blksize":	131072,
			"omit":	0,
			"duration":	100,
			"bytes":	0,
			"blocks":	0,
			"reverse":	0,
			"tos":	0
		}
	},
	"intervals":	[{
			"streams":	[{
					"socket":	5,
					"start":	0,
					"end":	60.000071,
					"seconds":	60.000072479248047,
					"bytes":	7499939840,
					"bits_per_second":	999990770.690348,
					"retransmits":	7,
					"snd_cwnd":	268440,
					"rtt":	213,
					"rttvar":	17,
					"pmtu":	9000,
					"omitted":	false,
					"sender":	true
				}],
			"sum":	{
				"start":	0,
				"end":	60.000071,
				"seconds":	60.000072479248047,
				"bytes":	7499939840,
				"bits_per_second":	999990770.690348,
				"retransmits":	7,
				"omitted":	false,
				"sender":	true
			}
		}, {
			"streams":	[{
					"socket":	5,
					"start":	60.000071,
					"end":	100.000088,
					"seconds":	40.000015258789062,
					"bytes":	5000003584,
					"bits_per_second":	1000000335.3301455,
					"retransmits":	0,
					"snd_cwnd":	268440,
					"rtt":	202,
					"rttvar":	11,
					"pmtu":	9000,
					"omitted":	false,
					"sender":	true
				}],
			"sum":	{
				"start":	60.000071,
				"end":	100.000088,
				"seconds":	40.000015258789062,
				"bytes":	5000003584,
				"bits_per_second":	1000000335.3301455,
				"retransmits":	0,
				"omitted":	false,
				"sender":	true
			}
		}],
	"end":	{
		"streams":	[{
				"sender":	{
					"socket":	5,
					"start":	0,
					"end":	100.000088,
					"seconds":	100.000088,
					"bytes":	12499943424,
					"bits_per_second":	999994593.92475724,
					"retransmits":	7,
					"max_snd_cwnd":	268440,
					"max_rtt":	213,
					"min_rtt":	202,
					"mean_rtt":	207,
					"sender":	true
				},
				"receiver":	{
					"socket":	5,
					"start":	0,
					"end":	100.000247,
					"seconds":	100.000088,
					"bytes":	12499943424,
					"bits_per_second":	999993003.9372803,
					"sender":	true
				}
			}],
		"sum_sent":	{
			"start":	0,
			"end":	100.000088,
			"seconds":	100.000088,
			"bytes":	12499943424,
			"bits_per_second":	999994593.92475724,
			"retransmits":	7,
			"sender":	true
		},
		"sum_received":	{
			"start":	0,
			"end":	100.000247,
			"seconds":	100.000247,
			"bytes":	12499943424,
			"bits_per_second":	999993003.9372803,
			"sender":	true
		},
		"cpu_utilization_percent":	{
			"host_total":	7.9679768878853379,
			"host_user":	3.1866395676826267,
			"host_system":	4.7813393201572527,
			"remote_total":	14.071973818369379,
			"remote_user":	0.71035796054515465,
			"remote_system":	13.361615857824225
		},
		"sender_tcp_congestion":	"cubic",
		"receiver_tcp_congestion":	"reno"
	}
}
