{
	"start":	{
		"connected":	[{
				"socket":	5,
				"local_host":	"10.0.1.1",
				"local_port":	32984,
				"remote_host":	"10.0.0.1",
				"remote_port":	5201
			}],
		"version":	"iperf 3.9+",
		"system_info":	"Linux han-3 5.10.0 #9 SMP PREEMPT Tue Feb 23 15:01:43 PST 2021 x86_64",
		"timestamp":	{
			"time":	"Thu, 25 May 2023 07:22:54 GMT",
			"timesecs":	1684999374
		},
		"connecting_to":	{
			"host":	"10.0.0.1",
			"port":	5201
		},
		"cookie":	"owpbvale7t4b4m6b7wml73jxnplelihszj4b",
		"tcp_mss_default":	8948,
		"target_bitrate":	5000000000,
		"sock_bufsize":	0,
		"sndbuf_actual":	16384,
		"rcvbuf_actual":	131072,
		"test_start":	{
			"protocol":	"TCP",
			"num_streams":	1,
			"blksize":	131072,
			"omit":	0,
			"duration":	40,
			"bytes":	0,
			"blocks":	0,
			"reverse":	0,
			"tos":	0
		}
	},
	"intervals":	[{
			"streams":	[{
					"socket":	5,
					"start":	0,
					"end":	40.000086,
					"seconds":	40.0000877380371,
					"bytes":	24999493632,
					"bits_per_second":	4999887759.3915558,
					"retransmits":	16,
					"snd_cwnd":	814268,
					"rtt":	396,
					"rttvar":	19,
					"pmtu":	9000,
					"omitted":	false,
					"sender":	true
				}],
			"sum":	{
				"start":	0,
				"end":	40.000086,
				"seconds":	40.0000877380371,
				"bytes":	24999493632,
				"bits_per_second":	4999887759.3915558,
				"retransmits":	16,
				"omitted":	false,
				"sender":	true
			}
		}],
	"end":	{
		"streams":	[{
				"sender":	{
					"socket":	5,
					"start":	0,
					"end":	40.000086,
					"seconds":	40.000086,
					"bytes":	24999493632,
					"bits_per_second":	4999887976.64085,
					"retransmits":	16,
					"max_snd_cwnd":	814268,
					"max_rtt":	396,
					"min_rtt":	396,
					"mean_rtt":	396,
					"sender":	true
				},
				"receiver":	{
					"socket":	5,
					"start":	0,
					"end":	40.000176,
					"seconds":	40.000086,
					"bytes":	24999493632,
					"bits_per_second":	4999876726.9424,
					"sender":	true
				}
			}],
		"sum_sent":	{
			"start":	0,
			"end":	40.000086,
			"seconds":	40.000086,
			"bytes":	24999493632,
			"bits_per_second":	4999887976.64085,
			"retransmits":	16,
			"sender":	true
		},
		"sum_received":	{
			"start":	0,
			"end":	40.000176,
			"seconds":	40.000176,
			"bytes":	24999493632,
			"bits_per_second":	4999876726.9424,
			"sender":	true
		},
		"cpu_utilization_percent":	{
			"host_total":	13.792738644265116,
			"host_user":	2.2997013817982013,
			"host_system":	11.493037262466913,
			"remote_total":	40.5081217099881,
			"remote_user":	3.6754740171037552,
			"remote_system":	36.8326451964085
		},
		"sender_tcp_congestion":	"cubic",
		"receiver_tcp_congestion":	"reno"
	}
}
