{
	"start":	{
		"connected":	[{
				"socket":	5,
				"local_host":	"10.0.1.1",
				"local_port":	33194,
				"remote_host":	"10.0.0.1",
				"remote_port":	5201
			}],
		"version":	"iperf 3.9+",
		"system_info":	"Linux han-3 5.10.0 #9 SMP PREEMPT Tue Feb 23 15:01:43 PST 2021 x86_64",
		"timestamp":	{
			"time":	"Thu, 25 May 2023 08:10:56 GMT",
			"timesecs":	1685002256
		},
		"connecting_to":	{
			"host":	"10.0.0.1",
			"port":	5201
		},
		"cookie":	"ey6bpw5t2zjglns2ewtgucww34gaatibsaq4",
		"tcp_mss_default":	8948,
		"target_bitrate":	5000000000,
		"sock_bufsize":	0,
		"sndbuf_actual":	16384,
		"rcvbuf_actual":	131072,
		"test_start":	{
			"protocol":	"TCP",
			"num_streams":	1,
			"blksize":	131072,
			"omit":	0,
			"duration":	80,
			"bytes":	0,
			"blocks":	0,
			"reverse":	0,
			"tos":	0
		}
	},
	"intervals":	[{
			"streams":	[{
					"socket":	5,
					"start":	0,
					"end":	60.000059,
					"seconds":	60.000057220458984,
					"bytes":	37499568128,
					"bits_per_second":	4999937648.7545471,
					"retransmits":	34,
					"snd_cwnd":	724788,
					"rtt":	525,
					"rttvar":	39,
					"pmtu":	9000,
					"omitted":	false,
					"sender":	true
				}],
			"sum":	{
				"start":	0,
				"end":	60.000059,
				"seconds":	60.000057220458984,
				"bytes":	37499568128,
				"bits_per_second":	4999937648.7545471,
				"retransmits":	34,
				"omitted":	false,
				"sender":	true
			}
		}, {
			"streams":	[{
					"socket":	5,
					"start":	60.000059,
					"end":	80.000076,
					"seconds":	20.0000171661377,
					"bytes":	12499943424,
					"bits_per_second":	4999973078.0886831,
					"retransmits":	0,
					"snd_cwnd":	796372,
					"rtt":	510,
					"rttvar":	32,
					"pmtu":	9000,
					"omitted":	false,
					"sender":	true
				}],
			"sum":	{
				"start":	60.000059,
				"end":	80.000076,
				"seconds":	20.0000171661377,
				"bytes":	12499943424,
				"bits_per_second":	4999973078.0886831,
				"retransmits":	0,
				"omitted":	false,
				"sender":	true
			}
		}],
	"end":	{
		"streams":	[{
				"sender":	{
					"socket":	5,
					"start":	0,
					"end":	80.000076,
					"seconds":	80.000076,
					"bytes":	49999511552,
					"bits_per_second":	4999946405.2509146,
					"retransmits":	34,
					"max_snd_cwnd":	796372,
					"max_rtt":	525,
					"min_rtt":	510,
					"mean_rtt":	517,
					"sender":	true
				},
				"receiver":	{
					"socket":	5,
					"start":	0,
					"end":	80.000532,
					"seconds":	80.000076,
					"bytes":	49999511552,
					"bits_per_second":	4999917905.7459259,
					"sender":	true
				}
			}],
		"sum_sent":	{
			"start":	0,
			"end":	80.000076,
			"seconds":	80.000076,
			"bytes":	49999511552,
			"bits_per_second":	4999946405.2509146,
			"retransmits":	34,
			"sender":	true
		},
		"sum_received":	{
			"start":	0,
			"end":	80.000532,
			"seconds":	80.000532,
			"bytes":	49999511552,
			"bits_per_second":	4999917905.7459259,
			"sender":	true
		},
		"cpu_utilization_percent":	{
			"host_total":	12.657862352604523,
			"host_user":	1.2342284205551859,
			"host_system":	11.423635182012292,
			"remote_total":	45.8307989961695,
			"remote_user":	3.4049236971878871,
			"remote_system":	42.425875298981623
		},
		"sender_tcp_congestion":	"cubic",
		"receiver_tcp_congestion":	"reno"
	}
}
