{
	"start":	{
		"connected":	[{
				"socket":	5,
				"local_host":	"10.0.1.1",
				"local_port":	34804,
				"remote_host":	"10.0.0.1",
				"remote_port":	5201
			}],
		"version":	"iperf 3.9+",
		"system_info":	"Linux han-3 5.10.0 #9 SMP PREEMPT Tue Feb 23 15:01:43 PST 2021 x86_64",
		"timestamp":	{
			"time":	"Thu, 25 May 2023 13:40:54 GMT",
			"timesecs":	1685022054
		},
		"connecting_to":	{
			"host":	"10.0.0.1",
			"port":	5201
		},
		"cookie":	"qdqk52gbjsdymva6ly6pcq24dtzv54tehvua",
		"tcp_mss_default":	8948,
		"target_bitrate":	9000000000,
		"sock_bufsize":	0,
		"sndbuf_actual":	16384,
		"rcvbuf_actual":	131072,
		"test_start":	{
			"protocol":	"TCP",
			"num_streams":	1,
			"blksize":	131072,
			"omit":	0,
			"duration":	50,
			"bytes":	0,
			"blocks":	0,
			"reverse":	0,
			"tos":	0
		}
	},
	"intervals":	[{
			"streams":	[{
					"socket":	5,
					"start":	0,
					"end":	50.000162,
					"seconds":	50.000160217285156,
					"bytes":	56249286656,
					"bits_per_second":	8999857026.30681,
					"retransmits":	47,
					"snd_cwnd":	3185488,
					"rtt":	744,
					"rttvar":	71,
					"pmtu":	9000,
					"omitted":	false,
					"sender":	true
				}],
			"sum":	{
				"start":	0,
				"end":	50.000162,
				"seconds":	50.000160217285156,
				"bytes":	56249286656,
				"bits_per_second":	8999857026.30681,
				"retransmits":	47,
				"omitted":	false,
				"sender":	true
			}
		}],
	"end":	{
		"streams":	[{
				"sender":	{
					"socket":	5,
					"start":	0,
					"end":	50.000162,
					"seconds":	50.000162,
					"bytes":	56249286656,
					"bits_per_second":	8999856705.4242744,
					"retransmits":	47,
					"max_snd_cwnd":	3185488,
					"max_rtt":	744,
					"min_rtt":	744,
					"mean_rtt":	744,
					"sender":	true
				},
				"receiver":	{
					"socket":	5,
					"start":	0,
					"end":	50.000303,
					"seconds":	50.000162,
					"bytes":	56249286656,
					"bits_per_second":	8999831325.9821644,
					"sender":	true
				}
			}],
		"sum_sent":	{
			"start":	0,
			"end":	50.000162,
			"seconds":	50.000162,
			"bytes":	56249286656,
			"bits_per_second":	8999856705.4242744,
			"retransmits":	47,
			"sender":	true
		},
		"sum_received":	{
			"start":	0,
			"end":	50.000303,
			"seconds":	50.000303,
			"bytes":	56249286656,
			"bits_per_second":	8999831325.9821644,
			"sender":	true
		},
		"cpu_utilization_percent":	{
			"host_total":	32.0248988919993,
			"host_user":	1.9902394343451715,
			"host_system":	30.03465745774313,
			"remote_total":	57.7438945814479,
			"remote_user":	2.4930757939586443,
			"remote_system":	55.250818787489266
		},
		"sender_tcp_congestion":	"cubic",
		"receiver_tcp_congestion":	"reno"
	}
}
