{
	"start":	{
		"connected":	[{
				"socket":	5,
				"local_host":	"10.0.1.1",
				"local_port":	55910,
				"remote_host":	"10.0.0.1",
				"remote_port":	5201
			}],
		"version":	"iperf 3.9+",
		"system_info":	"Linux han-3 5.10.0 #9 SMP PREEMPT Tue Feb 23 15:01:43 PST 2021 x86_64",
		"timestamp":	{
			"time":	"Tue, 23 May 2023 11:02:30 GMT",
			"timesecs":	1684839750
		},
		"connecting_to":	{
			"host":	"10.0.0.1",
			"port":	5201
		},
		"cookie":	"or2q7kdfanit3cwib4g4voht4whkkxru5uwj",
		"tcp_mss_default":	8948,
		"target_bitrate":	10000000000,
		"sock_bufsize":	0,
		"sndbuf_actual":	16384,
		"rcvbuf_actual":	131072,
		"test_start":	{
			"protocol":	"TCP",
			"num_streams":	1,
			"blksize":	131072,
			"omit":	0,
			"duration":	70,
			"bytes":	0,
			"blocks":	0,
			"reverse":	0,
			"tos":	0
		}
	},
	"intervals":	[{
			"streams":	[{
					"socket":	5,
					"start":	0,
					"end":	60.000043,
					"seconds":	60.000041961669922,
					"bytes":	74227253248,
					"bits_per_second":	9896960178.18373,
					"retransmits":	2125,
					"snd_cwnd":	1530108,
					"rtt":	1188,
					"rttvar":	17,
					"pmtu":	9000,
					"omitted":	false,
					"sender":	true
				}],
			"sum":	{
				"start":	0,
				"end":	60.000043,
				"seconds":	60.000041961669922,
				"bytes":	74227253248,
				"bits_per_second":	9896960178.18373,
				"retransmits":	2125,
				"omitted":	false,
				"sender":	true
			}
		}, {
			"streams":	[{
					"socket":	5,
					"start":	60.000043,
					"end":	70.00012,
					"seconds":	10.000077247619629,
					"bytes":	12374638592,
					"bits_per_second":	9899634401.28073,
					"retransmits":	250,
					"snd_cwnd":	1422732,
					"rtt":	1118,
					"rttvar":	24,
					"pmtu":	9000,
					"omitted":	false,
					"sender":	true
				}],
			"sum":	{
				"start":	60.000043,
				"end":	70.00012,
				"seconds":	10.000077247619629,
				"bytes":	12374638592,
				"bits_per_second":	9899634401.28073,
				"retransmits":	250,
				"omitted":	false,
				"sender":	true
			}
		}],
	"end":	{
		"streams":	[{
				"sender":	{
					"socket":	5,
					"start":	0,
					"end":	70.00012,
					"seconds":	70.00012,
					"bytes":	86601891840,
					"bits_per_second":	9897342100.5564,
					"retransmits":	2375,
					"max_snd_cwnd":	1530108,
					"max_rtt":	1188,
					"min_rtt":	1118,
					"mean_rtt":	1153,
					"sender":	true
				},
				"receiver":	{
					"socket":	5,
					"start":	0,
					"end":	70.001341,
					"seconds":	70.00012,
					"bytes":	86600448036,
					"bits_per_second":	9897004462.92879,
					"sender":	true
				}
			}],
		"sum_sent":	{
			"start":	0,
			"end":	70.00012,
			"seconds":	70.00012,
			"bytes":	86601891840,
			"bits_per_second":	9897342100.5564,
			"retransmits":	2375,
			"sender":	true
		},
		"sum_received":	{
			"start":	0,
			"end":	70.001341,
			"seconds":	70.001341,
			"bytes":	86600448036,
			"bits_per_second":	9897004462.92879,
			"sender":	true
		},
		"cpu_utilization_percent":	{
			"host_total":	29.526980748491283,
			"host_user":	2.8001432185646777,
			"host_system":	26.726836101397989,
			"remote_total":	49.343573231587165,
			"remote_user":	1.9438647941056684,
			"remote_system":	47.3997084374815
		},
		"sender_tcp_congestion":	"cubic",
		"receiver_tcp_congestion":	"reno"
	}
}
