{
	"start":	{
		"connected":	[{
				"socket":	5,
				"local_host":	"10.0.1.1",
				"local_port":	34752,
				"remote_host":	"10.0.0.1",
				"remote_port":	5201
			}],
		"version":	"iperf 3.9+",
		"system_info":	"Linux han-3 5.10.0 #9 SMP PREEMPT Tue Feb 23 15:01:43 PST 2021 x86_64",
		"timestamp":	{
			"time":	"Thu, 25 May 2023 13:31:54 GMT",
			"timesecs":	1685021514
		},
		"connecting_to":	{
			"host":	"10.0.0.1",
			"port":	5201
		},
		"cookie":	"7e75s2jto2xvrxmc3u34m65222nqrwdemdve",
		"tcp_mss_default":	8948,
		"target_bitrate":	9000000000,
		"sock_bufsize":	0,
		"sndbuf_actual":	16384,
		"rcvbuf_actual":	131072,
		"test_start":	{
			"protocol":	"TCP",
			"num_streams":	1,
			"blksize":	131072,
			"omit":	0,
			"duration":	40,
			"bytes":	0,
			"blocks":	0,
			"reverse":	0,
			"tos":	0
		}
	},
	"intervals":	[{
			"streams":	[{
					"socket":	5,
					"start":	0,
					"end":	40.000155,
					"seconds":	40.0001564025879,
					"bytes":	44999245824,
					"bits_per_second":	8999813974.9450951,
					"retransmits":	31,
					"snd_cwnd":	1512212,
					"rtt":	831,
					"rttvar":	62,
					"pmtu":	9000,
					"omitted":	false,
					"sender":	true
				}],
			"sum":	{
				"start":	0,
				"end":	40.000155,
				"seconds":	40.0001564025879,
				"bytes":	44999245824,
				"bits_per_second":	8999813974.9450951,
				"retransmits":	31,
				"omitted":	false,
				"sender":	true
			}
		}],
	"end":	{
		"streams":	[{
				"sender":	{
					"socket":	5,
					"start":	0,
					"end":	40.000155,
					"seconds":	40.000155,
					"bytes":	44999245824,
					"bits_per_second":	8999814290.5196247,
					"retransmits":	31,
					"max_snd_cwnd":	1512212,
					"max_rtt":	831,
					"min_rtt":	831,
					"mean_rtt":	831,
					"sender":	true
				},
				"receiver":	{
					"socket":	5,
					"start":	0,
					"end":	40.000307,
					"seconds":	40.000155,
					"bytes":	44999245824,
					"bits_per_second":	8999780091.4878,
					"sender":	true
				}
			}],
		"sum_sent":	{
			"start":	0,
			"end":	40.000155,
			"seconds":	40.000155,
			"bytes":	44999245824,
			"bits_per_second":	8999814290.5196247,
			"retransmits":	31,
			"sender":	true
		},
		"sum_received":	{
			"start":	0,
			"end":	40.000307,
			"seconds":	40.000307,
			"bytes":	44999245824,
			"bits_per_second":	8999780091.4878,
			"sender":	true
		},
		"cpu_utilization_percent":	{
			"host_total":	28.87384024954665,
			"host_user":	2.507965823828425,
			"host_system":	26.365874425718221,
			"remote_total":	55.413113932353589,
			"remote_user":	2.0995118778341415,
			"remote_system":	53.31360205451945
		},
		"sender_tcp_congestion":	"cubic",
		"receiver_tcp_congestion":	"reno"
	}
}
