{
	"start":	{
		"connected":	[{
				"socket":	5,
				"local_host":	"10.0.1.1",
				"local_port":	59484,
				"remote_host":	"10.0.0.1",
				"remote_port":	5201
			}],
		"version":	"iperf 3.9+",
		"system_info":	"Linux han-3 5.10.0 #9 SMP PREEMPT Tue Feb 23 15:01:43 PST 2021 x86_64",
		"timestamp":	{
			"time":	"Thu, 25 May 2023 01:18:35 GMT",
			"timesecs":	1684977515
		},
		"connecting_to":	{
			"host":	"10.0.0.1",
			"port":	5201
		},
		"cookie":	"mzvyxtciirjil4xq6oygxplhe7hvqh7epnbi",
		"tcp_mss_default":	8948,
		"target_bitrate":	1000000000,
		"sock_bufsize":	0,
		"sndbuf_actual":	16384,
		"rcvbuf_actual":	131072,
		"test_start":	{
			"protocol":	"TCP",
			"num_streams":	1,
			"blksize":	131072,
			"omit":	0,
			"duration":	40,
			"bytes":	0,
			"blocks":	0,
			"reverse":	0,
			"tos":	0
		}
	},
	"intervals":	[{
			"streams":	[{
					"socket":	5,
					"start":	0,
					"end":	40.000076,
					"seconds":	40.000076293945312,
					"bytes":	5000003584,
					"bits_per_second":	999998809.453638,
					"retransmits":	3,
					"snd_cwnd":	277388,
					"rtt":	202,
					"rttvar":	11,
					"pmtu":	9000,
					"omitted":	false,
					"sender":	true
				}],
			"sum":	{
				"start":	0,
				"end":	40.000076,
				"seconds":	40.000076293945312,
				"bytes":	5000003584,
				"bits_per_second":	999998809.453638,
				"retransmits":	3,
				"omitted":	false,
				"sender":	true
			}
		}],
	"end":	{
		"streams":	[{
				"sender":	{
					"socket":	5,
					"start":	0,
					"end":	40.000076,
					"seconds":	40.000076,
					"bytes":	5000003584,
					"bits_per_second":	999998816.802248,
					"retransmits":	3,
					"max_snd_cwnd":	277388,
					"max_rtt":	202,
					"min_rtt":	202,
					"mean_rtt":	202,
					"sender":	true
				},
				"receiver":	{
					"socket":	5,
					"start":	0,
					"end":	40.000155,
					"seconds":	40.000076,
					"bytes":	5000003584,
					"bits_per_second":	999996841.812238,
					"sender":	true
				}
			}],
		"sum_sent":	{
			"start":	0,
			"end":	40.000076,
			"seconds":	40.000076,
			"bytes":	5000003584,
			"bits_per_second":	999998816.802248,
			"retransmits":	3,
			"sender":	true
		},
		"sum_received":	{
			"start":	0,
			"end":	40.000155,
			"seconds":	40.000155,
			"bytes":	5000003584,
			"bits_per_second":	999996841.812238,
			"sender":	true
		},
		"cpu_utilization_percent":	{
			"host_total":	5.1441196089247878,
			"host_user":	0,
			"host_system":	5.1441196089247878,
			"remote_total":	12.807901550300096,
			"remote_user":	0.62242999516362163,
			"remote_system":	12.185471555136475
		},
		"sender_tcp_congestion":	"cubic",
		"receiver_tcp_congestion":	"reno"
	}
}
