{
	"start":	{
		"connected":	[{
				"socket":	5,
				"local_host":	"10.0.1.1",
				"local_port":	42706,
				"remote_host":	"10.0.0.1",
				"remote_port":	5201
			}],
		"version":	"iperf 3.9+",
		"system_info":	"Linux han-3 5.10.0 #9 SMP PREEMPT Tue Feb 23 15:01:43 PST 2021 x86_64",
		"timestamp":	{
			"time":	"Fri, 26 May 2023 14:29:35 GMT",
			"timesecs":	1685111375
		},
		"connecting_to":	{
			"host":	"10.0.0.1",
			"port":	5201
		},
		"cookie":	"gntcnzctxzqh6pziqkg3oimmf35zjt74qjky",
		"tcp_mss_default":	8948,
		"target_bitrate":	5000000000,
		"sock_bufsize":	0,
		"sndbuf_actual":	16384,
		"rcvbuf_actual":	131072,
		"test_start":	{
			"protocol":	"TCP",
			"num_streams":	1,
			"blksize":	131072,
			"omit":	0,
			"duration":	70,
			"bytes":	0,
			"blocks":	0,
			"reverse":	0,
			"tos":	0
		}
	},
	"intervals":	[{
			"streams":	[{
					"socket":	5,
					"start":	0,
					"end":	60.000113,
					"seconds":	60.000114440917969,
					"bytes":	37499699200,
					"bits_per_second":	4999950356.6848564,
					"retransmits":	35,
					"snd_cwnd":	823216,
					"rtt":	294,
					"rttvar":	16,
					"pmtu":	9000,
					"omitted":	false,
					"sender":	true
				}],
			"sum":	{
				"start":	0,
				"end":	60.000113,
				"seconds":	60.000114440917969,
				"bytes":	37499699200,
				"bits_per_second":	4999950356.6848564,
				"retransmits":	35,
				"omitted":	false,
				"sender":	true
			}
		}, {
			"streams":	[{
					"socket":	5,
					"start":	60.000113,
					"end":	70.000145,
					"seconds":	10.000032424926758,
					"bytes":	6249906176,
					"bits_per_second":	4999908728.6325674,
					"retransmits":	0,
					"snd_cwnd":	1637484,
					"rtt":	541,
					"rttvar":	52,
					"pmtu":	9000,
					"omitted":	false,
					"sender":	true
				}],
			"sum":	{
				"start":	60.000113,
				"end":	70.000145,
				"seconds":	10.000032424926758,
				"bytes":	6249906176,
				"bits_per_second":	4999908728.6325674,
				"retransmits":	0,
				"omitted":	false,
				"sender":	true
			}
		}],
	"end":	{
		"streams":	[{
				"sender":	{
					"socket":	5,
					"start":	0,
					"end":	70.000145,
					"seconds":	70.000145,
					"bytes":	43749605376,
					"bits_per_second":	4999944543.0863037,
					"retransmits":	35,
					"max_snd_cwnd":	1637484,
					"max_rtt":	541,
					"min_rtt":	294,
					"mean_rtt":	417,
					"sender":	true
				},
				"receiver":	{
					"socket":	5,
					"start":	0,
					"end":	70.000203,
					"seconds":	70.000145,
					"bytes":	43749605376,
					"bits_per_second":	4999940400.2871246,
					"sender":	true
				}
			}],
		"sum_sent":	{
			"start":	0,
			"end":	70.000145,
			"seconds":	70.000145,
			"bytes":	43749605376,
			"bits_per_second":	4999944543.0863037,
			"retransmits":	35,
			"sender":	true
		},
		"sum_received":	{
			"start":	0,
			"end":	70.000203,
			"seconds":	70.000203,
			"bytes":	43749605376,
			"bits_per_second":	4999940400.2871246,
			"sender":	true
		},
		"cpu_utilization_percent":	{
			"host_total":	46.241625650547839,
			"host_user":	1.195958912921451,
			"host_system":	45.045672451736266,
			"remote_total":	38.678057859881648,
			"remote_user":	3.2648297026022814,
			"remote_system":	35.41322815727937
		},
		"sender_tcp_congestion":	"cubic",
		"receiver_tcp_congestion":	"reno"
	}
}
