{
	"start":	{
		"connected":	[{
				"socket":	5,
				"local_host":	"10.0.1.1",
				"local_port":	43976,
				"remote_host":	"10.0.0.1",
				"remote_port":	5201
			}],
		"version":	"iperf 3.9+",
		"system_info":	"Linux han-3 5.10.0 #9 SMP PREEMPT Tue Feb 23 15:01:43 PST 2021 x86_64",
		"timestamp":	{
			"time":	"Fri, 26 May 2023 18:52:57 GMT",
			"timesecs":	1685127177
		},
		"connecting_to":	{
			"host":	"10.0.0.1",
			"port":	5201
		},
		"cookie":	"r74fzwsfu3nn4pex3sbptdwjrspqyhlfpncl",
		"tcp_mss_default":	8948,
		"target_bitrate":	8000000000,
		"sock_bufsize":	0,
		"sndbuf_actual":	16384,
		"rcvbuf_actual":	131072,
		"test_start":	{
			"protocol":	"TCP",
			"num_streams":	1,
			"blksize":	131072,
			"omit":	0,
			"duration":	60,
			"bytes":	0,
			"blocks":	0,
			"reverse":	0,
			"tos":	0
		}
	},
	"intervals":	[{
			"streams":	[{
					"socket":	5,
					"start":	0,
					"end":	60.000085,
					"seconds":	60.000083923339844,
					"bytes":	59999256576,
					"bits_per_second":	7999889687.1756516,
					"retransmits":	21,
					"snd_cwnd":	1771704,
					"rtt":	748,
					"rttvar":	67,
					"pmtu":	9000,
					"omitted":	false,
					"sender":	true
				}],
			"sum":	{
				"start":	0,
				"end":	60.000085,
				"seconds":	60.000083923339844,
				"bytes":	59999256576,
				"bits_per_second":	7999889687.1756516,
				"retransmits":	21,
				"omitted":	false,
				"sender":	true
			}
		}],
	"end":	{
		"streams":	[{
				"sender":	{
					"socket":	5,
					"start":	0,
					"end":	60.000085,
					"seconds":	60.000085,
					"bytes":	59999256576,
					"bits_per_second":	7999889543.623147,
					"retransmits":	21,
					"max_snd_cwnd":	1771704,
					"max_rtt":	748,
					"min_rtt":	748,
					"mean_rtt":	748,
					"sender":	true
				},
				"receiver":	{
					"socket":	5,
					"start":	0,
					"end":	60.000201,
					"seconds":	60.000085,
					"bytes":	59999256576,
					"bits_per_second":	7999874077.2218418,
					"sender":	true
				}
			}],
		"sum_sent":	{
			"start":	0,
			"end":	60.000085,
			"seconds":	60.000085,
			"bytes":	59999256576,
			"bits_per_second":	7999889543.623147,
			"retransmits":	21,
			"sender":	true
		},
		"sum_received":	{
			"start":	0,
			"end":	60.000201,
			"seconds":	60.000201,
			"bytes":	59999256576,
			"bits_per_second":	7999874077.2218418,
			"sender":	true
		},
		"cpu_utilization_percent":	{
			"host_total":	61.128263614896873,
			"host_user":	1.8347160758327514,
			"host_system":	59.293547539064114,
			"remote_total":	47.2944638251945,
			"remote_user":	4.54187791562172,
			"remote_system":	42.75258590957278
		},
		"sender_tcp_congestion":	"cubic",
		"receiver_tcp_congestion":	"reno"
	}
}
