{
	"start":	{
		"connected":	[{
				"socket":	5,
				"local_host":	"10.0.1.1",
				"local_port":	33766,
				"remote_host":	"10.0.0.1",
				"remote_port":	5201
			}],
		"version":	"iperf 3.9+",
		"system_info":	"Linux han-3 5.10.0 #9 SMP PREEMPT Tue Feb 23 15:01:43 PST 2021 x86_64",
		"timestamp":	{
			"time":	"Thu, 25 May 2023 10:17:13 GMT",
			"timesecs":	1685009833
		},
		"connecting_to":	{
			"host":	"10.0.0.1",
			"port":	5201
		},
		"cookie":	"3lfnhiywss5rrgynqk6kkyq6irfq6vcqmtq5",
		"tcp_mss_default":	8948,
		"target_bitrate":	7000000000,
		"sock_bufsize":	0,
		"sndbuf_actual":	16384,
		"rcvbuf_actual":	131072,
		"test_start":	{
			"protocol":	"TCP",
			"num_streams":	1,
			"blksize":	131072,
			"omit":	0,
			"duration":	10,
			"bytes":	0,
			"blocks":	0,
			"reverse":	0,
			"tos":	0
		}
	},
	"intervals":	[{
			"streams":	[{
					"socket":	5,
					"start":	0,
					"end":	10.000079,
					"seconds":	10.000079154968262,
					"bytes":	8749318144,
					"bits_per_second":	6999399111.478548,
					"retransmits":	40,
					"snd_cwnd":	1046916,
					"rtt":	459,
					"rttvar":	42,
					"pmtu":	9000,
					"omitted":	false,
					"sender":	true
				}],
			"sum":	{
				"start":	0,
				"end":	10.000079,
				"seconds":	10.000079154968262,
				"bytes":	8749318144,
				"bits_per_second":	6999399111.478548,
				"retransmits":	40,
				"omitted":	false,
				"sender":	true
			}
		}],
	"end":	{
		"streams":	[{
				"sender":	{
					"socket":	5,
					"start":	0,
					"end":	10.000079,
					"seconds":	10.000079,
					"bytes":	8749318144,
					"bits_per_second":	6999399219.9461632,
					"retransmits":	40,
					"max_snd_cwnd":	1046916,
					"max_rtt":	459,
					"min_rtt":	459,
					"mean_rtt":	459,
					"sender":	true
				},
				"receiver":	{
					"socket":	5,
					"start":	0,
					"end":	10.000164,
					"seconds":	10.000079,
					"bytes":	8749318144,
					"bits_per_second":	6999339726.0284929,
					"sender":	true
				}
			}],
		"sum_sent":	{
			"start":	0,
			"end":	10.000079,
			"seconds":	10.000079,
			"bytes":	8749318144,
			"bits_per_second":	6999399219.9461632,
			"retransmits":	40,
			"sender":	true
		},
		"sum_received":	{
			"start":	0,
			"end":	10.000164,
			"seconds":	10.000164,
			"bytes":	8749318144,
			"bits_per_second":	6999339726.0284929,
			"sender":	true
		},
		"cpu_utilization_percent":	{
			"host_total":	21.6186536300863,
			"host_user":	2.2771958288434941,
			"host_system":	19.341457801242807,
			"remote_total":	44.9414755152361,
			"remote_user":	0.18657714310472853,
			"remote_system":	44.754908332474251
		},
		"sender_tcp_congestion":	"cubic",
		"receiver_tcp_congestion":	"reno"
	}
}
