{
	"start":	{
		"connected":	[{
				"socket":	5,
				"local_host":	"10.0.1.1",
				"local_port":	42562,
				"remote_host":	"10.0.0.1",
				"remote_port":	5201
			}],
		"version":	"iperf 3.9+",
		"system_info":	"Linux han-3 5.10.0 #9 SMP PREEMPT Tue Feb 23 15:01:43 PST 2021 x86_64",
		"timestamp":	{
			"time":	"Fri, 26 May 2023 13:59:33 GMT",
			"timesecs":	1685109573
		},
		"connecting_to":	{
			"host":	"10.0.0.1",
			"port":	5201
		},
		"cookie":	"pzpqr6x6fq3tdslgkueqnb7frl2khaqacj7q",
		"tcp_mss_default":	8948,
		"target_bitrate":	5000000000,
		"sock_bufsize":	0,
		"sndbuf_actual":	16384,
		"rcvbuf_actual":	131072,
		"test_start":	{
			"protocol":	"TCP",
			"num_streams":	1,
			"blksize":	131072,
			"omit":	0,
			"duration":	40,
			"bytes":	0,
			"blocks":	0,
			"reverse":	0,
			"tos":	0
		}
	},
	"intervals":	[{
			"streams":	[{
					"socket":	5,
					"start":	0,
					"end":	40.000277,
					"seconds":	40.0002784729004,
					"bytes":	24999493632,
					"bits_per_second":	4999863918.234828,
					"retransmits":	70,
					"snd_cwnd":	876904,
					"rtt":	502,
					"rttvar":	36,
					"pmtu":	9000,
					"omitted":	false,
					"sender":	true
				}],
			"sum":	{
				"start":	0,
				"end":	40.000277,
				"seconds":	40.0002784729004,
				"bytes":	24999493632,
				"bits_per_second":	4999863918.234828,
				"retransmits":	70,
				"omitted":	false,
				"sender":	true
			}
		}],
	"end":	{
		"streams":	[{
				"sender":	{
					"socket":	5,
					"start":	0,
					"end":	40.000277,
					"seconds":	40.000277,
					"bytes":	24999493632,
					"bits_per_second":	4999864102.3410921,
					"retransmits":	70,
					"max_snd_cwnd":	876904,
					"max_rtt":	502,
					"min_rtt":	502,
					"mean_rtt":	502,
					"sender":	true
				},
				"receiver":	{
					"socket":	5,
					"start":	0,
					"end":	40.000498,
					"seconds":	40.000277,
					"bytes":	24999493632,
					"bits_per_second":	4999836478.4358435,
					"sender":	true
				}
			}],
		"sum_sent":	{
			"start":	0,
			"end":	40.000277,
			"seconds":	40.000277,
			"bytes":	24999493632,
			"bits_per_second":	4999864102.3410921,
			"retransmits":	70,
			"sender":	true
		},
		"sum_received":	{
			"start":	0,
			"end":	40.000498,
			"seconds":	40.000498,
			"bytes":	24999493632,
			"bits_per_second":	4999836478.4358435,
			"sender":	true
		},
		"cpu_utilization_percent":	{
			"host_total":	45.748417879539232,
			"host_user":	1.9864015948009228,
			"host_system":	43.7620162847383,
			"remote_total":	38.115492300268784,
			"remote_user":	7.05743694021514,
			"remote_system":	31.058055360053643
		},
		"sender_tcp_congestion":	"cubic",
		"receiver_tcp_congestion":	"reno"
	}
}
