{
	"start":	{
		"connected":	[{
				"socket":	5,
				"local_host":	"10.0.1.1",
				"local_port":	53858,
				"remote_host":	"10.0.0.1",
				"remote_port":	5201
			}],
		"version":	"iperf 3.9+",
		"system_info":	"Linux han-3 5.10.0 #9 SMP PREEMPT Tue Feb 23 15:01:43 PST 2021 x86_64",
		"timestamp":	{
			"time":	"Tue, 23 May 2023 04:08:17 GMT",
			"timesecs":	1684814897
		},
		"connecting_to":	{
			"host":	"10.0.0.1",
			"port":	5201
		},
		"cookie":	"74wcib7tpfx7tscskfxcfzcwitp5uqyfcfmr",
		"tcp_mss_default":	8948,
		"target_bitrate":	5000000000,
		"sock_bufsize":	0,
		"sndbuf_actual":	16384,
		"rcvbuf_actual":	131072,
		"test_start":	{
			"protocol":	"TCP",
			"num_streams":	1,
			"blksize":	131072,
			"omit":	0,
			"duration":	100,
			"bytes":	0,
			"blocks":	0,
			"reverse":	0,
			"tos":	0
		}
	},
	"intervals":	[{
			"streams":	[{
					"socket":	5,
					"start":	0,
					"end":	60.000154,
					"seconds":	60.000152587890625,
					"bytes":	37499568128,
					"bits_per_second":	4999929701.5878925,
					"retransmits":	12,
					"snd_cwnd":	1601692,
					"rtt":	427,
					"rttvar":	35,
					"pmtu":	9000,
					"omitted":	false,
					"sender":	true
				}],
			"sum":	{
				"start":	0,
				"end":	60.000154,
				"seconds":	60.000152587890625,
				"bytes":	37499568128,
				"bits_per_second":	4999929701.5878925,
				"retransmits":	12,
				"omitted":	false,
				"sender":	true
			}
		}, {
			"streams":	[{
					"socket":	5,
					"start":	60.000154,
					"end":	100.000144,
					"seconds":	39.9999885559082,
					"bytes":	25000017920,
					"bits_per_second":	5000005014.51291,
					"retransmits":	2,
					"snd_cwnd":	1601692,
					"rtt":	468,
					"rttvar":	84,
					"pmtu":	9000,
					"omitted":	false,
					"sender":	true
				}],
			"sum":	{
				"start":	60.000154,
				"end":	100.000144,
				"seconds":	39.9999885559082,
				"bytes":	25000017920,
				"bits_per_second":	5000005014.51291,
				"retransmits":	2,
				"omitted":	false,
				"sender":	true
			}
		}],
	"end":	{
		"streams":	[{
				"sender":	{
					"socket":	5,
					"start":	0,
					"end":	100.000144,
					"seconds":	100.000144,
					"bytes":	62499586048,
					"bits_per_second":	4999959683.8980551,
					"retransmits":	14,
					"max_snd_cwnd":	1601692,
					"max_rtt":	468,
					"min_rtt":	427,
					"mean_rtt":	447,
					"sender":	true
				},
				"receiver":	{
					"socket":	5,
					"start":	0,
					"end":	100.000262,
					"seconds":	100.000144,
					"bytes":	62499586048,
					"bits_per_second":	4999953783.9610853,
					"sender":	true
				}
			}],
		"sum_sent":	{
			"start":	0,
			"end":	100.000144,
			"seconds":	100.000144,
			"bytes":	62499586048,
			"bits_per_second":	4999959683.8980551,
			"retransmits":	14,
			"sender":	true
		},
		"sum_received":	{
			"start":	0,
			"end":	100.000262,
			"seconds":	100.000262,
			"bytes":	62499586048,
			"bits_per_second":	4999953783.9610853,
			"sender":	true
		},
		"cpu_utilization_percent":	{
			"host_total":	24.51139809615708,
			"host_user":	4.8364993150476581,
			"host_system":	19.674900781057865,
			"remote_total":	39.5097394979464,
			"remote_user":	3.9771984178922408,
			"remote_system":	35.532540080554668
		},
		"sender_tcp_congestion":	"cubic",
		"receiver_tcp_congestion":	"reno"
	}
}
