{
	"start":	{
		"connected":	[{
				"socket":	5,
				"local_host":	"10.0.1.1",
				"local_port":	38266,
				"remote_host":	"10.0.0.1",
				"remote_port":	5201
			}],
		"version":	"iperf 3.9+",
		"system_info":	"Linux han-3 5.10.0 #9 SMP PREEMPT Tue Feb 23 15:01:43 PST 2021 x86_64",
		"timestamp":	{
			"time":	"Thu, 25 May 2023 22:54:48 GMT",
			"timesecs":	1685055288
		},
		"connecting_to":	{
			"host":	"10.0.0.1",
			"port":	5201
		},
		"cookie":	"kie7ygrv33dy5wrwpfbujiukxc7uk3n43dvb",
		"tcp_mss_default":	8948,
		"target_bitrate":	5000000000,
		"sock_bufsize":	0,
		"sndbuf_actual":	16384,
		"rcvbuf_actual":	131072,
		"test_start":	{
			"protocol":	"TCP",
			"num_streams":	1,
			"blksize":	131072,
			"omit":	0,
			"duration":	60,
			"bytes":	0,
			"blocks":	0,
			"reverse":	0,
			"tos":	0
		}
	},
	"intervals":	[{
			"streams":	[{
					"socket":	5,
					"start":	0,
					"end":	60.00019,
					"seconds":	60.000190734863281,
					"bytes":	37499568128,
					"bits_per_second":	4999926522.7283049,
					"retransmits":	10,
					"snd_cwnd":	1011124,
					"rtt":	531,
					"rttvar":	46,
					"pmtu":	9000,
					"omitted":	false,
					"sender":	true
				}],
			"sum":	{
				"start":	0,
				"end":	60.00019,
				"seconds":	60.000190734863281,
				"bytes":	37499568128,
				"bits_per_second":	4999926522.7283049,
				"retransmits":	10,
				"omitted":	false,
				"sender":	true
			}
		}],
	"end":	{
		"streams":	[{
				"sender":	{
					"socket":	5,
					"start":	0,
					"end":	60.00019,
					"seconds":	60.00019,
					"bytes":	37499568128,
					"bits_per_second":	4999926583.9658175,
					"retransmits":	10,
					"max_snd_cwnd":	1011124,
					"max_rtt":	531,
					"min_rtt":	531,
					"mean_rtt":	531,
					"sender":	true
				},
				"receiver":	{
					"socket":	5,
					"start":	0,
					"end":	60.00046,
					"seconds":	60.00019,
					"bytes":	37499568128,
					"bits_per_second":	4999904084.4686861,
					"sender":	true
				}
			}],
		"sum_sent":	{
			"start":	0,
			"end":	60.00019,
			"seconds":	60.00019,
			"bytes":	37499568128,
			"bits_per_second":	4999926583.9658175,
			"retransmits":	10,
			"sender":	true
		},
		"sum_received":	{
			"start":	0,
			"end":	60.00046,
			"seconds":	60.00046,
			"bytes":	37499568128,
			"bits_per_second":	4999904084.4686861,
			"sender":	true
		},
		"cpu_utilization_percent":	{
			"host_total":	29.909435752378659,
			"host_user":	0.836728664875652,
			"host_system":	29.072705420905393,
			"remote_total":	38.869908187286519,
			"remote_user":	1.818300416771123,
			"remote_system":	37.051611100235874
		},
		"sender_tcp_congestion":	"cubic",
		"receiver_tcp_congestion":	"reno"
	}
}
