{
	"start":	{
		"connected":	[{
				"socket":	5,
				"local_host":	"10.0.1.1",
				"local_port":	44116,
				"remote_host":	"10.0.0.1",
				"remote_port":	5201
			}],
		"version":	"iperf 3.9+",
		"system_info":	"Linux han-3 5.10.0 #9 SMP PREEMPT Tue Feb 23 15:01:43 PST 2021 x86_64",
		"timestamp":	{
			"time":	"Fri, 26 May 2023 19:32:00 GMT",
			"timesecs":	1685129520
		},
		"connecting_to":	{
			"host":	"10.0.0.1",
			"port":	5201
		},
		"cookie":	"hmj77suofqlg54w2f2v2cmoby2r7kiovrwez",
		"tcp_mss_default":	8948,
		"target_bitrate":	8000000000,
		"sock_bufsize":	0,
		"sndbuf_actual":	16384,
		"rcvbuf_actual":	131072,
		"test_start":	{
			"protocol":	"TCP",
			"num_streams":	1,
			"blksize":	131072,
			"omit":	0,
			"duration":	90,
			"bytes":	0,
			"blocks":	0,
			"reverse":	0,
			"tos":	0
		}
	},
	"intervals":	[{
			"streams":	[{
					"socket":	5,
					"start":	0,
					"end":	60.000015,
					"seconds":	60.000015258789062,
					"bytes":	59990081536,
					"bits_per_second":	7998675503.964962,
					"retransmits":	116,
					"snd_cwnd":	1467472,
					"rtt":	297,
					"rttvar":	39,
					"pmtu":	9000,
					"omitted":	false,
					"sender":	true
				}],
			"sum":	{
				"start":	0,
				"end":	60.000015,
				"seconds":	60.000015258789062,
				"bytes":	59990081536,
				"bits_per_second":	7998675503.964962,
				"retransmits":	116,
				"omitted":	false,
				"sender":	true
			}
		}, {
			"streams":	[{
					"socket":	5,
					"start":	60.000015,
					"end":	90.000072,
					"seconds":	30.000057220458984,
					"bytes":	30008016896,
					"bits_per_second":	8002122576.0957785,
					"retransmits":	42,
					"snd_cwnd":	1440628,
					"rtt":	513,
					"rttvar":	22,
					"pmtu":	9000,
					"omitted":	false,
					"sender":	true
				}],
			"sum":	{
				"start":	60.000015,
				"end":	90.000072,
				"seconds":	30.000057220458984,
				"bytes":	30008016896,
				"bits_per_second":	8002122576.0957785,
				"retransmits":	42,
				"omitted":	false,
				"sender":	true
			}
		}],
	"end":	{
		"streams":	[{
				"sender":	{
					"socket":	5,
					"start":	0,
					"end":	90.000072,
					"seconds":	90.000072,
					"bytes":	89998098432,
					"bits_per_second":	7999824571.8736753,
					"retransmits":	158,
					"max_snd_cwnd":	1467472,
					"max_rtt":	513,
					"min_rtt":	297,
					"mean_rtt":	405,
					"sender":	true
				},
				"receiver":	{
					"socket":	5,
					"start":	0,
					"end":	90.000786,
					"seconds":	90.000072,
					"bytes":	89998098432,
					"bits_per_second":	7999761107.152997,
					"sender":	true
				}
			}],
		"sum_sent":	{
			"start":	0,
			"end":	90.000072,
			"seconds":	90.000072,
			"bytes":	89998098432,
			"bits_per_second":	7999824571.8736753,
			"retransmits":	158,
			"sender":	true
		},
		"sum_received":	{
			"start":	0,
			"end":	90.000786,
			"seconds":	90.000786,
			"bytes":	89998098432,
			"bits_per_second":	7999761107.152997,
			"sender":	true
		},
		"cpu_utilization_percent":	{
			"host_total":	82.181803757947563,
			"host_user":	2.5471698951760358,
			"host_system":	79.634633862771537,
			"remote_total":	47.645280228389971,
			"remote_user":	2.2444522152679567,
			"remote_system":	45.400829123380646
		},
		"sender_tcp_congestion":	"cubic",
		"receiver_tcp_congestion":	"reno"
	}
}
