{
	"start":	{
		"connected":	[{
				"socket":	5,
				"local_host":	"10.0.1.1",
				"local_port":	59840,
				"remote_host":	"10.0.0.1",
				"remote_port":	5201
			}],
		"version":	"iperf 3.9+",
		"system_info":	"Linux han-3 5.10.0 #9 SMP PREEMPT Tue Feb 23 15:01:43 PST 2021 x86_64",
		"timestamp":	{
			"time":	"Thu, 25 May 2023 02:40:39 GMT",
			"timesecs":	1684982439
		},
		"connecting_to":	{
			"host":	"10.0.0.1",
			"port":	5201
		},
		"cookie":	"vptrdlklawfygenovy4346ltbbtkzrwq3glk",
		"tcp_mss_default":	8948,
		"target_bitrate":	2000000000,
		"sock_bufsize":	0,
		"sndbuf_actual":	16384,
		"rcvbuf_actual":	131072,
		"test_start":	{
			"protocol":	"TCP",
			"num_streams":	1,
			"blksize":	131072,
			"omit":	0,
			"duration":	20,
			"bytes":	0,
			"blocks":	0,
			"reverse":	0,
			"tos":	0
		}
	},
	"intervals":	[{
			"streams":	[{
					"socket":	5,
					"start":	0,
					"end":	20.000109,
					"seconds":	20.00010871887207,
					"bytes":	4999872512,
					"bits_per_second":	1999938133.2490971,
					"retransmits":	10,
					"snd_cwnd":	411608,
					"rtt":	309,
					"rttvar":	60,
					"pmtu":	9000,
					"omitted":	false,
					"sender":	true
				}],
			"sum":	{
				"start":	0,
				"end":	20.000109,
				"seconds":	20.00010871887207,
				"bytes":	4999872512,
				"bits_per_second":	1999938133.2490971,
				"retransmits":	10,
				"omitted":	false,
				"sender":	true
			}
		}],
	"end":	{
		"streams":	[{
				"sender":	{
					"socket":	5,
					"start":	0,
					"end":	20.000109,
					"seconds":	20.000109,
					"bytes":	4999872512,
					"bits_per_second":	1999938105.1373272,
					"retransmits":	10,
					"max_snd_cwnd":	411608,
					"max_rtt":	309,
					"min_rtt":	309,
					"mean_rtt":	309,
					"sender":	true
				},
				"receiver":	{
					"socket":	5,
					"start":	0,
					"end":	20.000278,
					"seconds":	20.000109,
					"bytes":	4999872512,
					"bits_per_second":	1999921205.8952379,
					"sender":	true
				}
			}],
		"sum_sent":	{
			"start":	0,
			"end":	20.000109,
			"seconds":	20.000109,
			"bytes":	4999872512,
			"bits_per_second":	1999938105.1373272,
			"retransmits":	10,
			"sender":	true
		},
		"sum_received":	{
			"start":	0,
			"end":	20.000278,
			"seconds":	20.000278,
			"bytes":	4999872512,
			"bits_per_second":	1999921205.8952379,
			"sender":	true
		},
		"cpu_utilization_percent":	{
			"host_total":	11.497490301163861,
			"host_user":	0.5067441906971164,
			"host_system":	10.990751109866816,
			"remote_total":	25.388768584501083,
			"remote_user":	0,
			"remote_system":	25.388768584501083
		},
		"sender_tcp_congestion":	"cubic",
		"receiver_tcp_congestion":	"reno"
	}
}
