{
	"start":	{
		"connected":	[{
				"socket":	5,
				"local_host":	"10.0.1.1",
				"local_port":	36946,
				"remote_host":	"10.0.0.1",
				"remote_port":	5201
			}],
		"version":	"iperf 3.9+",
		"system_info":	"Linux han-3 5.10.0 #9 SMP PREEMPT Tue Feb 23 15:01:43 PST 2021 x86_64",
		"timestamp":	{
			"time":	"Thu, 25 May 2023 18:17:50 GMT",
			"timesecs":	1685038670
		},
		"connecting_to":	{
			"host":	"10.0.0.1",
			"port":	5201
		},
		"cookie":	"ac3pl4h77geofqn62hjyoagoathmqetcgcdx",
		"tcp_mss_default":	8948,
		"target_bitrate":	2000000000,
		"sock_bufsize":	0,
		"sndbuf_actual":	16384,
		"rcvbuf_actual":	131072,
		"test_start":	{
			"protocol":	"TCP",
			"num_streams":	1,
			"blksize":	131072,
			"omit":	0,
			"duration":	50,
			"bytes":	0,
			"blocks":	0,
			"reverse":	0,
			"tos":	0
		}
	},
	"intervals":	[{
			"streams":	[{
					"socket":	5,
					"start":	0,
					"end":	50.000227,
					"seconds":	50.000228881835938,
					"bytes":	12499812352,
					"bits_per_second":	1999960821.2259088,
					"retransmits":	3,
					"snd_cwnd":	644256,
					"rtt":	301,
					"rttvar":	45,
					"pmtu":	9000,
					"omitted":	false,
					"sender":	true
				}],
			"sum":	{
				"start":	0,
				"end":	50.000227,
				"seconds":	50.000228881835938,
				"bytes":	12499812352,
				"bits_per_second":	1999960821.2259088,
				"retransmits":	3,
				"omitted":	false,
				"sender":	true
			}
		}],
	"end":	{
		"streams":	[{
				"sender":	{
					"socket":	5,
					"start":	0,
					"end":	50.000227,
					"seconds":	50.000227,
					"bytes":	12499812352,
					"bits_per_second":	1999960896.49753,
					"retransmits":	3,
					"max_snd_cwnd":	644256,
					"max_rtt":	301,
					"min_rtt":	301,
					"mean_rtt":	301,
					"sender":	true
				},
				"receiver":	{
					"socket":	5,
					"start":	0,
					"end":	50.00051,
					"seconds":	50.000227,
					"bytes":	12499812352,
					"bits_per_second":	1999949576.8343163,
					"sender":	true
				}
			}],
		"sum_sent":	{
			"start":	0,
			"end":	50.000227,
			"seconds":	50.000227,
			"bytes":	12499812352,
			"bits_per_second":	1999960896.49753,
			"retransmits":	3,
			"sender":	true
		},
		"sum_received":	{
			"start":	0,
			"end":	50.00051,
			"seconds":	50.00051,
			"bytes":	12499812352,
			"bits_per_second":	1999949576.8343163,
			"sender":	true
		},
		"cpu_utilization_percent":	{
			"host_total":	10.118730373246255,
			"host_user":	0.71192586264321223,
			"host_system":	9.4068025107045568,
			"remote_total":	26.1287307634853,
			"remote_user":	2.2266970087642064,
			"remote_system":	23.902035752611678
		},
		"sender_tcp_congestion":	"cubic",
		"receiver_tcp_congestion":	"reno"
	}
}
