{
	"start":	{
		"connected":	[{
				"socket":	5,
				"local_host":	"10.0.1.1",
				"local_port":	43318,
				"remote_host":	"10.0.0.1",
				"remote_port":	5201
			}],
		"version":	"iperf 3.9+",
		"system_info":	"Linux han-3 5.10.0 #9 SMP PREEMPT Tue Feb 23 15:01:43 PST 2021 x86_64",
		"timestamp":	{
			"time":	"Fri, 26 May 2023 16:51:56 GMT",
			"timesecs":	1685119916
		},
		"connecting_to":	{
			"host":	"10.0.0.1",
			"port":	5201
		},
		"cookie":	"rfycumzxce2xeqyjrlh5uh3tyx52ht5pdw4s",
		"tcp_mss_default":	8948,
		"target_bitrate":	7000000000,
		"sock_bufsize":	0,
		"sndbuf_actual":	16384,
		"rcvbuf_actual":	131072,
		"test_start":	{
			"protocol":	"TCP",
			"num_streams":	1,
			"blksize":	131072,
			"omit":	0,
			"duration":	10,
			"bytes":	0,
			"blocks":	0,
			"reverse":	0,
			"tos":	0
		}
	},
	"intervals":	[{
			"streams":	[{
					"socket":	5,
					"start":	0,
					"end":	10.000256,
					"seconds":	10.000255584716797,
					"bytes":	8749318144,
					"bits_per_second":	6999275624.4121752,
					"retransmits":	14,
					"snd_cwnd":	2326480,
					"rtt":	633,
					"rttvar":	52,
					"pmtu":	9000,
					"omitted":	false,
					"sender":	true
				}],
			"sum":	{
				"start":	0,
				"end":	10.000256,
				"seconds":	10.000255584716797,
				"bytes":	8749318144,
				"bits_per_second":	6999275624.4121752,
				"retransmits":	14,
				"omitted":	false,
				"sender":	true
			}
		}],
	"end":	{
		"streams":	[{
				"sender":	{
					"socket":	5,
					"start":	0,
					"end":	10.000256,
					"seconds":	10.000256,
					"bytes":	8749318144,
					"bits_per_second":	6999275333.7514553,
					"retransmits":	14,
					"max_snd_cwnd":	2326480,
					"max_rtt":	633,
					"min_rtt":	633,
					"mean_rtt":	633,
					"sender":	true
				},
				"receiver":	{
					"socket":	5,
					"start":	0,
					"end":	10.00052,
					"seconds":	10.000256,
					"bytes":	8749318144,
					"bits_per_second":	6999090562.49075,
					"sender":	true
				}
			}],
		"sum_sent":	{
			"start":	0,
			"end":	10.000256,
			"seconds":	10.000256,
			"bytes":	8749318144,
			"bits_per_second":	6999275333.7514553,
			"retransmits":	14,
			"sender":	true
		},
		"sum_received":	{
			"start":	0,
			"end":	10.00052,
			"seconds":	10.00052,
			"bytes":	8749318144,
			"bits_per_second":	6999090562.49075,
			"sender":	true
		},
		"cpu_utilization_percent":	{
			"host_total":	57.749117039483323,
			"host_user":	1.9617790022261223,
			"host_system":	55.787328039402738,
			"remote_total":	48.76154902708587,
			"remote_user":	0,
			"remote_system":	48.76154902708587
		},
		"sender_tcp_congestion":	"cubic",
		"receiver_tcp_congestion":	"reno"
	}
}
