{
	"start":	{
		"connected":	[{
				"socket":	5,
				"local_host":	"10.0.1.1",
				"local_port":	59954,
				"remote_host":	"10.0.0.1",
				"remote_port":	5201
			}],
		"version":	"iperf 3.9+",
		"system_info":	"Linux han-3 5.10.0 #9 SMP PREEMPT Tue Feb 23 15:01:43 PST 2021 x86_64",
		"timestamp":	{
			"time":	"Thu, 25 May 2023 02:56:10 GMT",
			"timesecs":	1684983370
		},
		"connecting_to":	{
			"host":	"10.0.0.1",
			"port":	5201
		},
		"cookie":	"cs4rawaylmenstmvyrd4b6b43bzk24m4nim7",
		"tcp_mss_default":	8948,
		"target_bitrate":	2000000000,
		"sock_bufsize":	0,
		"sndbuf_actual":	16384,
		"rcvbuf_actual":	131072,
		"test_start":	{
			"protocol":	"TCP",
			"num_streams":	1,
			"blksize":	131072,
			"omit":	0,
			"duration":	50,
			"bytes":	0,
			"blocks":	0,
			"reverse":	0,
			"tos":	0
		}
	},
	"intervals":	[{
			"streams":	[{
					"socket":	5,
					"start":	0,
					"end":	50.000075,
					"seconds":	50.000076293945312,
					"bytes":	12499812352,
					"bits_per_second":	1999966924.6126566,
					"retransmits":	9,
					"snd_cwnd":	581620,
					"rtt":	326,
					"rttvar":	40,
					"pmtu":	9000,
					"omitted":	false,
					"sender":	true
				}],
			"sum":	{
				"start":	0,
				"end":	50.000075,
				"seconds":	50.000076293945312,
				"bytes":	12499812352,
				"bits_per_second":	1999966924.6126566,
				"retransmits":	9,
				"omitted":	false,
				"sender":	true
			}
		}],
	"end":	{
		"streams":	[{
				"sender":	{
					"socket":	5,
					"start":	0,
					"end":	50.000075,
					"seconds":	50.000075,
					"bytes":	12499812352,
					"bits_per_second":	1999966976.3695354,
					"retransmits":	9,
					"max_snd_cwnd":	581620,
					"max_rtt":	326,
					"min_rtt":	326,
					"mean_rtt":	326,
					"sender":	true
				},
				"receiver":	{
					"socket":	5,
					"start":	0,
					"end":	50.000203,
					"seconds":	50.000075,
					"bytes":	12499812352,
					"bits_per_second":	1999961856.4748628,
					"sender":	true
				}
			}],
		"sum_sent":	{
			"start":	0,
			"end":	50.000075,
			"seconds":	50.000075,
			"bytes":	12499812352,
			"bits_per_second":	1999966976.3695354,
			"retransmits":	9,
			"sender":	true
		},
		"sum_received":	{
			"start":	0,
			"end":	50.000203,
			"seconds":	50.000203,
			"bytes":	12499812352,
			"bits_per_second":	1999961856.4748628,
			"sender":	true
		},
		"cpu_utilization_percent":	{
			"host_total":	7.60103768708343,
			"host_user":	0,
			"host_system":	7.60103768708343,
			"remote_total":	26.823698278751738,
			"remote_user":	5.3626877577586942,
			"remote_system":	21.461010520993046
		},
		"sender_tcp_congestion":	"cubic",
		"receiver_tcp_congestion":	"reno"
	}
}
