{
	"start":	{
		"connected":	[{
				"socket":	5,
				"local_host":	"10.0.1.1",
				"local_port":	40730,
				"remote_host":	"10.0.0.1",
				"remote_port":	5201
			}],
		"version":	"iperf 3.9+",
		"system_info":	"Linux han-3 5.10.0 #9 SMP PREEMPT Tue Feb 23 15:01:43 PST 2021 x86_64",
		"timestamp":	{
			"time":	"Fri, 26 May 2023 07:43:00 GMT",
			"timesecs":	1685086980
		},
		"connecting_to":	{
			"host":	"10.0.0.1",
			"port":	5201
		},
		"cookie":	"63wf6misykikozoyvdkgu2sgufzx57fsz4zx",
		"tcp_mss_default":	8948,
		"target_bitrate":	1000000000,
		"sock_bufsize":	0,
		"sndbuf_actual":	16384,
		"rcvbuf_actual":	131072,
		"test_start":	{
			"protocol":	"TCP",
			"num_streams":	1,
			"blksize":	131072,
			"omit":	0,
			"duration":	20,
			"bytes":	0,
			"blocks":	0,
			"reverse":	0,
			"tos":	0
		}
	},
	"intervals":	[{
			"streams":	[{
					"socket":	5,
					"start":	0,
					"end":	20.00009,
					"seconds":	20.000089645385742,
					"bytes":	2499936256,
					"bits_per_second":	999970020.26509,
					"retransmits":	11,
					"snd_cwnd":	241596,
					"rtt":	249,
					"rttvar":	20,
					"pmtu":	9000,
					"omitted":	false,
					"sender":	true
				}],
			"sum":	{
				"start":	0,
				"end":	20.00009,
				"seconds":	20.000089645385742,
				"bytes":	2499936256,
				"bits_per_second":	999970020.26509,
				"retransmits":	11,
				"omitted":	false,
				"sender":	true
			}
		}],
	"end":	{
		"streams":	[{
				"sender":	{
					"socket":	5,
					"start":	0,
					"end":	20.00009,
					"seconds":	20.00009,
					"bytes":	2499936256,
					"bits_per_second":	999970002.53498864,
					"retransmits":	11,
					"max_snd_cwnd":	241596,
					"max_rtt":	249,
					"min_rtt":	249,
					"mean_rtt":	249,
					"sender":	true
				},
				"receiver":	{
					"socket":	5,
					"start":	0,
					"end":	20.000241,
					"seconds":	20.00009,
					"bytes":	2499936256,
					"bits_per_second":	999962452.85244322,
					"sender":	true
				}
			}],
		"sum_sent":	{
			"start":	0,
			"end":	20.00009,
			"seconds":	20.00009,
			"bytes":	2499936256,
			"bits_per_second":	999970002.53498864,
			"retransmits":	11,
			"sender":	true
		},
		"sum_received":	{
			"start":	0,
			"end":	20.000241,
			"seconds":	20.000241,
			"bytes":	2499936256,
			"bits_per_second":	999962452.85244322,
			"sender":	true
		},
		"cpu_utilization_percent":	{
			"host_total":	9.39382992226035,
			"host_user":	0.52384698120816064,
			"host_system":	8.86998294105219,
			"remote_total":	14.82735467165509,
			"remote_user":	0,
			"remote_system":	14.82735467165509
		},
		"sender_tcp_congestion":	"cubic",
		"receiver_tcp_congestion":	"reno"
	}
}
