{
	"start":	{
		"connected":	[{
				"socket":	5,
				"local_host":	"10.0.1.1",
				"local_port":	37470,
				"remote_host":	"10.0.0.1",
				"remote_port":	5201
			}],
		"version":	"iperf 3.9+",
		"system_info":	"Linux han-3 5.10.0 #9 SMP PREEMPT Tue Feb 23 15:01:43 PST 2021 x86_64",
		"timestamp":	{
			"time":	"Thu, 25 May 2023 20:10:37 GMT",
			"timesecs":	1685045437
		},
		"connecting_to":	{
			"host":	"10.0.0.1",
			"port":	5201
		},
		"cookie":	"u6nrlzusxsf526mch4bzwqs2if4lvjjh3kkx",
		"tcp_mss_default":	8948,
		"target_bitrate":	3000000000,
		"sock_bufsize":	0,
		"sndbuf_actual":	16384,
		"rcvbuf_actual":	131072,
		"test_start":	{
			"protocol":	"TCP",
			"num_streams":	1,
			"blksize":	131072,
			"omit":	0,
			"duration":	70,
			"bytes":	0,
			"blocks":	0,
			"reverse":	0,
			"tos":	0
		}
	},
	"intervals":	[{
			"streams":	[{
					"socket":	5,
					"start":	0,
					"end":	60.000072,
					"seconds":	60.000072479248047,
					"bytes":	22499688448,
					"bits_per_second":	2999954835.8254886,
					"retransmits":	7,
					"snd_cwnd":	536880,
					"rtt":	368,
					"rttvar":	28,
					"pmtu":	9000,
					"omitted":	false,
					"sender":	true
				}],
			"sum":	{
				"start":	0,
				"end":	60.000072,
				"seconds":	60.000072479248047,
				"bytes":	22499688448,
				"bits_per_second":	2999954835.8254886,
				"retransmits":	7,
				"omitted":	false,
				"sender":	true
			}
		}, {
			"streams":	[{
					"socket":	5,
					"start":	60.000072,
					"end":	70.000075,
					"seconds":	10.000002861022949,
					"bytes":	3750100992,
					"bits_per_second":	3000079935.2702456,
					"retransmits":	0,
					"snd_cwnd":	536880,
					"rtt":	343,
					"rttvar":	27,
					"pmtu":	9000,
					"omitted":	false,
					"sender":	true
				}],
			"sum":	{
				"start":	60.000072,
				"end":	70.000075,
				"seconds":	10.000002861022949,
				"bytes":	3750100992,
				"bits_per_second":	3000079935.2702456,
				"retransmits":	0,
				"omitted":	false,
				"sender":	true
			}
		}],
	"end":	{
		"streams":	[{
				"sender":	{
					"socket":	5,
					"start":	0,
					"end":	70.000075,
					"seconds":	70.000075,
					"bytes":	26249789440,
					"bits_per_second":	2999972721.7435126,
					"retransmits":	7,
					"max_snd_cwnd":	536880,
					"max_rtt":	368,
					"min_rtt":	343,
					"mean_rtt":	355,
					"sender":	true
				},
				"receiver":	{
					"socket":	5,
					"start":	0,
					"end":	70.000156,
					"seconds":	70.000075,
					"bytes":	26249789440,
					"bits_per_second":	2999969250.3542418,
					"sender":	true
				}
			}],
		"sum_sent":	{
			"start":	0,
			"end":	70.000075,
			"seconds":	70.000075,
			"bytes":	26249789440,
			"bits_per_second":	2999972721.7435126,
			"retransmits":	7,
			"sender":	true
		},
		"sum_received":	{
			"start":	0,
			"end":	70.000156,
			"seconds":	70.000156,
			"bytes":	26249789440,
			"bits_per_second":	2999969250.3542418,
			"sender":	true
		},
		"cpu_utilization_percent":	{
			"host_total":	14.02857396768368,
			"host_user":	0.55021452325148168,
			"host_system":	13.478360872963444,
			"remote_total":	33.757352837154137,
			"remote_user":	2.195831517547016,
			"remote_system":	31.561521319607117
		},
		"sender_tcp_congestion":	"cubic",
		"receiver_tcp_congestion":	"reno"
	}
}
