{
	"start":	{
		"connected":	[{
				"socket":	5,
				"local_host":	"10.0.1.1",
				"local_port":	43128,
				"remote_host":	"10.0.0.1",
				"remote_port":	5201
			}],
		"version":	"iperf 3.9+",
		"system_info":	"Linux han-3 5.10.0 #9 SMP PREEMPT Tue Feb 23 15:01:43 PST 2021 x86_64",
		"timestamp":	{
			"time":	"Fri, 26 May 2023 15:57:53 GMT",
			"timesecs":	1685116673
		},
		"connecting_to":	{
			"host":	"10.0.0.1",
			"port":	5201
		},
		"cookie":	"ttf2xmbpkol7gua4qlqq5kds3dfp24r2smuy",
		"tcp_mss_default":	8948,
		"target_bitrate":	6000000000,
		"sock_bufsize":	0,
		"sndbuf_actual":	16384,
		"rcvbuf_actual":	131072,
		"test_start":	{
			"protocol":	"TCP",
			"num_streams":	1,
			"blksize":	131072,
			"omit":	0,
			"duration":	70,
			"bytes":	0,
			"blocks":	0,
			"reverse":	0,
			"tos":	0
		}
	},
	"intervals":	[{
			"streams":	[{
					"socket":	5,
					"start":	0,
					"end":	60.000085,
					"seconds":	60.000083923339844,
					"bytes":	44999507968,
					"bits_per_second":	5999926003.50285,
					"retransmits":	66,
					"snd_cwnd":	2997580,
					"rtt":	494,
					"rttvar":	64,
					"pmtu":	9000,
					"omitted":	false,
					"sender":	true
				}],
			"sum":	{
				"start":	0,
				"end":	60.000085,
				"seconds":	60.000083923339844,
				"bytes":	44999507968,
				"bits_per_second":	5999926003.50285,
				"retransmits":	66,
				"omitted":	false,
				"sender":	true
			}
		}, {
			"streams":	[{
					"socket":	5,
					"start":	60.000085,
					"end":	70.000124,
					"seconds":	10.000039100646973,
					"bytes":	7499939840,
					"bits_per_second":	5999928411.89173,
					"retransmits":	0,
					"snd_cwnd":	2997580,
					"rtt":	319,
					"rttvar":	36,
					"pmtu":	9000,
					"omitted":	false,
					"sender":	true
				}],
			"sum":	{
				"start":	60.000085,
				"end":	70.000124,
				"seconds":	10.000039100646973,
				"bytes":	7499939840,
				"bits_per_second":	5999928411.89173,
				"retransmits":	0,
				"omitted":	false,
				"sender":	true
			}
		}],
	"end":	{
		"streams":	[{
				"sender":	{
					"socket":	5,
					"start":	0,
					"end":	70.000124,
					"seconds":	70.000124,
					"bytes":	52499447808,
					"bits_per_second":	5999926263.9020472,
					"retransmits":	66,
					"max_snd_cwnd":	2997580,
					"max_rtt":	494,
					"min_rtt":	319,
					"mean_rtt":	406,
					"sender":	true
				},
				"receiver":	{
					"socket":	5,
					"start":	0,
					"end":	70.00022,
					"seconds":	70.000124,
					"bytes":	52499447808,
					"bits_per_second":	5999918035.4576025,
					"sender":	true
				}
			}],
		"sum_sent":	{
			"start":	0,
			"end":	70.000124,
			"seconds":	70.000124,
			"bytes":	52499447808,
			"bits_per_second":	5999926263.9020472,
			"retransmits":	66,
			"sender":	true
		},
		"sum_received":	{
			"start":	0,
			"end":	70.00022,
			"seconds":	70.00022,
			"bytes":	52499447808,
			"bits_per_second":	5999918035.4576025,
			"sender":	true
		},
		"cpu_utilization_percent":	{
			"host_total":	53.809470920169368,
			"host_user":	1.5319306620767277,
			"host_system":	52.277543115138144,
			"remote_total":	44.014531909790577,
			"remote_user":	1.6622140819948859,
			"remote_system":	42.352316400753828
		},
		"sender_tcp_congestion":	"cubic",
		"receiver_tcp_congestion":	"reno"
	}
}
