{
	"start":	{
		"connected":	[{
				"socket":	5,
				"local_host":	"10.0.1.1",
				"local_port":	33938,
				"remote_host":	"10.0.0.1",
				"remote_port":	5201
			}],
		"version":	"iperf 3.9+",
		"system_info":	"Linux han-3 5.10.0 #9 SMP PREEMPT Tue Feb 23 15:01:43 PST 2021 x86_64",
		"timestamp":	{
			"time":	"Thu, 25 May 2023 10:40:45 GMT",
			"timesecs":	1685011245
		},
		"connecting_to":	{
			"host":	"10.0.0.1",
			"port":	5201
		},
		"cookie":	"pt7jpqbt6mm257peq5h34ast4dqz2aj5r6bj",
		"tcp_mss_default":	8948,
		"target_bitrate":	7000000000,
		"sock_bufsize":	0,
		"sndbuf_actual":	16384,
		"rcvbuf_actual":	131072,
		"test_start":	{
			"protocol":	"TCP",
			"num_streams":	1,
			"blksize":	131072,
			"omit":	0,
			"duration":	60,
			"bytes":	0,
			"blocks":	0,
			"reverse":	0,
			"tos":	0
		}
	},
	"intervals":	[{
			"streams":	[{
					"socket":	5,
					"start":	0,
					"end":	60.000075,
					"seconds":	60.000076293945312,
					"bytes":	52499316736,
					"bits_per_second":	6999899997.3002071,
					"retransmits":	20,
					"snd_cwnd":	1109552,
					"rtt":	588,
					"rttvar":	61,
					"pmtu":	9000,
					"omitted":	false,
					"sender":	true
				}],
			"sum":	{
				"start":	0,
				"end":	60.000075,
				"seconds":	60.000076293945312,
				"bytes":	52499316736,
				"bits_per_second":	6999899997.3002071,
				"retransmits":	20,
				"omitted":	false,
				"sender":	true
			}
		}],
	"end":	{
		"streams":	[{
				"sender":	{
					"socket":	5,
					"start":	0,
					"end":	60.000075,
					"seconds":	60.000075,
					"bytes":	52499316736,
					"bits_per_second":	6999900148.2581482,
					"retransmits":	20,
					"max_snd_cwnd":	1109552,
					"max_rtt":	588,
					"min_rtt":	588,
					"mean_rtt":	588,
					"sender":	true
				},
				"receiver":	{
					"socket":	5,
					"start":	0,
					"end":	60.000191,
					"seconds":	60.000075,
					"bytes":	52499316736,
					"bits_per_second":	6999886615.1609421,
					"sender":	true
				}
			}],
		"sum_sent":	{
			"start":	0,
			"end":	60.000075,
			"seconds":	60.000075,
			"bytes":	52499316736,
			"bits_per_second":	6999900148.2581482,
			"retransmits":	20,
			"sender":	true
		},
		"sum_received":	{
			"start":	0,
			"end":	60.000191,
			"seconds":	60.000191,
			"bytes":	52499316736,
			"bits_per_second":	6999886615.1609421,
			"sender":	true
		},
		"cpu_utilization_percent":	{
			"host_total":	18.950439421685008,
			"host_user":	0,
			"host_system":	18.950434421883916,
			"remote_total":	50.763401719447351,
			"remote_user":	5.7465151524487066,
			"remote_system":	45.016888232258445
		},
		"sender_tcp_congestion":	"cubic",
		"receiver_tcp_congestion":	"reno"
	}
}
