{
	"start":	{
		"connected":	[{
				"socket":	5,
				"local_host":	"10.0.1.1",
				"local_port":	44702,
				"remote_host":	"10.0.0.1",
				"remote_port":	5201
			}],
		"version":	"iperf 3.9+",
		"system_info":	"Linux han-3 5.10.0 #9 SMP PREEMPT Tue Feb 23 15:01:43 PST 2021 x86_64",
		"timestamp":	{
			"time":	"Fri, 26 May 2023 21:31:30 GMT",
			"timesecs":	1685136690
		},
		"connecting_to":	{
			"host":	"10.0.0.1",
			"port":	5201
		},
		"cookie":	"56adw2x42go72lfiuy3iqctaazk3cv45j4io",
		"tcp_mss_default":	8948,
		"target_bitrate":	10000000000,
		"sock_bufsize":	0,
		"sndbuf_actual":	16384,
		"rcvbuf_actual":	131072,
		"test_start":	{
			"protocol":	"TCP",
			"num_streams":	1,
			"blksize":	131072,
			"omit":	0,
			"duration":	30,
			"bytes":	0,
			"blocks":	0,
			"reverse":	0,
			"tos":	0
		}
	},
	"intervals":	[{
			"streams":	[{
					"socket":	5,
					"start":	0,
					"end":	30.00023,
					"seconds":	30.00023078918457,
					"bytes":	36395024384,
					"bits_per_second":	9705265173.39215,
					"retransmits":	600,
					"snd_cwnd":	1583796,
					"rtt":	1197,
					"rttvar":	10,
					"pmtu":	9000,
					"omitted":	false,
					"sender":	true
				}],
			"sum":	{
				"start":	0,
				"end":	30.00023,
				"seconds":	30.00023078918457,
				"bytes":	36395024384,
				"bits_per_second":	9705265173.39215,
				"retransmits":	600,
				"omitted":	false,
				"sender":	true
			}
		}],
	"end":	{
		"streams":	[{
				"sender":	{
					"socket":	5,
					"start":	0,
					"end":	30.00023,
					"seconds":	30.00023,
					"bytes":	36395024384,
					"bits_per_second":	9705265428.69838,
					"retransmits":	600,
					"max_snd_cwnd":	1583796,
					"max_rtt":	1197,
					"min_rtt":	1197,
					"mean_rtt":	1197,
					"sender":	true
				},
				"receiver":	{
					"socket":	5,
					"start":	0,
					"end":	30.00157,
					"seconds":	30.00023,
					"bytes":	36394110848,
					"bits_per_second":	9704588352.67621,
					"sender":	true
				}
			}],
		"sum_sent":	{
			"start":	0,
			"end":	30.00023,
			"seconds":	30.00023,
			"bytes":	36395024384,
			"bits_per_second":	9705265428.69838,
			"retransmits":	600,
			"sender":	true
		},
		"sum_received":	{
			"start":	0,
			"end":	30.00157,
			"seconds":	30.00157,
			"bytes":	36394110848,
			"bits_per_second":	9704588352.67621,
			"sender":	true
		},
		"cpu_utilization_percent":	{
			"host_total":	98.317531666939431,
			"host_user":	2.7828276077915852,
			"host_system":	95.534724057741272,
			"remote_total":	47.840007608013089,
			"remote_user":	1.8932015187429621,
			"remote_system":	45.946806089270126
		},
		"sender_tcp_congestion":	"cubic",
		"receiver_tcp_congestion":	"reno"
	}
}
