{
	"start":	{
		"connected":	[{
				"socket":	5,
				"local_host":	"10.0.1.1",
				"local_port":	59400,
				"remote_host":	"10.0.0.1",
				"remote_port":	5201
			}],
		"version":	"iperf 3.9+",
		"system_info":	"Linux han-3 5.10.0 #9 SMP PREEMPT Tue Feb 23 15:01:43 PST 2021 x86_64",
		"timestamp":	{
			"time":	"Thu, 25 May 2023 01:08:34 GMT",
			"timesecs":	1684976914
		},
		"connecting_to":	{
			"host":	"10.0.0.1",
			"port":	5201
		},
		"cookie":	"lhdxjhlzxzbfhlvjgth7a7gedf2tlt6aetfr",
		"tcp_mss_default":	8948,
		"target_bitrate":	1000000000,
		"sock_bufsize":	0,
		"sndbuf_actual":	16384,
		"rcvbuf_actual":	131072,
		"test_start":	{
			"protocol":	"TCP",
			"num_streams":	1,
			"blksize":	131072,
			"omit":	0,
			"duration":	20,
			"bytes":	0,
			"blocks":	0,
			"reverse":	0,
			"tos":	0
		}
	},
	"intervals":	[{
			"streams":	[{
					"socket":	5,
					"start":	0,
					"end":	20.000088,
					"seconds":	20.000087738037109,
					"bytes":	2499936256,
					"bits_per_second":	999970115.62924433,
					"retransmits":	7,
					"snd_cwnd":	161064,
					"rtt":	238,
					"rttvar":	25,
					"pmtu":	9000,
					"omitted":	false,
					"sender":	true
				}],
			"sum":	{
				"start":	0,
				"end":	20.000088,
				"seconds":	20.000087738037109,
				"bytes":	2499936256,
				"bits_per_second":	999970115.62924433,
				"retransmits":	7,
				"omitted":	false,
				"sender":	true
			}
		}],
	"end":	{
		"streams":	[{
				"sender":	{
					"socket":	5,
					"start":	0,
					"end":	20.000088,
					"seconds":	20.000088,
					"bytes":	2499936256,
					"bits_per_second":	999970102.53154874,
					"retransmits":	7,
					"max_snd_cwnd":	161064,
					"max_rtt":	238,
					"min_rtt":	238,
					"mean_rtt":	238,
					"sender":	true
				},
				"receiver":	{
					"socket":	5,
					"start":	0,
					"end":	20.000229,
					"seconds":	20.000088,
					"bytes":	2499936256,
					"bits_per_second":	999963052.823045,
					"sender":	true
				}
			}],
		"sum_sent":	{
			"start":	0,
			"end":	20.000088,
			"seconds":	20.000088,
			"bytes":	2499936256,
			"bits_per_second":	999970102.53154874,
			"retransmits":	7,
			"sender":	true
		},
		"sum_received":	{
			"start":	0,
			"end":	20.000229,
			"seconds":	20.000229,
			"bytes":	2499936256,
			"bits_per_second":	999963052.823045,
			"sender":	true
		},
		"cpu_utilization_percent":	{
			"host_total":	7.0491972684665543,
			"host_user":	1.4121261803151435,
			"host_system":	5.63707108815141,
			"remote_total":	16.247670377373431,
			"remote_user":	4.65702608997814,
			"remote_system":	11.590649274278791
		},
		"sender_tcp_congestion":	"cubic",
		"receiver_tcp_congestion":	"reno"
	}
}
