{
	"start":	{
		"connected":	[{
				"socket":	5,
				"local_host":	"10.0.1.1",
				"local_port":	33818,
				"remote_host":	"10.0.0.1",
				"remote_port":	5201
			}],
		"version":	"iperf 3.9+",
		"system_info":	"Linux han-3 5.10.0 #9 SMP PREEMPT Tue Feb 23 15:01:43 PST 2021 x86_64",
		"timestamp":	{
			"time":	"Thu, 25 May 2023 10:21:43 GMT",
			"timesecs":	1685010103
		},
		"connecting_to":	{
			"host":	"10.0.0.1",
			"port":	5201
		},
		"cookie":	"6xegi6u7fq6gtbozjftoayeb5k2plchx7nst",
		"tcp_mss_default":	8948,
		"target_bitrate":	7000000000,
		"sock_bufsize":	0,
		"sndbuf_actual":	16384,
		"rcvbuf_actual":	131072,
		"test_start":	{
			"protocol":	"TCP",
			"num_streams":	1,
			"blksize":	131072,
			"omit":	0,
			"duration":	30,
			"bytes":	0,
			"blocks":	0,
			"reverse":	0,
			"tos":	0
		}
	},
	"intervals":	[{
			"streams":	[{
					"socket":	5,
					"start":	0,
					"end":	30.000127,
					"seconds":	30.0001277923584,
					"bytes":	26249396224,
					"bits_per_second":	6999809175.66257,
					"retransmits":	93,
					"snd_cwnd":	1646432,
					"rtt":	624,
					"rttvar":	79,
					"pmtu":	9000,
					"omitted":	false,
					"sender":	true
				}],
			"sum":	{
				"start":	0,
				"end":	30.000127,
				"seconds":	30.0001277923584,
				"bytes":	26249396224,
				"bits_per_second":	6999809175.66257,
				"retransmits":	93,
				"omitted":	false,
				"sender":	true
			}
		}],
	"end":	{
		"streams":	[{
				"sender":	{
					"socket":	5,
					"start":	0,
					"end":	30.000127,
					"seconds":	30.000127,
					"bytes":	26249396224,
					"bits_per_second":	6999809360.5403738,
					"retransmits":	93,
					"max_snd_cwnd":	1646432,
					"max_rtt":	624,
					"min_rtt":	624,
					"mean_rtt":	624,
					"sender":	true
				},
				"receiver":	{
					"socket":	5,
					"start":	0,
					"end":	30.000434,
					"seconds":	30.000127,
					"bytes":	26249396224,
					"bits_per_second":	6999737730.19417,
					"sender":	true
				}
			}],
		"sum_sent":	{
			"start":	0,
			"end":	30.000127,
			"seconds":	30.000127,
			"bytes":	26249396224,
			"bits_per_second":	6999809360.5403738,
			"retransmits":	93,
			"sender":	true
		},
		"sum_received":	{
			"start":	0,
			"end":	30.000434,
			"seconds":	30.000434,
			"bytes":	26249396224,
			"bits_per_second":	6999737730.19417,
			"sender":	true
		},
		"cpu_utilization_percent":	{
			"host_total":	27.907201378456342,
			"host_user":	2.1709200801433068,
			"host_system":	25.736284631395716,
			"remote_total":	50.694797564135264,
			"remote_user":	0.94145296232737219,
			"remote_system":	49.753344601807889
		},
		"sender_tcp_congestion":	"cubic",
		"receiver_tcp_congestion":	"reno"
	}
}
