{
	"start":	{
		"connected":	[{
				"socket":	5,
				"local_host":	"10.0.1.1",
				"local_port":	37234,
				"remote_host":	"10.0.0.1",
				"remote_port":	5201
			}],
		"version":	"iperf 3.9+",
		"system_info":	"Linux han-3 5.10.0 #9 SMP PREEMPT Tue Feb 23 15:01:43 PST 2021 x86_64",
		"timestamp":	{
			"time":	"Thu, 25 May 2023 19:28:54 GMT",
			"timesecs":	1685042934
		},
		"connecting_to":	{
			"host":	"10.0.0.1",
			"port":	5201
		},
		"cookie":	"alfcjmosm6ejqy65vlrdxmhcfu2ok4wz736i",
		"tcp_mss_default":	8948,
		"target_bitrate":	3000000000,
		"sock_bufsize":	0,
		"sndbuf_actual":	16384,
		"rcvbuf_actual":	131072,
		"test_start":	{
			"protocol":	"TCP",
			"num_streams":	1,
			"blksize":	131072,
			"omit":	0,
			"duration":	20,
			"bytes":	0,
			"blocks":	0,
			"reverse":	0,
			"tos":	0
		}
	},
	"intervals":	[{
			"streams":	[{
					"socket":	5,
					"start":	0,
					"end":	20.000092,
					"seconds":	20.000091552734375,
					"bytes":	7499677696,
					"bits_per_second":	2999857346.1428614,
					"retransmits":	17,
					"snd_cwnd":	536880,
					"rtt":	295,
					"rttvar":	7,
					"pmtu":	9000,
					"omitted":	false,
					"sender":	true
				}],
			"sum":	{
				"start":	0,
				"end":	20.000092,
				"seconds":	20.000091552734375,
				"bytes":	7499677696,
				"bits_per_second":	2999857346.1428614,
				"retransmits":	17,
				"omitted":	false,
				"sender":	true
			}
		}],
	"end":	{
		"streams":	[{
				"sender":	{
					"socket":	5,
					"start":	0,
					"end":	20.000092,
					"seconds":	20.000092,
					"bytes":	7499677696,
					"bits_per_second":	2999857279.0565166,
					"retransmits":	17,
					"max_snd_cwnd":	536880,
					"max_rtt":	295,
					"min_rtt":	295,
					"mean_rtt":	295,
					"sender":	true
				},
				"receiver":	{
					"socket":	5,
					"start":	0,
					"end":	20.000242,
					"seconds":	20.000092,
					"bytes":	7499677696,
					"bits_per_second":	2999834780.399157,
					"sender":	true
				}
			}],
		"sum_sent":	{
			"start":	0,
			"end":	20.000092,
			"seconds":	20.000092,
			"bytes":	7499677696,
			"bits_per_second":	2999857279.0565166,
			"retransmits":	17,
			"sender":	true
		},
		"sum_received":	{
			"start":	0,
			"end":	20.000242,
			"seconds":	20.000242,
			"bytes":	7499677696,
			"bits_per_second":	2999834780.399157,
			"sender":	true
		},
		"cpu_utilization_percent":	{
			"host_total":	15.89556868840436,
			"host_user":	1.3731581612834041,
			"host_system":	14.522410527120954,
			"remote_total":	34.2740620227471,
			"remote_user":	4.36024987796785,
			"remote_system":	29.913807158787385
		},
		"sender_tcp_congestion":	"cubic",
		"receiver_tcp_congestion":	"reno"
	}
}
