{
	"start":	{
		"connected":	[{
				"socket":	5,
				"local_host":	"10.0.1.1",
				"local_port":	56014,
				"remote_host":	"10.0.0.1",
				"remote_port":	5201
			}],
		"version":	"iperf 3.9+",
		"system_info":	"Linux han-3 5.10.0 #9 SMP PREEMPT Tue Feb 23 15:01:43 PST 2021 x86_64",
		"timestamp":	{
			"time":	"Tue, 23 May 2023 11:35:21 GMT",
			"timesecs":	1684841721
		},
		"connecting_to":	{
			"host":	"10.0.0.1",
			"port":	5201
		},
		"cookie":	"l45ie7wd5e4whrtljzavvrzrcqodzcrmejin",
		"tcp_mss_default":	8948,
		"target_bitrate":	10000000000,
		"sock_bufsize":	0,
		"sndbuf_actual":	16384,
		"rcvbuf_actual":	131072,
		"test_start":	{
			"protocol":	"TCP",
			"num_streams":	1,
			"blksize":	131072,
			"omit":	0,
			"duration":	100,
			"bytes":	0,
			"blocks":	0,
			"reverse":	0,
			"tos":	0
		}
	},
	"intervals":	[{
			"streams":	[{
					"socket":	5,
					"start":	0,
					"end":	60.000109,
					"seconds":	60.0001106262207,
					"bytes":	74248093696,
					"bits_per_second":	9899727573.30921,
					"retransmits":	1702,
					"snd_cwnd":	1548004,
					"rtt":	1198,
					"rttvar":	31,
					"pmtu":	9000,
					"omitted":	false,
					"sender":	true
				}],
			"sum":	{
				"start":	0,
				"end":	60.000109,
				"seconds":	60.0001106262207,
				"bytes":	74248093696,
				"bits_per_second":	9899727573.30921,
				"retransmits":	1702,
				"omitted":	false,
				"sender":	true
			}
		}, {
			"streams":	[{
					"socket":	5,
					"start":	60.000109,
					"end":	100.000094,
					"seconds":	39.999984741210938,
					"bytes":	49493835776,
					"bits_per_second":	9898770931.28144,
					"retransmits":	1595,
					"snd_cwnd":	1664328,
					"rtt":	1257,
					"rttvar":	28,
					"pmtu":	9000,
					"omitted":	false,
					"sender":	true
				}],
			"sum":	{
				"start":	60.000109,
				"end":	100.000094,
				"seconds":	39.999984741210938,
				"bytes":	49493835776,
				"bits_per_second":	9898770931.28144,
				"retransmits":	1595,
				"omitted":	false,
				"sender":	true
			}
		}],
	"end":	{
		"streams":	[{
				"sender":	{
					"socket":	5,
					"start":	0,
					"end":	100.000094,
					"seconds":	100.000094,
					"bytes":	123741929472,
					"bits_per_second":	9899345052.37565,
					"retransmits":	3297,
					"max_snd_cwnd":	1664328,
					"max_rtt":	1257,
					"min_rtt":	1198,
					"mean_rtt":	1227,
					"sender":	true
				},
				"receiver":	{
					"socket":	5,
					"start":	0,
					"end":	100.001479,
					"seconds":	100.000094,
					"bytes":	123740838944,
					"bits_per_second":	9899120707.5247345,
					"sender":	true
				}
			}],
		"sum_sent":	{
			"start":	0,
			"end":	100.000094,
			"seconds":	100.000094,
			"bytes":	123741929472,
			"bits_per_second":	9899345052.37565,
			"retransmits":	3297,
			"sender":	true
		},
		"sum_received":	{
			"start":	0,
			"end":	100.001479,
			"seconds":	100.001479,
			"bytes":	123740838944,
			"bits_per_second":	9899120707.5247345,
			"sender":	true
		},
		"cpu_utilization_percent":	{
			"host_total":	29.287755447727047,
			"host_user":	2.8227405892055724,
			"host_system":	26.4650128585657,
			"remote_total":	50.571163295523426,
			"remote_user":	3.2775037965650768,
			"remote_system":	47.293658499533521
		},
		"sender_tcp_congestion":	"cubic",
		"receiver_tcp_congestion":	"reno"
	}
}
