{
	"start":	{
		"connected":	[{
				"socket":	5,
				"local_host":	"10.0.1.1",
				"local_port":	33922,
				"remote_host":	"10.0.0.1",
				"remote_port":	5201
			}],
		"version":	"iperf 3.9+",
		"system_info":	"Linux han-3 5.10.0 #9 SMP PREEMPT Tue Feb 23 15:01:43 PST 2021 x86_64",
		"timestamp":	{
			"time":	"Thu, 25 May 2023 10:37:25 GMT",
			"timesecs":	1685011045
		},
		"connecting_to":	{
			"host":	"10.0.0.1",
			"port":	5201
		},
		"cookie":	"grm6uwog5vkskoidqj6cslvvzh4k6h62ni3b",
		"tcp_mss_default":	8948,
		"target_bitrate":	7000000000,
		"sock_bufsize":	0,
		"sndbuf_actual":	16384,
		"rcvbuf_actual":	131072,
		"test_start":	{
			"protocol":	"TCP",
			"num_streams":	1,
			"blksize":	131072,
			"omit":	0,
			"duration":	50,
			"bytes":	0,
			"blocks":	0,
			"reverse":	0,
			"tos":	0
		}
	},
	"intervals":	[{
			"streams":	[{
					"socket":	5,
					"start":	0,
					"end":	50.000077,
					"seconds":	50.000076293945312,
					"bytes":	43749343232,
					"bits_per_second":	6999884236.1442976,
					"retransmits":	20,
					"snd_cwnd":	1064812,
					"rtt":	586,
					"rttvar":	84,
					"pmtu":	9000,
					"omitted":	false,
					"sender":	true
				}],
			"sum":	{
				"start":	0,
				"end":	50.000077,
				"seconds":	50.000076293945312,
				"bytes":	43749343232,
				"bits_per_second":	6999884236.1442976,
				"retransmits":	20,
				"omitted":	false,
				"sender":	true
			}
		}],
	"end":	{
		"streams":	[{
				"sender":	{
					"socket":	5,
					"start":	0,
					"end":	50.000077,
					"seconds":	50.000077,
					"bytes":	43749343232,
					"bits_per_second":	6999884137.2984285,
					"retransmits":	20,
					"max_snd_cwnd":	1064812,
					"max_rtt":	586,
					"min_rtt":	586,
					"mean_rtt":	586,
					"sender":	true
				},
				"receiver":	{
					"socket":	5,
					"start":	0,
					"end":	50.000218,
					"seconds":	50.000077,
					"bytes":	43749343232,
					"bits_per_second":	6999864397.7112265,
					"sender":	true
				}
			}],
		"sum_sent":	{
			"start":	0,
			"end":	50.000077,
			"seconds":	50.000077,
			"bytes":	43749343232,
			"bits_per_second":	6999884137.2984285,
			"retransmits":	20,
			"sender":	true
		},
		"sum_received":	{
			"start":	0,
			"end":	50.000218,
			"seconds":	50.000218,
			"bytes":	43749343232,
			"bits_per_second":	6999864397.7112265,
			"sender":	true
		},
		"cpu_utilization_percent":	{
			"host_total":	24.357126546463924,
			"host_user":	2.4339941336296183,
			"host_system":	21.923130412926223,
			"remote_total":	47.5905076874995,
			"remote_user":	2.3888566073038486,
			"remote_system":	45.201653078230621
		},
		"sender_tcp_congestion":	"cubic",
		"receiver_tcp_congestion":	"reno"
	}
}
