{
	"start":	{
		"connected":	[{
				"socket":	5,
				"local_host":	"10.0.1.1",
				"local_port":	41592,
				"remote_host":	"10.0.0.1",
				"remote_port":	5201
			}],
		"version":	"iperf 3.9+",
		"system_info":	"Linux han-3 5.10.0 #9 SMP PREEMPT Tue Feb 23 15:01:43 PST 2021 x86_64",
		"timestamp":	{
			"time":	"Fri, 26 May 2023 10:45:35 GMT",
			"timesecs":	1685097935
		},
		"connecting_to":	{
			"host":	"10.0.0.1",
			"port":	5201
		},
		"cookie":	"7pu6vop3lpovdbf2ombltzlngjfz5zqcopse",
		"tcp_mss_default":	8948,
		"target_bitrate":	3000000000,
		"sock_bufsize":	0,
		"sndbuf_actual":	16384,
		"rcvbuf_actual":	131072,
		"test_start":	{
			"protocol":	"TCP",
			"num_streams":	1,
			"blksize":	131072,
			"omit":	0,
			"duration":	20,
			"bytes":	0,
			"blocks":	0,
			"reverse":	0,
			"tos":	0
		}
	},
	"intervals":	[{
			"streams":	[{
					"socket":	5,
					"start":	0,
					"end":	20.000206,
					"seconds":	20.000205993652344,
					"bytes":	7499677696,
					"bits_per_second":	2999840180.9982333,
					"retransmits":	10,
					"snd_cwnd":	715840,
					"rtt":	330,
					"rttvar":	51,
					"pmtu":	9000,
					"omitted":	false,
					"sender":	true
				}],
			"sum":	{
				"start":	0,
				"end":	20.000206,
				"seconds":	20.000205993652344,
				"bytes":	7499677696,
				"bits_per_second":	2999840180.9982333,
				"retransmits":	10,
				"omitted":	false,
				"sender":	true
			}
		}],
	"end":	{
		"streams":	[{
				"sender":	{
					"socket":	5,
					"start":	0,
					"end":	20.000206,
					"seconds":	20.000206,
					"bytes":	7499677696,
					"bits_per_second":	2999840180.0461459,
					"retransmits":	10,
					"max_snd_cwnd":	715840,
					"max_rtt":	330,
					"min_rtt":	330,
					"mean_rtt":	330,
					"sender":	true
				},
				"receiver":	{
					"socket":	5,
					"start":	0,
					"end":	20.000463,
					"seconds":	20.000206,
					"bytes":	7499677696,
					"bits_per_second":	2999801632.9921961,
					"sender":	true
				}
			}],
		"sum_sent":	{
			"start":	0,
			"end":	20.000206,
			"seconds":	20.000206,
			"bytes":	7499677696,
			"bits_per_second":	2999840180.0461459,
			"retransmits":	10,
			"sender":	true
		},
		"sum_received":	{
			"start":	0,
			"end":	20.000463,
			"seconds":	20.000463,
			"bytes":	7499677696,
			"bits_per_second":	2999801632.9921961,
			"sender":	true
		},
		"cpu_utilization_percent":	{
			"host_total":	16.380650640237125,
			"host_user":	0.254970999617201,
			"host_system":	16.125669641953245,
			"remote_total":	33.1516724052413,
			"remote_user":	5.0717423938358719,
			"remote_system":	28.079930011405423
		},
		"sender_tcp_congestion":	"cubic",
		"receiver_tcp_congestion":	"reno"
	}
}
