{
	"start":	{
		"connected":	[{
				"socket":	5,
				"local_host":	"10.0.1.1",
				"local_port":	54046,
				"remote_host":	"10.0.0.1",
				"remote_port":	5201
			}],
		"version":	"iperf 3.9+",
		"system_info":	"Linux han-3 5.10.0 #9 SMP PREEMPT Tue Feb 23 15:01:43 PST 2021 x86_64",
		"timestamp":	{
			"time":	"Tue, 23 May 2023 04:29:59 GMT",
			"timesecs":	1684816199
		},
		"connecting_to":	{
			"host":	"10.0.0.1",
			"port":	5201
		},
		"cookie":	"53n6dmbhjg3cxwl5wdis2xd2ubyypgsrwnyx",
		"tcp_mss_default":	8948,
		"target_bitrate":	6000000000,
		"sock_bufsize":	0,
		"sndbuf_actual":	16384,
		"rcvbuf_actual":	131072,
		"test_start":	{
			"protocol":	"TCP",
			"num_streams":	1,
			"blksize":	131072,
			"omit":	0,
			"duration":	50,
			"bytes":	0,
			"blocks":	0,
			"reverse":	0,
			"tos":	0
		}
	},
	"intervals":	[{
			"streams":	[{
					"socket":	5,
					"start":	0,
					"end":	50.000085,
					"seconds":	50.000083923339844,
					"bytes":	37499437056,
					"bits_per_second":	5999899858.3273029,
					"retransmits":	22,
					"snd_cwnd":	1861184,
					"rtt":	525,
					"rttvar":	70,
					"pmtu":	9000,
					"omitted":	false,
					"sender":	true
				}],
			"sum":	{
				"start":	0,
				"end":	50.000085,
				"seconds":	50.000083923339844,
				"bytes":	37499437056,
				"bits_per_second":	5999899858.3273029,
				"retransmits":	22,
				"omitted":	false,
				"sender":	true
			}
		}],
	"end":	{
		"streams":	[{
				"sender":	{
					"socket":	5,
					"start":	0,
					"end":	50.000085,
					"seconds":	50.000085,
					"bytes":	37499437056,
					"bits_per_second":	5999899729.13046,
					"retransmits":	22,
					"max_snd_cwnd":	1861184,
					"max_rtt":	525,
					"min_rtt":	525,
					"mean_rtt":	525,
					"sender":	true
				},
				"receiver":	{
					"socket":	5,
					"start":	0,
					"end":	50.000197,
					"seconds":	50.000085,
					"bytes":	37499437056,
					"bits_per_second":	5999886289.40802,
					"sender":	true
				}
			}],
		"sum_sent":	{
			"start":	0,
			"end":	50.000085,
			"seconds":	50.000085,
			"bytes":	37499437056,
			"bits_per_second":	5999899729.13046,
			"retransmits":	22,
			"sender":	true
		},
		"sum_received":	{
			"start":	0,
			"end":	50.000197,
			"seconds":	50.000197,
			"bytes":	37499437056,
			"bits_per_second":	5999886289.40802,
			"sender":	true
		},
		"cpu_utilization_percent":	{
			"host_total":	22.5134354169434,
			"host_user":	7.50385650393534,
			"host_system":	15.009578913008061,
			"remote_total":	42.962702596493521,
			"remote_user":	2.5887830901462112,
			"remote_system":	40.373921504384676
		},
		"sender_tcp_congestion":	"cubic",
		"receiver_tcp_congestion":	"reno"
	}
}
