{
	"start":	{
		"connected":	[{
				"socket":	5,
				"local_host":	"10.0.1.1",
				"local_port":	51968,
				"remote_host":	"10.0.0.1",
				"remote_port":	5201
			}],
		"version":	"iperf 3.9+",
		"system_info":	"Linux han-3 5.10.0 #9 SMP PREEMPT Tue Feb 23 15:01:43 PST 2021 x86_64",
		"timestamp":	{
			"time":	"Mon, 22 May 2023 21:15:35 GMT",
			"timesecs":	1684790135
		},
		"connecting_to":	{
			"host":	"10.0.0.1",
			"port":	5201
		},
		"cookie":	"a4jnpbm7nn4ma7jk7khl5ruezgi5kei4i566",
		"tcp_mss_default":	8948,
		"target_bitrate":	1000000000,
		"sock_bufsize":	0,
		"sndbuf_actual":	16384,
		"rcvbuf_actual":	131072,
		"test_start":	{
			"protocol":	"TCP",
			"num_streams":	1,
			"blksize":	131072,
			"omit":	0,
			"duration":	70,
			"bytes":	0,
			"blocks":	0,
			"reverse":	0,
			"tos":	0
		}
	},
	"intervals":	[{
			"streams":	[{
					"socket":	5,
					"start":	0,
					"end":	60.000141,
					"seconds":	60.000141143798828,
					"bytes":	7499939840,
					"bits_per_second":	999989626.29442263,
					"retransmits":	6,
					"snd_cwnd":	196856,
					"rtt":	229,
					"rttvar":	38,
					"pmtu":	9000,
					"omitted":	false,
					"sender":	true
				}],
			"sum":	{
				"start":	0,
				"end":	60.000141,
				"seconds":	60.000141143798828,
				"bytes":	7499939840,
				"bits_per_second":	999989626.29442263,
				"retransmits":	6,
				"omitted":	false,
				"sender":	true
			}
		}, {
			"streams":	[{
					"socket":	5,
					"start":	60.000141,
					"end":	70.000137,
					"seconds":	9.9999961853027344,
					"bytes":	1250033664,
					"bits_per_second":	1000027312.6801455,
					"retransmits":	2,
					"snd_cwnd":	196856,
					"rtt":	200,
					"rttvar":	18,
					"pmtu":	9000,
					"omitted":	false,
					"sender":	true
				}],
			"sum":	{
				"start":	60.000141,
				"end":	70.000137,
				"seconds":	9.9999961853027344,
				"bytes":	1250033664,
				"bits_per_second":	1000027312.6801455,
				"retransmits":	2,
				"omitted":	false,
				"sender":	true
			}
		}],
	"end":	{
		"streams":	[{
				"sender":	{
					"socket":	5,
					"start":	0,
					"end":	70.000137,
					"seconds":	70.000137,
					"bytes":	8749973504,
					"bits_per_second":	999995014.752614,
					"retransmits":	8,
					"max_snd_cwnd":	196856,
					"max_rtt":	229,
					"min_rtt":	200,
					"mean_rtt":	214,
					"sender":	true
				},
				"receiver":	{
					"socket":	5,
					"start":	0,
					"end":	70.000327,
					"seconds":	70.000137,
					"bytes":	8749973504,
					"bits_per_second":	999992300.49311054,
					"sender":	true
				}
			}],
		"sum_sent":	{
			"start":	0,
			"end":	70.000137,
			"seconds":	70.000137,
			"bytes":	8749973504,
			"bits_per_second":	999995014.752614,
			"retransmits":	8,
			"sender":	true
		},
		"sum_received":	{
			"start":	0,
			"end":	70.000327,
			"seconds":	70.000327,
			"bytes":	8749973504,
			"bits_per_second":	999992300.49311054,
			"sender":	true
		},
		"cpu_utilization_percent":	{
			"host_total":	9.12279240150906,
			"host_user":	6.2820022837494234,
			"host_system":	2.8407929748034735,
			"remote_total":	15.216989646103238,
			"remote_user":	0.767234526394492,
			"remote_system":	14.449755119708746
		},
		"sender_tcp_congestion":	"cubic",
		"receiver_tcp_congestion":	"reno"
	}
}
