{
	"start":	{
		"connected":	[{
				"socket":	5,
				"local_host":	"10.0.1.1",
				"local_port":	39354,
				"remote_host":	"10.0.0.1",
				"remote_port":	5201
			}],
		"version":	"iperf 3.9+",
		"system_info":	"Linux han-3 5.10.0 #9 SMP PREEMPT Tue Feb 23 15:01:43 PST 2021 x86_64",
		"timestamp":	{
			"time":	"Fri, 26 May 2023 03:00:02 GMT",
			"timesecs":	1685070002
		},
		"connecting_to":	{
			"host":	"10.0.0.1",
			"port":	5201
		},
		"cookie":	"zfi5vl463qe7yyxc6zqkdbdgl2fwlkccgkvy",
		"tcp_mss_default":	8948,
		"target_bitrate":	7000000000,
		"sock_bufsize":	0,
		"sndbuf_actual":	16384,
		"rcvbuf_actual":	131072,
		"test_start":	{
			"protocol":	"TCP",
			"num_streams":	1,
			"blksize":	131072,
			"omit":	0,
			"duration":	100,
			"bytes":	0,
			"blocks":	0,
			"reverse":	0,
			"tos":	0
		}
	},
	"intervals":	[{
			"streams":	[{
					"socket":	5,
					"start":	0,
					"end":	60.000062,
					"seconds":	60.00006103515625,
					"bytes":	52499447808,
					"bits_per_second":	6999919253.71391,
					"retransmits":	49,
					"snd_cwnd":	1664328,
					"rtt":	600,
					"rttvar":	27,
					"pmtu":	9000,
					"omitted":	false,
					"sender":	true
				}],
			"sum":	{
				"start":	0,
				"end":	60.000062,
				"seconds":	60.00006103515625,
				"bytes":	52499447808,
				"bits_per_second":	6999919253.71391,
				"retransmits":	49,
				"omitted":	false,
				"sender":	true
			}
		}, {
			"streams":	[{
					"socket":	5,
					"start":	60.000062,
					"end":	100.000093,
					"seconds":	40.000030517578125,
					"bytes":	34999894016,
					"bits_per_second":	6999973462.6440744,
					"retransmits":	0,
					"snd_cwnd":	1664328,
					"rtt":	693,
					"rttvar":	39,
					"pmtu":	9000,
					"omitted":	false,
					"sender":	true
				}],
			"sum":	{
				"start":	60.000062,
				"end":	100.000093,
				"seconds":	40.000030517578125,
				"bytes":	34999894016,
				"bits_per_second":	6999973462.6440744,
				"retransmits":	0,
				"omitted":	false,
				"sender":	true
			}
		}],
	"end":	{
		"streams":	[{
				"sender":	{
					"socket":	5,
					"start":	0,
					"end":	100.000093,
					"seconds":	100.000093,
					"bytes":	87499341824,
					"bits_per_second":	6999940835.9750223,
					"retransmits":	49,
					"max_snd_cwnd":	1664328,
					"max_rtt":	693,
					"min_rtt":	600,
					"mean_rtt":	646,
					"sender":	true
				},
				"receiver":	{
					"socket":	5,
					"start":	0,
					"end":	100.000412,
					"seconds":	100.000093,
					"bytes":	87499341824,
					"bits_per_second":	6999918506.2557545,
					"sender":	true
				}
			}],
		"sum_sent":	{
			"start":	0,
			"end":	100.000093,
			"seconds":	100.000093,
			"bytes":	87499341824,
			"bits_per_second":	6999940835.9750223,
			"retransmits":	49,
			"sender":	true
		},
		"sum_received":	{
			"start":	0,
			"end":	100.000412,
			"seconds":	100.000412,
			"bytes":	87499341824,
			"bits_per_second":	6999918506.2557545,
			"sender":	true
		},
		"cpu_utilization_percent":	{
			"host_total":	37.27936271281245,
			"host_user":	1.1143641971807483,
			"host_system":	36.164997515653063,
			"remote_total":	50.362297070945715,
			"remote_user":	2.9979292341764308,
			"remote_system":	47.364367836769283
		},
		"sender_tcp_congestion":	"cubic",
		"receiver_tcp_congestion":	"reno"
	}
}
