{
	"start":	{
		"connected":	[{
				"socket":	5,
				"local_host":	"10.0.1.1",
				"local_port":	34004,
				"remote_host":	"10.0.0.1",
				"remote_port":	5201
			}],
		"version":	"iperf 3.9+",
		"system_info":	"Linux han-3 5.10.0 #9 SMP PREEMPT Tue Feb 23 15:01:43 PST 2021 x86_64",
		"timestamp":	{
			"time":	"Thu, 25 May 2023 10:56:35 GMT",
			"timesecs":	1685012195
		},
		"connecting_to":	{
			"host":	"10.0.0.1",
			"port":	5201
		},
		"cookie":	"llczfeuv4snuvfbfqq4mzqc4v6wtox4fbofz",
		"tcp_mss_default":	8948,
		"target_bitrate":	7000000000,
		"sock_bufsize":	0,
		"sndbuf_actual":	16384,
		"rcvbuf_actual":	131072,
		"test_start":	{
			"protocol":	"TCP",
			"num_streams":	1,
			"blksize":	131072,
			"omit":	0,
			"duration":	70,
			"bytes":	0,
			"blocks":	0,
			"reverse":	0,
			"tos":	0
		}
	},
	"intervals":	[{
			"streams":	[{
					"socket":	5,
					"start":	0,
					"end":	60.000066,
					"seconds":	60.000064849853516,
					"bytes":	52499447808,
					"bits_per_second":	6999918808.67151,
					"retransmits":	25,
					"snd_cwnd":	1064812,
					"rtt":	719,
					"rttvar":	41,
					"pmtu":	9000,
					"omitted":	false,
					"sender":	true
				}],
			"sum":	{
				"start":	0,
				"end":	60.000066,
				"seconds":	60.000064849853516,
				"bytes":	52499447808,
				"bits_per_second":	6999918808.67151,
				"retransmits":	25,
				"omitted":	false,
				"sender":	true
			}
		}, {
			"streams":	[{
					"socket":	5,
					"start":	60.000066,
					"end":	70.000086,
					"seconds":	10.000020027160645,
					"bytes":	8749842432,
					"bits_per_second":	6999859926.8680754,
					"retransmits":	0,
					"snd_cwnd":	1064812,
					"rtt":	489,
					"rttvar":	133,
					"pmtu":	9000,
					"omitted":	false,
					"sender":	true
				}],
			"sum":	{
				"start":	60.000066,
				"end":	70.000086,
				"seconds":	10.000020027160645,
				"bytes":	8749842432,
				"bits_per_second":	6999859926.8680754,
				"retransmits":	0,
				"omitted":	false,
				"sender":	true
			}
		}],
	"end":	{
		"streams":	[{
				"sender":	{
					"socket":	5,
					"start":	0,
					"end":	70.000086,
					"seconds":	70.000086,
					"bytes":	61249290240,
					"bits_per_second":	6999910284.68165,
					"retransmits":	25,
					"max_snd_cwnd":	1064812,
					"max_rtt":	719,
					"min_rtt":	489,
					"mean_rtt":	604,
					"sender":	true
				},
				"receiver":	{
					"socket":	5,
					"start":	0,
					"end":	70.000183,
					"seconds":	70.000086,
					"bytes":	61249290240,
					"bits_per_second":	6999900584.8313274,
					"sender":	true
				}
			}],
		"sum_sent":	{
			"start":	0,
			"end":	70.000086,
			"seconds":	70.000086,
			"bytes":	61249290240,
			"bits_per_second":	6999910284.68165,
			"retransmits":	25,
			"sender":	true
		},
		"sum_received":	{
			"start":	0,
			"end":	70.000183,
			"seconds":	70.000183,
			"bytes":	61249290240,
			"bits_per_second":	6999900584.8313274,
			"sender":	true
		},
		"cpu_utilization_percent":	{
			"host_total":	23.692766429918674,
			"host_user":	3.7398927021404571,
			"host_system":	19.9528722992505,
			"remote_total":	51.274336472929981,
			"remote_user":	3.3095403403425752,
			"remote_system":	47.9647961325874
		},
		"sender_tcp_congestion":	"cubic",
		"receiver_tcp_congestion":	"reno"
	}
}
