{
	"start":	{
		"connected":	[{
				"socket":	5,
				"local_host":	"10.0.1.1",
				"local_port":	33604,
				"remote_host":	"10.0.0.1",
				"remote_port":	5201
			}],
		"version":	"iperf 3.9+",
		"system_info":	"Linux han-3 5.10.0 #9 SMP PREEMPT Tue Feb 23 15:01:43 PST 2021 x86_64",
		"timestamp":	{
			"time":	"Thu, 25 May 2023 09:34:41 GMT",
			"timesecs":	1685007281
		},
		"connecting_to":	{
			"host":	"10.0.0.1",
			"port":	5201
		},
		"cookie":	"lma7c7dmj25xzx3bapxg5j3r4gilneczidbx",
		"tcp_mss_default":	8948,
		"target_bitrate":	6000000000,
		"sock_bufsize":	0,
		"sndbuf_actual":	16384,
		"rcvbuf_actual":	131072,
		"test_start":	{
			"protocol":	"TCP",
			"num_streams":	1,
			"blksize":	131072,
			"omit":	0,
			"duration":	80,
			"bytes":	0,
			"blocks":	0,
			"reverse":	0,
			"tos":	0
		}
	},
	"intervals":	[{
			"streams":	[{
					"socket":	5,
					"start":	0,
					"end":	60.000062,
					"seconds":	60.00006103515625,
					"bytes":	44999507968,
					"bits_per_second":	5999928292.2906532,
					"retransmits":	57,
					"snd_cwnd":	2863360,
					"rtt":	501,
					"rttvar":	55,
					"pmtu":	9000,
					"omitted":	false,
					"sender":	true
				}],
			"sum":	{
				"start":	0,
				"end":	60.000062,
				"seconds":	60.00006103515625,
				"bytes":	44999507968,
				"bits_per_second":	5999928292.2906532,
				"retransmits":	57,
				"omitted":	false,
				"sender":	true
			}
		}, {
			"streams":	[{
					"socket":	5,
					"start":	60.000062,
					"end":	80.000077,
					"seconds":	20.000015258789062,
					"bytes":	15000010752,
					"bits_per_second":	5999999723.1634922,
					"retransmits":	89,
					"snd_cwnd":	1395888,
					"rtt":	554,
					"rttvar":	59,
					"pmtu":	9000,
					"omitted":	false,
					"sender":	true
				}],
			"sum":	{
				"start":	60.000062,
				"end":	80.000077,
				"seconds":	20.000015258789062,
				"bytes":	15000010752,
				"bits_per_second":	5999999723.1634922,
				"retransmits":	89,
				"omitted":	false,
				"sender":	true
			}
		}],
	"end":	{
		"streams":	[{
				"sender":	{
					"socket":	5,
					"start":	0,
					"end":	80.000077,
					"seconds":	80.000077,
					"bytes":	59999518720,
					"bits_per_second":	5999946097.05188,
					"retransmits":	146,
					"max_snd_cwnd":	2863360,
					"max_rtt":	554,
					"min_rtt":	501,
					"mean_rtt":	527,
					"sender":	true
				},
				"receiver":	{
					"socket":	5,
					"start":	0,
					"end":	80.00018,
					"seconds":	80.000077,
					"bytes":	59999518720,
					"bits_per_second":	5999938372.1386623,
					"sender":	true
				}
			}],
		"sum_sent":	{
			"start":	0,
			"end":	80.000077,
			"seconds":	80.000077,
			"bytes":	59999518720,
			"bits_per_second":	5999946097.05188,
			"retransmits":	146,
			"sender":	true
		},
		"sum_received":	{
			"start":	0,
			"end":	80.00018,
			"seconds":	80.00018,
			"bytes":	59999518720,
			"bits_per_second":	5999938372.1386623,
			"sender":	true
		},
		"cpu_utilization_percent":	{
			"host_total":	20.4175752801582,
			"host_user":	2.042022770095028,
			"host_system":	18.375551260100494,
			"remote_total":	47.871177870454268,
			"remote_user":	4.82470633513449,
			"remote_system":	43.046471535319782
		},
		"sender_tcp_congestion":	"cubic",
		"receiver_tcp_congestion":	"reno"
	}
}
