{
	"start":	{
		"connected":	[{
				"socket":	5,
				"local_host":	"10.0.1.1",
				"local_port":	35904,
				"remote_host":	"10.0.0.1",
				"remote_port":	5201
			}],
		"version":	"iperf 3.9+",
		"system_info":	"Linux han-3 5.10.0 #9 SMP PREEMPT Tue Feb 23 15:01:43 PST 2021 x86_64",
		"timestamp":	{
			"time":	"Thu, 25 May 2023 17:46:07 GMT",
			"timesecs":	1685036767
		},
		"connecting_to":	{
			"host":	"10.0.0.1",
			"port":	5201
		},
		"cookie":	"sjg5i275ranojsbzzohr2pqeuh6f3xww3oyg",
		"tcp_mss_default":	8948,
		"target_bitrate":	1000000000,
		"sock_bufsize":	0,
		"sndbuf_actual":	16384,
		"rcvbuf_actual":	131072,
		"test_start":	{
			"protocol":	"TCP",
			"num_streams":	1,
			"blksize":	131072,
			"omit":	0,
			"duration":	100,
			"bytes":	0,
			"blocks":	0,
			"reverse":	0,
			"tos":	0
		}
	},
	"intervals":	[{
			"streams":	[{
					"socket":	5,
					"start":	0,
					"end":	60.000048,
					"seconds":	60.000049591064453,
					"bytes":	7499939840,
					"bits_per_second":	999991152.15623868,
					"retransmits":	10,
					"snd_cwnd":	250544,
					"rtt":	224,
					"rttvar":	26,
					"pmtu":	9000,
					"omitted":	false,
					"sender":	true
				}],
			"sum":	{
				"start":	0,
				"end":	60.000048,
				"seconds":	60.000049591064453,
				"bytes":	7499939840,
				"bits_per_second":	999991152.15623868,
				"retransmits":	10,
				"omitted":	false,
				"sender":	true
			}
		}, {
			"streams":	[{
					"socket":	5,
					"start":	60.000048,
					"end":	100.00004,
					"seconds":	39.999992370605469,
					"bytes":	5000003584,
					"bits_per_second":	1000000907.5350363,
					"retransmits":	0,
					"snd_cwnd":	268440,
					"rtt":	209,
					"rttvar":	30,
					"pmtu":	9000,
					"omitted":	false,
					"sender":	true
				}],
			"sum":	{
				"start":	60.000048,
				"end":	100.00004,
				"seconds":	39.999992370605469,
				"bytes":	5000003584,
				"bits_per_second":	1000000907.5350363,
				"retransmits":	0,
				"omitted":	false,
				"sender":	true
			}
		}],
	"end":	{
		"streams":	[{
				"sender":	{
					"socket":	5,
					"start":	0,
					"end":	100.00004,
					"seconds":	100.00004,
					"bytes":	12499943424,
					"bits_per_second":	999995073.92197049,
					"retransmits":	10,
					"max_snd_cwnd":	268440,
					"max_rtt":	224,
					"min_rtt":	209,
					"mean_rtt":	216,
					"sender":	true
				},
				"receiver":	{
					"socket":	5,
					"start":	0,
					"end":	100.000081,
					"seconds":	100.00004,
					"bytes":	12499943424,
					"bits_per_second":	999994663.92432225,
					"sender":	true
				}
			}],
		"sum_sent":	{
			"start":	0,
			"end":	100.00004,
			"seconds":	100.00004,
			"bytes":	12499943424,
			"bits_per_second":	999995073.92197049,
			"retransmits":	10,
			"sender":	true
		},
		"sum_received":	{
			"start":	0,
			"end":	100.000081,
			"seconds":	100.000081,
			"bytes":	12499943424,
			"bits_per_second":	999994663.92432225,
			"sender":	true
		},
		"cpu_utilization_percent":	{
			"host_total":	7.08866940607253,
			"host_user":	3.5443357030116349,
			"host_system":	3.5443357030116349,
			"remote_total":	15.981244345520182,
			"remote_user":	0.86324342381473729,
			"remote_system":	15.118001921039129
		},
		"sender_tcp_congestion":	"cubic",
		"receiver_tcp_congestion":	"reno"
	}
}
