{
	"start":	{
		"connected":	[{
				"socket":	5,
				"local_host":	"10.0.1.1",
				"local_port":	37690,
				"remote_host":	"10.0.0.1",
				"remote_port":	5201
			}],
		"version":	"iperf 3.9+",
		"system_info":	"Linux han-3 5.10.0 #9 SMP PREEMPT Tue Feb 23 15:01:43 PST 2021 x86_64",
		"timestamp":	{
			"time":	"Thu, 25 May 2023 21:02:20 GMT",
			"timesecs":	1685048540
		},
		"connecting_to":	{
			"host":	"10.0.0.1",
			"port":	5201
		},
		"cookie":	"ru4seiemgqwxfwd52r7khybo3g52ezedcsss",
		"tcp_mss_default":	8948,
		"target_bitrate":	4000000000,
		"sock_bufsize":	0,
		"sndbuf_actual":	16384,
		"rcvbuf_actual":	131072,
		"test_start":	{
			"protocol":	"TCP",
			"num_streams":	1,
			"blksize":	131072,
			"omit":	0,
			"duration":	20,
			"bytes":	0,
			"blocks":	0,
			"reverse":	0,
			"tos":	0
		}
	},
	"intervals":	[{
			"streams":	[{
					"socket":	5,
					"start":	0,
					"end":	20.00009,
					"seconds":	20.000089645385742,
					"bytes":	9999613952,
					"bits_per_second":	3999827652.49536,
					"retransmits":	9,
					"snd_cwnd":	671100,
					"rtt":	455,
					"rttvar":	45,
					"pmtu":	9000,
					"omitted":	false,
					"sender":	true
				}],
			"sum":	{
				"start":	0,
				"end":	20.00009,
				"seconds":	20.000089645385742,
				"bytes":	9999613952,
				"bits_per_second":	3999827652.49536,
				"retransmits":	9,
				"omitted":	false,
				"sender":	true
			}
		}],
	"end":	{
		"streams":	[{
				"sender":	{
					"socket":	5,
					"start":	0,
					"end":	20.00009,
					"seconds":	20.00009,
					"bytes":	9999613952,
					"bits_per_second":	3999827581.5758829,
					"retransmits":	9,
					"max_snd_cwnd":	671100,
					"max_rtt":	455,
					"min_rtt":	455,
					"mean_rtt":	455,
					"sender":	true
				},
				"receiver":	{
					"socket":	5,
					"start":	0,
					"end":	20.000213,
					"seconds":	20.00009,
					"bytes":	9999613952,
					"bits_per_second":	3999802982.8982325,
					"sender":	true
				}
			}],
		"sum_sent":	{
			"start":	0,
			"end":	20.00009,
			"seconds":	20.00009,
			"bytes":	9999613952,
			"bits_per_second":	3999827581.5758829,
			"retransmits":	9,
			"sender":	true
		},
		"sum_received":	{
			"start":	0,
			"end":	20.000213,
			"seconds":	20.000213,
			"bytes":	9999613952,
			"bits_per_second":	3999802982.8982325,
			"sender":	true
		},
		"cpu_utilization_percent":	{
			"host_total":	16.8551254220568,
			"host_user":	12.643623799471893,
			"host_system":	4.2115016225849145,
			"remote_total":	40.319764972306629,
			"remote_user":	1.3778532424991397,
			"remote_system":	38.9419117298075
		},
		"sender_tcp_congestion":	"cubic",
		"receiver_tcp_congestion":	"reno"
	}
}
