{
	"start":	{
		"connected":	[{
				"socket":	5,
				"local_host":	"10.0.1.1",
				"local_port":	38854,
				"remote_host":	"10.0.0.1",
				"remote_port":	5201
			}],
		"version":	"iperf 3.9+",
		"system_info":	"Linux han-3 5.10.0 #9 SMP PREEMPT Tue Feb 23 15:01:43 PST 2021 x86_64",
		"timestamp":	{
			"time":	"Fri, 26 May 2023 01:07:35 GMT",
			"timesecs":	1685063255
		},
		"connecting_to":	{
			"host":	"10.0.0.1",
			"port":	5201
		},
		"cookie":	"zdjhilyclseqxylyyqjm6em5lqo3hwpa7rb6",
		"tcp_mss_default":	8948,
		"target_bitrate":	6000000000,
		"sock_bufsize":	0,
		"sndbuf_actual":	16384,
		"rcvbuf_actual":	131072,
		"test_start":	{
			"protocol":	"TCP",
			"num_streams":	1,
			"blksize":	131072,
			"omit":	0,
			"duration":	90,
			"bytes":	0,
			"blocks":	0,
			"reverse":	0,
			"tos":	0
		}
	},
	"intervals":	[{
			"streams":	[{
					"socket":	5,
					"start":	0,
					"end":	60.000061,
					"seconds":	60.00006103515625,
					"bytes":	44999507968,
					"bits_per_second":	5999928292.2906532,
					"retransmits":	17,
					"snd_cwnd":	957436,
					"rtt":	492,
					"rttvar":	12,
					"pmtu":	9000,
					"omitted":	false,
					"sender":	true
				}],
			"sum":	{
				"start":	0,
				"end":	60.000061,
				"seconds":	60.00006103515625,
				"bytes":	44999507968,
				"bits_per_second":	5999928292.2906532,
				"retransmits":	17,
				"omitted":	false,
				"sender":	true
			}
		}, {
			"streams":	[{
					"socket":	5,
					"start":	60.000061,
					"end":	90.000073,
					"seconds":	30.0000114440918,
					"bytes":	22499950592,
					"bits_per_second":	5999984535.7208729,
					"retransmits":	2,
					"snd_cwnd":	957436,
					"rtt":	585,
					"rttvar":	34,
					"pmtu":	9000,
					"omitted":	false,
					"sender":	true
				}],
			"sum":	{
				"start":	60.000061,
				"end":	90.000073,
				"seconds":	30.0000114440918,
				"bytes":	22499950592,
				"bits_per_second":	5999984535.7208729,
				"retransmits":	2,
				"omitted":	false,
				"sender":	true
			}
		}],
	"end":	{
		"streams":	[{
				"sender":	{
					"socket":	5,
					"start":	0,
					"end":	90.000073,
					"seconds":	90.000073,
					"bytes":	67499458560,
					"bits_per_second":	5999947005.376318,
					"retransmits":	19,
					"max_snd_cwnd":	957436,
					"max_rtt":	585,
					"min_rtt":	492,
					"mean_rtt":	538,
					"sender":	true
				},
				"receiver":	{
					"socket":	5,
					"start":	0,
					"end":	90.000275,
					"seconds":	90.000073,
					"bytes":	67499458560,
					"bits_per_second":	5999933538.8697424,
					"sender":	true
				}
			}],
		"sum_sent":	{
			"start":	0,
			"end":	90.000073,
			"seconds":	90.000073,
			"bytes":	67499458560,
			"bits_per_second":	5999947005.376318,
			"retransmits":	19,
			"sender":	true
		},
		"sum_received":	{
			"start":	0,
			"end":	90.000275,
			"seconds":	90.000275,
			"bytes":	67499458560,
			"bits_per_second":	5999933538.8697424,
			"sender":	true
		},
		"cpu_utilization_percent":	{
			"host_total":	26.363222142731825,
			"host_user":	0.737003016616842,
			"host_system":	25.626220237195461,
			"remote_total":	46.277823008586587,
			"remote_user":	3.0864950438599421,
			"remote_system":	43.191327964726646
		},
		"sender_tcp_congestion":	"cubic",
		"receiver_tcp_congestion":	"reno"
	}
}
