{
	"start":	{
		"connected":	[{
				"socket":	5,
				"local_host":	"10.0.1.1",
				"local_port":	34000,
				"remote_host":	"10.0.0.1",
				"remote_port":	5201
			}],
		"version":	"iperf 3.9+",
		"system_info":	"Linux han-3 5.10.0 #9 SMP PREEMPT Tue Feb 23 15:01:43 PST 2021 x86_64",
		"timestamp":	{
			"time":	"Thu, 25 May 2023 10:55:25 GMT",
			"timesecs":	1685012125
		},
		"connecting_to":	{
			"host":	"10.0.0.1",
			"port":	5201
		},
		"cookie":	"vih2cizii4hnwnnj4mcnbznb3fi45nq5w332",
		"tcp_mss_default":	8948,
		"target_bitrate":	7000000000,
		"sock_bufsize":	0,
		"sndbuf_actual":	16384,
		"rcvbuf_actual":	131072,
		"test_start":	{
			"protocol":	"TCP",
			"num_streams":	1,
			"blksize":	131072,
			"omit":	0,
			"duration":	70,
			"bytes":	0,
			"blocks":	0,
			"reverse":	0,
			"tos":	0
		}
	},
	"intervals":	[{
			"streams":	[{
					"socket":	5,
					"start":	0,
					"end":	60.000124,
					"seconds":	60.000125885009766,
					"bytes":	52499447808,
					"bits_per_second":	6999911688.0008135,
					"retransmits":	46,
					"snd_cwnd":	1055864,
					"rtt":	608,
					"rttvar":	61,
					"pmtu":	9000,
					"omitted":	false,
					"sender":	true
				}],
			"sum":	{
				"start":	0,
				"end":	60.000124,
				"seconds":	60.000125885009766,
				"bytes":	52499447808,
				"bits_per_second":	6999911688.0008135,
				"retransmits":	46,
				"omitted":	false,
				"sender":	true
			}
		}, {
			"streams":	[{
					"socket":	5,
					"start":	60.000124,
					"end":	70.00013,
					"seconds":	10.0000057220459,
					"bytes":	8750104576,
					"bits_per_second":	7000079655.3222923,
					"retransmits":	2,
					"snd_cwnd":	1055864,
					"rtt":	587,
					"rttvar":	40,
					"pmtu":	9000,
					"omitted":	false,
					"sender":	true
				}],
			"sum":	{
				"start":	60.000124,
				"end":	70.00013,
				"seconds":	10.0000057220459,
				"bytes":	8750104576,
				"bits_per_second":	7000079655.3222923,
				"retransmits":	2,
				"omitted":	false,
				"sender":	true
			}
		}],
	"end":	{
		"streams":	[{
				"sender":	{
					"socket":	5,
					"start":	0,
					"end":	70.00013,
					"seconds":	70.00013,
					"bytes":	61249552384,
					"bits_per_second":	6999935844.00486,
					"retransmits":	48,
					"max_snd_cwnd":	1055864,
					"max_rtt":	608,
					"min_rtt":	587,
					"mean_rtt":	597,
					"sender":	true
				},
				"receiver":	{
					"socket":	5,
					"start":	0,
					"end":	70.000214,
					"seconds":	70.00013,
					"bytes":	61249552384,
					"bits_per_second":	6999927444.1075277,
					"sender":	true
				}
			}],
		"sum_sent":	{
			"start":	0,
			"end":	70.00013,
			"seconds":	70.00013,
			"bytes":	61249552384,
			"bits_per_second":	6999935844.00486,
			"retransmits":	48,
			"sender":	true
		},
		"sum_received":	{
			"start":	0,
			"end":	70.000214,
			"seconds":	70.000214,
			"bytes":	61249552384,
			"bits_per_second":	6999927444.1075277,
			"sender":	true
		},
		"cpu_utilization_percent":	{
			"host_total":	25.80765111872747,
			"host_user":	0.25671714897754416,
			"host_system":	25.550935398281645,
			"remote_total":	47.157124028785525,
			"remote_user":	3.5164045734308385,
			"remote_system":	43.640719455354684
		},
		"sender_tcp_congestion":	"cubic",
		"receiver_tcp_congestion":	"reno"
	}
}
