{
	"start":	{
		"connected":	[{
				"socket":	5,
				"local_host":	"10.0.1.1",
				"local_port":	38982,
				"remote_host":	"10.0.0.1",
				"remote_port":	5201
			}],
		"version":	"iperf 3.9+",
		"system_info":	"Linux han-3 5.10.0 #9 SMP PREEMPT Tue Feb 23 15:01:43 PST 2021 x86_64",
		"timestamp":	{
			"time":	"Fri, 26 May 2023 01:35:57 GMT",
			"timesecs":	1685064957
		},
		"connecting_to":	{
			"host":	"10.0.0.1",
			"port":	5201
		},
		"cookie":	"lzme3fjseyjirqxky5a6ye3lwv5wdz2x755v",
		"tcp_mss_default":	8948,
		"target_bitrate":	7000000000,
		"sock_bufsize":	0,
		"sndbuf_actual":	16384,
		"rcvbuf_actual":	131072,
		"test_start":	{
			"protocol":	"TCP",
			"num_streams":	1,
			"blksize":	131072,
			"omit":	0,
			"duration":	20,
			"bytes":	0,
			"blocks":	0,
			"reverse":	0,
			"tos":	0
		}
	},
	"intervals":	[{
			"streams":	[{
					"socket":	5,
					"start":	0,
					"end":	20.00009,
					"seconds":	20.000089645385742,
					"bytes":	17499422720,
					"bits_per_second":	6999737713.29063,
					"retransmits":	22,
					"snd_cwnd":	2308584,
					"rtt":	662,
					"rttvar":	23,
					"pmtu":	9000,
					"omitted":	false,
					"sender":	true
				}],
			"sum":	{
				"start":	0,
				"end":	20.00009,
				"seconds":	20.000089645385742,
				"bytes":	17499422720,
				"bits_per_second":	6999737713.29063,
				"retransmits":	22,
				"omitted":	false,
				"sender":	true
			}
		}],
	"end":	{
		"streams":	[{
				"sender":	{
					"socket":	5,
					"start":	0,
					"end":	20.00009,
					"seconds":	20.00009,
					"bytes":	17499422720,
					"bits_per_second":	6999737589.18085,
					"retransmits":	22,
					"max_snd_cwnd":	2308584,
					"max_rtt":	662,
					"min_rtt":	662,
					"mean_rtt":	662,
					"sender":	true
				},
				"receiver":	{
					"socket":	5,
					"start":	0,
					"end":	20.00022,
					"seconds":	20.00009,
					"bytes":	17499422720,
					"bits_per_second":	6999692091.3869953,
					"sender":	true
				}
			}],
		"sum_sent":	{
			"start":	0,
			"end":	20.00009,
			"seconds":	20.00009,
			"bytes":	17499422720,
			"bits_per_second":	6999737589.18085,
			"retransmits":	22,
			"sender":	true
		},
		"sum_received":	{
			"start":	0,
			"end":	20.00022,
			"seconds":	20.00022,
			"bytes":	17499422720,
			"bits_per_second":	6999692091.3869953,
			"sender":	true
		},
		"cpu_utilization_percent":	{
			"host_total":	38.2336563436873,
			"host_user":	1.1958579029081131,
			"host_system":	37.037793441289644,
			"remote_total":	51.659088010626974,
			"remote_user":	2.9241218037251229,
			"remote_system":	48.734966206901845
		},
		"sender_tcp_congestion":	"cubic",
		"receiver_tcp_congestion":	"reno"
	}
}
