{
	"start":	{
		"connected":	[{
				"socket":	5,
				"local_host":	"10.0.1.1",
				"local_port":	39166,
				"remote_host":	"10.0.0.1",
				"remote_port":	5201
			}],
		"version":	"iperf 3.9+",
		"system_info":	"Linux han-3 5.10.0 #9 SMP PREEMPT Tue Feb 23 15:01:43 PST 2021 x86_64",
		"timestamp":	{
			"time":	"Fri, 26 May 2023 02:04:20 GMT",
			"timesecs":	1685066660
		},
		"connecting_to":	{
			"host":	"10.0.0.1",
			"port":	5201
		},
		"cookie":	"tefjv3h4q6ibeeigcijjbyaho32hemybsl3i",
		"tcp_mss_default":	8948,
		"target_bitrate":	7000000000,
		"sock_bufsize":	0,
		"sndbuf_actual":	16384,
		"rcvbuf_actual":	131072,
		"test_start":	{
			"protocol":	"TCP",
			"num_streams":	1,
			"blksize":	131072,
			"omit":	0,
			"duration":	60,
			"bytes":	0,
			"blocks":	0,
			"reverse":	0,
			"tos":	0
		}
	},
	"intervals":	[{
			"streams":	[{
					"socket":	5,
					"start":	0,
					"end":	60.000198,
					"seconds":	60.000198364257812,
					"bytes":	52499447808,
					"bits_per_second":	6999903232.223176,
					"retransmits":	19,
					"snd_cwnd":	1190084,
					"rtt":	672,
					"rttvar":	43,
					"pmtu":	9000,
					"omitted":	false,
					"sender":	true
				}],
			"sum":	{
				"start":	0,
				"end":	60.000198,
				"seconds":	60.000198364257812,
				"bytes":	52499447808,
				"bits_per_second":	6999903232.223176,
				"retransmits":	19,
				"omitted":	false,
				"sender":	true
			}
		}],
	"end":	{
		"streams":	[{
				"sender":	{
					"socket":	5,
					"start":	0,
					"end":	60.000198,
					"seconds":	60.000198,
					"bytes":	52499447808,
					"bits_per_second":	6999903274.7191935,
					"retransmits":	19,
					"max_snd_cwnd":	1190084,
					"max_rtt":	672,
					"min_rtt":	672,
					"mean_rtt":	672,
					"sender":	true
				},
				"receiver":	{
					"socket":	5,
					"start":	0,
					"end":	60.000351,
					"seconds":	60.000198,
					"bytes":	52499447808,
					"bits_per_second":	6999885425.0702629,
					"sender":	true
				}
			}],
		"sum_sent":	{
			"start":	0,
			"end":	60.000198,
			"seconds":	60.000198,
			"bytes":	52499447808,
			"bits_per_second":	6999903274.7191935,
			"retransmits":	19,
			"sender":	true
		},
		"sum_received":	{
			"start":	0,
			"end":	60.000351,
			"seconds":	60.000351,
			"bytes":	52499447808,
			"bits_per_second":	6999885425.0702629,
			"sender":	true
		},
		"cpu_utilization_percent":	{
			"host_total":	42.681556499387149,
			"host_user":	1.3919144821800238,
			"host_system":	41.289640350608927,
			"remote_total":	49.042523083301035,
			"remote_user":	3.0143921689357538,
			"remote_system":	46.0281325795628
		},
		"sender_tcp_congestion":	"cubic",
		"receiver_tcp_congestion":	"reno"
	}
}
