{
	"start":	{
		"connected":	[{
				"socket":	5,
				"local_host":	"10.0.1.1",
				"local_port":	44248,
				"remote_host":	"10.0.0.1",
				"remote_port":	5201
			}],
		"version":	"iperf 3.9+",
		"system_info":	"Linux han-3 5.10.0 #9 SMP PREEMPT Tue Feb 23 15:01:43 PST 2021 x86_64",
		"timestamp":	{
			"time":	"Fri, 26 May 2023 19:58:22 GMT",
			"timesecs":	1685131102
		},
		"connecting_to":	{
			"host":	"10.0.0.1",
			"port":	5201
		},
		"cookie":	"wvlppalfjlnuqzba7ron73ex4rttzsn72t57",
		"tcp_mss_default":	8948,
		"target_bitrate":	9000000000,
		"sock_bufsize":	0,
		"sndbuf_actual":	16384,
		"rcvbuf_actual":	131072,
		"test_start":	{
			"protocol":	"TCP",
			"num_streams":	1,
			"blksize":	131072,
			"omit":	0,
			"duration":	20,
			"bytes":	0,
			"blocks":	0,
			"reverse":	0,
			"tos":	0
		}
	},
	"intervals":	[{
			"streams":	[{
					"socket":	5,
					"start":	0,
					"end":	20.000078,
					"seconds":	20.000078201293945,
					"bytes":	22499426304,
					"bits_per_second":	8999735332.0525932,
					"retransmits":	37,
					"snd_cwnd":	1780652,
					"rtt":	703,
					"rttvar":	21,
					"pmtu":	9000,
					"omitted":	false,
					"sender":	true
				}],
			"sum":	{
				"start":	0,
				"end":	20.000078,
				"seconds":	20.000078201293945,
				"bytes":	22499426304,
				"bits_per_second":	8999735332.0525932,
				"retransmits":	37,
				"omitted":	false,
				"sender":	true
			}
		}],
	"end":	{
		"streams":	[{
				"sender":	{
					"socket":	5,
					"start":	0,
					"end":	20.000078,
					"seconds":	20.000078,
					"bytes":	22499426304,
					"bits_per_second":	8999735422.6318531,
					"retransmits":	37,
					"max_snd_cwnd":	1780652,
					"max_rtt":	703,
					"min_rtt":	703,
					"mean_rtt":	703,
					"sender":	true
				},
				"receiver":	{
					"socket":	5,
					"start":	0,
					"end":	20.000436,
					"seconds":	20.000078,
					"bytes":	22499426304,
					"bits_per_second":	8999574330.87959,
					"sender":	true
				}
			}],
		"sum_sent":	{
			"start":	0,
			"end":	20.000078,
			"seconds":	20.000078,
			"bytes":	22499426304,
			"bits_per_second":	8999735422.6318531,
			"retransmits":	37,
			"sender":	true
		},
		"sum_received":	{
			"start":	0,
			"end":	20.000436,
			"seconds":	20.000436,
			"bytes":	22499426304,
			"bits_per_second":	8999574330.87959,
			"sender":	true
		},
		"cpu_utilization_percent":	{
			"host_total":	74.540870963323073,
			"host_user":	2.1674894086756371,
			"host_system":	72.3733715557573,
			"remote_total":	50.1390115904412,
			"remote_user":	2.8784920972453656,
			"remote_system":	47.260519493195837
		},
		"sender_tcp_congestion":	"cubic",
		"receiver_tcp_congestion":	"reno"
	}
}
