{
	"start":	{
		"connected":	[{
				"socket":	5,
				"local_host":	"10.0.1.1",
				"local_port":	44210,
				"remote_host":	"10.0.0.1",
				"remote_port":	5201
			}],
		"version":	"iperf 3.9+",
		"system_info":	"Linux han-3 5.10.0 #9 SMP PREEMPT Tue Feb 23 15:01:43 PST 2021 x86_64",
		"timestamp":	{
			"time":	"Fri, 26 May 2023 19:55:51 GMT",
			"timesecs":	1685130951
		},
		"connecting_to":	{
			"host":	"10.0.0.1",
			"port":	5201
		},
		"cookie":	"pua6extczb7eijuihra7ye3f2ddszp5c2h5x",
		"tcp_mss_default":	8948,
		"target_bitrate":	9000000000,
		"sock_bufsize":	0,
		"sndbuf_actual":	16384,
		"rcvbuf_actual":	131072,
		"test_start":	{
			"protocol":	"TCP",
			"num_streams":	1,
			"blksize":	131072,
			"omit":	0,
			"duration":	10,
			"bytes":	0,
			"blocks":	0,
			"reverse":	0,
			"tos":	0
		}
	},
	"intervals":	[{
			"streams":	[{
					"socket":	5,
					"start":	0,
					"end":	10.000243,
					"seconds":	10.000243186950684,
					"bytes":	11249123328,
					"bits_per_second":	8999079816.522047,
					"retransmits":	19,
					"snd_cwnd":	1673276,
					"rtt":	383,
					"rttvar":	32,
					"pmtu":	9000,
					"omitted":	false,
					"sender":	true
				}],
			"sum":	{
				"start":	0,
				"end":	10.000243,
				"seconds":	10.000243186950684,
				"bytes":	11249123328,
				"bits_per_second":	8999079816.522047,
				"retransmits":	19,
				"omitted":	false,
				"sender":	true
			}
		}],
	"end":	{
		"streams":	[{
				"sender":	{
					"socket":	5,
					"start":	0,
					"end":	10.000243,
					"seconds":	10.000243,
					"bytes":	11249123328,
					"bits_per_second":	8999079984.75637,
					"retransmits":	19,
					"max_snd_cwnd":	1673276,
					"max_rtt":	383,
					"min_rtt":	383,
					"mean_rtt":	383,
					"sender":	true
				},
				"receiver":	{
					"socket":	5,
					"start":	0,
					"end":	10.000431,
					"seconds":	10.000243,
					"bytes":	11249123328,
					"bits_per_second":	8998910809.3441162,
					"sender":	true
				}
			}],
		"sum_sent":	{
			"start":	0,
			"end":	10.000243,
			"seconds":	10.000243,
			"bytes":	11249123328,
			"bits_per_second":	8999079984.75637,
			"retransmits":	19,
			"sender":	true
		},
		"sum_received":	{
			"start":	0,
			"end":	10.000431,
			"seconds":	10.000431,
			"bytes":	11249123328,
			"bits_per_second":	8998910809.3441162,
			"sender":	true
		},
		"cpu_utilization_percent":	{
			"host_total":	75.0201176295219,
			"host_user":	2.7576423747810654,
			"host_system":	72.2624952499,
			"remote_total":	56.509489492640441,
			"remote_user":	1.2570020579909906,
			"remote_system":	55.252477498424113
		},
		"sender_tcp_congestion":	"cubic",
		"receiver_tcp_congestion":	"reno"
	}
}
