{
	"start":	{
		"connected":	[{
				"socket":	5,
				"local_host":	"10.0.1.1",
				"local_port":	39790,
				"remote_host":	"10.0.0.1",
				"remote_port":	5201
			}],
		"version":	"iperf 3.9+",
		"system_info":	"Linux han-3 5.10.0 #9 SMP PREEMPT Tue Feb 23 15:01:43 PST 2021 x86_64",
		"timestamp":	{
			"time":	"Fri, 26 May 2023 04:31:48 GMT",
			"timesecs":	1685075508
		},
		"connecting_to":	{
			"host":	"10.0.0.1",
			"port":	5201
		},
		"cookie":	"xnyrncenkwomgrzorz5c7gvfwpdm2yi3i67o",
		"tcp_mss_default":	8948,
		"target_bitrate":	8000000000,
		"sock_bufsize":	0,
		"sndbuf_actual":	16384,
		"rcvbuf_actual":	131072,
		"test_start":	{
			"protocol":	"TCP",
			"num_streams":	1,
			"blksize":	131072,
			"omit":	0,
			"duration":	100,
			"bytes":	0,
			"blocks":	0,
			"reverse":	0,
			"tos":	0
		}
	},
	"intervals":	[{
			"streams":	[{
					"socket":	5,
					"start":	0,
					"end":	60.000066,
					"seconds":	60.000064849853516,
					"bytes":	59999125504,
					"bits_per_second":	7999874754.0215673,
					"retransmits":	26,
					"snd_cwnd":	1360096,
					"rtt":	483,
					"rttvar":	53,
					"pmtu":	9000,
					"omitted":	false,
					"sender":	true
				}],
			"sum":	{
				"start":	0,
				"end":	60.000066,
				"seconds":	60.000064849853516,
				"bytes":	59999125504,
				"bits_per_second":	7999874754.0215673,
				"retransmits":	26,
				"omitted":	false,
				"sender":	true
			}
		}, {
			"streams":	[{
					"socket":	5,
					"start":	60.000066,
					"end":	100.000091,
					"seconds":	40.000026702880859,
					"bytes":	40000159744,
					"bits_per_second":	8000026608.2060652,
					"retransmits":	65,
					"snd_cwnd":	1843288,
					"rtt":	655,
					"rttvar":	34,
					"pmtu":	9000,
					"omitted":	false,
					"sender":	true
				}],
			"sum":	{
				"start":	60.000066,
				"end":	100.000091,
				"seconds":	40.000026702880859,
				"bytes":	40000159744,
				"bits_per_second":	8000026608.2060652,
				"retransmits":	65,
				"omitted":	false,
				"sender":	true
			}
		}],
	"end":	{
		"streams":	[{
				"sender":	{
					"socket":	5,
					"start":	0,
					"end":	100.000091,
					"seconds":	100.000091,
					"bytes":	99999285248,
					"bits_per_second":	7999935539.89866,
					"retransmits":	91,
					"max_snd_cwnd":	1843288,
					"max_rtt":	655,
					"min_rtt":	483,
					"mean_rtt":	569,
					"sender":	true
				},
				"receiver":	{
					"socket":	5,
					"start":	0,
					"end":	100.000142,
					"seconds":	100.000091,
					"bytes":	99999285248,
					"bits_per_second":	7999931459.9373274,
					"sender":	true
				}
			}],
		"sum_sent":	{
			"start":	0,
			"end":	100.000091,
			"seconds":	100.000091,
			"bytes":	99999285248,
			"bits_per_second":	7999935539.89866,
			"retransmits":	91,
			"sender":	true
		},
		"sum_received":	{
			"start":	0,
			"end":	100.000142,
			"seconds":	100.000142,
			"bytes":	99999285248,
			"bits_per_second":	7999931459.9373274,
			"sender":	true
		},
		"cpu_utilization_percent":	{
			"host_total":	48.605637154007233,
			"host_user":	2.1590182130400071,
			"host_system":	46.44661894096722,
			"remote_total":	53.076548391321957,
			"remote_user":	3.4945498698366362,
			"remote_system":	49.581998521485318
		},
		"sender_tcp_congestion":	"cubic",
		"receiver_tcp_congestion":	"reno"
	}
}
