{
	"start":	{
		"connected":	[{
				"socket":	5,
				"local_host":	"10.0.1.1",
				"local_port":	44720,
				"remote_host":	"10.0.0.1",
				"remote_port":	5201
			}],
		"version":	"iperf 3.9+",
		"system_info":	"Linux han-3 5.10.0 #9 SMP PREEMPT Tue Feb 23 15:01:43 PST 2021 x86_64",
		"timestamp":	{
			"time":	"Fri, 26 May 2023 21:33:30 GMT",
			"timesecs":	1685136810
		},
		"connecting_to":	{
			"host":	"10.0.0.1",
			"port":	5201
		},
		"cookie":	"i45sbxmhgkc6hyfzfblcfpqagc4j6yoogqb7",
		"tcp_mss_default":	8948,
		"target_bitrate":	10000000000,
		"sock_bufsize":	0,
		"sndbuf_actual":	16384,
		"rcvbuf_actual":	131072,
		"test_start":	{
			"protocol":	"TCP",
			"num_streams":	1,
			"blksize":	131072,
			"omit":	0,
			"duration":	30,
			"bytes":	0,
			"blocks":	0,
			"reverse":	0,
			"tos":	0
		}
	},
	"intervals":	[{
			"streams":	[{
					"socket":	5,
					"start":	0,
					"end":	30.000232,
					"seconds":	30.0002326965332,
					"bytes":	36357931008,
					"bits_per_second":	9695373066.14331,
					"retransmits":	446,
					"snd_cwnd":	1807496,
					"rtt":	1462,
					"rttvar":	56,
					"pmtu":	9000,
					"omitted":	false,
					"sender":	true
				}],
			"sum":	{
				"start":	0,
				"end":	30.000232,
				"seconds":	30.0002326965332,
				"bytes":	36357931008,
				"bits_per_second":	9695373066.14331,
				"retransmits":	446,
				"omitted":	false,
				"sender":	true
			}
		}],
	"end":	{
		"streams":	[{
				"sender":	{
					"socket":	5,
					"start":	0,
					"end":	30.000232,
					"seconds":	30.000232,
					"bytes":	36357931008,
					"bits_per_second":	9695373291.24655,
					"retransmits":	446,
					"max_snd_cwnd":	1807496,
					"max_rtt":	1462,
					"min_rtt":	1462,
					"mean_rtt":	1462,
					"sender":	true
				},
				"receiver":	{
					"socket":	5,
					"start":	0,
					"end":	30.001741,
					"seconds":	30.000232,
					"bytes":	36357362608,
					"bits_per_second":	9694734077.7323551,
					"sender":	true
				}
			}],
		"sum_sent":	{
			"start":	0,
			"end":	30.000232,
			"seconds":	30.000232,
			"bytes":	36357931008,
			"bits_per_second":	9695373291.24655,
			"retransmits":	446,
			"sender":	true
		},
		"sum_received":	{
			"start":	0,
			"end":	30.001741,
			"seconds":	30.001741,
			"bytes":	36357362608,
			"bits_per_second":	9694734077.7323551,
			"sender":	true
		},
		"cpu_utilization_percent":	{
			"host_total":	98.286788662171475,
			"host_user":	2.5797195963916444,
			"host_system":	95.7070657326968,
			"remote_total":	53.934239357735677,
			"remote_user":	4.8380968898884351,
			"remote_system":	49.096145792967754
		},
		"sender_tcp_congestion":	"cubic",
		"receiver_tcp_congestion":	"reno"
	}
}
