{
	"start":	{
		"connected":	[{
				"socket":	5,
				"local_host":	"10.0.1.1",
				"local_port":	52784,
				"remote_host":	"10.0.0.1",
				"remote_port":	5201
			}],
		"version":	"iperf 3.9+",
		"system_info":	"Linux han-3 5.10.0 #9 SMP PREEMPT Tue Feb 23 15:01:43 PST 2021 x86_64",
		"timestamp":	{
			"time":	"Tue, 23 May 2023 00:04:44 GMT",
			"timesecs":	1684800284
		},
		"connecting_to":	{
			"host":	"10.0.0.1",
			"port":	5201
		},
		"cookie":	"7gdz3fa6aj6a7bsgilpckfn4ljd4yuxi4uny",
		"tcp_mss_default":	8948,
		"target_bitrate":	3000000000,
		"sock_bufsize":	0,
		"sndbuf_actual":	16384,
		"rcvbuf_actual":	131072,
		"test_start":	{
			"protocol":	"TCP",
			"num_streams":	1,
			"blksize":	131072,
			"omit":	0,
			"duration":	60,
			"bytes":	0,
			"blocks":	0,
			"reverse":	0,
			"tos":	0
		}
	},
	"intervals":	[{
			"streams":	[{
					"socket":	5,
					"start":	0,
					"end":	60.000155,
					"seconds":	60.0001564025879,
					"bytes":	22499819520,
					"bits_per_second":	2999968115.9537177,
					"retransmits":	7,
					"snd_cwnd":	536880,
					"rtt":	387,
					"rttvar":	33,
					"pmtu":	9000,
					"omitted":	false,
					"sender":	true
				}],
			"sum":	{
				"start":	0,
				"end":	60.000155,
				"seconds":	60.0001564025879,
				"bytes":	22499819520,
				"bits_per_second":	2999968115.9537177,
				"retransmits":	7,
				"omitted":	false,
				"sender":	true
			}
		}],
	"end":	{
		"streams":	[{
				"sender":	{
					"socket":	5,
					"start":	0,
					"end":	60.000155,
					"seconds":	60.000155,
					"bytes":	22499819520,
					"bits_per_second":	2999968186.0821857,
					"retransmits":	7,
					"max_snd_cwnd":	536880,
					"max_rtt":	387,
					"min_rtt":	387,
					"mean_rtt":	387,
					"sender":	true
				},
				"receiver":	{
					"socket":	5,
					"start":	0,
					"end":	60.000292,
					"seconds":	60.000155,
					"bytes":	22499819520,
					"bits_per_second":	2999961336.1881638,
					"sender":	true
				}
			}],
		"sum_sent":	{
			"start":	0,
			"end":	60.000155,
			"seconds":	60.000155,
			"bytes":	22499819520,
			"bits_per_second":	2999968186.0821857,
			"retransmits":	7,
			"sender":	true
		},
		"sum_received":	{
			"start":	0,
			"end":	60.000292,
			"seconds":	60.000292,
			"bytes":	22499819520,
			"bits_per_second":	2999961336.1881638,
			"sender":	true
		},
		"cpu_utilization_percent":	{
			"host_total":	12.810594922079332,
			"host_user":	2.1915305680512578,
			"host_system":	10.619062687434489,
			"remote_total":	31.662325336156066,
			"remote_user":	2.8267399714465866,
			"remote_system":	28.835587030000536
		},
		"sender_tcp_congestion":	"cubic",
		"receiver_tcp_congestion":	"reno"
	}
}
