{
	"start":	{
		"connected":	[{
				"socket":	5,
				"local_host":	"10.0.1.1",
				"local_port":	42112,
				"remote_host":	"10.0.0.1",
				"remote_port":	5201
			}],
		"version":	"iperf 3.9+",
		"system_info":	"Linux han-3 5.10.0 #9 SMP PREEMPT Tue Feb 23 15:01:43 PST 2021 x86_64",
		"timestamp":	{
			"time":	"Fri, 26 May 2023 12:25:45 GMT",
			"timesecs":	1685103945
		},
		"connecting_to":	{
			"host":	"10.0.0.1",
			"port":	5201
		},
		"cookie":	"jjuvqt5oql4b6zw5oqnvl52u7wbgkpwhv7cx",
		"tcp_mss_default":	8948,
		"target_bitrate":	4000000000,
		"sock_bufsize":	0,
		"sndbuf_actual":	16384,
		"rcvbuf_actual":	131072,
		"test_start":	{
			"protocol":	"TCP",
			"num_streams":	1,
			"blksize":	131072,
			"omit":	0,
			"duration":	40,
			"bytes":	0,
			"blocks":	0,
			"reverse":	0,
			"tos":	0
		}
	},
	"intervals":	[{
			"streams":	[{
					"socket":	5,
					"start":	0,
					"end":	40.00027,
					"seconds":	40.000270843505859,
					"bytes":	19999752192,
					"bits_per_second":	3999923354.568387,
					"retransmits":	40,
					"snd_cwnd":	608464,
					"rtt":	341,
					"rttvar":	63,
					"pmtu":	9000,
					"omitted":	false,
					"sender":	true
				}],
			"sum":	{
				"start":	0,
				"end":	40.00027,
				"seconds":	40.000270843505859,
				"bytes":	19999752192,
				"bits_per_second":	3999923354.568387,
				"retransmits":	40,
				"omitted":	false,
				"sender":	true
			}
		}],
	"end":	{
		"streams":	[{
				"sender":	{
					"socket":	5,
					"start":	0,
					"end":	40.00027,
					"seconds":	40.00027,
					"bytes":	19999752192,
					"bits_per_second":	3999923438.9167871,
					"retransmits":	40,
					"max_snd_cwnd":	608464,
					"max_rtt":	341,
					"min_rtt":	341,
					"mean_rtt":	341,
					"sender":	true
				},
				"receiver":	{
					"socket":	5,
					"start":	0,
					"end":	40.000552,
					"seconds":	40.00027,
					"bytes":	19999752192,
					"bits_per_second":	3999895239.84569,
					"sender":	true
				}
			}],
		"sum_sent":	{
			"start":	0,
			"end":	40.00027,
			"seconds":	40.00027,
			"bytes":	19999752192,
			"bits_per_second":	3999923438.9167871,
			"retransmits":	40,
			"sender":	true
		},
		"sum_received":	{
			"start":	0,
			"end":	40.000552,
			"seconds":	40.000552,
			"bytes":	19999752192,
			"bits_per_second":	3999895239.84569,
			"sender":	true
		},
		"cpu_utilization_percent":	{
			"host_total":	36.089170368574557,
			"host_user":	1.5052757484012715,
			"host_system":	34.583889620494638,
			"remote_total":	36.6705789999637,
			"remote_user":	2.4351586578181159,
			"remote_system":	34.235422836990921
		},
		"sender_tcp_congestion":	"cubic",
		"receiver_tcp_congestion":	"reno"
	}
}
