{
	"start":	{
		"connected":	[{
				"socket":	5,
				"local_host":	"10.0.1.1",
				"local_port":	51716,
				"remote_host":	"10.0.0.1",
				"remote_port":	5201
			}],
		"version":	"iperf 3.9+",
		"system_info":	"Linux han-3 5.10.0 #9 SMP PREEMPT Tue Feb 23 15:01:43 PST 2021 x86_64",
		"timestamp":	{
			"time":	"Mon, 22 May 2023 20:32:42 GMT",
			"timesecs":	1684787562
		},
		"connecting_to":	{
			"host":	"10.0.0.1",
			"port":	5201
		},
		"cookie":	"6u677cst3svbjmlalkbfayocp2pzd3pxv6qi",
		"tcp_mss_default":	8948,
		"target_bitrate":	1000000000,
		"sock_bufsize":	0,
		"sndbuf_actual":	16384,
		"rcvbuf_actual":	131072,
		"test_start":	{
			"protocol":	"TCP",
			"num_streams":	1,
			"blksize":	131072,
			"omit":	0,
			"duration":	10,
			"bytes":	0,
			"blocks":	0,
			"reverse":	0,
			"tos":	0
		}
	},
	"intervals":	[{
			"streams":	[{
					"socket":	5,
					"start":	0,
					"end":	10.000082,
					"seconds":	10.000082015991211,
					"bytes":	1249902592,
					"bits_per_second":	999913872.70726049,
					"retransmits":	3,
					"snd_cwnd":	277388,
					"rtt":	235,
					"rttvar":	30,
					"pmtu":	9000,
					"omitted":	false,
					"sender":	true
				}],
			"sum":	{
				"start":	0,
				"end":	10.000082,
				"seconds":	10.000082015991211,
				"bytes":	1249902592,
				"bits_per_second":	999913872.70726049,
				"retransmits":	3,
				"omitted":	false,
				"sender":	true
			}
		}],
	"end":	{
		"streams":	[{
				"sender":	{
					"socket":	5,
					"start":	0,
					"end":	10.000082,
					"seconds":	10.000082,
					"bytes":	1249902592,
					"bits_per_second":	999913874.30623066,
					"retransmits":	3,
					"max_snd_cwnd":	277388,
					"max_rtt":	235,
					"min_rtt":	235,
					"mean_rtt":	235,
					"sender":	true
				},
				"receiver":	{
					"socket":	5,
					"start":	0,
					"end":	10.000218,
					"seconds":	10.000082,
					"bytes":	1249902592,
					"bits_per_second":	999900275.773988,
					"sender":	true
				}
			}],
		"sum_sent":	{
			"start":	0,
			"end":	10.000082,
			"seconds":	10.000082,
			"bytes":	1249902592,
			"bits_per_second":	999913874.30623066,
			"retransmits":	3,
			"sender":	true
		},
		"sum_received":	{
			"start":	0,
			"end":	10.000218,
			"seconds":	10.000218,
			"bytes":	1249902592,
			"bits_per_second":	999900275.773988,
			"sender":	true
		},
		"cpu_utilization_percent":	{
			"host_total":	5.2955578468088653,
			"host_user":	3.9662221317540416,
			"host_system":	1.3293257173433,
			"remote_total":	14.74421334096276,
			"remote_user":	0.537588252164703,
			"remote_system":	14.206625088798058
		},
		"sender_tcp_congestion":	"cubic",
		"receiver_tcp_congestion":	"reno"
	}
}
