{
	"start":	{
		"connected":	[{
				"socket":	5,
				"local_host":	"10.0.1.1",
				"local_port":	40954,
				"remote_host":	"10.0.0.1",
				"remote_port":	5201
			}],
		"version":	"iperf 3.9+",
		"system_info":	"Linux han-3 5.10.0 #9 SMP PREEMPT Tue Feb 23 15:01:43 PST 2021 x86_64",
		"timestamp":	{
			"time":	"Fri, 26 May 2023 08:21:14 GMT",
			"timesecs":	1685089274
		},
		"connecting_to":	{
			"host":	"10.0.0.1",
			"port":	5201
		},
		"cookie":	"fzkbucex6xnt277wflxmahfztpcmjr4vzk7e",
		"tcp_mss_default":	8948,
		"target_bitrate":	1000000000,
		"sock_bufsize":	0,
		"sndbuf_actual":	16384,
		"rcvbuf_actual":	131072,
		"test_start":	{
			"protocol":	"TCP",
			"num_streams":	1,
			"blksize":	131072,
			"omit":	0,
			"duration":	70,
			"bytes":	0,
			"blocks":	0,
			"reverse":	0,
			"tos":	0
		}
	},
	"intervals":	[{
			"streams":	[{
					"socket":	5,
					"start":	0,
					"end":	60.000068,
					"seconds":	60.000068664550781,
					"bytes":	7499939840,
					"bits_per_second":	999990834.26797628,
					"retransmits":	6,
					"snd_cwnd":	402660,
					"rtt":	214,
					"rttvar":	13,
					"pmtu":	9000,
					"omitted":	false,
					"sender":	true
				}],
			"sum":	{
				"start":	0,
				"end":	60.000068,
				"seconds":	60.000068664550781,
				"bytes":	7499939840,
				"bits_per_second":	999990834.26797628,
				"retransmits":	6,
				"omitted":	false,
				"sender":	true
			}
		}, {
			"streams":	[{
					"socket":	5,
					"start":	60.000068,
					"end":	70.000094,
					"seconds":	10.000025749206543,
					"bytes":	1250033664,
					"bits_per_second":	1000024356.2166303,
					"retransmits":	0,
					"snd_cwnd":	402660,
					"rtt":	261,
					"rttvar":	74,
					"pmtu":	9000,
					"omitted":	false,
					"sender":	true
				}],
			"sum":	{
				"start":	60.000068,
				"end":	70.000094,
				"seconds":	10.000025749206543,
				"bytes":	1250033664,
				"bits_per_second":	1000024356.2166303,
				"retransmits":	0,
				"omitted":	false,
				"sender":	true
			}
		}],
	"end":	{
		"streams":	[{
				"sender":	{
					"socket":	5,
					"start":	0,
					"end":	70.000094,
					"seconds":	70.000094,
					"bytes":	8749973504,
					"bits_per_second":	999995629.034441,
					"retransmits":	6,
					"max_snd_cwnd":	402660,
					"max_rtt":	261,
					"min_rtt":	214,
					"mean_rtt":	237,
					"sender":	true
				},
				"receiver":	{
					"socket":	5,
					"start":	0,
					"end":	70.000216,
					"seconds":	70.000094,
					"bytes":	8749973504,
					"bits_per_second":	999993886.190294,
					"sender":	true
				}
			}],
		"sum_sent":	{
			"start":	0,
			"end":	70.000094,
			"seconds":	70.000094,
			"bytes":	8749973504,
			"bits_per_second":	999995629.034441,
			"retransmits":	6,
			"sender":	true
		},
		"sum_received":	{
			"start":	0,
			"end":	70.000216,
			"seconds":	70.000216,
			"bytes":	8749973504,
			"bits_per_second":	999993886.190294,
			"sender":	true
		},
		"cpu_utilization_percent":	{
			"host_total":	9.684561687032744,
			"host_user":	5.80955505333493,
			"host_system":	3.8750094907412866,
			"remote_total":	11.7577294671375,
			"remote_user":	0.64603643079039175,
			"remote_system":	11.111694463411718
		},
		"sender_tcp_congestion":	"cubic",
		"receiver_tcp_congestion":	"reno"
	}
}
