{
	"start":	{
		"connected":	[{
				"socket":	5,
				"local_host":	"10.0.1.1",
				"local_port":	43888,
				"remote_host":	"10.0.0.1",
				"remote_port":	5201
			}],
		"version":	"iperf 3.9+",
		"system_info":	"Linux han-3 5.10.0 #9 SMP PREEMPT Tue Feb 23 15:01:43 PST 2021 x86_64",
		"timestamp":	{
			"time":	"Fri, 26 May 2023 18:36:16 GMT",
			"timesecs":	1685126176
		},
		"connecting_to":	{
			"host":	"10.0.0.1",
			"port":	5201
		},
		"cookie":	"b5eomk47n7awlr3nvvzewer3h2am3dwdqqpl",
		"tcp_mss_default":	8948,
		"target_bitrate":	8000000000,
		"sock_bufsize":	0,
		"sndbuf_actual":	16384,
		"rcvbuf_actual":	131072,
		"test_start":	{
			"protocol":	"TCP",
			"num_streams":	1,
			"blksize":	131072,
			"omit":	0,
			"duration":	40,
			"bytes":	0,
			"blocks":	0,
			"reverse":	0,
			"tos":	0
		}
	},
	"intervals":	[{
			"streams":	[{
					"socket":	5,
					"start":	0,
					"end":	40.000275,
					"seconds":	40.000274658203125,
					"bytes":	39999504384,
					"bits_per_second":	7999845946.2171783,
					"retransmits":	48,
					"snd_cwnd":	1664328,
					"rtt":	365,
					"rttvar":	19,
					"pmtu":	9000,
					"omitted":	false,
					"sender":	true
				}],
			"sum":	{
				"start":	0,
				"end":	40.000275,
				"seconds":	40.000274658203125,
				"bytes":	39999504384,
				"bits_per_second":	7999845946.2171783,
				"retransmits":	48,
				"omitted":	false,
				"sender":	true
			}
		}],
	"end":	{
		"streams":	[{
				"sender":	{
					"socket":	5,
					"start":	0,
					"end":	40.000275,
					"seconds":	40.000275,
					"bytes":	39999504384,
					"bits_per_second":	7999845877.85959,
					"retransmits":	48,
					"max_snd_cwnd":	1664328,
					"max_rtt":	365,
					"min_rtt":	365,
					"mean_rtt":	365,
					"sender":	true
				},
				"receiver":	{
					"socket":	5,
					"start":	0,
					"end":	40.000515,
					"seconds":	40.000275,
					"bytes":	39999504384,
					"bits_per_second":	7999797879.4023027,
					"sender":	true
				}
			}],
		"sum_sent":	{
			"start":	0,
			"end":	40.000275,
			"seconds":	40.000275,
			"bytes":	39999504384,
			"bits_per_second":	7999845877.85959,
			"retransmits":	48,
			"sender":	true
		},
		"sum_received":	{
			"start":	0,
			"end":	40.000515,
			"seconds":	40.000515,
			"bytes":	39999504384,
			"bits_per_second":	7999797879.4023027,
			"sender":	true
		},
		"cpu_utilization_percent":	{
			"host_total":	75.624766327899,
			"host_user":	2.12817725311902,
			"host_system":	73.4965940744505,
			"remote_total":	51.69940053366534,
			"remote_user":	4.7039621799289462,
			"remote_system":	46.995440849412269
		},
		"sender_tcp_congestion":	"cubic",
		"receiver_tcp_congestion":	"reno"
	}
}
