{
	"start":	{
		"connected":	[{
				"socket":	5,
				"local_host":	"10.0.1.1",
				"local_port":	39288,
				"remote_host":	"10.0.0.1",
				"remote_port":	5201
			}],
		"version":	"iperf 3.9+",
		"system_info":	"Linux han-3 5.10.0 #9 SMP PREEMPT Tue Feb 23 15:01:43 PST 2021 x86_64",
		"timestamp":	{
			"time":	"Fri, 26 May 2023 02:37:51 GMT",
			"timesecs":	1685068671
		},
		"connecting_to":	{
			"host":	"10.0.0.1",
			"port":	5201
		},
		"cookie":	"onepnynahhep3a2ns6z6xvxxmg2urpuusmkd",
		"tcp_mss_default":	8948,
		"target_bitrate":	7000000000,
		"sock_bufsize":	0,
		"sndbuf_actual":	16384,
		"rcvbuf_actual":	131072,
		"test_start":	{
			"protocol":	"TCP",
			"num_streams":	1,
			"blksize":	131072,
			"omit":	0,
			"duration":	90,
			"bytes":	0,
			"blocks":	0,
			"reverse":	0,
			"tos":	0
		}
	},
	"intervals":	[{
			"streams":	[{
					"socket":	5,
					"start":	0,
					"end":	60.000068,
					"seconds":	60.000068664550781,
					"bytes":	52499709952,
					"bits_per_second":	6999953316.1225,
					"retransmits":	20,
					"snd_cwnd":	1673276,
					"rtt":	455,
					"rttvar":	46,
					"pmtu":	9000,
					"omitted":	false,
					"sender":	true
				}],
			"sum":	{
				"start":	0,
				"end":	60.000068,
				"seconds":	60.000068664550781,
				"bytes":	52499709952,
				"bits_per_second":	6999953316.1225,
				"retransmits":	20,
				"omitted":	false,
				"sender":	true
			}
		}, {
			"streams":	[{
					"socket":	5,
					"start":	60.000068,
					"end":	90.00008,
					"seconds":	30.0000114440918,
					"bytes":	26249658368,
					"bits_per_second":	6999906227.88102,
					"retransmits":	1,
					"snd_cwnd":	1673276,
					"rtt":	687,
					"rttvar":	43,
					"pmtu":	9000,
					"omitted":	false,
					"sender":	true
				}],
			"sum":	{
				"start":	60.000068,
				"end":	90.00008,
				"seconds":	30.0000114440918,
				"bytes":	26249658368,
				"bits_per_second":	6999906227.88102,
				"retransmits":	1,
				"omitted":	false,
				"sender":	true
			}
		}],
	"end":	{
		"streams":	[{
				"sender":	{
					"socket":	5,
					"start":	0,
					"end":	90.00008,
					"seconds":	90.00008,
					"bytes":	78749368320,
					"bits_per_second":	6999937628.4998856,
					"retransmits":	21,
					"max_snd_cwnd":	1673276,
					"max_rtt":	687,
					"min_rtt":	455,
					"mean_rtt":	571,
					"sender":	true
				},
				"receiver":	{
					"socket":	5,
					"start":	0,
					"end":	90.000149,
					"seconds":	90.00008,
					"bytes":	78749368320,
					"bits_per_second":	6999932261.8899221,
					"sender":	true
				}
			}],
		"sum_sent":	{
			"start":	0,
			"end":	90.00008,
			"seconds":	90.00008,
			"bytes":	78749368320,
			"bits_per_second":	6999937628.4998856,
			"retransmits":	21,
			"sender":	true
		},
		"sum_received":	{
			"start":	0,
			"end":	90.000149,
			"seconds":	90.000149,
			"bytes":	78749368320,
			"bits_per_second":	6999932261.8899221,
			"sender":	true
		},
		"cpu_utilization_percent":	{
			"host_total":	43.778346765503812,
			"host_user":	1.5494365190448622,
			"host_system":	42.228910246458945,
			"remote_total":	45.377412581476129,
			"remote_user":	3.0856691456903866,
			"remote_system":	42.291742325369071
		},
		"sender_tcp_congestion":	"cubic",
		"receiver_tcp_congestion":	"reno"
	}
}
