{
	"start":	{
		"connected":	[{
				"socket":	5,
				"local_host":	"10.0.1.1",
				"local_port":	34698,
				"remote_host":	"10.0.0.1",
				"remote_port":	5201
			}],
		"version":	"iperf 3.9+",
		"system_info":	"Linux han-3 5.10.0 #9 SMP PREEMPT Tue Feb 23 15:01:43 PST 2021 x86_64",
		"timestamp":	{
			"time":	"Thu, 25 May 2023 13:24:43 GMT",
			"timesecs":	1685021083
		},
		"connecting_to":	{
			"host":	"10.0.0.1",
			"port":	5201
		},
		"cookie":	"nozlpupfs6gm5yoqe4ljynplh2w5x2trzkiy",
		"tcp_mss_default":	8948,
		"target_bitrate":	9000000000,
		"sock_bufsize":	0,
		"sndbuf_actual":	16384,
		"rcvbuf_actual":	131072,
		"test_start":	{
			"protocol":	"TCP",
			"num_streams":	1,
			"blksize":	131072,
			"omit":	0,
			"duration":	30,
			"bytes":	0,
			"blocks":	0,
			"reverse":	0,
			"tos":	0
		}
	},
	"intervals":	[{
			"streams":	[{
					"socket":	5,
					"start":	0,
					"end":	30.00018,
					"seconds":	30.000179290771484,
					"bytes":	33749598208,
					"bits_per_second":	8999839069.197,
					"retransmits":	26,
					"snd_cwnd":	1548004,
					"rtt":	575,
					"rttvar":	23,
					"pmtu":	9000,
					"omitted":	false,
					"sender":	true
				}],
			"sum":	{
				"start":	0,
				"end":	30.00018,
				"seconds":	30.000179290771484,
				"bytes":	33749598208,
				"bits_per_second":	8999839069.197,
				"retransmits":	26,
				"omitted":	false,
				"sender":	true
			}
		}],
	"end":	{
		"streams":	[{
				"sender":	{
					"socket":	5,
					"start":	0,
					"end":	30.00018,
					"seconds":	30.00018,
					"bytes":	33749598208,
					"bits_per_second":	8999838856.43353,
					"retransmits":	26,
					"max_snd_cwnd":	1548004,
					"max_rtt":	575,
					"min_rtt":	575,
					"mean_rtt":	575,
					"sender":	true
				},
				"receiver":	{
					"socket":	5,
					"start":	0,
					"end":	30.000558,
					"seconds":	30.00018,
					"bytes":	33749598208,
					"bits_per_second":	8999725460.5731,
					"sender":	true
				}
			}],
		"sum_sent":	{
			"start":	0,
			"end":	30.00018,
			"seconds":	30.00018,
			"bytes":	33749598208,
			"bits_per_second":	8999838856.43353,
			"retransmits":	26,
			"sender":	true
		},
		"sum_received":	{
			"start":	0,
			"end":	30.000558,
			"seconds":	30.000558,
			"bytes":	33749598208,
			"bits_per_second":	8999725460.5731,
			"sender":	true
		},
		"cpu_utilization_percent":	{
			"host_total":	34.11157030922395,
			"host_user":	2.1161310260836328,
			"host_system":	31.995439283140314,
			"remote_total":	53.2528986167627,
			"remote_user":	2.9864075405275128,
			"remote_system":	50.266497733103385
		},
		"sender_tcp_congestion":	"cubic",
		"receiver_tcp_congestion":	"reno"
	}
}
