{
	"start":	{
		"connected":	[{
				"socket":	5,
				"local_host":	"10.0.1.1",
				"local_port":	32856,
				"remote_host":	"10.0.0.1",
				"remote_port":	5201
			}],
		"version":	"iperf 3.9+",
		"system_info":	"Linux han-3 5.10.0 #9 SMP PREEMPT Tue Feb 23 15:01:43 PST 2021 x86_64",
		"timestamp":	{
			"time":	"Thu, 25 May 2023 07:12:12 GMT",
			"timesecs":	1684998732
		},
		"connecting_to":	{
			"host":	"10.0.0.1",
			"port":	5201
		},
		"cookie":	"mkdcdbv53bzllpkhdfpkr2idrwk5pqqjtuth",
		"tcp_mss_default":	8948,
		"target_bitrate":	5000000000,
		"sock_bufsize":	0,
		"sndbuf_actual":	16384,
		"rcvbuf_actual":	131072,
		"test_start":	{
			"protocol":	"TCP",
			"num_streams":	1,
			"blksize":	131072,
			"omit":	0,
			"duration":	10,
			"bytes":	0,
			"blocks":	0,
			"reverse":	0,
			"tos":	0
		}
	},
	"intervals":	[{
			"streams":	[{
					"socket":	5,
					"start":	0,
					"end":	10.000073,
					"seconds":	10.000073432922363,
					"bytes":	6249512960,
					"bits_per_second":	4999573654.6695967,
					"retransmits":	35,
					"snd_cwnd":	805320,
					"rtt":	435,
					"rttvar":	33,
					"pmtu":	9000,
					"omitted":	false,
					"sender":	true
				}],
			"sum":	{
				"start":	0,
				"end":	10.000073,
				"seconds":	10.000073432922363,
				"bytes":	6249512960,
				"bits_per_second":	4999573654.6695967,
				"retransmits":	35,
				"omitted":	false,
				"sender":	true
			}
		}],
	"end":	{
		"streams":	[{
				"sender":	{
					"socket":	5,
					"start":	0,
					"end":	10.000073,
					"seconds":	10.000073,
					"bytes":	6249512960,
					"bits_per_second":	4999573871.11074,
					"retransmits":	35,
					"max_snd_cwnd":	805320,
					"max_rtt":	435,
					"min_rtt":	435,
					"mean_rtt":	435,
					"sender":	true
				},
				"receiver":	{
					"socket":	5,
					"start":	0,
					"end":	10.000185,
					"seconds":	10.000073,
					"bytes":	6249512960,
					"bits_per_second":	4999517876.9192772,
					"sender":	true
				}
			}],
		"sum_sent":	{
			"start":	0,
			"end":	10.000073,
			"seconds":	10.000073,
			"bytes":	6249512960,
			"bits_per_second":	4999573871.11074,
			"retransmits":	35,
			"sender":	true
		},
		"sum_received":	{
			"start":	0,
			"end":	10.000185,
			"seconds":	10.000185,
			"bytes":	6249512960,
			"bits_per_second":	4999517876.9192772,
			"sender":	true
		},
		"cpu_utilization_percent":	{
			"host_total":	18.742976781088316,
			"host_user":	4.69080041301526,
			"host_system":	14.052176368073058,
			"remote_total":	44.220713254983387,
			"remote_user":	0,
			"remote_system":	44.220703312013285
		},
		"sender_tcp_congestion":	"cubic",
		"receiver_tcp_congestion":	"reno"
	}
}
