{
	"start":	{
		"connected":	[{
				"socket":	5,
				"local_host":	"10.0.1.1",
				"local_port":	39438,
				"remote_host":	"10.0.0.1",
				"remote_port":	5201
			}],
		"version":	"iperf 3.9+",
		"system_info":	"Linux han-3 5.10.0 #9 SMP PREEMPT Tue Feb 23 15:01:43 PST 2021 x86_64",
		"timestamp":	{
			"time":	"Fri, 26 May 2023 03:09:03 GMT",
			"timesecs":	1685070543
		},
		"connecting_to":	{
			"host":	"10.0.0.1",
			"port":	5201
		},
		"cookie":	"ysxq54yunkknmjb3n65ezcyjyyk3h4fmtwrw",
		"tcp_mss_default":	8948,
		"target_bitrate":	8000000000,
		"sock_bufsize":	0,
		"sndbuf_actual":	16384,
		"rcvbuf_actual":	131072,
		"test_start":	{
			"protocol":	"TCP",
			"num_streams":	1,
			"blksize":	131072,
			"omit":	0,
			"duration":	20,
			"bytes":	0,
			"blocks":	0,
			"reverse":	0,
			"tos":	0
		}
	},
	"intervals":	[{
			"streams":	[{
					"socket":	5,
					"start":	0,
					"end":	20.000108,
					"seconds":	20.00010871887207,
					"bytes":	19999227904,
					"bits_per_second":	7999647675.9663858,
					"retransmits":	56,
					"snd_cwnd":	1279564,
					"rtt":	783,
					"rttvar":	49,
					"pmtu":	9000,
					"omitted":	false,
					"sender":	true
				}],
			"sum":	{
				"start":	0,
				"end":	20.000108,
				"seconds":	20.00010871887207,
				"bytes":	19999227904,
				"bits_per_second":	7999647675.9663858,
				"retransmits":	56,
				"omitted":	false,
				"sender":	true
			}
		}],
	"end":	{
		"streams":	[{
				"sender":	{
					"socket":	5,
					"start":	0,
					"end":	20.000108,
					"seconds":	20.000108,
					"bytes":	19999227904,
					"bits_per_second":	7999647963.5009966,
					"retransmits":	56,
					"max_snd_cwnd":	1279564,
					"max_rtt":	783,
					"min_rtt":	783,
					"mean_rtt":	783,
					"sender":	true
				},
				"receiver":	{
					"socket":	5,
					"start":	0,
					"end":	20.000206,
					"seconds":	20.000108,
					"bytes":	19999227904,
					"bits_per_second":	7999608765.629715,
					"sender":	true
				}
			}],
		"sum_sent":	{
			"start":	0,
			"end":	20.000108,
			"seconds":	20.000108,
			"bytes":	19999227904,
			"bits_per_second":	7999647963.5009966,
			"retransmits":	56,
			"sender":	true
		},
		"sum_received":	{
			"start":	0,
			"end":	20.000206,
			"seconds":	20.000206,
			"bytes":	19999227904,
			"bits_per_second":	7999608765.629715,
			"sender":	true
		},
		"cpu_utilization_percent":	{
			"host_total":	39.110372368082139,
			"host_user":	1.5804105799858255,
			"host_system":	37.529956788632255,
			"remote_total":	56.468846823695415,
			"remote_user":	4.48959554815234,
			"remote_system":	51.979256261395477
		},
		"sender_tcp_congestion":	"cubic",
		"receiver_tcp_congestion":	"reno"
	}
}
