{
	"start":	{
		"connected":	[{
				"socket":	5,
				"local_host":	"10.0.1.1",
				"local_port":	35254,
				"remote_host":	"10.0.0.1",
				"remote_port":	5201
			}],
		"version":	"iperf 3.9+",
		"system_info":	"Linux han-3 5.10.0 #9 SMP PREEMPT Tue Feb 23 15:01:43 PST 2021 x86_64",
		"timestamp":	{
			"time":	"Thu, 25 May 2023 15:15:09 GMT",
			"timesecs":	1685027709
		},
		"connecting_to":	{
			"host":	"10.0.0.1",
			"port":	5201
		},
		"cookie":	"5mojv7e7r6kpvovwl5p6b7cmqxq5sffsxgy2",
		"tcp_mss_default":	8948,
		"target_bitrate":	10000000000,
		"sock_bufsize":	0,
		"sndbuf_actual":	16384,
		"rcvbuf_actual":	131072,
		"test_start":	{
			"protocol":	"TCP",
			"num_streams":	1,
			"blksize":	131072,
			"omit":	0,
			"duration":	50,
			"bytes":	0,
			"blocks":	0,
			"reverse":	0,
			"tos":	0
		}
	},
	"intervals":	[{
			"streams":	[{
					"socket":	5,
					"start":	0,
					"end":	50.000141,
					"seconds":	50.000141143798828,
					"bytes":	61856153600,
					"bits_per_second":	9896956638.118866,
					"retransmits":	1683,
					"snd_cwnd":	1664328,
					"rtt":	1295,
					"rttvar":	11,
					"pmtu":	9000,
					"omitted":	false,
					"sender":	true
				}],
			"sum":	{
				"start":	0,
				"end":	50.000141,
				"seconds":	50.000141143798828,
				"bytes":	61856153600,
				"bits_per_second":	9896956638.118866,
				"retransmits":	1683,
				"omitted":	false,
				"sender":	true
			}
		}],
	"end":	{
		"streams":	[{
				"sender":	{
					"socket":	5,
					"start":	0,
					"end":	50.000141,
					"seconds":	50.000141,
					"bytes":	61856153600,
					"bits_per_second":	9896956666.5822,
					"retransmits":	1683,
					"max_snd_cwnd":	1664328,
					"max_rtt":	1295,
					"min_rtt":	1295,
					"mean_rtt":	1295,
					"sender":	true
				},
				"receiver":	{
					"socket":	5,
					"start":	0,
					"end":	50.001442,
					"seconds":	50.000141,
					"bytes":	61855088540,
					"bits_per_second":	9896528750.5108356,
					"sender":	true
				}
			}],
		"sum_sent":	{
			"start":	0,
			"end":	50.000141,
			"seconds":	50.000141,
			"bytes":	61856153600,
			"bits_per_second":	9896956666.5822,
			"retransmits":	1683,
			"sender":	true
		},
		"sum_received":	{
			"start":	0,
			"end":	50.001442,
			"seconds":	50.001442,
			"bytes":	61855088540,
			"bits_per_second":	9896528750.5108356,
			"sender":	true
		},
		"cpu_utilization_percent":	{
			"host_total":	37.276956246057068,
			"host_user":	1.7784983200328224,
			"host_system":	35.498461925827058,
			"remote_total":	48.968740664167846,
			"remote_user":	3.33500626916334,
			"remote_system":	45.6337343950045
		},
		"sender_tcp_congestion":	"cubic",
		"receiver_tcp_congestion":	"reno"
	}
}
