{
	"start":	{
		"connected":	[{
				"socket":	5,
				"local_host":	"10.0.1.1",
				"local_port":	38460,
				"remote_host":	"10.0.0.1",
				"remote_port":	5201
			}],
		"version":	"iperf 3.9+",
		"system_info":	"Linux han-3 5.10.0 #9 SMP PREEMPT Tue Feb 23 15:01:43 PST 2021 x86_64",
		"timestamp":	{
			"time":	"Thu, 25 May 2023 23:49:50 GMT",
			"timesecs":	1685058590
		},
		"connecting_to":	{
			"host":	"10.0.0.1",
			"port":	5201
		},
		"cookie":	"wqs262gdfgxhwujwao27crzlk75wkowg7zzc",
		"tcp_mss_default":	8948,
		"target_bitrate":	5000000000,
		"sock_bufsize":	0,
		"sndbuf_actual":	16384,
		"rcvbuf_actual":	131072,
		"test_start":	{
			"protocol":	"TCP",
			"num_streams":	1,
			"blksize":	131072,
			"omit":	0,
			"duration":	100,
			"bytes":	0,
			"blocks":	0,
			"reverse":	0,
			"tos":	0
		}
	},
	"intervals":	[{
			"streams":	[{
					"socket":	5,
					"start":	0,
					"end":	60.000083,
					"seconds":	60.000083923339844,
					"bytes":	37499568128,
					"bits_per_second":	4999935423.5453377,
					"retransmits":	9,
					"snd_cwnd":	939540,
					"rtt":	401,
					"rttvar":	24,
					"pmtu":	9000,
					"omitted":	false,
					"sender":	true
				}],
			"sum":	{
				"start":	0,
				"end":	60.000083,
				"seconds":	60.000083923339844,
				"bytes":	37499568128,
				"bits_per_second":	4999935423.5453377,
				"retransmits":	9,
				"omitted":	false,
				"sender":	true
			}
		}, {
			"streams":	[{
					"socket":	5,
					"start":	60.000083,
					"end":	100.000073,
					"seconds":	39.9999885559082,
					"bytes":	25000017920,
					"bits_per_second":	5000005014.51291,
					"retransmits":	15,
					"snd_cwnd":	1270616,
					"rtt":	511,
					"rttvar":	73,
					"pmtu":	9000,
					"omitted":	false,
					"sender":	true
				}],
			"sum":	{
				"start":	60.000083,
				"end":	100.000073,
				"seconds":	39.9999885559082,
				"bytes":	25000017920,
				"bits_per_second":	5000005014.51291,
				"retransmits":	15,
				"omitted":	false,
				"sender":	true
			}
		}],
	"end":	{
		"streams":	[{
				"sender":	{
					"socket":	5,
					"start":	0,
					"end":	100.000073,
					"seconds":	100.000073,
					"bytes":	62499586048,
					"bits_per_second":	4999963233.86684,
					"retransmits":	24,
					"max_snd_cwnd":	1270616,
					"max_rtt":	511,
					"min_rtt":	401,
					"mean_rtt":	456,
					"sender":	true
				},
				"receiver":	{
					"socket":	5,
					"start":	0,
					"end":	100.000149,
					"seconds":	100.000073,
					"bytes":	62499586048,
					"bits_per_second":	4999959433.900444,
					"sender":	true
				}
			}],
		"sum_sent":	{
			"start":	0,
			"end":	100.000073,
			"seconds":	100.000073,
			"bytes":	62499586048,
			"bits_per_second":	4999963233.86684,
			"retransmits":	24,
			"sender":	true
		},
		"sum_received":	{
			"start":	0,
			"end":	100.000149,
			"seconds":	100.000149,
			"bytes":	62499586048,
			"bits_per_second":	4999959433.900444,
			"sender":	true
		},
		"cpu_utilization_percent":	{
			"host_total":	28.577964558663858,
			"host_user":	0.955113258753309,
			"host_system":	27.62285129991055,
			"remote_total":	44.107553956917222,
			"remote_user":	3.2080232529236392,
			"remote_system":	40.899529704528128
		},
		"sender_tcp_congestion":	"cubic",
		"receiver_tcp_congestion":	"reno"
	}
}
