{
	"start":	{
		"connected":	[{
				"socket":	5,
				"local_host":	"10.0.1.1",
				"local_port":	42458,
				"remote_host":	"10.0.0.1",
				"remote_port":	5201
			}],
		"version":	"iperf 3.9+",
		"system_info":	"Linux han-3 5.10.0 #9 SMP PREEMPT Tue Feb 23 15:01:43 PST 2021 x86_64",
		"timestamp":	{
			"time":	"Fri, 26 May 2023 13:48:51 GMT",
			"timesecs":	1685108931
		},
		"connecting_to":	{
			"host":	"10.0.0.1",
			"port":	5201
		},
		"cookie":	"fzmjijuqpeuny4laf56q5ve3gmfbumvxgswf",
		"tcp_mss_default":	8948,
		"target_bitrate":	5000000000,
		"sock_bufsize":	0,
		"sndbuf_actual":	16384,
		"rcvbuf_actual":	131072,
		"test_start":	{
			"protocol":	"TCP",
			"num_streams":	1,
			"blksize":	131072,
			"omit":	0,
			"duration":	10,
			"bytes":	0,
			"blocks":	0,
			"reverse":	0,
			"tos":	0
		}
	},
	"intervals":	[{
			"streams":	[{
					"socket":	5,
					"start":	0,
					"end":	10.000232,
					"seconds":	10.000231742858887,
					"bytes":	6249512960,
					"bits_per_second":	4999494508.2849665,
					"retransmits":	9,
					"snd_cwnd":	787424,
					"rtt":	448,
					"rttvar":	53,
					"pmtu":	9000,
					"omitted":	false,
					"sender":	true
				}],
			"sum":	{
				"start":	0,
				"end":	10.000232,
				"seconds":	10.000231742858887,
				"bytes":	6249512960,
				"bits_per_second":	4999494508.2849665,
				"retransmits":	9,
				"omitted":	false,
				"sender":	true
			}
		}],
	"end":	{
		"streams":	[{
				"sender":	{
					"socket":	5,
					"start":	0,
					"end":	10.000232,
					"seconds":	10.000232,
					"bytes":	6249512960,
					"bits_per_second":	4999494379.73039,
					"retransmits":	9,
					"max_snd_cwnd":	787424,
					"max_rtt":	448,
					"min_rtt":	448,
					"mean_rtt":	448,
					"sender":	true
				},
				"receiver":	{
					"socket":	5,
					"start":	0,
					"end":	10.000468,
					"seconds":	10.000232,
					"bytes":	6249512960,
					"bits_per_second":	4999376397.1846123,
					"sender":	true
				}
			}],
		"sum_sent":	{
			"start":	0,
			"end":	10.000232,
			"seconds":	10.000232,
			"bytes":	6249512960,
			"bits_per_second":	4999494379.73039,
			"retransmits":	9,
			"sender":	true
		},
		"sum_received":	{
			"start":	0,
			"end":	10.000468,
			"seconds":	10.000468,
			"bytes":	6249512960,
			"bits_per_second":	4999376397.1846123,
			"sender":	true
		},
		"cpu_utilization_percent":	{
			"host_total":	37.987603325201718,
			"host_user":	1.0908549954556457,
			"host_system":	36.896768324705342,
			"remote_total":	35.056352590712478,
			"remote_user":	7.1825868405378159,
			"remote_system":	27.873775675686673
		},
		"sender_tcp_congestion":	"cubic",
		"receiver_tcp_congestion":	"reno"
	}
}
