{
	"start":	{
		"connected":	[{
				"socket":	5,
				"local_host":	"10.0.1.1",
				"local_port":	60124,
				"remote_host":	"10.0.0.1",
				"remote_port":	5201
			}],
		"version":	"iperf 3.9+",
		"system_info":	"Linux han-3 5.10.0 #9 SMP PREEMPT Tue Feb 23 15:01:43 PST 2021 x86_64",
		"timestamp":	{
			"time":	"Thu, 25 May 2023 03:38:32 GMT",
			"timesecs":	1684985912
		},
		"connecting_to":	{
			"host":	"10.0.0.1",
			"port":	5201
		},
		"cookie":	"woqaize6zxsitbzdapgu7hvzdoxxylh4zyyj",
		"tcp_mss_default":	8948,
		"target_bitrate":	2000000000,
		"sock_bufsize":	0,
		"sndbuf_actual":	16384,
		"rcvbuf_actual":	131072,
		"test_start":	{
			"protocol":	"TCP",
			"num_streams":	1,
			"blksize":	131072,
			"omit":	0,
			"duration":	90,
			"bytes":	0,
			"blocks":	0,
			"reverse":	0,
			"tos":	0
		}
	},
	"intervals":	[{
			"streams":	[{
					"socket":	5,
					"start":	0,
					"end":	60.000084,
					"seconds":	60.000083923339844,
					"bytes":	14999879680,
					"bits_per_second":	1999981159.9150238,
					"retransmits":	8,
					"snd_cwnd":	411608,
					"rtt":	280,
					"rttvar":	28,
					"pmtu":	9000,
					"omitted":	false,
					"sender":	true
				}],
			"sum":	{
				"start":	0,
				"end":	60.000084,
				"seconds":	60.000083923339844,
				"bytes":	14999879680,
				"bits_per_second":	1999981159.9150238,
				"retransmits":	8,
				"omitted":	false,
				"sender":	true
			}
		}, {
			"streams":	[{
					"socket":	5,
					"start":	60.000084,
					"end":	90.000082,
					"seconds":	29.999998092651367,
					"bytes":	7499939840,
					"bits_per_second":	1999984084.4888971,
					"retransmits":	0,
					"snd_cwnd":	411608,
					"rtt":	290,
					"rttvar":	21,
					"pmtu":	9000,
					"omitted":	false,
					"sender":	true
				}],
			"sum":	{
				"start":	60.000084,
				"end":	90.000082,
				"seconds":	29.999998092651367,
				"bytes":	7499939840,
				"bits_per_second":	1999984084.4888971,
				"retransmits":	0,
				"omitted":	false,
				"sender":	true
			}
		}],
	"end":	{
		"streams":	[{
				"sender":	{
					"socket":	5,
					"start":	0,
					"end":	90.000082,
					"seconds":	90.000082,
					"bytes":	22499819520,
					"bits_per_second":	1999982135.1273878,
					"retransmits":	8,
					"max_snd_cwnd":	411608,
					"max_rtt":	290,
					"min_rtt":	280,
					"mean_rtt":	285,
					"sender":	true
				},
				"receiver":	{
					"socket":	5,
					"start":	0,
					"end":	90.000243,
					"seconds":	90.000082,
					"bytes":	22499819520,
					"bits_per_second":	1999978557.3912284,
					"sender":	true
				}
			}],
		"sum_sent":	{
			"start":	0,
			"end":	90.000082,
			"seconds":	90.000082,
			"bytes":	22499819520,
			"bits_per_second":	1999982135.1273878,
			"retransmits":	8,
			"sender":	true
		},
		"sum_received":	{
			"start":	0,
			"end":	90.000243,
			"seconds":	90.000243,
			"bytes":	22499819520,
			"bits_per_second":	1999978557.3912284,
			"sender":	true
		},
		"cpu_utilization_percent":	{
			"host_total":	10.201688160579883,
			"host_user":	4.0816219050553251,
			"host_system":	6.1200662555245575,
			"remote_total":	25.87687391851939,
			"remote_user":	0,
			"remote_system":	25.87687391851939
		},
		"sender_tcp_congestion":	"cubic",
		"receiver_tcp_congestion":	"reno"
	}
}
