{
	"start":	{
		"connected":	[{
				"socket":	5,
				"local_host":	"10.0.1.1",
				"local_port":	34286,
				"remote_host":	"10.0.0.1",
				"remote_port":	5201
			}],
		"version":	"iperf 3.9+",
		"system_info":	"Linux han-3 5.10.0 #9 SMP PREEMPT Tue Feb 23 15:01:43 PST 2021 x86_64",
		"timestamp":	{
			"time":	"Thu, 25 May 2023 11:55:59 GMT",
			"timesecs":	1685015759
		},
		"connecting_to":	{
			"host":	"10.0.0.1",
			"port":	5201
		},
		"cookie":	"v35epcff3v2to5g6crscu565jguloyieormg",
		"tcp_mss_default":	8948,
		"target_bitrate":	8000000000,
		"sock_bufsize":	0,
		"sndbuf_actual":	16384,
		"rcvbuf_actual":	131072,
		"test_start":	{
			"protocol":	"TCP",
			"num_streams":	1,
			"blksize":	131072,
			"omit":	0,
			"duration":	30,
			"bytes":	0,
			"blocks":	0,
			"reverse":	0,
			"tos":	0
		}
	},
	"intervals":	[{
			"streams":	[{
					"socket":	5,
					"start":	0,
					"end":	30.000094,
					"seconds":	30.000093460083008,
					"bytes":	29999497216,
					"bits_per_second":	7999841002.0731964,
					"retransmits":	88,
					"snd_cwnd":	1709068,
					"rtt":	663,
					"rttvar":	32,
					"pmtu":	9000,
					"omitted":	false,
					"sender":	true
				}],
			"sum":	{
				"start":	0,
				"end":	30.000094,
				"seconds":	30.000093460083008,
				"bytes":	29999497216,
				"bits_per_second":	7999841002.0731964,
				"retransmits":	88,
				"omitted":	false,
				"sender":	true
			}
		}],
	"end":	{
		"streams":	[{
				"sender":	{
					"socket":	5,
					"start":	0,
					"end":	30.000094,
					"seconds":	30.000094,
					"bytes":	29999497216,
					"bits_per_second":	7999840858.0986443,
					"retransmits":	88,
					"max_snd_cwnd":	1709068,
					"max_rtt":	663,
					"min_rtt":	663,
					"mean_rtt":	663,
					"sender":	true
				},
				"receiver":	{
					"socket":	5,
					"start":	0,
					"end":	30.00029,
					"seconds":	30.000094,
					"bytes":	29999497216,
					"bits_per_second":	7999788592.9769344,
					"sender":	true
				}
			}],
		"sum_sent":	{
			"start":	0,
			"end":	30.000094,
			"seconds":	30.000094,
			"bytes":	29999497216,
			"bits_per_second":	7999840858.0986443,
			"retransmits":	88,
			"sender":	true
		},
		"sum_received":	{
			"start":	0,
			"end":	30.00029,
			"seconds":	30.00029,
			"bytes":	29999497216,
			"bits_per_second":	7999788592.9769344,
			"sender":	true
		},
		"cpu_utilization_percent":	{
			"host_total":	20.626933832646614,
			"host_user":	1.8453568501293218,
			"host_system":	18.7815736494365,
			"remote_total":	50.133114486978023,
			"remote_user":	3.7418946354101341,
			"remote_system":	46.391203212465
		},
		"sender_tcp_congestion":	"cubic",
		"receiver_tcp_congestion":	"reno"
	}
}
