{
	"start":	{
		"connected":	[{
				"socket":	5,
				"local_host":	"10.0.1.1",
				"local_port":	59664,
				"remote_host":	"10.0.0.1",
				"remote_port":	5201
			}],
		"version":	"iperf 3.9+",
		"system_info":	"Linux han-3 5.10.0 #9 SMP PREEMPT Tue Feb 23 15:01:43 PST 2021 x86_64",
		"timestamp":	{
			"time":	"Thu, 25 May 2023 01:59:57 GMT",
			"timesecs":	1684979997
		},
		"connecting_to":	{
			"host":	"10.0.0.1",
			"port":	5201
		},
		"cookie":	"ec576fawwbr6qgjxhxup73bu3ismk6p53ijf",
		"tcp_mss_default":	8948,
		"target_bitrate":	1000000000,
		"sock_bufsize":	0,
		"sndbuf_actual":	16384,
		"rcvbuf_actual":	131072,
		"test_start":	{
			"protocol":	"TCP",
			"num_streams":	1,
			"blksize":	131072,
			"omit":	0,
			"duration":	80,
			"bytes":	0,
			"blocks":	0,
			"reverse":	0,
			"tos":	0
		}
	},
	"intervals":	[{
			"streams":	[{
					"socket":	5,
					"start":	0,
					"end":	60.000105,
					"seconds":	60.000106811523438,
					"bytes":	7499939840,
					"bits_per_second":	999990198.492058,
					"retransmits":	7,
					"snd_cwnd":	170012,
					"rtt":	260,
					"rttvar":	25,
					"pmtu":	9000,
					"omitted":	false,
					"sender":	true
				}],
			"sum":	{
				"start":	0,
				"end":	60.000105,
				"seconds":	60.000106811523438,
				"bytes":	7499939840,
				"bits_per_second":	999990198.492058,
				"retransmits":	7,
				"omitted":	false,
				"sender":	true
			}
		}, {
			"streams":	[{
					"socket":	5,
					"start":	60.000105,
					"end":	80.000132,
					"seconds":	20.000026702880859,
					"bytes":	2500067328,
					"bits_per_second":	1000025596.0217826,
					"retransmits":	0,
					"snd_cwnd":	170012,
					"rtt":	270,
					"rttvar":	20,
					"pmtu":	9000,
					"omitted":	false,
					"sender":	true
				}],
			"sum":	{
				"start":	60.000105,
				"end":	80.000132,
				"seconds":	20.000026702880859,
				"bytes":	2500067328,
				"bits_per_second":	1000025596.0217826,
				"retransmits":	0,
				"omitted":	false,
				"sender":	true
			}
		}],
	"end":	{
		"streams":	[{
				"sender":	{
					"socket":	5,
					"start":	0,
					"end":	80.000132,
					"seconds":	80.000132,
					"bytes":	10000007168,
					"bits_per_second":	999999066.80154,
					"retransmits":	7,
					"max_snd_cwnd":	170012,
					"max_rtt":	270,
					"min_rtt":	260,
					"mean_rtt":	265,
					"sender":	true
				},
				"receiver":	{
					"socket":	5,
					"start":	0,
					"end":	80.000265,
					"seconds":	80.000132,
					"bytes":	10000007168,
					"bits_per_second":	999997404.30859828,
					"sender":	true
				}
			}],
		"sum_sent":	{
			"start":	0,
			"end":	80.000132,
			"seconds":	80.000132,
			"bytes":	10000007168,
			"bits_per_second":	999999066.80154,
			"retransmits":	7,
			"sender":	true
		},
		"sum_received":	{
			"start":	0,
			"end":	80.000265,
			"seconds":	80.000265,
			"bytes":	10000007168,
			"bits_per_second":	999997404.30859828,
			"sender":	true
		},
		"cpu_utilization_percent":	{
			"host_total":	8.70842178428031,
			"host_user":	2.4510089635889987,
			"host_system":	6.25741282069131,
			"remote_total":	16.2200101172969,
			"remote_user":	0.81402999800644948,
			"remote_system":	15.405980119290454
		},
		"sender_tcp_congestion":	"cubic",
		"receiver_tcp_congestion":	"reno"
	}
}
