{
	"start":	{
		"connected":	[{
				"socket":	5,
				"local_host":	"10.0.1.1",
				"local_port":	34960,
				"remote_host":	"10.0.0.1",
				"remote_port":	5201
			}],
		"version":	"iperf 3.9+",
		"system_info":	"Linux han-3 5.10.0 #9 SMP PREEMPT Tue Feb 23 15:01:43 PST 2021 x86_64",
		"timestamp":	{
			"time":	"Thu, 25 May 2023 14:20:46 GMT",
			"timesecs":	1685024446
		},
		"connecting_to":	{
			"host":	"10.0.0.1",
			"port":	5201
		},
		"cookie":	"63vajduwf5nteh3jerlyfmp3nd5hg2nrke2y",
		"tcp_mss_default":	8948,
		"target_bitrate":	9000000000,
		"sock_bufsize":	0,
		"sndbuf_actual":	16384,
		"rcvbuf_actual":	131072,
		"test_start":	{
			"protocol":	"TCP",
			"num_streams":	1,
			"blksize":	131072,
			"omit":	0,
			"duration":	90,
			"bytes":	0,
			"blocks":	0,
			"reverse":	0,
			"tos":	0
		}
	},
	"intervals":	[{
			"streams":	[{
					"socket":	5,
					"start":	0,
					"end":	60.000066,
					"seconds":	60.000064849853516,
					"bytes":	67499589632,
					"bits_per_second":	8999935556.85829,
					"retransmits":	115,
					"snd_cwnd":	1610640,
					"rtt":	546,
					"rttvar":	53,
					"pmtu":	9000,
					"omitted":	false,
					"sender":	true
				}],
			"sum":	{
				"start":	0,
				"end":	60.000066,
				"seconds":	60.000064849853516,
				"bytes":	67499589632,
				"bits_per_second":	8999935556.85829,
				"retransmits":	115,
				"omitted":	false,
				"sender":	true
			}
		}, {
			"streams":	[{
					"socket":	5,
					"start":	60.000066,
					"end":	90.000072,
					"seconds":	30.0000057220459,
					"bytes":	33749860352,
					"bits_per_second":	8999961043.9269943,
					"retransmits":	0,
					"snd_cwnd":	1610640,
					"rtt":	609,
					"rttvar":	32,
					"pmtu":	9000,
					"omitted":	false,
					"sender":	true
				}],
			"sum":	{
				"start":	60.000066,
				"end":	90.000072,
				"seconds":	30.0000057220459,
				"bytes":	33749860352,
				"bits_per_second":	8999961043.9269943,
				"retransmits":	0,
				"omitted":	false,
				"sender":	true
			}
		}],
	"end":	{
		"streams":	[{
				"sender":	{
					"socket":	5,
					"start":	0,
					"end":	90.000072,
					"seconds":	90.000072,
					"bytes":	101249449984,
					"bits_per_second":	8999943909.73376,
					"retransmits":	115,
					"max_snd_cwnd":	1610640,
					"max_rtt":	609,
					"min_rtt":	546,
					"mean_rtt":	577,
					"sender":	true
				},
				"receiver":	{
					"socket":	5,
					"start":	0,
					"end":	90.000508,
					"seconds":	90.000072,
					"bytes":	101249449984,
					"bits_per_second":	8999900310.2515831,
					"sender":	true
				}
			}],
		"sum_sent":	{
			"start":	0,
			"end":	90.000072,
			"seconds":	90.000072,
			"bytes":	101249449984,
			"bits_per_second":	8999943909.73376,
			"retransmits":	115,
			"sender":	true
		},
		"sum_received":	{
			"start":	0,
			"end":	90.000508,
			"seconds":	90.000508,
			"bytes":	101249449984,
			"bits_per_second":	8999900310.2515831,
			"sender":	true
		},
		"cpu_utilization_percent":	{
			"host_total":	28.770572739558315,
			"host_user":	1.6746651935140546,
			"host_system":	27.095907546044263,
			"remote_total":	56.298747072270125,
			"remote_user":	3.1635691369153576,
			"remote_system":	53.135176824783414
		},
		"sender_tcp_congestion":	"cubic",
		"receiver_tcp_congestion":	"reno"
	}
}
