{
	"start":	{
		"connected":	[{
				"socket":	5,
				"local_host":	"10.0.1.1",
				"local_port":	41426,
				"remote_host":	"10.0.0.1",
				"remote_port":	5201
			}],
		"version":	"iperf 3.9+",
		"system_info":	"Linux han-3 5.10.0 #9 SMP PREEMPT Tue Feb 23 15:01:43 PST 2021 x86_64",
		"timestamp":	{
			"time":	"Fri, 26 May 2023 10:02:52 GMT",
			"timesecs":	1685095372
		},
		"connecting_to":	{
			"host":	"10.0.0.1",
			"port":	5201
		},
		"cookie":	"vp5r5kf2jctjdutwgx3i55dk2ry6gmgva4ap",
		"tcp_mss_default":	8948,
		"target_bitrate":	2000000000,
		"sock_bufsize":	0,
		"sndbuf_actual":	16384,
		"rcvbuf_actual":	131072,
		"test_start":	{
			"protocol":	"TCP",
			"num_streams":	1,
			"blksize":	131072,
			"omit":	0,
			"duration":	80,
			"bytes":	0,
			"blocks":	0,
			"reverse":	0,
			"tos":	0
		}
	},
	"intervals":	[{
			"streams":	[{
					"socket":	5,
					"start":	0,
					"end":	60.000068,
					"seconds":	60.000068664550781,
					"bytes":	14999879680,
					"bits_per_second":	1999981668.5359526,
					"retransmits":	7,
					"snd_cwnd":	402660,
					"rtt":	269,
					"rttvar":	50,
					"pmtu":	9000,
					"omitted":	false,
					"sender":	true
				}],
			"sum":	{
				"start":	0,
				"end":	60.000068,
				"seconds":	60.000068664550781,
				"bytes":	14999879680,
				"bits_per_second":	1999981668.5359526,
				"retransmits":	7,
				"omitted":	false,
				"sender":	true
			}
		}, {
			"streams":	[{
					"socket":	5,
					"start":	60.000068,
					"end":	80.000103,
					"seconds":	20.000034332275391,
					"bytes":	5000003584,
					"bits_per_second":	1999998000.3758936,
					"retransmits":	1,
					"snd_cwnd":	402660,
					"rtt":	369,
					"rttvar":	37,
					"pmtu":	9000,
					"omitted":	false,
					"sender":	true
				}],
			"sum":	{
				"start":	60.000068,
				"end":	80.000103,
				"seconds":	20.000034332275391,
				"bytes":	5000003584,
				"bits_per_second":	1999998000.3758936,
				"retransmits":	1,
				"omitted":	false,
				"sender":	true
			}
		}],
	"end":	{
		"streams":	[{
				"sender":	{
					"socket":	5,
					"start":	0,
					"end":	80.000103,
					"seconds":	80.000103,
					"bytes":	19999883264,
					"bits_per_second":	1999985751.4183452,
					"retransmits":	8,
					"max_snd_cwnd":	402660,
					"max_rtt":	369,
					"min_rtt":	269,
					"mean_rtt":	319,
					"sender":	true
				},
				"receiver":	{
					"socket":	5,
					"start":	0,
					"end":	80.000268,
					"seconds":	80.000103,
					"bytes":	19999883264,
					"bits_per_second":	1999981626.4615512,
					"sender":	true
				}
			}],
		"sum_sent":	{
			"start":	0,
			"end":	80.000103,
			"seconds":	80.000103,
			"bytes":	19999883264,
			"bits_per_second":	1999985751.4183452,
			"retransmits":	8,
			"sender":	true
		},
		"sum_received":	{
			"start":	0,
			"end":	80.000268,
			"seconds":	80.000268,
			"bytes":	19999883264,
			"bits_per_second":	1999981626.4615512,
			"sender":	true
		},
		"cpu_utilization_percent":	{
			"host_total":	13.895203593781332,
			"host_user":	0.32644887900202119,
			"host_system":	13.568760964590334,
			"remote_total":	24.3724153777376,
			"remote_user":	2.3725202736284241,
			"remote_system":	21.999895104109171
		},
		"sender_tcp_congestion":	"cubic",
		"receiver_tcp_congestion":	"reno"
	}
}
