{
	"start":	{
		"connected":	[{
				"socket":	5,
				"local_host":	"10.0.1.1",
				"local_port":	38396,
				"remote_host":	"10.0.0.1",
				"remote_port":	5201
			}],
		"version":	"iperf 3.9+",
		"system_info":	"Linux han-3 5.10.0 #9 SMP PREEMPT Tue Feb 23 15:01:43 PST 2021 x86_64",
		"timestamp":	{
			"time":	"Thu, 25 May 2023 23:28:29 GMT",
			"timesecs":	1685057309
		},
		"connecting_to":	{
			"host":	"10.0.0.1",
			"port":	5201
		},
		"cookie":	"xoj3hkkwl7rm2ayz24kklpofmmpeltfw2n34",
		"tcp_mss_default":	8948,
		"target_bitrate":	5000000000,
		"sock_bufsize":	0,
		"sndbuf_actual":	16384,
		"rcvbuf_actual":	131072,
		"test_start":	{
			"protocol":	"TCP",
			"num_streams":	1,
			"blksize":	131072,
			"omit":	0,
			"duration":	80,
			"bytes":	0,
			"blocks":	0,
			"reverse":	0,
			"tos":	0
		}
	},
	"intervals":	[{
			"streams":	[{
					"socket":	5,
					"start":	0,
					"end":	60.000089,
					"seconds":	60.0000877380371,
					"bytes":	37499568128,
					"bits_per_second":	4999935105.65847,
					"retransmits":	14,
					"snd_cwnd":	867956,
					"rtt":	419,
					"rttvar":	27,
					"pmtu":	9000,
					"omitted":	false,
					"sender":	true
				}],
			"sum":	{
				"start":	0,
				"end":	60.000089,
				"seconds":	60.0000877380371,
				"bytes":	37499568128,
				"bits_per_second":	4999935105.65847,
				"retransmits":	14,
				"omitted":	false,
				"sender":	true
			}
		}, {
			"streams":	[{
					"socket":	5,
					"start":	60.000089,
					"end":	80.000105,
					"seconds":	20.000015258789062,
					"bytes":	12500074496,
					"bits_per_second":	5000025983.68291,
					"retransmits":	0,
					"snd_cwnd":	1870132,
					"rtt":	549,
					"rttvar":	14,
					"pmtu":	9000,
					"omitted":	false,
					"sender":	true
				}],
			"sum":	{
				"start":	60.000089,
				"end":	80.000105,
				"seconds":	20.000015258789062,
				"bytes":	12500074496,
				"bits_per_second":	5000025983.68291,
				"retransmits":	0,
				"omitted":	false,
				"sender":	true
			}
		}],
	"end":	{
		"streams":	[{
				"sender":	{
					"socket":	5,
					"start":	0,
					"end":	80.000105,
					"seconds":	80.000105,
					"bytes":	49999642624,
					"bits_per_second":	4999957699.95552,
					"retransmits":	14,
					"max_snd_cwnd":	1870132,
					"max_rtt":	549,
					"min_rtt":	419,
					"mean_rtt":	484,
					"sender":	true
				},
				"receiver":	{
					"socket":	5,
					"start":	0,
					"end":	80.000138,
					"seconds":	80.000105,
					"bytes":	49999642624,
					"bits_per_second":	4999955637.4765253,
					"sender":	true
				}
			}],
		"sum_sent":	{
			"start":	0,
			"end":	80.000105,
			"seconds":	80.000105,
			"bytes":	49999642624,
			"bits_per_second":	4999957699.95552,
			"retransmits":	14,
			"sender":	true
		},
		"sum_received":	{
			"start":	0,
			"end":	80.000138,
			"seconds":	80.000138,
			"bytes":	49999642624,
			"bits_per_second":	4999955637.4765253,
			"sender":	true
		},
		"cpu_utilization_percent":	{
			"host_total":	23.751170042658082,
			"host_user":	1.2302277087225792,
			"host_system":	22.520929834314394,
			"remote_total":	43.1766833951352,
			"remote_user":	2.9701746761637469,
			"remote_system":	40.206508718971449
		},
		"sender_tcp_congestion":	"cubic",
		"receiver_tcp_congestion":	"reno"
	}
}
