{
	"start":	{
		"connected":	[{
				"socket":	5,
				"local_host":	"10.0.1.1",
				"local_port":	39808,
				"remote_host":	"10.0.0.1",
				"remote_port":	5201
			}],
		"version":	"iperf 3.9+",
		"system_info":	"Linux han-3 5.10.0 #9 SMP PREEMPT Tue Feb 23 15:01:43 PST 2021 x86_64",
		"timestamp":	{
			"time":	"Fri, 26 May 2023 04:36:58 GMT",
			"timesecs":	1685075818
		},
		"connecting_to":	{
			"host":	"10.0.0.1",
			"port":	5201
		},
		"cookie":	"moebsfnkqtlrq2xkwhlvk7krem7slfpxrca7",
		"tcp_mss_default":	8948,
		"target_bitrate":	9000000000,
		"sock_bufsize":	0,
		"sndbuf_actual":	16384,
		"rcvbuf_actual":	131072,
		"test_start":	{
			"protocol":	"TCP",
			"num_streams":	1,
			"blksize":	131072,
			"omit":	0,
			"duration":	10,
			"bytes":	0,
			"blocks":	0,
			"reverse":	0,
			"tos":	0
		}
	},
	"intervals":	[{
			"streams":	[{
					"socket":	5,
					"start":	0,
					"end":	10.000073,
					"seconds":	10.000073432922363,
					"bytes":	11249516544,
					"bits_per_second":	8999547148.89529,
					"retransmits":	20,
					"snd_cwnd":	1476420,
					"rtt":	578,
					"rttvar":	18,
					"pmtu":	9000,
					"omitted":	false,
					"sender":	true
				}],
			"sum":	{
				"start":	0,
				"end":	10.000073,
				"seconds":	10.000073432922363,
				"bytes":	11249516544,
				"bits_per_second":	8999547148.89529,
				"retransmits":	20,
				"omitted":	false,
				"sender":	true
			}
		}],
	"end":	{
		"streams":	[{
				"sender":	{
					"socket":	5,
					"start":	0,
					"end":	10.000073,
					"seconds":	10.000073,
					"bytes":	11249516544,
					"bits_per_second":	8999547538.50297,
					"retransmits":	20,
					"max_snd_cwnd":	1476420,
					"max_rtt":	578,
					"min_rtt":	578,
					"mean_rtt":	578,
					"sender":	true
				},
				"receiver":	{
					"socket":	5,
					"start":	0,
					"end":	10.000309,
					"seconds":	10.000073,
					"bytes":	11249490692,
					"bits_per_second":	8999314474.78273,
					"sender":	true
				}
			}],
		"sum_sent":	{
			"start":	0,
			"end":	10.000073,
			"seconds":	10.000073,
			"bytes":	11249516544,
			"bits_per_second":	8999547538.50297,
			"retransmits":	20,
			"sender":	true
		},
		"sum_received":	{
			"start":	0,
			"end":	10.000309,
			"seconds":	10.000309,
			"bytes":	11249490692,
			"bits_per_second":	8999314474.78273,
			"sender":	true
		},
		"cpu_utilization_percent":	{
			"host_total":	52.440399809043448,
			"host_user":	2.3566338657955312,
			"host_system":	50.0837559455224,
			"remote_total":	56.6643883521102,
			"remote_user":	0,
			"remote_system":	56.6643883521102
		},
		"sender_tcp_congestion":	"cubic",
		"receiver_tcp_congestion":	"reno"
	}
}
