{
	"start":	{
		"connected":	[{
				"socket":	5,
				"local_host":	"10.0.1.1",
				"local_port":	44414,
				"remote_host":	"10.0.0.1",
				"remote_port":	5201
			}],
		"version":	"iperf 3.9+",
		"system_info":	"Linux han-3 5.10.0 #9 SMP PREEMPT Tue Feb 23 15:01:43 PST 2021 x86_64",
		"timestamp":	{
			"time":	"Fri, 26 May 2023 20:24:45 GMT",
			"timesecs":	1685132685
		},
		"connecting_to":	{
			"host":	"10.0.0.1",
			"port":	5201
		},
		"cookie":	"aar2pq6zh4tp6mm62idomf244b65lm7ttwbb",
		"tcp_mss_default":	8948,
		"target_bitrate":	9000000000,
		"sock_bufsize":	0,
		"sndbuf_actual":	16384,
		"rcvbuf_actual":	131072,
		"test_start":	{
			"protocol":	"TCP",
			"num_streams":	1,
			"blksize":	131072,
			"omit":	0,
			"duration":	60,
			"bytes":	0,
			"blocks":	0,
			"reverse":	0,
			"tos":	0
		}
	},
	"intervals":	[{
			"streams":	[{
					"socket":	5,
					"start":	0,
					"end":	60.000188,
					"seconds":	60.000186920166016,
					"bytes":	67499589632,
					"bits_per_second":	8999917246.49957,
					"retransmits":	153,
					"snd_cwnd":	1816444,
					"rtt":	598,
					"rttvar":	27,
					"pmtu":	9000,
					"omitted":	false,
					"sender":	true
				}],
			"sum":	{
				"start":	0,
				"end":	60.000188,
				"seconds":	60.000186920166016,
				"bytes":	67499589632,
				"bits_per_second":	8999917246.49957,
				"retransmits":	153,
				"omitted":	false,
				"sender":	true
			}
		}],
	"end":	{
		"streams":	[{
				"sender":	{
					"socket":	5,
					"start":	0,
					"end":	60.000188,
					"seconds":	60.000188,
					"bytes":	67499589632,
					"bits_per_second":	8999917084.52647,
					"retransmits":	153,
					"max_snd_cwnd":	1816444,
					"max_rtt":	598,
					"min_rtt":	598,
					"mean_rtt":	598,
					"sender":	true
				},
				"receiver":	{
					"socket":	5,
					"start":	0,
					"end":	60.000491,
					"seconds":	60.000188,
					"bytes":	67499589632,
					"bits_per_second":	8999871635.31712,
					"sender":	true
				}
			}],
		"sum_sent":	{
			"start":	0,
			"end":	60.000188,
			"seconds":	60.000188,
			"bytes":	67499589632,
			"bits_per_second":	8999917084.52647,
			"retransmits":	153,
			"sender":	true
		},
		"sum_received":	{
			"start":	0,
			"end":	60.000491,
			"seconds":	60.000491,
			"bytes":	67499589632,
			"bits_per_second":	8999871635.31712,
			"sender":	true
		},
		"cpu_utilization_percent":	{
			"host_total":	69.953510929377259,
			"host_user":	1.9129074689251366,
			"host_system":	68.040601793848651,
			"remote_total":	55.546878434510717,
			"remote_user":	2.5457807560416721,
			"remote_system":	53.001087690948289
		},
		"sender_tcp_congestion":	"cubic",
		"receiver_tcp_congestion":	"reno"
	}
}
