{
	"start":	{
		"connected":	[{
				"socket":	5,
				"local_host":	"10.0.1.1",
				"local_port":	42286,
				"remote_host":	"10.0.0.1",
				"remote_port":	5201
			}],
		"version":	"iperf 3.9+",
		"system_info":	"Linux han-3 5.10.0 #9 SMP PREEMPT Tue Feb 23 15:01:43 PST 2021 x86_64",
		"timestamp":	{
			"time":	"Fri, 26 May 2023 13:02:28 GMT",
			"timesecs":	1685106148
		},
		"connecting_to":	{
			"host":	"10.0.0.1",
			"port":	5201
		},
		"cookie":	"wprqzaiowxm7drfvk5cvtvadtduk62k23eqa",
		"tcp_mss_default":	8948,
		"target_bitrate":	4000000000,
		"sock_bufsize":	0,
		"sndbuf_actual":	16384,
		"rcvbuf_actual":	131072,
		"test_start":	{
			"protocol":	"TCP",
			"num_streams":	1,
			"blksize":	131072,
			"omit":	0,
			"duration":	80,
			"bytes":	0,
			"blocks":	0,
			"reverse":	0,
			"tos":	0
		}
	},
	"intervals":	[{
			"streams":	[{
					"socket":	5,
					"start":	0,
					"end":	60.000065,
					"seconds":	60.000064849853516,
					"bytes":	29999628288,
					"bits_per_second":	3999946115.1346726,
					"retransmits":	13,
					"snd_cwnd":	671100,
					"rtt":	322,
					"rttvar":	43,
					"pmtu":	9000,
					"omitted":	false,
					"sender":	true
				}],
			"sum":	{
				"start":	0,
				"end":	60.000065,
				"seconds":	60.000064849853516,
				"bytes":	29999628288,
				"bits_per_second":	3999946115.1346726,
				"retransmits":	13,
				"omitted":	false,
				"sender":	true
			}
		}, {
			"streams":	[{
					"socket":	5,
					"start":	60.000065,
					"end":	80.000094,
					"seconds":	20.000028610229492,
					"bytes":	10000007168,
					"bits_per_second":	3999997145.1581855,
					"retransmits":	1,
					"snd_cwnd":	671100,
					"rtt":	449,
					"rttvar":	37,
					"pmtu":	9000,
					"omitted":	false,
					"sender":	true
				}],
			"sum":	{
				"start":	60.000065,
				"end":	80.000094,
				"seconds":	20.000028610229492,
				"bytes":	10000007168,
				"bits_per_second":	3999997145.1581855,
				"retransmits":	1,
				"omitted":	false,
				"sender":	true
			}
		}],
	"end":	{
		"streams":	[{
				"sender":	{
					"socket":	5,
					"start":	0,
					"end":	80.000094,
					"seconds":	80.000094,
					"bytes":	39999635456,
					"bits_per_second":	3999958845.648356,
					"retransmits":	14,
					"max_snd_cwnd":	671100,
					"max_rtt":	449,
					"min_rtt":	322,
					"mean_rtt":	385,
					"sender":	true
				},
				"receiver":	{
					"socket":	5,
					"start":	0,
					"end":	80.00021,
					"seconds":	80.000094,
					"bytes":	39999635456,
					"bits_per_second":	3999953045.7232552,
					"sender":	true
				}
			}],
		"sum_sent":	{
			"start":	0,
			"end":	80.000094,
			"seconds":	80.000094,
			"bytes":	39999635456,
			"bits_per_second":	3999958845.648356,
			"retransmits":	14,
			"sender":	true
		},
		"sum_received":	{
			"start":	0,
			"end":	80.00021,
			"seconds":	80.00021,
			"bytes":	39999635456,
			"bits_per_second":	3999953045.7232552,
			"sender":	true
		},
		"cpu_utilization_percent":	{
			"host_total":	22.758661412529676,
			"host_user":	1.2775178650082382,
			"host_system":	21.481142297560218,
			"remote_total":	37.157352105998918,
			"remote_user":	1.59396678092639,
			"remote_system":	35.563384076318741
		},
		"sender_tcp_congestion":	"cubic",
		"receiver_tcp_congestion":	"reno"
	}
}
