{
	"start":	{
		"connected":	[{
				"socket":	5,
				"local_host":	"10.0.1.1",
				"local_port":	40076,
				"remote_host":	"10.0.0.1",
				"remote_port":	5201
			}],
		"version":	"iperf 3.9+",
		"system_info":	"Linux han-3 5.10.0 #9 SMP PREEMPT Tue Feb 23 15:01:43 PST 2021 x86_64",
		"timestamp":	{
			"time":	"Fri, 26 May 2023 05:16:32 GMT",
			"timesecs":	1685078192
		},
		"connecting_to":	{
			"host":	"10.0.0.1",
			"port":	5201
		},
		"cookie":	"cdgexwqs4fd75ivtnlqk4fphql626qh5xl6h",
		"tcp_mss_default":	8948,
		"target_bitrate":	9000000000,
		"sock_bufsize":	0,
		"sndbuf_actual":	16384,
		"rcvbuf_actual":	131072,
		"test_start":	{
			"protocol":	"TCP",
			"num_streams":	1,
			"blksize":	131072,
			"omit":	0,
			"duration":	70,
			"bytes":	0,
			"blocks":	0,
			"reverse":	0,
			"tos":	0
		}
	},
	"intervals":	[{
			"streams":	[{
					"socket":	5,
					"start":	0,
					"end":	60.0001,
					"seconds":	60.0000991821289,
					"bytes":	67499589632,
					"bits_per_second":	8999930407.06237,
					"retransmits":	46,
					"snd_cwnd":	1762756,
					"rtt":	495,
					"rttvar":	33,
					"pmtu":	9000,
					"omitted":	false,
					"sender":	true
				}],
			"sum":	{
				"start":	0,
				"end":	60.0001,
				"seconds":	60.0000991821289,
				"bytes":	67499589632,
				"bits_per_second":	8999930407.06237,
				"retransmits":	46,
				"omitted":	false,
				"sender":	true
			}
		}, {
			"streams":	[{
					"socket":	5,
					"start":	60.0001,
					"end":	70.000073,
					"seconds":	9.99997329711914,
					"bytes":	11249909760,
					"bits_per_second":	8999951840.4641743,
					"retransmits":	0,
					"snd_cwnd":	1762756,
					"rtt":	619,
					"rttvar":	41,
					"pmtu":	9000,
					"omitted":	false,
					"sender":	true
				}],
			"sum":	{
				"start":	60.0001,
				"end":	70.000073,
				"seconds":	9.99997329711914,
				"bytes":	11249909760,
				"bits_per_second":	8999951840.4641743,
				"retransmits":	0,
				"omitted":	false,
				"sender":	true
			}
		}],
	"end":	{
		"streams":	[{
				"sender":	{
					"socket":	5,
					"start":	0,
					"end":	70.000073,
					"seconds":	70.000073,
					"bytes":	78749499392,
					"bits_per_second":	8999933402.01231,
					"retransmits":	46,
					"max_snd_cwnd":	1762756,
					"max_rtt":	619,
					"min_rtt":	495,
					"mean_rtt":	557,
					"sender":	true
				},
				"receiver":	{
					"socket":	5,
					"start":	0,
					"end":	70.000446,
					"seconds":	70.000073,
					"bytes":	78749414052,
					"bits_per_second":	8999875692.44916,
					"sender":	true
				}
			}],
		"sum_sent":	{
			"start":	0,
			"end":	70.000073,
			"seconds":	70.000073,
			"bytes":	78749499392,
			"bits_per_second":	8999933402.01231,
			"retransmits":	46,
			"sender":	true
		},
		"sum_received":	{
			"start":	0,
			"end":	70.000446,
			"seconds":	70.000446,
			"bytes":	78749414052,
			"bits_per_second":	8999875692.44916,
			"sender":	true
		},
		"cpu_utilization_percent":	{
			"host_total":	60.47237321038358,
			"host_user":	2.0171862489038048,
			"host_system":	58.45518553295652,
			"remote_total":	56.9380787024978,
			"remote_user":	4.1772753115070165,
			"remote_system":	52.760804818242747
		},
		"sender_tcp_congestion":	"cubic",
		"receiver_tcp_congestion":	"reno"
	}
}
