{
	"start":	{
		"connected":	[{
				"socket":	5,
				"local_host":	"10.0.1.1",
				"local_port":	43356,
				"remote_host":	"10.0.0.1",
				"remote_port":	5201
			}],
		"version":	"iperf 3.9+",
		"system_info":	"Linux han-3 5.10.0 #9 SMP PREEMPT Tue Feb 23 15:01:43 PST 2021 x86_64",
		"timestamp":	{
			"time":	"Fri, 26 May 2023 16:54:06 GMT",
			"timesecs":	1685120046
		},
		"connecting_to":	{
			"host":	"10.0.0.1",
			"port":	5201
		},
		"cookie":	"qklathc7qjrt2qcp2f2i5yff2h3rs5ga53w2",
		"tcp_mss_default":	8948,
		"target_bitrate":	7000000000,
		"sock_bufsize":	0,
		"sndbuf_actual":	16384,
		"rcvbuf_actual":	131072,
		"test_start":	{
			"protocol":	"TCP",
			"num_streams":	1,
			"blksize":	131072,
			"omit":	0,
			"duration":	20,
			"bytes":	0,
			"blocks":	0,
			"reverse":	0,
			"tos":	0
		}
	},
	"intervals":	[{
			"streams":	[{
					"socket":	5,
					"start":	0,
					"end":	20.000343,
					"seconds":	20.000343322753906,
					"bytes":	17499291648,
					"bits_per_second":	6999596503.1626148,
					"retransmits":	30,
					"snd_cwnd":	1091656,
					"rtt":	576,
					"rttvar":	53,
					"pmtu":	9000,
					"omitted":	false,
					"sender":	true
				}],
			"sum":	{
				"start":	0,
				"end":	20.000343,
				"seconds":	20.000343322753906,
				"bytes":	17499291648,
				"bits_per_second":	6999596503.1626148,
				"retransmits":	30,
				"omitted":	false,
				"sender":	true
			}
		}],
	"end":	{
		"streams":	[{
				"sender":	{
					"socket":	5,
					"start":	0,
					"end":	20.000343,
					"seconds":	20.000343,
					"bytes":	17499291648,
					"bits_per_second":	6999596616.1180334,
					"retransmits":	30,
					"max_snd_cwnd":	1091656,
					"max_rtt":	576,
					"min_rtt":	576,
					"mean_rtt":	576,
					"sender":	true
				},
				"receiver":	{
					"socket":	5,
					"start":	0,
					"end":	20.000636,
					"seconds":	20.000343,
					"bytes":	17499291648,
					"bits_per_second":	6999494075.2884054,
					"sender":	true
				}
			}],
		"sum_sent":	{
			"start":	0,
			"end":	20.000343,
			"seconds":	20.000343,
			"bytes":	17499291648,
			"bits_per_second":	6999596616.1180334,
			"retransmits":	30,
			"sender":	true
		},
		"sum_received":	{
			"start":	0,
			"end":	20.000636,
			"seconds":	20.000636,
			"bytes":	17499291648,
			"bits_per_second":	6999494075.2884054,
			"sender":	true
		},
		"cpu_utilization_percent":	{
			"host_total":	59.665609102986629,
			"host_user":	1.9802397470965991,
			"host_system":	57.685369355890025,
			"remote_total":	49.188499840774917,
			"remote_user":	0,
			"remote_system":	49.188499840774917
		},
		"sender_tcp_congestion":	"cubic",
		"receiver_tcp_congestion":	"reno"
	}
}
