{
	"start":	{
		"connected":	[{
				"socket":	5,
				"local_host":	"10.0.1.1",
				"local_port":	44582,
				"remote_host":	"10.0.0.1",
				"remote_port":	5201
			}],
		"version":	"iperf 3.9+",
		"system_info":	"Linux han-3 5.10.0 #9 SMP PREEMPT Tue Feb 23 15:01:43 PST 2021 x86_64",
		"timestamp":	{
			"time":	"Fri, 26 May 2023 21:13:08 GMT",
			"timesecs":	1685135588
		},
		"connecting_to":	{
			"host":	"10.0.0.1",
			"port":	5201
		},
		"cookie":	"cyukr4cdm4z3f6fiseoww74cmkidw4wid733",
		"tcp_mss_default":	8948,
		"target_bitrate":	9000000000,
		"sock_bufsize":	0,
		"sndbuf_actual":	16384,
		"rcvbuf_actual":	131072,
		"test_start":	{
			"protocol":	"TCP",
			"num_streams":	1,
			"blksize":	131072,
			"omit":	0,
			"duration":	100,
			"bytes":	0,
			"blocks":	0,
			"reverse":	0,
			"tos":	0
		}
	},
	"intervals":	[{
			"streams":	[{
					"socket":	5,
					"start":	0,
					"end":	60.000064,
					"seconds":	60.000064849853516,
					"bytes":	67498278912,
					"bits_per_second":	8999760794.3805141,
					"retransmits":	188,
					"snd_cwnd":	1762756,
					"rtt":	248,
					"rttvar":	24,
					"pmtu":	9000,
					"omitted":	false,
					"sender":	true
				}],
			"sum":	{
				"start":	0,
				"end":	60.000064,
				"seconds":	60.000064849853516,
				"bytes":	67498278912,
				"bits_per_second":	8999760794.3805141,
				"retransmits":	188,
				"omitted":	false,
				"sender":	true
			}
		}, {
			"streams":	[{
					"socket":	5,
					"start":	60.000064,
					"end":	100.000092,
					"seconds":	40.000026702880859,
					"bytes":	45000687616,
					"bits_per_second":	9000131514.96401,
					"retransmits":	39,
					"snd_cwnd":	1422732,
					"rtt":	881,
					"rttvar":	48,
					"pmtu":	9000,
					"omitted":	false,
					"sender":	true
				}],
			"sum":	{
				"start":	60.000064,
				"end":	100.000092,
				"seconds":	40.000026702880859,
				"bytes":	45000687616,
				"bits_per_second":	9000131514.96401,
				"retransmits":	39,
				"omitted":	false,
				"sender":	true
			}
		}],
	"end":	{
		"streams":	[{
				"sender":	{
					"socket":	5,
					"start":	0,
					"end":	100.000092,
					"seconds":	100.000092,
					"bytes":	112498966528,
					"bits_per_second":	8999909042.32368,
					"retransmits":	227,
					"max_snd_cwnd":	1762756,
					"max_rtt":	881,
					"min_rtt":	248,
					"mean_rtt":	564,
					"sender":	true
				},
				"receiver":	{
					"socket":	5,
					"start":	0,
					"end":	100.000157,
					"seconds":	100.000092,
					"bytes":	112498966528,
					"bits_per_second":	8999903192.39199,
					"sender":	true
				}
			}],
		"sum_sent":	{
			"start":	0,
			"end":	100.000092,
			"seconds":	100.000092,
			"bytes":	112498966528,
			"bits_per_second":	8999909042.32368,
			"retransmits":	227,
			"sender":	true
		},
		"sum_received":	{
			"start":	0,
			"end":	100.000157,
			"seconds":	100.000157,
			"bytes":	112498966528,
			"bits_per_second":	8999903192.39199,
			"sender":	true
		},
		"cpu_utilization_percent":	{
			"host_total":	76.211611697467845,
			"host_user":	2.105115381728516,
			"host_system":	74.1064973157205,
			"remote_total":	52.322937779193666,
			"remote_user":	2.73934327519529,
			"remote_system":	49.583593504859785
		},
		"sender_tcp_congestion":	"cubic",
		"receiver_tcp_congestion":	"reno"
	}
}
