{
	"start":	{
		"connected":	[{
				"socket":	5,
				"local_host":	"10.0.1.1",
				"local_port":	44896,
				"remote_host":	"10.0.0.1",
				"remote_port":	5201
			}],
		"version":	"iperf 3.9+",
		"system_info":	"Linux han-3 5.10.0 #9 SMP PREEMPT Tue Feb 23 15:01:43 PST 2021 x86_64",
		"timestamp":	{
			"time":	"Fri, 26 May 2023 22:07:23 GMT",
			"timesecs":	1685138843
		},
		"connecting_to":	{
			"host":	"10.0.0.1",
			"port":	5201
		},
		"cookie":	"nn6fhx3d6rn6o4auf2wyhroy6x3kokf3hbhv",
		"tcp_mss_default":	8948,
		"target_bitrate":	10000000000,
		"sock_bufsize":	0,
		"sndbuf_actual":	16384,
		"rcvbuf_actual":	131072,
		"test_start":	{
			"protocol":	"TCP",
			"num_streams":	1,
			"blksize":	131072,
			"omit":	0,
			"duration":	70,
			"bytes":	0,
			"blocks":	0,
			"reverse":	0,
			"tos":	0
		}
	},
	"intervals":	[{
			"streams":	[{
					"socket":	5,
					"start":	0,
					"end":	60.00016,
					"seconds":	60.000160217285156,
					"bytes":	72034418688,
					"bits_per_second":	9604563511.4484844,
					"retransmits":	769,
					"snd_cwnd":	1726964,
					"rtt":	374,
					"rttvar":	61,
					"pmtu":	9000,
					"omitted":	false,
					"sender":	true
				}],
			"sum":	{
				"start":	0,
				"end":	60.00016,
				"seconds":	60.000160217285156,
				"bytes":	72034418688,
				"bits_per_second":	9604563511.4484844,
				"retransmits":	769,
				"omitted":	false,
				"sender":	true
			}
		}, {
			"streams":	[{
					"socket":	5,
					"start":	60.00016,
					"end":	70.000062,
					"seconds":	9.99990177154541,
					"bytes":	11816140800,
					"bits_per_second":	9453005495.4121037,
					"retransmits":	50,
					"snd_cwnd":	1297460,
					"rtt":	1002,
					"rttvar":	36,
					"pmtu":	9000,
					"omitted":	false,
					"sender":	true
				}],
			"sum":	{
				"start":	60.00016,
				"end":	70.000062,
				"seconds":	9.99990177154541,
				"bytes":	11816140800,
				"bits_per_second":	9453005495.4121037,
				"retransmits":	50,
				"omitted":	false,
				"sender":	true
			}
		}],
	"end":	{
		"streams":	[{
				"sender":	{
					"socket":	5,
					"start":	0,
					"end":	70.000062,
					"seconds":	70.000062,
					"bytes":	83850559488,
					"bits_per_second":	9582912596.62027,
					"retransmits":	819,
					"max_snd_cwnd":	1726964,
					"max_rtt":	1002,
					"min_rtt":	374,
					"mean_rtt":	688,
					"sender":	true
				},
				"receiver":	{
					"socket":	5,
					"start":	0,
					"end":	70.001172,
					"seconds":	70.000062,
					"bytes":	83849314988,
					"bits_per_second":	9582618415.3602467,
					"sender":	true
				}
			}],
		"sum_sent":	{
			"start":	0,
			"end":	70.000062,
			"seconds":	70.000062,
			"bytes":	83850559488,
			"bits_per_second":	9582912596.62027,
			"retransmits":	819,
			"sender":	true
		},
		"sum_received":	{
			"start":	0,
			"end":	70.001172,
			"seconds":	70.001172,
			"bytes":	83849314988,
			"bits_per_second":	9582618415.3602467,
			"sender":	true
		},
		"cpu_utilization_percent":	{
			"host_total":	99.1560559511742,
			"host_user":	2.784700513130804,
			"host_system":	96.371358295103249,
			"remote_total":	54.888665663340717,
			"remote_user":	1.6302857566991753,
			"remote_system":	53.258381333468861
		},
		"sender_tcp_congestion":	"cubic",
		"receiver_tcp_congestion":	"reno"
	}
}
