{
	"start":	{
		"connected":	[{
				"socket":	5,
				"local_host":	"10.0.1.1",
				"local_port":	37138,
				"remote_host":	"10.0.0.1",
				"remote_port":	5201
			}],
		"version":	"iperf 3.9+",
		"system_info":	"Linux han-3 5.10.0 #9 SMP PREEMPT Tue Feb 23 15:01:43 PST 2021 x86_64",
		"timestamp":	{
			"time":	"Thu, 25 May 2023 19:11:13 GMT",
			"timesecs":	1685041873
		},
		"connecting_to":	{
			"host":	"10.0.0.1",
			"port":	5201
		},
		"cookie":	"zvcdzqajdqqzlpoymojv4xelyrptgytdp63a",
		"tcp_mss_default":	8948,
		"target_bitrate":	2000000000,
		"sock_bufsize":	0,
		"sndbuf_actual":	16384,
		"rcvbuf_actual":	131072,
		"test_start":	{
			"protocol":	"TCP",
			"num_streams":	1,
			"blksize":	131072,
			"omit":	0,
			"duration":	100,
			"bytes":	0,
			"blocks":	0,
			"reverse":	0,
			"tos":	0
		}
	},
	"intervals":	[{
			"streams":	[{
					"socket":	5,
					"start":	0,
					"end":	60.000068,
					"seconds":	60.000068664550781,
					"bytes":	14999879680,
					"bits_per_second":	1999981668.5359526,
					"retransmits":	9,
					"snd_cwnd":	411608,
					"rtt":	288,
					"rttvar":	30,
					"pmtu":	9000,
					"omitted":	false,
					"sender":	true
				}],
			"sum":	{
				"start":	0,
				"end":	60.000068,
				"seconds":	60.000068664550781,
				"bytes":	14999879680,
				"bits_per_second":	1999981668.5359526,
				"retransmits":	9,
				"omitted":	false,
				"sender":	true
			}
		}, {
			"streams":	[{
					"socket":	5,
					"start":	60.000068,
					"end":	100.000092,
					"seconds":	40.0000228881836,
					"bytes":	10000007168,
					"bits_per_second":	2000000289.1906548,
					"retransmits":	0,
					"snd_cwnd":	411608,
					"rtt":	348,
					"rttvar":	48,
					"pmtu":	9000,
					"omitted":	false,
					"sender":	true
				}],
			"sum":	{
				"start":	60.000068,
				"end":	100.000092,
				"seconds":	40.0000228881836,
				"bytes":	10000007168,
				"bits_per_second":	2000000289.1906548,
				"retransmits":	0,
				"omitted":	false,
				"sender":	true
			}
		}],
	"end":	{
		"streams":	[{
				"sender":	{
					"socket":	5,
					"start":	0,
					"end":	100.000092,
					"seconds":	100.000092,
					"bytes":	24999886848,
					"bits_per_second":	1999989107.8500209,
					"retransmits":	9,
					"max_snd_cwnd":	411608,
					"max_rtt":	348,
					"min_rtt":	288,
					"mean_rtt":	318,
					"sender":	true
				},
				"receiver":	{
					"socket":	5,
					"start":	0,
					"end":	100.000216,
					"seconds":	100.000092,
					"bytes":	24999886848,
					"bits_per_second":	1999986627.8688838,
					"sender":	true
				}
			}],
		"sum_sent":	{
			"start":	0,
			"end":	100.000092,
			"seconds":	100.000092,
			"bytes":	24999886848,
			"bits_per_second":	1999989107.8500209,
			"retransmits":	9,
			"sender":	true
		},
		"sum_received":	{
			"start":	0,
			"end":	100.000216,
			"seconds":	100.000216,
			"bytes":	24999886848,
			"bits_per_second":	1999986627.8688838,
			"sender":	true
		},
		"cpu_utilization_percent":	{
			"host_total":	10.29904667670816,
			"host_user":	0,
			"host_system":	10.29904667670816,
			"remote_total":	24.502769182809725,
			"remote_user":	1.1192528040692826,
			"remote_system":	23.383516378740442
		},
		"sender_tcp_congestion":	"cubic",
		"receiver_tcp_congestion":	"reno"
	}
}
