{
	"start":	{
		"connected":	[{
				"socket":	5,
				"local_host":	"10.0.1.1",
				"local_port":	39932,
				"remote_host":	"10.0.0.1",
				"remote_port":	5201
			}],
		"version":	"iperf 3.9+",
		"system_info":	"Linux han-3 5.10.0 #9 SMP PREEMPT Tue Feb 23 15:01:43 PST 2021 x86_64",
		"timestamp":	{
			"time":	"Fri, 26 May 2023 04:47:30 GMT",
			"timesecs":	1685076450
		},
		"connecting_to":	{
			"host":	"10.0.0.1",
			"port":	5201
		},
		"cookie":	"mp3qizurevkrilptbpqftfkmgc4mfb6rz7vd",
		"tcp_mss_default":	8948,
		"target_bitrate":	9000000000,
		"sock_bufsize":	0,
		"sndbuf_actual":	16384,
		"rcvbuf_actual":	131072,
		"test_start":	{
			"protocol":	"TCP",
			"num_streams":	1,
			"blksize":	131072,
			"omit":	0,
			"duration":	40,
			"bytes":	0,
			"blocks":	0,
			"reverse":	0,
			"tos":	0
		}
	},
	"intervals":	[{
			"streams":	[{
					"socket":	5,
					"start":	0,
					"end":	40.000088,
					"seconds":	40.0000877380371,
					"bytes":	44999114752,
					"bits_per_second":	8999803209.7733,
					"retransmits":	16,
					"snd_cwnd":	1592744,
					"rtt":	628,
					"rttvar":	57,
					"pmtu":	9000,
					"omitted":	false,
					"sender":	true
				}],
			"sum":	{
				"start":	0,
				"end":	40.000088,
				"seconds":	40.0000877380371,
				"bytes":	44999114752,
				"bits_per_second":	8999803209.7733,
				"retransmits":	16,
				"omitted":	false,
				"sender":	true
			}
		}],
	"end":	{
		"streams":	[{
				"sender":	{
					"socket":	5,
					"start":	0,
					"end":	40.000088,
					"seconds":	40.000088,
					"bytes":	44999114752,
					"bits_per_second":	8999803150.83307,
					"retransmits":	16,
					"max_snd_cwnd":	1592744,
					"max_rtt":	628,
					"min_rtt":	628,
					"mean_rtt":	628,
					"sender":	true
				},
				"receiver":	{
					"socket":	5,
					"start":	0,
					"end":	40.000186,
					"seconds":	40.000088,
					"bytes":	44999114752,
					"bits_per_second":	8999781101.41788,
					"sender":	true
				}
			}],
		"sum_sent":	{
			"start":	0,
			"end":	40.000088,
			"seconds":	40.000088,
			"bytes":	44999114752,
			"bits_per_second":	8999803150.83307,
			"retransmits":	16,
			"sender":	true
		},
		"sum_received":	{
			"start":	0,
			"end":	40.000186,
			"seconds":	40.000186,
			"bytes":	44999114752,
			"bits_per_second":	8999781101.41788,
			"sender":	true
		},
		"cpu_utilization_percent":	{
			"host_total":	48.080684875900516,
			"host_user":	1.9446061433103092,
			"host_system":	46.136076232736571,
			"remote_total":	55.655849267504522,
			"remote_user":	4.611693900921205,
			"remote_system":	51.044157863397878
		},
		"sender_tcp_congestion":	"cubic",
		"receiver_tcp_congestion":	"reno"
	}
}
