{
	"start":	{
		"connected":	[{
				"socket":	5,
				"local_host":	"10.0.1.1",
				"local_port":	60404,
				"remote_host":	"10.0.0.1",
				"remote_port":	5201
			}],
		"version":	"iperf 3.9+",
		"system_info":	"Linux han-3 5.10.0 #9 SMP PREEMPT Tue Feb 23 15:01:43 PST 2021 x86_64",
		"timestamp":	{
			"time":	"Thu, 25 May 2023 04:30:25 GMT",
			"timesecs":	1684989025
		},
		"connecting_to":	{
			"host":	"10.0.0.1",
			"port":	5201
		},
		"cookie":	"5z4pavmre7cag6obijydv4xioc23wl4st2ax",
		"tcp_mss_default":	8948,
		"target_bitrate":	3000000000,
		"sock_bufsize":	0,
		"sndbuf_actual":	16384,
		"rcvbuf_actual":	131072,
		"test_start":	{
			"protocol":	"TCP",
			"num_streams":	1,
			"blksize":	131072,
			"omit":	0,
			"duration":	50,
			"bytes":	0,
			"blocks":	0,
			"reverse":	0,
			"tos":	0
		}
	},
	"intervals":	[{
			"streams":	[{
					"socket":	5,
					"start":	0,
					"end":	50.000077,
					"seconds":	50.000076293945312,
					"bytes":	18749718528,
					"bits_per_second":	2999950386.9189849,
					"retransmits":	13,
					"snd_cwnd":	545828,
					"rtt":	353,
					"rttvar":	43,
					"pmtu":	9000,
					"omitted":	false,
					"sender":	true
				}],
			"sum":	{
				"start":	0,
				"end":	50.000077,
				"seconds":	50.000076293945312,
				"bytes":	18749718528,
				"bits_per_second":	2999950386.9189849,
				"retransmits":	13,
				"omitted":	false,
				"sender":	true
			}
		}],
	"end":	{
		"streams":	[{
				"sender":	{
					"socket":	5,
					"start":	0,
					"end":	50.000077,
					"seconds":	50.000077,
					"bytes":	18749718528,
					"bits_per_second":	2999950344.55647,
					"retransmits":	13,
					"max_snd_cwnd":	545828,
					"max_rtt":	353,
					"min_rtt":	353,
					"mean_rtt":	353,
					"sender":	true
				},
				"receiver":	{
					"socket":	5,
					"start":	0,
					"end":	50.000211,
					"seconds":	50.000077,
					"bytes":	18749718528,
					"bits_per_second":	2999942304.723474,
					"sender":	true
				}
			}],
		"sum_sent":	{
			"start":	0,
			"end":	50.000077,
			"seconds":	50.000077,
			"bytes":	18749718528,
			"bits_per_second":	2999950344.55647,
			"retransmits":	13,
			"sender":	true
		},
		"sum_received":	{
			"start":	0,
			"end":	50.000211,
			"seconds":	50.000211,
			"bytes":	18749718528,
			"bits_per_second":	2999942304.723474,
			"sender":	true
		},
		"cpu_utilization_percent":	{
			"host_total":	10.545426023197518,
			"host_user":	0,
			"host_system":	10.5454280231008,
			"remote_total":	35.752863612858853,
			"remote_user":	1.8854072973432643,
			"remote_system":	33.8674563155156
		},
		"sender_tcp_congestion":	"cubic",
		"receiver_tcp_congestion":	"reno"
	}
}
