{
	"start":	{
		"connected":	[{
				"socket":	5,
				"local_host":	"10.0.1.1",
				"local_port":	43054,
				"remote_host":	"10.0.0.1",
				"remote_port":	5201
			}],
		"version":	"iperf 3.9+",
		"system_info":	"Linux han-3 5.10.0 #9 SMP PREEMPT Tue Feb 23 15:01:43 PST 2021 x86_64",
		"timestamp":	{
			"time":	"Fri, 26 May 2023 15:41:01 GMT",
			"timesecs":	1685115661
		},
		"connecting_to":	{
			"host":	"10.0.0.1",
			"port":	5201
		},
		"cookie":	"e5n7s43tbldp3phxn3tz5ovclquhzkk6d5we",
		"tcp_mss_default":	8948,
		"target_bitrate":	6000000000,
		"sock_bufsize":	0,
		"sndbuf_actual":	16384,
		"rcvbuf_actual":	131072,
		"test_start":	{
			"protocol":	"TCP",
			"num_streams":	1,
			"blksize":	131072,
			"omit":	0,
			"duration":	50,
			"bytes":	0,
			"blocks":	0,
			"reverse":	0,
			"tos":	0
		}
	},
	"intervals":	[{
			"streams":	[{
					"socket":	5,
					"start":	0,
					"end":	50.000114,
					"seconds":	50.000114440917969,
					"bytes":	37499437056,
					"bits_per_second":	5999896196.2874317,
					"retransmits":	144,
					"snd_cwnd":	3623940,
					"rtt":	489,
					"rttvar":	43,
					"pmtu":	9000,
					"omitted":	false,
					"sender":	true
				}],
			"sum":	{
				"start":	0,
				"end":	50.000114,
				"seconds":	50.000114440917969,
				"bytes":	37499437056,
				"bits_per_second":	5999896196.2874317,
				"retransmits":	144,
				"omitted":	false,
				"sender":	true
			}
		}],
	"end":	{
		"streams":	[{
				"sender":	{
					"socket":	5,
					"start":	0,
					"end":	50.000114,
					"seconds":	50.000114,
					"bytes":	37499437056,
					"bits_per_second":	5999896249.19655,
					"retransmits":	144,
					"max_snd_cwnd":	3623940,
					"max_rtt":	489,
					"min_rtt":	489,
					"mean_rtt":	489,
					"sender":	true
				},
				"receiver":	{
					"socket":	5,
					"start":	0,
					"end":	50.00024,
					"seconds":	50.000114,
					"bytes":	37499437056,
					"bits_per_second":	5999881129.53058,
					"sender":	true
				}
			}],
		"sum_sent":	{
			"start":	0,
			"end":	50.000114,
			"seconds":	50.000114,
			"bytes":	37499437056,
			"bits_per_second":	5999896249.19655,
			"retransmits":	144,
			"sender":	true
		},
		"sum_received":	{
			"start":	0,
			"end":	50.00024,
			"seconds":	50.00024,
			"bytes":	37499437056,
			"bits_per_second":	5999881129.53058,
			"sender":	true
		},
		"cpu_utilization_percent":	{
			"host_total":	40.357822581958,
			"host_user":	1.3731306939041981,
			"host_system":	38.984695887863573,
			"remote_total":	45.63943567195895,
			"remote_user":	2.596972284364758,
			"remote_system":	43.0424633875942
		},
		"sender_tcp_congestion":	"cubic",
		"receiver_tcp_congestion":	"reno"
	}
}
