{
	"start":	{
		"connected":	[{
				"socket":	5,
				"local_host":	"10.0.1.1",
				"local_port":	43624,
				"remote_host":	"10.0.0.1",
				"remote_port":	5201
			}],
		"version":	"iperf 3.9+",
		"system_info":	"Linux han-3 5.10.0 #9 SMP PREEMPT Tue Feb 23 15:01:43 PST 2021 x86_64",
		"timestamp":	{
			"time":	"Fri, 26 May 2023 17:45:51 GMT",
			"timesecs":	1685123151
		},
		"connecting_to":	{
			"host":	"10.0.0.1",
			"port":	5201
		},
		"cookie":	"6l6jqja2rgy577vhuh3ucx4on4ngembgaj7e",
		"tcp_mss_default":	8948,
		"target_bitrate":	7000000000,
		"sock_bufsize":	0,
		"sndbuf_actual":	16384,
		"rcvbuf_actual":	131072,
		"test_start":	{
			"protocol":	"TCP",
			"num_streams":	1,
			"blksize":	131072,
			"omit":	0,
			"duration":	80,
			"bytes":	0,
			"blocks":	0,
			"reverse":	0,
			"tos":	0
		}
	},
	"intervals":	[{
			"streams":	[{
					"socket":	5,
					"start":	0,
					"end":	60.000071,
					"seconds":	60.000072479248047,
					"bytes":	52499841024,
					"bits_per_second":	6999970347.3235483,
					"retransmits":	35,
					"snd_cwnd":	1037968,
					"rtt":	289,
					"rttvar":	59,
					"pmtu":	9000,
					"omitted":	false,
					"sender":	true
				}],
			"sum":	{
				"start":	0,
				"end":	60.000071,
				"seconds":	60.000072479248047,
				"bytes":	52499841024,
				"bits_per_second":	6999970347.3235483,
				"retransmits":	35,
				"omitted":	false,
				"sender":	true
			}
		}, {
			"streams":	[{
					"socket":	5,
					"start":	60.000071,
					"end":	80.000078,
					"seconds":	20.000007629394531,
					"bytes":	17499684864,
					"bits_per_second":	6999871275.3610182,
					"retransmits":	0,
					"snd_cwnd":	1834340,
					"rtt":	624,
					"rttvar":	50,
					"pmtu":	9000,
					"omitted":	false,
					"sender":	true
				}],
			"sum":	{
				"start":	60.000071,
				"end":	80.000078,
				"seconds":	20.000007629394531,
				"bytes":	17499684864,
				"bits_per_second":	6999871275.3610182,
				"retransmits":	0,
				"omitted":	false,
				"sender":	true
			}
		}],
	"end":	{
		"streams":	[{
				"sender":	{
					"socket":	5,
					"start":	0,
					"end":	80.000078,
					"seconds":	80.000078,
					"bytes":	69999525888,
					"bits_per_second":	6999945763.85288,
					"retransmits":	35,
					"max_snd_cwnd":	1834340,
					"max_rtt":	624,
					"min_rtt":	289,
					"mean_rtt":	456,
					"sender":	true
				},
				"receiver":	{
					"socket":	5,
					"start":	0,
					"end":	80.000149,
					"seconds":	80.000078,
					"bytes":	69999525888,
					"bits_per_second":	6999939551.4125862,
					"sender":	true
				}
			}],
		"sum_sent":	{
			"start":	0,
			"end":	80.000078,
			"seconds":	80.000078,
			"bytes":	69999525888,
			"bits_per_second":	6999945763.85288,
			"retransmits":	35,
			"sender":	true
		},
		"sum_received":	{
			"start":	0,
			"end":	80.000149,
			"seconds":	80.000149,
			"bytes":	69999525888,
			"bits_per_second":	6999939551.4125862,
			"sender":	true
		},
		"cpu_utilization_percent":	{
			"host_total":	53.1391167933534,
			"host_user":	1.3572908481370978,
			"host_system":	51.781805945830037,
			"remote_total":	44.06262774838607,
			"remote_user":	1.4475392905929914,
			"remote_system":	42.615088457793078
		},
		"sender_tcp_congestion":	"cubic",
		"receiver_tcp_congestion":	"reno"
	}
}
