{
	"start":	{
		"connected":	[{
				"socket":	5,
				"local_host":	"10.0.1.1",
				"local_port":	60880,
				"remote_host":	"10.0.0.1",
				"remote_port":	5201
			}],
		"version":	"iperf 3.9+",
		"system_info":	"Linux han-3 5.10.0 #9 SMP PREEMPT Tue Feb 23 15:01:43 PST 2021 x86_64",
		"timestamp":	{
			"time":	"Thu, 25 May 2023 06:10:30 GMT",
			"timesecs":	1684995030
		},
		"connecting_to":	{
			"host":	"10.0.0.1",
			"port":	5201
		},
		"cookie":	"vb5ucs4khpqhnz56ymbup57wnpjci2cvg6mo",
		"tcp_mss_default":	8948,
		"target_bitrate":	4000000000,
		"sock_bufsize":	0,
		"sndbuf_actual":	16384,
		"rcvbuf_actual":	131072,
		"test_start":	{
			"protocol":	"TCP",
			"num_streams":	1,
			"blksize":	131072,
			"omit":	0,
			"duration":	60,
			"bytes":	0,
			"blocks":	0,
			"reverse":	0,
			"tos":	0
		}
	},
	"intervals":	[{
			"streams":	[{
					"socket":	5,
					"start":	0,
					"end":	60.000075,
					"seconds":	60.000076293945312,
					"bytes":	29999628288,
					"bits_per_second":	3999945352.2064676,
					"retransmits":	8,
					"snd_cwnd":	671100,
					"rtt":	456,
					"rttvar":	86,
					"pmtu":	9000,
					"omitted":	false,
					"sender":	true
				}],
			"sum":	{
				"start":	0,
				"end":	60.000075,
				"seconds":	60.000076293945312,
				"bytes":	29999628288,
				"bits_per_second":	3999945352.2064676,
				"retransmits":	8,
				"omitted":	false,
				"sender":	true
			}
		}],
	"end":	{
		"streams":	[{
				"sender":	{
					"socket":	5,
					"start":	0,
					"end":	60.000075,
					"seconds":	60.000075,
					"bytes":	29999628288,
					"bits_per_second":	3999945438.4682016,
					"retransmits":	8,
					"max_snd_cwnd":	671100,
					"max_rtt":	456,
					"min_rtt":	456,
					"mean_rtt":	456,
					"sender":	true
				},
				"receiver":	{
					"socket":	5,
					"start":	0,
					"end":	60.0002,
					"seconds":	60.000075,
					"bytes":	29999628288,
					"bits_per_second":	3999937105.2763157,
					"sender":	true
				}
			}],
		"sum_sent":	{
			"start":	0,
			"end":	60.000075,
			"seconds":	60.000075,
			"bytes":	29999628288,
			"bits_per_second":	3999945438.4682016,
			"retransmits":	8,
			"sender":	true
		},
		"sum_received":	{
			"start":	0,
			"end":	60.0002,
			"seconds":	60.0002,
			"bytes":	29999628288,
			"bits_per_second":	3999937105.2763157,
			"sender":	true
		},
		"cpu_utilization_percent":	{
			"host_total":	13.486068156860876,
			"host_user":	2.2480974533215048,
			"host_system":	11.237972370137429,
			"remote_total":	31.660125725569465,
			"remote_user":	1.2453758431605115,
			"remote_system":	30.414748216931386
		},
		"sender_tcp_congestion":	"cubic",
		"receiver_tcp_congestion":	"reno"
	}
}
