{
	"start":	{
		"connected":	[{
				"socket":	5,
				"local_host":	"10.0.1.1",
				"local_port":	38742,
				"remote_host":	"10.0.0.1",
				"remote_port":	5201
			}],
		"version":	"iperf 3.9+",
		"system_info":	"Linux han-3 5.10.0 #9 SMP PREEMPT Tue Feb 23 15:01:43 PST 2021 x86_64",
		"timestamp":	{
			"time":	"Fri, 26 May 2023 00:35:34 GMT",
			"timesecs":	1685061334
		},
		"connecting_to":	{
			"host":	"10.0.0.1",
			"port":	5201
		},
		"cookie":	"kzvisxtqyhewl4jifdnxm66rc5me2k4engti",
		"tcp_mss_default":	8948,
		"target_bitrate":	6000000000,
		"sock_bufsize":	0,
		"sndbuf_actual":	16384,
		"rcvbuf_actual":	131072,
		"test_start":	{
			"protocol":	"TCP",
			"num_streams":	1,
			"blksize":	131072,
			"omit":	0,
			"duration":	60,
			"bytes":	0,
			"blocks":	0,
			"reverse":	0,
			"tos":	0
		}
	},
	"intervals":	[{
			"streams":	[{
					"socket":	5,
					"start":	0,
					"end":	60.000206,
					"seconds":	60.000205993652344,
					"bytes":	44999507968,
					"bits_per_second":	5999913796.6640549,
					"retransmits":	17,
					"snd_cwnd":	1055864,
					"rtt":	437,
					"rttvar":	85,
					"pmtu":	9000,
					"omitted":	false,
					"sender":	true
				}],
			"sum":	{
				"start":	0,
				"end":	60.000206,
				"seconds":	60.000205993652344,
				"bytes":	44999507968,
				"bits_per_second":	5999913796.6640549,
				"retransmits":	17,
				"omitted":	false,
				"sender":	true
			}
		}],
	"end":	{
		"streams":	[{
				"sender":	{
					"socket":	5,
					"start":	0,
					"end":	60.000206,
					"seconds":	60.000206,
					"bytes":	44999507968,
					"bits_per_second":	5999913796.0293,
					"retransmits":	17,
					"max_snd_cwnd":	1055864,
					"max_rtt":	437,
					"min_rtt":	437,
					"mean_rtt":	437,
					"sender":	true
				},
				"receiver":	{
					"socket":	5,
					"start":	0,
					"end":	60.000315,
					"seconds":	60.000206,
					"bytes":	44999507968,
					"bits_per_second":	5999902896.2431278,
					"sender":	true
				}
			}],
		"sum_sent":	{
			"start":	0,
			"end":	60.000206,
			"seconds":	60.000206,
			"bytes":	44999507968,
			"bits_per_second":	5999913796.0293,
			"retransmits":	17,
			"sender":	true
		},
		"sum_received":	{
			"start":	0,
			"end":	60.000315,
			"seconds":	60.000315,
			"bytes":	44999507968,
			"bits_per_second":	5999902896.2431278,
			"sender":	true
		},
		"cpu_utilization_percent":	{
			"host_total":	33.1533482595183,
			"host_user":	0.84961958927531267,
			"host_system":	32.3037270036425,
			"remote_total":	46.190273649503958,
			"remote_user":	4.67087074171729,
			"remote_system":	41.519399577694344
		},
		"sender_tcp_congestion":	"cubic",
		"receiver_tcp_congestion":	"reno"
	}
}
