{
	"start":	{
		"connected":	[{
				"socket":	5,
				"local_host":	"10.0.1.1",
				"local_port":	34300,
				"remote_host":	"10.0.0.1",
				"remote_port":	5201
			}],
		"version":	"iperf 3.9+",
		"system_info":	"Linux han-3 5.10.0 #9 SMP PREEMPT Tue Feb 23 15:01:43 PST 2021 x86_64",
		"timestamp":	{
			"time":	"Thu, 25 May 2023 11:57:29 GMT",
			"timesecs":	1685015849
		},
		"connecting_to":	{
			"host":	"10.0.0.1",
			"port":	5201
		},
		"cookie":	"ny6vg7t4kcvq5y7ujidla6avwd7dubbkbk7j",
		"tcp_mss_default":	8948,
		"target_bitrate":	8000000000,
		"sock_bufsize":	0,
		"sndbuf_actual":	16384,
		"rcvbuf_actual":	131072,
		"test_start":	{
			"protocol":	"TCP",
			"num_streams":	1,
			"blksize":	131072,
			"omit":	0,
			"duration":	40,
			"bytes":	0,
			"blocks":	0,
			"reverse":	0,
			"tos":	0
		}
	},
	"intervals":	[{
			"streams":	[{
					"socket":	5,
					"start":	0,
					"end":	40.000129,
					"seconds":	40.000129699707031,
					"bytes":	39999373312,
					"bits_per_second":	7999848722.9491081,
					"retransmits":	90,
					"snd_cwnd":	1512212,
					"rtt":	677,
					"rttvar":	37,
					"pmtu":	9000,
					"omitted":	false,
					"sender":	true
				}],
			"sum":	{
				"start":	0,
				"end":	40.000129,
				"seconds":	40.000129699707031,
				"bytes":	39999373312,
				"bits_per_second":	7999848722.9491081,
				"retransmits":	90,
				"omitted":	false,
				"sender":	true
			}
		}],
	"end":	{
		"streams":	[{
				"sender":	{
					"socket":	5,
					"start":	0,
					"end":	40.000129,
					"seconds":	40.000129,
					"bytes":	39999373312,
					"bits_per_second":	7999848862.8874168,
					"retransmits":	90,
					"max_snd_cwnd":	1512212,
					"max_rtt":	677,
					"min_rtt":	677,
					"mean_rtt":	677,
					"sender":	true
				},
				"receiver":	{
					"socket":	5,
					"start":	0,
					"end":	40.000292,
					"seconds":	40.000129,
					"bytes":	39999373312,
					"bits_per_second":	7999816263.7412739,
					"sender":	true
				}
			}],
		"sum_sent":	{
			"start":	0,
			"end":	40.000129,
			"seconds":	40.000129,
			"bytes":	39999373312,
			"bits_per_second":	7999848862.8874168,
			"retransmits":	90,
			"sender":	true
		},
		"sum_received":	{
			"start":	0,
			"end":	40.000292,
			"seconds":	40.000292,
			"bytes":	39999373312,
			"bits_per_second":	7999816263.7412739,
			"sender":	true
		},
		"cpu_utilization_percent":	{
			"host_total":	22.147625739446386,
			"host_user":	1.58962004941467,
			"host_system":	20.558000690267452,
			"remote_total":	53.106291860923847,
			"remote_user":	0.589304352662379,
			"remote_system":	52.51695755277234
		},
		"sender_tcp_congestion":	"cubic",
		"receiver_tcp_congestion":	"reno"
	}
}
