{
	"start":	{
		"connected":	[{
				"socket":	5,
				"local_host":	"10.0.1.1",
				"local_port":	43246,
				"remote_host":	"10.0.0.1",
				"remote_port":	5201
			}],
		"version":	"iperf 3.9+",
		"system_info":	"Linux han-3 5.10.0 #9 SMP PREEMPT Tue Feb 23 15:01:43 PST 2021 x86_64",
		"timestamp":	{
			"time":	"Fri, 26 May 2023 16:32:55 GMT",
			"timesecs":	1685118775
		},
		"connecting_to":	{
			"host":	"10.0.0.1",
			"port":	5201
		},
		"cookie":	"zx5ln7w7hooj2o5etdj2npresdm2dhu4auul",
		"tcp_mss_default":	8948,
		"target_bitrate":	6000000000,
		"sock_bufsize":	0,
		"sndbuf_actual":	16384,
		"rcvbuf_actual":	131072,
		"test_start":	{
			"protocol":	"TCP",
			"num_streams":	1,
			"blksize":	131072,
			"omit":	0,
			"duration":	90,
			"bytes":	0,
			"blocks":	0,
			"reverse":	0,
			"tos":	0
		}
	},
	"intervals":	[{
			"streams":	[{
					"socket":	5,
					"start":	0,
					"end":	60.000061,
					"seconds":	60.00006103515625,
					"bytes":	44999507968,
					"bits_per_second":	5999928292.2906532,
					"retransmits":	24,
					"snd_cwnd":	1073760,
					"rtt":	698,
					"rttvar":	63,
					"pmtu":	9000,
					"omitted":	false,
					"sender":	true
				}],
			"sum":	{
				"start":	0,
				"end":	60.000061,
				"seconds":	60.00006103515625,
				"bytes":	44999507968,
				"bits_per_second":	5999928292.2906532,
				"retransmits":	24,
				"omitted":	false,
				"sender":	true
			}
		}, {
			"streams":	[{
					"socket":	5,
					"start":	60.000061,
					"end":	90.000095,
					"seconds":	30.000034332275391,
					"bytes":	22499950592,
					"bits_per_second":	5999979958.1011915,
					"retransmits":	1,
					"snd_cwnd":	1073760,
					"rtt":	559,
					"rttvar":	36,
					"pmtu":	9000,
					"omitted":	false,
					"sender":	true
				}],
			"sum":	{
				"start":	60.000061,
				"end":	90.000095,
				"seconds":	30.000034332275391,
				"bytes":	22499950592,
				"bits_per_second":	5999979958.1011915,
				"retransmits":	1,
				"omitted":	false,
				"sender":	true
			}
		}],
	"end":	{
		"streams":	[{
				"sender":	{
					"socket":	5,
					"start":	0,
					"end":	90.000095,
					"seconds":	90.000095,
					"bytes":	67499458560,
					"bits_per_second":	5999945538.7241535,
					"retransmits":	25,
					"max_snd_cwnd":	1073760,
					"max_rtt":	698,
					"min_rtt":	559,
					"mean_rtt":	628,
					"sender":	true
				},
				"receiver":	{
					"socket":	5,
					"start":	0,
					"end":	90.000203,
					"seconds":	90.000095,
					"bytes":	67499458560,
					"bits_per_second":	5999938338.805747,
					"sender":	true
				}
			}],
		"sum_sent":	{
			"start":	0,
			"end":	90.000095,
			"seconds":	90.000095,
			"bytes":	67499458560,
			"bits_per_second":	5999945538.7241535,
			"retransmits":	25,
			"sender":	true
		},
		"sum_received":	{
			"start":	0,
			"end":	90.000203,
			"seconds":	90.000203,
			"bytes":	67499458560,
			"bits_per_second":	5999938338.805747,
			"sender":	true
		},
		"cpu_utilization_percent":	{
			"host_total":	37.7915367341157,
			"host_user":	1.8827561902581649,
			"host_system":	35.9087783216962,
			"remote_total":	46.881295285547516,
			"remote_user":	1.753345668470516,
			"remote_system":	45.1279485068769
		},
		"sender_tcp_congestion":	"cubic",
		"receiver_tcp_congestion":	"reno"
	}
}
