{
	"start":	{
		"connected":	[{
				"socket":	5,
				"local_host":	"10.0.1.1",
				"local_port":	34848,
				"remote_host":	"10.0.0.1",
				"remote_port":	5201
			}],
		"version":	"iperf 3.9+",
		"system_info":	"Linux han-3 5.10.0 #9 SMP PREEMPT Tue Feb 23 15:01:43 PST 2021 x86_64",
		"timestamp":	{
			"time":	"Thu, 25 May 2023 13:50:15 GMT",
			"timesecs":	1685022615
		},
		"connecting_to":	{
			"host":	"10.0.0.1",
			"port":	5201
		},
		"cookie":	"ldkmhrgedyd5uaioeuqzek6nxokigfebgh4e",
		"tcp_mss_default":	8948,
		"target_bitrate":	9000000000,
		"sock_bufsize":	0,
		"sndbuf_actual":	16384,
		"rcvbuf_actual":	131072,
		"test_start":	{
			"protocol":	"TCP",
			"num_streams":	1,
			"blksize":	131072,
			"omit":	0,
			"duration":	60,
			"bytes":	0,
			"blocks":	0,
			"reverse":	0,
			"tos":	0
		}
	},
	"intervals":	[{
			"streams":	[{
					"socket":	5,
					"start":	0,
					"end":	60.000073,
					"seconds":	60.000072479248047,
					"bytes":	67499327488,
					"bits_per_second":	8999899459.967577,
					"retransmits":	96,
					"snd_cwnd":	1521160,
					"rtt":	703,
					"rttvar":	28,
					"pmtu":	9000,
					"omitted":	false,
					"sender":	true
				}],
			"sum":	{
				"start":	0,
				"end":	60.000073,
				"seconds":	60.000072479248047,
				"bytes":	67499327488,
				"bits_per_second":	8999899459.967577,
				"retransmits":	96,
				"omitted":	false,
				"sender":	true
			}
		}],
	"end":	{
		"streams":	[{
				"sender":	{
					"socket":	5,
					"start":	0,
					"end":	60.000073,
					"seconds":	60.000073,
					"bytes":	67499327488,
					"bits_per_second":	8999899381.8557529,
					"retransmits":	96,
					"max_snd_cwnd":	1521160,
					"max_rtt":	703,
					"min_rtt":	703,
					"mean_rtt":	703,
					"sender":	true
				},
				"receiver":	{
					"socket":	5,
					"start":	0,
					"end":	60.000236,
					"seconds":	60.000073,
					"bytes":	67499327488,
					"bits_per_second":	8999874932.2252655,
					"sender":	true
				}
			}],
		"sum_sent":	{
			"start":	0,
			"end":	60.000073,
			"seconds":	60.000073,
			"bytes":	67499327488,
			"bits_per_second":	8999899381.8557529,
			"retransmits":	96,
			"sender":	true
		},
		"sum_received":	{
			"start":	0,
			"end":	60.000236,
			"seconds":	60.000236,
			"bytes":	67499327488,
			"bits_per_second":	8999874932.2252655,
			"sender":	true
		},
		"cpu_utilization_percent":	{
			"host_total":	25.626446130474257,
			"host_user":	0.502540183165444,
			"host_system":	25.12390594730881,
			"remote_total":	51.603850378662976,
			"remote_user":	3.65762824881112,
			"remote_system":	47.946222129851854
		},
		"sender_tcp_congestion":	"cubic",
		"receiver_tcp_congestion":	"reno"
	}
}
