{
	"start":	{
		"connected":	[{
				"socket":	5,
				"local_host":	"10.0.1.1",
				"local_port":	41538,
				"remote_host":	"10.0.0.1",
				"remote_port":	5201
			}],
		"version":	"iperf 3.9+",
		"system_info":	"Linux han-3 5.10.0 #9 SMP PREEMPT Tue Feb 23 15:01:43 PST 2021 x86_64",
		"timestamp":	{
			"time":	"Fri, 26 May 2023 10:38:54 GMT",
			"timesecs":	1685097534
		},
		"connecting_to":	{
			"host":	"10.0.0.1",
			"port":	5201
		},
		"cookie":	"gjllbomr3wqm7dtnzt5jkkcyhb32fnmssloj",
		"tcp_mss_default":	8948,
		"target_bitrate":	2000000000,
		"sock_bufsize":	0,
		"sndbuf_actual":	16384,
		"rcvbuf_actual":	131072,
		"test_start":	{
			"protocol":	"TCP",
			"num_streams":	1,
			"blksize":	131072,
			"omit":	0,
			"duration":	100,
			"bytes":	0,
			"blocks":	0,
			"reverse":	0,
			"tos":	0
		}
	},
	"intervals":	[{
			"streams":	[{
					"socket":	5,
					"start":	0,
					"end":	60.000091,
					"seconds":	60.000091552734375,
					"bytes":	14999879680,
					"bits_per_second":	1999980905.6046565,
					"retransmits":	10,
					"snd_cwnd":	420556,
					"rtt":	326,
					"rttvar":	33,
					"pmtu":	9000,
					"omitted":	false,
					"sender":	true
				}],
			"sum":	{
				"start":	0,
				"end":	60.000091,
				"seconds":	60.000091552734375,
				"bytes":	14999879680,
				"bits_per_second":	1999980905.6046565,
				"retransmits":	10,
				"omitted":	false,
				"sender":	true
			}
		}, {
			"streams":	[{
					"socket":	5,
					"start":	60.000091,
					"end":	100.000075,
					"seconds":	39.999984741210938,
					"bytes":	10000007168,
					"bits_per_second":	2000002196.5402911,
					"retransmits":	0,
					"snd_cwnd":	420556,
					"rtt":	273,
					"rttvar":	50,
					"pmtu":	9000,
					"omitted":	false,
					"sender":	true
				}],
			"sum":	{
				"start":	60.000091,
				"end":	100.000075,
				"seconds":	39.999984741210938,
				"bytes":	10000007168,
				"bits_per_second":	2000002196.5402911,
				"retransmits":	0,
				"omitted":	false,
				"sender":	true
			}
		}],
	"end":	{
		"streams":	[{
				"sender":	{
					"socket":	5,
					"start":	0,
					"end":	100.000075,
					"seconds":	100.000075,
					"bytes":	24999886848,
					"bits_per_second":	1999989447.8479142,
					"retransmits":	10,
					"max_snd_cwnd":	420556,
					"max_rtt":	326,
					"min_rtt":	273,
					"mean_rtt":	299,
					"sender":	true
				},
				"receiver":	{
					"socket":	5,
					"start":	0,
					"end":	100.0002,
					"seconds":	100.000075,
					"bytes":	24999886848,
					"bits_per_second":	1999986947.8661041,
					"sender":	true
				}
			}],
		"sum_sent":	{
			"start":	0,
			"end":	100.000075,
			"seconds":	100.000075,
			"bytes":	24999886848,
			"bits_per_second":	1999989447.8479142,
			"retransmits":	10,
			"sender":	true
		},
		"sum_received":	{
			"start":	0,
			"end":	100.0002,
			"seconds":	100.0002,
			"bytes":	24999886848,
			"bits_per_second":	1999986947.8661041,
			"sender":	true
		},
		"cpu_utilization_percent":	{
			"host_total":	15.133081063850129,
			"host_user":	0.687922047087728,
			"host_system":	14.445158016785593,
			"remote_total":	20.383347219590092,
			"remote_user":	1.1251465191439991,
			"remote_system":	19.258199701219155
		},
		"sender_tcp_congestion":	"cubic",
		"receiver_tcp_congestion":	"reno"
	}
}
