{
	"start":	{
		"connected":	[{
				"socket":	5,
				"local_host":	"10.0.1.1",
				"local_port":	59832,
				"remote_host":	"10.0.0.1",
				"remote_port":	5201
			}],
		"version":	"iperf 3.9+",
		"system_info":	"Linux han-3 5.10.0 #9 SMP PREEMPT Tue Feb 23 15:01:43 PST 2021 x86_64",
		"timestamp":	{
			"time":	"Thu, 25 May 2023 02:39:59 GMT",
			"timesecs":	1684982399
		},
		"connecting_to":	{
			"host":	"10.0.0.1",
			"port":	5201
		},
		"cookie":	"vibtlhn4cpfjkywolqcngl6joiesucu44q4j",
		"tcp_mss_default":	8948,
		"target_bitrate":	2000000000,
		"sock_bufsize":	0,
		"sndbuf_actual":	16384,
		"rcvbuf_actual":	131072,
		"test_start":	{
			"protocol":	"TCP",
			"num_streams":	1,
			"blksize":	131072,
			"omit":	0,
			"duration":	20,
			"bytes":	0,
			"blocks":	0,
			"reverse":	0,
			"tos":	0
		}
	},
	"intervals":	[{
			"streams":	[{
					"socket":	5,
					"start":	0,
					"end":	20.000079,
					"seconds":	20.000078201293945,
					"bytes":	4999872512,
					"bits_per_second":	1999941184.9005764,
					"retransmits":	7,
					"snd_cwnd":	787424,
					"rtt":	294,
					"rttvar":	25,
					"pmtu":	9000,
					"omitted":	false,
					"sender":	true
				}],
			"sum":	{
				"start":	0,
				"end":	20.000079,
				"seconds":	20.000078201293945,
				"bytes":	4999872512,
				"bits_per_second":	1999941184.9005764,
				"retransmits":	7,
				"omitted":	false,
				"sender":	true
			}
		}],
	"end":	{
		"streams":	[{
				"sender":	{
					"socket":	5,
					"start":	0,
					"end":	20.000079,
					"seconds":	20.000079,
					"bytes":	4999872512,
					"bits_per_second":	1999941105.0326352,
					"retransmits":	7,
					"max_snd_cwnd":	787424,
					"max_rtt":	294,
					"min_rtt":	294,
					"mean_rtt":	294,
					"sender":	true
				},
				"receiver":	{
					"socket":	5,
					"start":	0,
					"end":	20.000225,
					"seconds":	20.000079,
					"bytes":	4999872512,
					"bits_per_second":	1999926505.6268117,
					"sender":	true
				}
			}],
		"sum_sent":	{
			"start":	0,
			"end":	20.000079,
			"seconds":	20.000079,
			"bytes":	4999872512,
			"bits_per_second":	1999941105.0326352,
			"retransmits":	7,
			"sender":	true
		},
		"sum_received":	{
			"start":	0,
			"end":	20.000225,
			"seconds":	20.000225,
			"bytes":	4999872512,
			"bits_per_second":	1999926505.6268117,
			"sender":	true
		},
		"cpu_utilization_percent":	{
			"host_total":	9.9656654257266233,
			"host_user":	5.9804941143086658,
			"host_system":	3.9851713114179579,
			"remote_total":	23.975222590212393,
			"remote_user":	2.5365949088332722,
			"remote_system":	21.438627681379117
		},
		"sender_tcp_congestion":	"cubic",
		"receiver_tcp_congestion":	"reno"
	}
}
