{
	"start":	{
		"connected":	[{
				"socket":	5,
				"local_host":	"10.0.1.1",
				"local_port":	41864,
				"remote_host":	"10.0.0.1",
				"remote_port":	5201
			}],
		"version":	"iperf 3.9+",
		"system_info":	"Linux han-3 5.10.0 #9 SMP PREEMPT Tue Feb 23 15:01:43 PST 2021 x86_64",
		"timestamp":	{
			"time":	"Fri, 26 May 2023 11:34:40 GMT",
			"timesecs":	1685100880
		},
		"connecting_to":	{
			"host":	"10.0.0.1",
			"port":	5201
		},
		"cookie":	"mczg5ufj6ej76c7xazkyz4arf7gjjcojm75t",
		"tcp_mss_default":	8948,
		"target_bitrate":	3000000000,
		"sock_bufsize":	0,
		"sndbuf_actual":	16384,
		"rcvbuf_actual":	131072,
		"test_start":	{
			"protocol":	"TCP",
			"num_streams":	1,
			"blksize":	131072,
			"omit":	0,
			"duration":	80,
			"bytes":	0,
			"blocks":	0,
			"reverse":	0,
			"tos":	0
		}
	},
	"intervals":	[{
			"streams":	[{
					"socket":	5,
					"start":	0,
					"end":	60.00007,
					"seconds":	60.000068664550781,
					"bytes":	22499819520,
					"bits_per_second":	2999972502.8039289,
					"retransmits":	15,
					"snd_cwnd":	536880,
					"rtt":	356,
					"rttvar":	75,
					"pmtu":	9000,
					"omitted":	false,
					"sender":	true
				}],
			"sum":	{
				"start":	0,
				"end":	60.00007,
				"seconds":	60.000068664550781,
				"bytes":	22499819520,
				"bits_per_second":	2999972502.8039289,
				"retransmits":	15,
				"omitted":	false,
				"sender":	true
			}
		}, {
			"streams":	[{
					"socket":	5,
					"start":	60.00007,
					"end":	80.000089,
					"seconds":	20.000019073486328,
					"bytes":	7499939840,
					"bits_per_second":	2999973075.0027285,
					"retransmits":	0,
					"snd_cwnd":	536880,
					"rtt":	360,
					"rttvar":	36,
					"pmtu":	9000,
					"omitted":	false,
					"sender":	true
				}],
			"sum":	{
				"start":	60.00007,
				"end":	80.000089,
				"seconds":	20.000019073486328,
				"bytes":	7499939840,
				"bits_per_second":	2999973075.0027285,
				"retransmits":	0,
				"omitted":	false,
				"sender":	true
			}
		}],
	"end":	{
		"streams":	[{
				"sender":	{
					"socket":	5,
					"start":	0,
					"end":	80.000089,
					"seconds":	80.000089,
					"bytes":	29999759360,
					"bits_per_second":	2999972598.5304842,
					"retransmits":	15,
					"max_snd_cwnd":	536880,
					"max_rtt":	360,
					"min_rtt":	356,
					"mean_rtt":	358,
					"sender":	true
				},
				"receiver":	{
					"socket":	5,
					"start":	0,
					"end":	80.00024,
					"seconds":	80.000089,
					"bytes":	29999759360,
					"bits_per_second":	2999966936.0991917,
					"sender":	true
				}
			}],
		"sum_sent":	{
			"start":	0,
			"end":	80.000089,
			"seconds":	80.000089,
			"bytes":	29999759360,
			"bits_per_second":	2999972598.5304842,
			"retransmits":	15,
			"sender":	true
		},
		"sum_received":	{
			"start":	0,
			"end":	80.00024,
			"seconds":	80.00024,
			"bytes":	29999759360,
			"bits_per_second":	2999966936.0991917,
			"sender":	true
		},
		"cpu_utilization_percent":	{
			"host_total":	22.118158179863759,
			"host_user":	0.41316222793836832,
			"host_system":	21.704998451855673,
			"remote_total":	33.3073612435452,
			"remote_user":	3.2918240718050042,
			"remote_system":	30.015538420578487
		},
		"sender_tcp_congestion":	"cubic",
		"receiver_tcp_congestion":	"reno"
	}
}
