{
	"start":	{
		"connected":	[{
				"socket":	5,
				"local_host":	"10.0.1.1",
				"local_port":	33748,
				"remote_host":	"10.0.0.1",
				"remote_port":	5201
			}],
		"version":	"iperf 3.9+",
		"system_info":	"Linux han-3 5.10.0 #9 SMP PREEMPT Tue Feb 23 15:01:43 PST 2021 x86_64",
		"timestamp":	{
			"time":	"Thu, 25 May 2023 10:16:33 GMT",
			"timesecs":	1685009793
		},
		"connecting_to":	{
			"host":	"10.0.0.1",
			"port":	5201
		},
		"cookie":	"zhwytfxd3iffrptrkexcgkkzj2ra3glr4vem",
		"tcp_mss_default":	8948,
		"target_bitrate":	7000000000,
		"sock_bufsize":	0,
		"sndbuf_actual":	16384,
		"rcvbuf_actual":	131072,
		"test_start":	{
			"protocol":	"TCP",
			"num_streams":	1,
			"blksize":	131072,
			"omit":	0,
			"duration":	10,
			"bytes":	0,
			"blocks":	0,
			"reverse":	0,
			"tos":	0
		}
	},
	"intervals":	[{
			"streams":	[{
					"socket":	5,
					"start":	0,
					"end":	10.000075,
					"seconds":	10.000075340270996,
					"bytes":	8749318144,
					"bits_per_second":	6999401781.5172968,
					"retransmits":	19,
					"snd_cwnd":	1055864,
					"rtt":	581,
					"rttvar":	101,
					"pmtu":	9000,
					"omitted":	false,
					"sender":	true
				}],
			"sum":	{
				"start":	0,
				"end":	10.000075,
				"seconds":	10.000075340270996,
				"bytes":	8749318144,
				"bits_per_second":	6999401781.5172968,
				"retransmits":	19,
				"omitted":	false,
				"sender":	true
			}
		}],
	"end":	{
		"streams":	[{
				"sender":	{
					"socket":	5,
					"start":	0,
					"end":	10.000075,
					"seconds":	10.000075,
					"bytes":	8749318144,
					"bits_per_second":	6999402019.6848516,
					"retransmits":	19,
					"max_snd_cwnd":	1055864,
					"max_rtt":	581,
					"min_rtt":	581,
					"mean_rtt":	581,
					"sender":	true
				},
				"receiver":	{
					"socket":	5,
					"start":	0,
					"end":	10.00018,
					"seconds":	10.000075,
					"bytes":	8749318144,
					"bits_per_second":	6999328527.2865086,
					"sender":	true
				}
			}],
		"sum_sent":	{
			"start":	0,
			"end":	10.000075,
			"seconds":	10.000075,
			"bytes":	8749318144,
			"bits_per_second":	6999402019.6848516,
			"retransmits":	19,
			"sender":	true
		},
		"sum_received":	{
			"start":	0,
			"end":	10.00018,
			"seconds":	10.00018,
			"bytes":	8749318144,
			"bits_per_second":	6999328527.2865086,
			"sender":	true
		},
		"cpu_utilization_percent":	{
			"host_total":	20.907349238098693,
			"host_user":	0,
			"host_system":	20.907339240509113,
			"remote_total":	52.771977389615344,
			"remote_user":	0,
			"remote_system":	52.771977389615344
		},
		"sender_tcp_congestion":	"cubic",
		"receiver_tcp_congestion":	"reno"
	}
}
