{
	"start":	{
		"connected":	[{
				"socket":	5,
				"local_host":	"10.0.1.1",
				"local_port":	36902,
				"remote_host":	"10.0.0.1",
				"remote_port":	5201
			}],
		"version":	"iperf 3.9+",
		"system_info":	"Linux han-3 5.10.0 #9 SMP PREEMPT Tue Feb 23 15:01:43 PST 2021 x86_64",
		"timestamp":	{
			"time":	"Thu, 25 May 2023 18:09:50 GMT",
			"timesecs":	1685038190
		},
		"connecting_to":	{
			"host":	"10.0.0.1",
			"port":	5201
		},
		"cookie":	"3rbuo3scbkop6z2opmvqlu7tfw7pv2psja7u",
		"tcp_mss_default":	8948,
		"target_bitrate":	2000000000,
		"sock_bufsize":	0,
		"sndbuf_actual":	16384,
		"rcvbuf_actual":	131072,
		"test_start":	{
			"protocol":	"TCP",
			"num_streams":	1,
			"blksize":	131072,
			"omit":	0,
			"duration":	40,
			"bytes":	0,
			"blocks":	0,
			"reverse":	0,
			"tos":	0
		}
	},
	"intervals":	[{
			"streams":	[{
					"socket":	5,
					"start":	0,
					"end":	40.000213,
					"seconds":	40.000213623046875,
					"bytes":	9999876096,
					"bits_per_second":	1999964538.2370424,
					"retransmits":	4,
					"snd_cwnd":	402660,
					"rtt":	285,
					"rttvar":	33,
					"pmtu":	9000,
					"omitted":	false,
					"sender":	true
				}],
			"sum":	{
				"start":	0,
				"end":	40.000213,
				"seconds":	40.000213623046875,
				"bytes":	9999876096,
				"bits_per_second":	1999964538.2370424,
				"retransmits":	4,
				"omitted":	false,
				"sender":	true
			}
		}],
	"end":	{
		"streams":	[{
				"sender":	{
					"socket":	5,
					"start":	0,
					"end":	40.000213,
					"seconds":	40.000213,
					"bytes":	9999876096,
					"bits_per_second":	1999964569.3886678,
					"retransmits":	4,
					"max_snd_cwnd":	402660,
					"max_rtt":	285,
					"min_rtt":	285,
					"mean_rtt":	285,
					"sender":	true
				},
				"receiver":	{
					"socket":	5,
					"start":	0,
					"end":	40.000353,
					"seconds":	40.000213,
					"bytes":	9999876096,
					"bits_per_second":	1999957569.5744486,
					"sender":	true
				}
			}],
		"sum_sent":	{
			"start":	0,
			"end":	40.000213,
			"seconds":	40.000213,
			"bytes":	9999876096,
			"bits_per_second":	1999964569.3886678,
			"retransmits":	4,
			"sender":	true
		},
		"sum_received":	{
			"start":	0,
			"end":	40.000353,
			"seconds":	40.000353,
			"bytes":	9999876096,
			"bits_per_second":	1999957569.5744486,
			"sender":	true
		},
		"cpu_utilization_percent":	{
			"host_total":	12.685656103767281,
			"host_user":	0.72507055168177859,
			"host_system":	11.960585552085503,
			"remote_total":	21.279780590151351,
			"remote_user":	1.1331459825093233,
			"remote_system":	20.146634607642028
		},
		"sender_tcp_congestion":	"cubic",
		"receiver_tcp_congestion":	"reno"
	}
}
