{
	"start":	{
		"connected":	[{
				"socket":	5,
				"local_host":	"10.0.1.1",
				"local_port":	37092,
				"remote_host":	"10.0.0.1",
				"remote_port":	5201
			}],
		"version":	"iperf 3.9+",
		"system_info":	"Linux han-3 5.10.0 #9 SMP PREEMPT Tue Feb 23 15:01:43 PST 2021 x86_64",
		"timestamp":	{
			"time":	"Thu, 25 May 2023 18:56:02 GMT",
			"timesecs":	1685040962
		},
		"connecting_to":	{
			"host":	"10.0.0.1",
			"port":	5201
		},
		"cookie":	"u6xkpxhr3lwrlfqt7xnan5sevvtqjwgdvu2x",
		"tcp_mss_default":	8948,
		"target_bitrate":	2000000000,
		"sock_bufsize":	0,
		"sndbuf_actual":	16384,
		"rcvbuf_actual":	131072,
		"test_start":	{
			"protocol":	"TCP",
			"num_streams":	1,
			"blksize":	131072,
			"omit":	0,
			"duration":	90,
			"bytes":	0,
			"blocks":	0,
			"reverse":	0,
			"tos":	0
		}
	},
	"intervals":	[{
			"streams":	[{
					"socket":	5,
					"start":	0,
					"end":	60.000065,
					"seconds":	60.000064849853516,
					"bytes":	14999879680,
					"bits_per_second":	1999981795.6912253,
					"retransmits":	4,
					"snd_cwnd":	402660,
					"rtt":	344,
					"rttvar":	15,
					"pmtu":	9000,
					"omitted":	false,
					"sender":	true
				}],
			"sum":	{
				"start":	0,
				"end":	60.000065,
				"seconds":	60.000064849853516,
				"bytes":	14999879680,
				"bits_per_second":	1999981795.6912253,
				"retransmits":	4,
				"omitted":	false,
				"sender":	true
			}
		}, {
			"streams":	[{
					"socket":	5,
					"start":	60.000065,
					"end":	90.000075,
					"seconds":	30.000009536743164,
					"bytes":	7499939840,
					"bits_per_second":	1999983321.5557578,
					"retransmits":	1,
					"snd_cwnd":	402660,
					"rtt":	357,
					"rttvar":	103,
					"pmtu":	9000,
					"omitted":	false,
					"sender":	true
				}],
			"sum":	{
				"start":	60.000065,
				"end":	90.000075,
				"seconds":	30.000009536743164,
				"bytes":	7499939840,
				"bits_per_second":	1999983321.5557578,
				"retransmits":	1,
				"omitted":	false,
				"sender":	true
			}
		}],
	"end":	{
		"streams":	[{
				"sender":	{
					"socket":	5,
					"start":	0,
					"end":	90.000075,
					"seconds":	90.000075,
					"bytes":	22499819520,
					"bits_per_second":	1999982290.6814246,
					"retransmits":	5,
					"max_snd_cwnd":	402660,
					"max_rtt":	357,
					"min_rtt":	344,
					"mean_rtt":	350,
					"sender":	true
				},
				"receiver":	{
					"socket":	5,
					"start":	0,
					"end":	90.000187,
					"seconds":	90.000075,
					"bytes":	22499819520,
					"bits_per_second":	1999979801.8197451,
					"sender":	true
				}
			}],
		"sum_sent":	{
			"start":	0,
			"end":	90.000075,
			"seconds":	90.000075,
			"bytes":	22499819520,
			"bits_per_second":	1999982290.6814246,
			"retransmits":	5,
			"sender":	true
		},
		"sum_received":	{
			"start":	0,
			"end":	90.000187,
			"seconds":	90.000187,
			"bytes":	22499819520,
			"bits_per_second":	1999979801.8197451,
			"sender":	true
		},
		"cpu_utilization_percent":	{
			"host_total":	10.636685124924622,
			"host_user":	0.23332389728384215,
			"host_system":	10.403362338722829,
			"remote_total":	25.305526025068261,
			"remote_user":	2.2285215412869972,
			"remote_system":	23.077006704744864
		},
		"sender_tcp_congestion":	"cubic",
		"receiver_tcp_congestion":	"reno"
	}
}
