{
	"start":	{
		"connected":	[{
				"socket":	5,
				"local_host":	"10.0.1.1",
				"local_port":	34354,
				"remote_host":	"10.0.0.1",
				"remote_port":	5201
			}],
		"version":	"iperf 3.9+",
		"system_info":	"Linux han-3 5.10.0 #9 SMP PREEMPT Tue Feb 23 15:01:43 PST 2021 x86_64",
		"timestamp":	{
			"time":	"Thu, 25 May 2023 12:06:39 GMT",
			"timesecs":	1685016399
		},
		"connecting_to":	{
			"host":	"10.0.0.1",
			"port":	5201
		},
		"cookie":	"mvgqasdihhhleqppoj2tc6bsaa4cmlqvrf7n",
		"tcp_mss_default":	8948,
		"target_bitrate":	8000000000,
		"sock_bufsize":	0,
		"sndbuf_actual":	16384,
		"rcvbuf_actual":	131072,
		"test_start":	{
			"protocol":	"TCP",
			"num_streams":	1,
			"blksize":	131072,
			"omit":	0,
			"duration":	50,
			"bytes":	0,
			"blocks":	0,
			"reverse":	0,
			"tos":	0
		}
	},
	"intervals":	[{
			"streams":	[{
					"socket":	5,
					"start":	0,
					"end":	50.000167,
					"seconds":	50.000167846679688,
					"bytes":	49999249408,
					"bits_per_second":	7999853050.30455,
					"retransmits":	45,
					"snd_cwnd":	1888028,
					"rtt":	663,
					"rttvar":	39,
					"pmtu":	9000,
					"omitted":	false,
					"sender":	true
				}],
			"sum":	{
				"start":	0,
				"end":	50.000167,
				"seconds":	50.000167846679688,
				"bytes":	49999249408,
				"bits_per_second":	7999853050.30455,
				"retransmits":	45,
				"omitted":	false,
				"sender":	true
			}
		}],
	"end":	{
		"streams":	[{
				"sender":	{
					"socket":	5,
					"start":	0,
					"end":	50.000167,
					"seconds":	50.000167,
					"bytes":	49999249408,
					"bits_per_second":	7999853185.77036,
					"retransmits":	45,
					"max_snd_cwnd":	1888028,
					"max_rtt":	663,
					"min_rtt":	663,
					"mean_rtt":	663,
					"sender":	true
				},
				"receiver":	{
					"socket":	5,
					"start":	0,
					"end":	50.000376,
					"seconds":	50.000167,
					"bytes":	49999249408,
					"bits_per_second":	7999819746.6355047,
					"sender":	true
				}
			}],
		"sum_sent":	{
			"start":	0,
			"end":	50.000167,
			"seconds":	50.000167,
			"bytes":	49999249408,
			"bits_per_second":	7999853185.77036,
			"retransmits":	45,
			"sender":	true
		},
		"sum_received":	{
			"start":	0,
			"end":	50.000376,
			"seconds":	50.000376,
			"bytes":	49999249408,
			"bits_per_second":	7999819746.6355047,
			"sender":	true
		},
		"cpu_utilization_percent":	{
			"host_total":	26.877313613166425,
			"host_user":	1.8443008872703182,
			"host_system":	25.03301472578864,
			"remote_total":	56.139856035698941,
			"remote_user":	2.34842330492798,
			"remote_system":	53.791434728643551
		},
		"sender_tcp_congestion":	"cubic",
		"receiver_tcp_congestion":	"reno"
	}
}
