{
	"start":	{
		"connected":	[{
				"socket":	5,
				"local_host":	"10.0.1.1",
				"local_port":	41650,
				"remote_host":	"10.0.0.1",
				"remote_port":	5201
			}],
		"version":	"iperf 3.9+",
		"system_info":	"Linux han-3 5.10.0 #9 SMP PREEMPT Tue Feb 23 15:01:43 PST 2021 x86_64",
		"timestamp":	{
			"time":	"Fri, 26 May 2023 10:50:56 GMT",
			"timesecs":	1685098256
		},
		"connecting_to":	{
			"host":	"10.0.0.1",
			"port":	5201
		},
		"cookie":	"rogk2ehwt7xevqnuy63nfmc2p36ftcxrgowp",
		"tcp_mss_default":	8948,
		"target_bitrate":	3000000000,
		"sock_bufsize":	0,
		"sndbuf_actual":	16384,
		"rcvbuf_actual":	131072,
		"test_start":	{
			"protocol":	"TCP",
			"num_streams":	1,
			"blksize":	131072,
			"omit":	0,
			"duration":	30,
			"bytes":	0,
			"blocks":	0,
			"reverse":	0,
			"tos":	0
		}
	},
	"intervals":	[{
			"streams":	[{
					"socket":	5,
					"start":	0,
					"end":	30.000077,
					"seconds":	30.000076293945312,
					"bytes":	11249778688,
					"bits_per_second":	2999933354.2416244,
					"retransmits":	9,
					"snd_cwnd":	545828,
					"rtt":	378,
					"rttvar":	47,
					"pmtu":	9000,
					"omitted":	false,
					"sender":	true
				}],
			"sum":	{
				"start":	0,
				"end":	30.000077,
				"seconds":	30.000076293945312,
				"bytes":	11249778688,
				"bits_per_second":	2999933354.2416244,
				"retransmits":	9,
				"omitted":	false,
				"sender":	true
			}
		}],
	"end":	{
		"streams":	[{
				"sender":	{
					"socket":	5,
					"start":	0,
					"end":	30.000077,
					"seconds":	30.000077,
					"bytes":	11249778688,
					"bits_per_second":	2999933283.6379051,
					"retransmits":	9,
					"max_snd_cwnd":	545828,
					"max_rtt":	378,
					"min_rtt":	378,
					"mean_rtt":	378,
					"sender":	true
				},
				"receiver":	{
					"socket":	5,
					"start":	0,
					"end":	30.000202,
					"seconds":	30.000077,
					"bytes":	11249778688,
					"bits_per_second":	2999920784.0000544,
					"sender":	true
				}
			}],
		"sum_sent":	{
			"start":	0,
			"end":	30.000077,
			"seconds":	30.000077,
			"bytes":	11249778688,
			"bits_per_second":	2999933283.6379051,
			"retransmits":	9,
			"sender":	true
		},
		"sum_received":	{
			"start":	0,
			"end":	30.000202,
			"seconds":	30.000202,
			"bytes":	11249778688,
			"bits_per_second":	2999920784.0000544,
			"sender":	true
		},
		"cpu_utilization_percent":	{
			"host_total":	20.114599491067413,
			"host_user":	1.1493179779405662,
			"host_system":	18.96528151312685,
			"remote_total":	32.050848534453245,
			"remote_user":	4.46524797267886,
			"remote_system":	27.585600561774388
		},
		"sender_tcp_congestion":	"cubic",
		"receiver_tcp_congestion":	"reno"
	}
}
