{
	"start":	{
		"connected":	[{
				"socket":	5,
				"local_host":	"10.0.1.1",
				"local_port":	34682,
				"remote_host":	"10.0.0.1",
				"remote_port":	5201
			}],
		"version":	"iperf 3.9+",
		"system_info":	"Linux han-3 5.10.0 #9 SMP PREEMPT Tue Feb 23 15:01:43 PST 2021 x86_64",
		"timestamp":	{
			"time":	"Thu, 25 May 2023 13:23:13 GMT",
			"timesecs":	1685020993
		},
		"connecting_to":	{
			"host":	"10.0.0.1",
			"port":	5201
		},
		"cookie":	"udpqvqp5pxthqiuoewtv3zzlokktuqnlrhwc",
		"tcp_mss_default":	8948,
		"target_bitrate":	9000000000,
		"sock_bufsize":	0,
		"sndbuf_actual":	16384,
		"rcvbuf_actual":	131072,
		"test_start":	{
			"protocol":	"TCP",
			"num_streams":	1,
			"blksize":	131072,
			"omit":	0,
			"duration":	20,
			"bytes":	0,
			"blocks":	0,
			"reverse":	0,
			"tos":	0
		}
	},
	"intervals":	[{
			"streams":	[{
					"socket":	5,
					"start":	0,
					"end":	20.000077,
					"seconds":	20.000076293945312,
					"bytes":	22499295232,
					"bits_per_second":	8999683761.73096,
					"retransmits":	192,
					"snd_cwnd":	1190084,
					"rtt":	747,
					"rttvar":	14,
					"pmtu":	9000,
					"omitted":	false,
					"sender":	true
				}],
			"sum":	{
				"start":	0,
				"end":	20.000077,
				"seconds":	20.000076293945312,
				"bytes":	22499295232,
				"bits_per_second":	8999683761.73096,
				"retransmits":	192,
				"omitted":	false,
				"sender":	true
			}
		}],
	"end":	{
		"streams":	[{
				"sender":	{
					"socket":	5,
					"start":	0,
					"end":	20.000077,
					"seconds":	20.000077,
					"bytes":	22499295232,
					"bits_per_second":	8999683444.01874,
					"retransmits":	192,
					"max_snd_cwnd":	1190084,
					"max_rtt":	747,
					"min_rtt":	747,
					"mean_rtt":	747,
					"sender":	true
				},
				"receiver":	{
					"socket":	5,
					"start":	0,
					"end":	20.000277,
					"seconds":	20.000077,
					"bytes":	22499295232,
					"bits_per_second":	8999593448.43074,
					"sender":	true
				}
			}],
		"sum_sent":	{
			"start":	0,
			"end":	20.000077,
			"seconds":	20.000077,
			"bytes":	22499295232,
			"bits_per_second":	8999683444.01874,
			"retransmits":	192,
			"sender":	true
		},
		"sum_received":	{
			"start":	0,
			"end":	20.000277,
			"seconds":	20.000277,
			"bytes":	22499295232,
			"bits_per_second":	8999593448.43074,
			"sender":	true
		},
		"cpu_utilization_percent":	{
			"host_total":	30.673138480636929,
			"host_user":	0.81434464884193036,
			"host_system":	29.858788832196215,
			"remote_total":	57.8579984113101,
			"remote_user":	2.92326819312481,
			"remote_system":	54.934680350337587
		},
		"sender_tcp_congestion":	"cubic",
		"receiver_tcp_congestion":	"reno"
	}
}
