{
	"start":	{
		"connected":	[{
				"socket":	5,
				"local_host":	"10.0.1.1",
				"local_port":	55362,
				"remote_host":	"10.0.0.1",
				"remote_port":	5201
			}],
		"version":	"iperf 3.9+",
		"system_info":	"Linux han-3 5.10.0 #9 SMP PREEMPT Tue Feb 23 15:01:43 PST 2021 x86_64",
		"timestamp":	{
			"time":	"Tue, 23 May 2023 09:06:04 GMT",
			"timesecs":	1684832764
		},
		"connecting_to":	{
			"host":	"10.0.0.1",
			"port":	5201
		},
		"cookie":	"xe6ig2jqixuqdd2ic7pbbsdap2irtffetcou",
		"tcp_mss_default":	8948,
		"target_bitrate":	9000000000,
		"sock_bufsize":	0,
		"sndbuf_actual":	16384,
		"rcvbuf_actual":	131072,
		"test_start":	{
			"protocol":	"TCP",
			"num_streams":	1,
			"blksize":	131072,
			"omit":	0,
			"duration":	50,
			"bytes":	0,
			"blocks":	0,
			"reverse":	0,
			"tos":	0
		}
	},
	"intervals":	[{
			"streams":	[{
					"socket":	5,
					"start":	0,
					"end":	50.000131,
					"seconds":	50.000129699707031,
					"bytes":	56249417728,
					"bits_per_second":	8999883490.83496,
					"retransmits":	171,
					"snd_cwnd":	1539056,
					"rtt":	729,
					"rttvar":	22,
					"pmtu":	9000,
					"omitted":	false,
					"sender":	true
				}],
			"sum":	{
				"start":	0,
				"end":	50.000131,
				"seconds":	50.000129699707031,
				"bytes":	56249417728,
				"bits_per_second":	8999883490.83496,
				"retransmits":	171,
				"omitted":	false,
				"sender":	true
			}
		}],
	"end":	{
		"streams":	[{
				"sender":	{
					"socket":	5,
					"start":	0,
					"end":	50.000131,
					"seconds":	50.000131,
					"bytes":	56249417728,
					"bits_per_second":	8999883256.7858658,
					"retransmits":	171,
					"max_snd_cwnd":	1539056,
					"max_rtt":	729,
					"min_rtt":	729,
					"mean_rtt":	729,
					"sender":	true
				},
				"receiver":	{
					"socket":	5,
					"start":	0,
					"end":	50.000623,
					"seconds":	50.000131,
					"bytes":	56249417728,
					"bits_per_second":	8999794699.03805,
					"sender":	true
				}
			}],
		"sum_sent":	{
			"start":	0,
			"end":	50.000131,
			"seconds":	50.000131,
			"bytes":	56249417728,
			"bits_per_second":	8999883256.7858658,
			"retransmits":	171,
			"sender":	true
		},
		"sum_received":	{
			"start":	0,
			"end":	50.000623,
			"seconds":	50.000623,
			"bytes":	56249417728,
			"bits_per_second":	8999794699.03805,
			"sender":	true
		},
		"cpu_utilization_percent":	{
			"host_total":	41.3850043063144,
			"host_user":	2.3187400623033145,
			"host_system":	39.066264244011087,
			"remote_total":	45.4413501425244,
			"remote_user":	3.273387219941847,
			"remote_system":	42.167962922582539
		},
		"sender_tcp_congestion":	"cubic",
		"receiver_tcp_congestion":	"reno"
	}
}
