{
	"start":	{
		"connected":	[{
				"socket":	5,
				"local_host":	"10.0.1.1",
				"local_port":	60722,
				"remote_host":	"10.0.0.1",
				"remote_port":	5201
			}],
		"version":	"iperf 3.9+",
		"system_info":	"Linux han-3 5.10.0 #9 SMP PREEMPT Tue Feb 23 15:01:43 PST 2021 x86_64",
		"timestamp":	{
			"time":	"Thu, 25 May 2023 05:44:48 GMT",
			"timesecs":	1684993488
		},
		"connecting_to":	{
			"host":	"10.0.0.1",
			"port":	5201
		},
		"cookie":	"lh57j2bgqnogz37umzpke4zyotn4uj3tdkf4",
		"tcp_mss_default":	8948,
		"target_bitrate":	4000000000,
		"sock_bufsize":	0,
		"sndbuf_actual":	16384,
		"rcvbuf_actual":	131072,
		"test_start":	{
			"protocol":	"TCP",
			"num_streams":	1,
			"blksize":	131072,
			"omit":	0,
			"duration":	20,
			"bytes":	0,
			"blocks":	0,
			"reverse":	0,
			"tos":	0
		}
	},
	"intervals":	[{
			"streams":	[{
					"socket":	5,
					"start":	0,
					"end":	20.000075,
					"seconds":	20.00007438659668,
					"bytes":	9999613952,
					"bits_per_second":	3999830704.1103315,
					"retransmits":	11,
					"snd_cwnd":	680048,
					"rtt":	462,
					"rttvar":	51,
					"pmtu":	9000,
					"omitted":	false,
					"sender":	true
				}],
			"sum":	{
				"start":	0,
				"end":	20.000075,
				"seconds":	20.00007438659668,
				"bytes":	9999613952,
				"bits_per_second":	3999830704.1103315,
				"retransmits":	11,
				"omitted":	false,
				"sender":	true
			}
		}],
	"end":	{
		"streams":	[{
				"sender":	{
					"socket":	5,
					"start":	0,
					"end":	20.000075,
					"seconds":	20.000075,
					"bytes":	9999613952,
					"bits_per_second":	3999830581.43532,
					"retransmits":	11,
					"max_snd_cwnd":	680048,
					"max_rtt":	462,
					"min_rtt":	462,
					"mean_rtt":	462,
					"sender":	true
				},
				"receiver":	{
					"socket":	5,
					"start":	0,
					"end":	20.000201,
					"seconds":	20.000075,
					"bytes":	9999613952,
					"bits_per_second":	3999805382.7559032,
					"sender":	true
				}
			}],
		"sum_sent":	{
			"start":	0,
			"end":	20.000075,
			"seconds":	20.000075,
			"bytes":	9999613952,
			"bits_per_second":	3999830581.43532,
			"retransmits":	11,
			"sender":	true
		},
		"sum_received":	{
			"start":	0,
			"end":	20.000201,
			"seconds":	20.000201,
			"bytes":	9999613952,
			"bits_per_second":	3999805382.7559032,
			"sender":	true
		},
		"cpu_utilization_percent":	{
			"host_total":	16.628718517421976,
			"host_user":	4.1591581525178141,
			"host_system":	12.469570363757795,
			"remote_total":	40.710768465903143,
			"remote_user":	0.54443034840709348,
			"remote_system":	40.166343105085929
		},
		"sender_tcp_congestion":	"cubic",
		"receiver_tcp_congestion":	"reno"
	}
}
