{
	"start":	{
		"connected":	[{
				"socket":	5,
				"local_host":	"10.0.1.1",
				"local_port":	33568,
				"remote_host":	"10.0.0.1",
				"remote_port":	5201
			}],
		"version":	"iperf 3.9+",
		"system_info":	"Linux han-3 5.10.0 #9 SMP PREEMPT Tue Feb 23 15:01:43 PST 2021 x86_64",
		"timestamp":	{
			"time":	"Thu, 25 May 2023 09:24:51 GMT",
			"timesecs":	1685006691
		},
		"connecting_to":	{
			"host":	"10.0.0.1",
			"port":	5201
		},
		"cookie":	"mgsrvkuj7xokdjjayk72vs57t7mue6yqqbvh",
		"tcp_mss_default":	8948,
		"target_bitrate":	6000000000,
		"sock_bufsize":	0,
		"sndbuf_actual":	16384,
		"rcvbuf_actual":	131072,
		"test_start":	{
			"protocol":	"TCP",
			"num_streams":	1,
			"blksize":	131072,
			"omit":	0,
			"duration":	70,
			"bytes":	0,
			"blocks":	0,
			"reverse":	0,
			"tos":	0
		}
	},
	"intervals":	[{
			"streams":	[{
					"socket":	5,
					"start":	0,
					"end":	60.00006,
					"seconds":	60.00006103515625,
					"bytes":	44999376896,
					"bits_per_second":	5999910816.0417643,
					"retransmits":	85,
					"snd_cwnd":	850060,
					"rtt":	589,
					"rttvar":	22,
					"pmtu":	9000,
					"omitted":	false,
					"sender":	true
				}],
			"sum":	{
				"start":	0,
				"end":	60.00006,
				"seconds":	60.00006103515625,
				"bytes":	44999376896,
				"bits_per_second":	5999910816.0417643,
				"retransmits":	85,
				"omitted":	false,
				"sender":	true
			}
		}, {
			"streams":	[{
					"socket":	5,
					"start":	60.00006,
					"end":	70.000086,
					"seconds":	10.000025749206543,
					"bytes":	7500070912,
					"bits_per_second":	6000041279.9697819,
					"retransmits":	0,
					"snd_cwnd":	867956,
					"rtt":	545,
					"rttvar":	41,
					"pmtu":	9000,
					"omitted":	false,
					"sender":	true
				}],
			"sum":	{
				"start":	60.00006,
				"end":	70.000086,
				"seconds":	10.000025749206543,
				"bytes":	7500070912,
				"bits_per_second":	6000041279.9697819,
				"retransmits":	0,
				"omitted":	false,
				"sender":	true
			}
		}],
	"end":	{
		"streams":	[{
				"sender":	{
					"socket":	5,
					"start":	0,
					"end":	70.000086,
					"seconds":	70.000086,
					"bytes":	52499447808,
					"bits_per_second":	5999929521.0008745,
					"retransmits":	85,
					"max_snd_cwnd":	867956,
					"max_rtt":	589,
					"min_rtt":	545,
					"mean_rtt":	567,
					"sender":	true
				},
				"receiver":	{
					"socket":	5,
					"start":	0,
					"end":	70.000213,
					"seconds":	70.000086,
					"bytes":	52499447808,
					"bits_per_second":	5999918635.44758,
					"sender":	true
				}
			}],
		"sum_sent":	{
			"start":	0,
			"end":	70.000086,
			"seconds":	70.000086,
			"bytes":	52499447808,
			"bits_per_second":	5999929521.0008745,
			"retransmits":	85,
			"sender":	true
		},
		"sum_received":	{
			"start":	0,
			"end":	70.000213,
			"seconds":	70.000213,
			"bytes":	52499447808,
			"bits_per_second":	5999918635.44758,
			"sender":	true
		},
		"cpu_utilization_percent":	{
			"host_total":	16.18668089132446,
			"host_user":	2.31281827575394,
			"host_system":	13.873862615570523,
			"remote_total":	44.800136745604782,
			"remote_user":	2.63103671275169,
			"remote_system":	42.1691028879058
		},
		"sender_tcp_congestion":	"cubic",
		"receiver_tcp_congestion":	"reno"
	}
}
