{
	"start":	{
		"connected":	[{
				"socket":	5,
				"local_host":	"10.0.1.1",
				"local_port":	34520,
				"remote_host":	"10.0.0.1",
				"remote_port":	5201
			}],
		"version":	"iperf 3.9+",
		"system_info":	"Linux han-3 5.10.0 #9 SMP PREEMPT Tue Feb 23 15:01:43 PST 2021 x86_64",
		"timestamp":	{
			"time":	"Thu, 25 May 2023 12:47:31 GMT",
			"timesecs":	1685018851
		},
		"connecting_to":	{
			"host":	"10.0.0.1",
			"port":	5201
		},
		"cookie":	"u75kjxgw2svrl22d4oul2k662td2rqjc4nlz",
		"tcp_mss_default":	8948,
		"target_bitrate":	8000000000,
		"sock_bufsize":	0,
		"sndbuf_actual":	16384,
		"rcvbuf_actual":	131072,
		"test_start":	{
			"protocol":	"TCP",
			"num_streams":	1,
			"blksize":	131072,
			"omit":	0,
			"duration":	90,
			"bytes":	0,
			"blocks":	0,
			"reverse":	0,
			"tos":	0
		}
	},
	"intervals":	[{
			"streams":	[{
					"socket":	5,
					"start":	0,
					"end":	60.000061,
					"seconds":	60.00006103515625,
					"bytes":	59999387648,
					"bits_per_second":	7999910215.137167,
					"retransmits":	233,
					"snd_cwnd":	1342200,
					"rtt":	787,
					"rttvar":	64,
					"pmtu":	9000,
					"omitted":	false,
					"sender":	true
				}],
			"sum":	{
				"start":	0,
				"end":	60.000061,
				"seconds":	60.00006103515625,
				"bytes":	59999387648,
				"bits_per_second":	7999910215.137167,
				"retransmits":	233,
				"omitted":	false,
				"sender":	true
			}
		}, {
			"streams":	[{
					"socket":	5,
					"start":	60.000061,
					"end":	90.000081,
					"seconds":	30.000019073486328,
					"bytes":	30000021504,
					"bits_per_second":	8000000648.1365671,
					"retransmits":	0,
					"snd_cwnd":	1342200,
					"rtt":	649,
					"rttvar":	49,
					"pmtu":	9000,
					"omitted":	false,
					"sender":	true
				}],
			"sum":	{
				"start":	60.000061,
				"end":	90.000081,
				"seconds":	30.000019073486328,
				"bytes":	30000021504,
				"bits_per_second":	8000000648.1365671,
				"retransmits":	0,
				"omitted":	false,
				"sender":	true
			}
		}],
	"end":	{
		"streams":	[{
				"sender":	{
					"socket":	5,
					"start":	0,
					"end":	90.000081,
					"seconds":	90.000081,
					"bytes":	89999409152,
					"bits_per_second":	7999940280.2315264,
					"retransmits":	233,
					"max_snd_cwnd":	1342200,
					"max_rtt":	787,
					"min_rtt":	649,
					"mean_rtt":	718,
					"sender":	true
				},
				"receiver":	{
					"socket":	5,
					"start":	0,
					"end":	90.000326,
					"seconds":	90.000081,
					"bytes":	89999409152,
					"bits_per_second":	7999918502.6952,
					"sender":	true
				}
			}],
		"sum_sent":	{
			"start":	0,
			"end":	90.000081,
			"seconds":	90.000081,
			"bytes":	89999409152,
			"bits_per_second":	7999940280.2315264,
			"retransmits":	233,
			"sender":	true
		},
		"sum_received":	{
			"start":	0,
			"end":	90.000326,
			"seconds":	90.000326,
			"bytes":	89999409152,
			"bits_per_second":	7999918502.6952,
			"sender":	true
		},
		"cpu_utilization_percent":	{
			"host_total":	22.645139948221114,
			"host_user":	0,
			"host_system":	22.645142170385981,
			"remote_total":	51.521951156350532,
			"remote_user":	2.9455564131755074,
			"remote_system":	48.576395853650176
		},
		"sender_tcp_congestion":	"cubic",
		"receiver_tcp_congestion":	"reno"
	}
}
