{
	"start":	{
		"connected":	[{
				"socket":	5,
				"local_host":	"10.0.1.1",
				"local_port":	42874,
				"remote_host":	"10.0.0.1",
				"remote_port":	5201
			}],
		"version":	"iperf 3.9+",
		"system_info":	"Linux han-3 5.10.0 #9 SMP PREEMPT Tue Feb 23 15:01:43 PST 2021 x86_64",
		"timestamp":	{
			"time":	"Fri, 26 May 2023 15:19:48 GMT",
			"timesecs":	1685114388
		},
		"connecting_to":	{
			"host":	"10.0.0.1",
			"port":	5201
		},
		"cookie":	"ue2z2iczrl553rvx4ukke376cqv5bn5xo2em",
		"tcp_mss_default":	8948,
		"target_bitrate":	6000000000,
		"sock_bufsize":	0,
		"sndbuf_actual":	16384,
		"rcvbuf_actual":	131072,
		"test_start":	{
			"protocol":	"TCP",
			"num_streams":	1,
			"blksize":	131072,
			"omit":	0,
			"duration":	10,
			"bytes":	0,
			"blocks":	0,
			"reverse":	0,
			"tos":	0
		}
	},
	"intervals":	[{
			"streams":	[{
					"socket":	5,
					"start":	0,
					"end":	10.000193,
					"seconds":	10.000192642211914,
					"bytes":	7499415552,
					"bits_per_second":	5999416867.5064449,
					"retransmits":	42,
					"snd_cwnd":	1422732,
					"rtt":	386,
					"rttvar":	32,
					"pmtu":	9000,
					"omitted":	false,
					"sender":	true
				}],
			"sum":	{
				"start":	0,
				"end":	10.000193,
				"seconds":	10.000192642211914,
				"bytes":	7499415552,
				"bits_per_second":	5999416867.5064449,
				"retransmits":	42,
				"omitted":	false,
				"sender":	true
			}
		}],
	"end":	{
		"streams":	[{
				"sender":	{
					"socket":	5,
					"start":	0,
					"end":	10.000193,
					"seconds":	10.000193,
					"bytes":	7499415552,
					"bits_per_second":	5999416652.8586,
					"retransmits":	42,
					"max_snd_cwnd":	1422732,
					"max_rtt":	386,
					"min_rtt":	386,
					"mean_rtt":	386,
					"sender":	true
				},
				"receiver":	{
					"socket":	5,
					"start":	0,
					"end":	10.000427,
					"seconds":	10.000193,
					"bytes":	7499415552,
					"bits_per_second":	5999276272.5031643,
					"sender":	true
				}
			}],
		"sum_sent":	{
			"start":	0,
			"end":	10.000193,
			"seconds":	10.000193,
			"bytes":	7499415552,
			"bits_per_second":	5999416652.8586,
			"retransmits":	42,
			"sender":	true
		},
		"sum_received":	{
			"start":	0,
			"end":	10.000427,
			"seconds":	10.000427,
			"bytes":	7499415552,
			"bits_per_second":	5999276272.5031643,
			"sender":	true
		},
		"cpu_utilization_percent":	{
			"host_total":	45.5881004737356,
			"host_user":	2.1446520665259339,
			"host_system":	43.443468402380823,
			"remote_total":	45.661803970042833,
			"remote_user":	0,
			"remote_system":	45.661813893710963
		},
		"sender_tcp_congestion":	"cubic",
		"receiver_tcp_congestion":	"reno"
	}
}
