{
	"start":	{
		"connected":	[{
				"socket":	5,
				"local_host":	"10.0.1.1",
				"local_port":	42120,
				"remote_host":	"10.0.0.1",
				"remote_port":	5201
			}],
		"version":	"iperf 3.9+",
		"system_info":	"Linux han-3 5.10.0 #9 SMP PREEMPT Tue Feb 23 15:01:43 PST 2021 x86_64",
		"timestamp":	{
			"time":	"Fri, 26 May 2023 12:27:05 GMT",
			"timesecs":	1685104025
		},
		"connecting_to":	{
			"host":	"10.0.0.1",
			"port":	5201
		},
		"cookie":	"q62heg43vwe75me3cw2oxl4kl6h3wnidybtu",
		"tcp_mss_default":	8948,
		"target_bitrate":	4000000000,
		"sock_bufsize":	0,
		"sndbuf_actual":	16384,
		"rcvbuf_actual":	131072,
		"test_start":	{
			"protocol":	"TCP",
			"num_streams":	1,
			"blksize":	131072,
			"omit":	0,
			"duration":	40,
			"bytes":	0,
			"blocks":	0,
			"reverse":	0,
			"tos":	0
		}
	},
	"intervals":	[{
			"streams":	[{
					"socket":	5,
					"start":	0,
					"end":	40.000309,
					"seconds":	40.000308990478516,
					"bytes":	19999621120,
					"bits_per_second":	3999893325.7761812,
					"retransmits":	9,
					"snd_cwnd":	662152,
					"rtt":	572,
					"rttvar":	44,
					"pmtu":	9000,
					"omitted":	false,
					"sender":	true
				}],
			"sum":	{
				"start":	0,
				"end":	40.000309,
				"seconds":	40.000308990478516,
				"bytes":	19999621120,
				"bits_per_second":	3999893325.7761812,
				"retransmits":	9,
				"omitted":	false,
				"sender":	true
			}
		}],
	"end":	{
		"streams":	[{
				"sender":	{
					"socket":	5,
					"start":	0,
					"end":	40.000309,
					"seconds":	40.000309,
					"bytes":	19999621120,
					"bits_per_second":	3999893324.8240657,
					"retransmits":	9,
					"max_snd_cwnd":	662152,
					"max_rtt":	572,
					"min_rtt":	572,
					"mean_rtt":	572,
					"sender":	true
				},
				"receiver":	{
					"socket":	5,
					"start":	0,
					"end":	40.00061,
					"seconds":	40.000309,
					"bytes":	19999621120,
					"bits_per_second":	3999863226.0858021,
					"sender":	true
				}
			}],
		"sum_sent":	{
			"start":	0,
			"end":	40.000309,
			"seconds":	40.000309,
			"bytes":	19999621120,
			"bits_per_second":	3999893324.8240657,
			"retransmits":	9,
			"sender":	true
		},
		"sum_received":	{
			"start":	0,
			"end":	40.00061,
			"seconds":	40.00061,
			"bytes":	19999621120,
			"bits_per_second":	3999863226.0858021,
			"sender":	true
		},
		"cpu_utilization_percent":	{
			"host_total":	23.06229770884072,
			"host_user":	0.31033174656444851,
			"host_system":	22.751950963279331,
			"remote_total":	34.576898683119651,
			"remote_user":	3.0855629632435386,
			"remote_system":	31.491338215111337
		},
		"sender_tcp_congestion":	"cubic",
		"receiver_tcp_congestion":	"reno"
	}
}
