{
	"start":	{
		"connected":	[{
				"socket":	5,
				"local_host":	"10.0.1.1",
				"local_port":	39950,
				"remote_host":	"10.0.0.1",
				"remote_port":	5201
			}],
		"version":	"iperf 3.9+",
		"system_info":	"Linux han-3 5.10.0 #9 SMP PREEMPT Tue Feb 23 15:01:43 PST 2021 x86_64",
		"timestamp":	{
			"time":	"Fri, 26 May 2023 04:50:10 GMT",
			"timesecs":	1685076610
		},
		"connecting_to":	{
			"host":	"10.0.0.1",
			"port":	5201
		},
		"cookie":	"5kod23id5eoapbfmravubkzg4cx4mz6fbo4p",
		"tcp_mss_default":	8948,
		"target_bitrate":	9000000000,
		"sock_bufsize":	0,
		"sndbuf_actual":	16384,
		"rcvbuf_actual":	131072,
		"test_start":	{
			"protocol":	"TCP",
			"num_streams":	1,
			"blksize":	131072,
			"omit":	0,
			"duration":	40,
			"bytes":	0,
			"blocks":	0,
			"reverse":	0,
			"tos":	0
		}
	},
	"intervals":	[{
			"streams":	[{
					"socket":	5,
					"start":	0,
					"end":	40.000096,
					"seconds":	40.000095367431641,
					"bytes":	44999376896,
					"bits_per_second":	8999853921.87616,
					"retransmits":	27,
					"snd_cwnd":	2263844,
					"rtt":	686,
					"rttvar":	43,
					"pmtu":	9000,
					"omitted":	false,
					"sender":	true
				}],
			"sum":	{
				"start":	0,
				"end":	40.000096,
				"seconds":	40.000095367431641,
				"bytes":	44999376896,
				"bits_per_second":	8999853921.87616,
				"retransmits":	27,
				"omitted":	false,
				"sender":	true
			}
		}],
	"end":	{
		"streams":	[{
				"sender":	{
					"socket":	5,
					"start":	0,
					"end":	40.000096,
					"seconds":	40.000096,
					"bytes":	44999376896,
					"bits_per_second":	8999853779.55093,
					"retransmits":	27,
					"max_snd_cwnd":	2263844,
					"max_rtt":	686,
					"min_rtt":	686,
					"mean_rtt":	686,
					"sender":	true
				},
				"receiver":	{
					"socket":	5,
					"start":	0,
					"end":	40.000151,
					"seconds":	40.000096,
					"bytes":	44999376896,
					"bits_per_second":	8999841404.7986965,
					"sender":	true
				}
			}],
		"sum_sent":	{
			"start":	0,
			"end":	40.000096,
			"seconds":	40.000096,
			"bytes":	44999376896,
			"bits_per_second":	8999853779.55093,
			"retransmits":	27,
			"sender":	true
		},
		"sum_received":	{
			"start":	0,
			"end":	40.000151,
			"seconds":	40.000151,
			"bytes":	44999376896,
			"bits_per_second":	8999841404.7986965,
			"sender":	true
		},
		"cpu_utilization_percent":	{
			"host_total":	39.837195357196848,
			"host_user":	1.3298460670972936,
			"host_system":	38.507344290386911,
			"remote_total":	56.478709235089433,
			"remote_user":	1.9614447331242346,
			"remote_system":	54.517259508800961
		},
		"sender_tcp_congestion":	"cubic",
		"receiver_tcp_congestion":	"reno"
	}
}
