{
	"start":	{
		"connected":	[{
				"socket":	5,
				"local_host":	"10.0.1.1",
				"local_port":	39544,
				"remote_host":	"10.0.0.1",
				"remote_port":	5201
			}],
		"version":	"iperf 3.9+",
		"system_info":	"Linux han-3 5.10.0 #9 SMP PREEMPT Tue Feb 23 15:01:43 PST 2021 x86_64",
		"timestamp":	{
			"time":	"Fri, 26 May 2023 03:23:25 GMT",
			"timesecs":	1685071405
		},
		"connecting_to":	{
			"host":	"10.0.0.1",
			"port":	5201
		},
		"cookie":	"uhegp4tjedrfxpxxo5qz37lyjxfmak4ycsn4",
		"tcp_mss_default":	8948,
		"target_bitrate":	8000000000,
		"sock_bufsize":	0,
		"sndbuf_actual":	16384,
		"rcvbuf_actual":	131072,
		"test_start":	{
			"protocol":	"TCP",
			"num_streams":	1,
			"blksize":	131072,
			"omit":	0,
			"duration":	50,
			"bytes":	0,
			"blocks":	0,
			"reverse":	0,
			"tos":	0
		}
	},
	"intervals":	[{
			"streams":	[{
					"socket":	5,
					"start":	0,
					"end":	50.000088,
					"seconds":	50.0000877380371,
					"bytes":	49999249408,
					"bits_per_second":	7999865867.4294329,
					"retransmits":	127,
					"snd_cwnd":	1467472,
					"rtt":	723,
					"rttvar":	44,
					"pmtu":	9000,
					"omitted":	false,
					"sender":	true
				}],
			"sum":	{
				"start":	0,
				"end":	50.000088,
				"seconds":	50.0000877380371,
				"bytes":	49999249408,
				"bits_per_second":	7999865867.4294329,
				"retransmits":	127,
				"omitted":	false,
				"sender":	true
			}
		}],
	"end":	{
		"streams":	[{
				"sender":	{
					"socket":	5,
					"start":	0,
					"end":	50.000088,
					"seconds":	50.000088,
					"bytes":	49999249408,
					"bits_per_second":	7999865825.5161476,
					"retransmits":	127,
					"max_snd_cwnd":	1467472,
					"max_rtt":	723,
					"min_rtt":	723,
					"mean_rtt":	723,
					"sender":	true
				},
				"receiver":	{
					"socket":	5,
					"start":	0,
					"end":	50.000139,
					"seconds":	50.000088,
					"bytes":	49999249408,
					"bits_per_second":	7999857665.67569,
					"sender":	true
				}
			}],
		"sum_sent":	{
			"start":	0,
			"end":	50.000088,
			"seconds":	50.000088,
			"bytes":	49999249408,
			"bits_per_second":	7999865825.5161476,
			"retransmits":	127,
			"sender":	true
		},
		"sum_received":	{
			"start":	0,
			"end":	50.000139,
			"seconds":	50.000139,
			"bytes":	49999249408,
			"bits_per_second":	7999857665.67569,
			"sender":	true
		},
		"cpu_utilization_percent":	{
			"host_total":	44.570509234750929,
			"host_user":	1.2997348700219131,
			"host_system":	43.270772364804614,
			"remote_total":	55.657856369266,
			"remote_user":	4.5752103265520452,
			"remote_system":	51.082648040477565
		},
		"sender_tcp_congestion":	"cubic",
		"receiver_tcp_congestion":	"reno"
	}
}
