{
	"start":	{
		"connected":	[{
				"socket":	5,
				"local_host":	"10.0.1.1",
				"local_port":	54390,
				"remote_host":	"10.0.0.1",
				"remote_port":	5201
			}],
		"version":	"iperf 3.9+",
		"system_info":	"Linux han-3 5.10.0 #9 SMP PREEMPT Tue Feb 23 15:01:43 PST 2021 x86_64",
		"timestamp":	{
			"time":	"Tue, 23 May 2023 05:47:43 GMT",
			"timesecs":	1684820863
		},
		"connecting_to":	{
			"host":	"10.0.0.1",
			"port":	5201
		},
		"cookie":	"y2qkxfesackwzuqyqke7tsfojpl4l4mivjuc",
		"tcp_mss_default":	8948,
		"target_bitrate":	7000000000,
		"sock_bufsize":	0,
		"sndbuf_actual":	16384,
		"rcvbuf_actual":	131072,
		"test_start":	{
			"protocol":	"TCP",
			"num_streams":	1,
			"blksize":	131072,
			"omit":	0,
			"duration":	30,
			"bytes":	0,
			"blocks":	0,
			"reverse":	0,
			"tos":	0
		}
	},
	"intervals":	[{
			"streams":	[{
					"socket":	5,
					"start":	0,
					"end":	30.000076,
					"seconds":	30.000076293945312,
					"bytes":	26249396224,
					"bits_per_second":	6999821191.6008272,
					"retransmits":	18,
					"snd_cwnd":	1055864,
					"rtt":	652,
					"rttvar":	39,
					"pmtu":	9000,
					"omitted":	false,
					"sender":	true
				}],
			"sum":	{
				"start":	0,
				"end":	30.000076,
				"seconds":	30.000076293945312,
				"bytes":	26249396224,
				"bits_per_second":	6999821191.6008272,
				"retransmits":	18,
				"omitted":	false,
				"sender":	true
			}
		}],
	"end":	{
		"streams":	[{
				"sender":	{
					"socket":	5,
					"start":	0,
					"end":	30.000076,
					"seconds":	30.000076,
					"bytes":	26249396224,
					"bits_per_second":	6999821260.18614,
					"retransmits":	18,
					"max_snd_cwnd":	1055864,
					"max_rtt":	652,
					"min_rtt":	652,
					"mean_rtt":	652,
					"sender":	true
				},
				"receiver":	{
					"socket":	5,
					"start":	0,
					"end":	30.000169,
					"seconds":	30.000076,
					"bytes":	26249396224,
					"bits_per_second":	6999799560.8624735,
					"sender":	true
				}
			}],
		"sum_sent":	{
			"start":	0,
			"end":	30.000076,
			"seconds":	30.000076,
			"bytes":	26249396224,
			"bits_per_second":	6999821260.18614,
			"retransmits":	18,
			"sender":	true
		},
		"sum_received":	{
			"start":	0,
			"end":	30.000169,
			"seconds":	30.000169,
			"bytes":	26249396224,
			"bits_per_second":	6999799560.8624735,
			"sender":	true
		},
		"cpu_utilization_percent":	{
			"host_total":	20.406289882133038,
			"host_user":	0.88399055144459771,
			"host_system":	19.522295997629531,
			"remote_total":	51.228112994235964,
			"remote_user":	5.1288976697744237,
			"remote_system":	46.099215324461547
		},
		"sender_tcp_congestion":	"cubic",
		"receiver_tcp_congestion":	"reno"
	}
}
