{
	"start":	{
		"connected":	[{
				"socket":	5,
				"local_host":	"10.0.1.1",
				"local_port":	34270,
				"remote_host":	"10.0.0.1",
				"remote_port":	5201
			}],
		"version":	"iperf 3.9+",
		"system_info":	"Linux han-3 5.10.0 #9 SMP PREEMPT Tue Feb 23 15:01:43 PST 2021 x86_64",
		"timestamp":	{
			"time":	"Thu, 25 May 2023 11:53:58 GMT",
			"timesecs":	1685015638
		},
		"connecting_to":	{
			"host":	"10.0.0.1",
			"port":	5201
		},
		"cookie":	"jvkgvxlykf7lgqrw6v5bn5e2biwlxk5isc7c",
		"tcp_mss_default":	8948,
		"target_bitrate":	8000000000,
		"sock_bufsize":	0,
		"sndbuf_actual":	16384,
		"rcvbuf_actual":	131072,
		"test_start":	{
			"protocol":	"TCP",
			"num_streams":	1,
			"blksize":	131072,
			"omit":	0,
			"duration":	30,
			"bytes":	0,
			"blocks":	0,
			"reverse":	0,
			"tos":	0
		}
	},
	"intervals":	[{
			"streams":	[{
					"socket":	5,
					"start":	0,
					"end":	30.000062,
					"seconds":	30.000062942504883,
					"bytes":	29999366144,
					"bits_per_second":	7999814187.4552145,
					"retransmits":	46,
					"snd_cwnd":	3597096,
					"rtt":	666,
					"rttvar":	40,
					"pmtu":	9000,
					"omitted":	false,
					"sender":	true
				}],
			"sum":	{
				"start":	0,
				"end":	30.000062,
				"seconds":	30.000062942504883,
				"bytes":	29999366144,
				"bits_per_second":	7999814187.4552145,
				"retransmits":	46,
				"omitted":	false,
				"sender":	true
			}
		}],
	"end":	{
		"streams":	[{
				"sender":	{
					"socket":	5,
					"start":	0,
					"end":	30.000062,
					"seconds":	30.000062,
					"bytes":	29999366144,
					"bits_per_second":	7999814438.783493,
					"retransmits":	46,
					"max_snd_cwnd":	3597096,
					"max_rtt":	666,
					"min_rtt":	666,
					"mean_rtt":	666,
					"sender":	true
				},
				"receiver":	{
					"socket":	5,
					"start":	0,
					"end":	30.000262,
					"seconds":	30.000062,
					"bytes":	29999366144,
					"bits_per_second":	7999761107.152998,
					"sender":	true
				}
			}],
		"sum_sent":	{
			"start":	0,
			"end":	30.000062,
			"seconds":	30.000062,
			"bytes":	29999366144,
			"bits_per_second":	7999814438.783493,
			"retransmits":	46,
			"sender":	true
		},
		"sum_received":	{
			"start":	0,
			"end":	30.000262,
			"seconds":	30.000262,
			"bytes":	29999366144,
			"bits_per_second":	7999761107.152998,
			"sender":	true
		},
		"cpu_utilization_percent":	{
			"host_total":	24.414036707711734,
			"host_user":	1.808807629653534,
			"host_system":	22.605235744212461,
			"remote_total":	51.022495078115739,
			"remote_user":	2.2207593741474825,
			"remote_system":	48.801732375447074
		},
		"sender_tcp_congestion":	"cubic",
		"receiver_tcp_congestion":	"reno"
	}
}
