{
	"start":	{
		"connected":	[{
				"socket":	5,
				"local_host":	"10.0.1.1",
				"local_port":	54300,
				"remote_host":	"10.0.0.1",
				"remote_port":	5201
			}],
		"version":	"iperf 3.9+",
		"system_info":	"Linux han-3 5.10.0 #9 SMP PREEMPT Tue Feb 23 15:01:43 PST 2021 x86_64",
		"timestamp":	{
			"time":	"Tue, 23 May 2023 05:41:42 GMT",
			"timesecs":	1684820502
		},
		"connecting_to":	{
			"host":	"10.0.0.1",
			"port":	5201
		},
		"cookie":	"kmy7xgsaxj5mervdb52vkjqgiyuatiuuj5kp",
		"tcp_mss_default":	8948,
		"target_bitrate":	7000000000,
		"sock_bufsize":	0,
		"sndbuf_actual":	16384,
		"rcvbuf_actual":	131072,
		"test_start":	{
			"protocol":	"TCP",
			"num_streams":	1,
			"blksize":	131072,
			"omit":	0,
			"duration":	10,
			"bytes":	0,
			"blocks":	0,
			"reverse":	0,
			"tos":	0
		}
	},
	"intervals":	[{
			"streams":	[{
					"socket":	5,
					"start":	0,
					"end":	10.000084,
					"seconds":	10.000083923339844,
					"bytes":	8749449216,
					"bits_per_second":	6999500630.6529837,
					"retransmits":	31,
					"snd_cwnd":	1055864,
					"rtt":	540,
					"rttvar":	53,
					"pmtu":	9000,
					"omitted":	false,
					"sender":	true
				}],
			"sum":	{
				"start":	0,
				"end":	10.000084,
				"seconds":	10.000083923339844,
				"bytes":	8749449216,
				"bits_per_second":	6999500630.6529837,
				"retransmits":	31,
				"omitted":	false,
				"sender":	true
			}
		}],
	"end":	{
		"streams":	[{
				"sender":	{
					"socket":	5,
					"start":	0,
					"end":	10.000084,
					"seconds":	10.000084,
					"bytes":	8749449216,
					"bits_per_second":	6999500576.9951534,
					"retransmits":	31,
					"max_snd_cwnd":	1055864,
					"max_rtt":	540,
					"min_rtt":	540,
					"mean_rtt":	540,
					"sender":	true
				},
				"receiver":	{
					"socket":	5,
					"start":	0,
					"end":	10.000172,
					"seconds":	10.000084,
					"bytes":	8749449216,
					"bits_per_second":	6999438982.449502,
					"sender":	true
				}
			}],
		"sum_sent":	{
			"start":	0,
			"end":	10.000084,
			"seconds":	10.000084,
			"bytes":	8749449216,
			"bits_per_second":	6999500576.9951534,
			"retransmits":	31,
			"sender":	true
		},
		"sum_received":	{
			"start":	0,
			"end":	10.000172,
			"seconds":	10.000172,
			"bytes":	8749449216,
			"bits_per_second":	6999438982.449502,
			"sender":	true
		},
		"cpu_utilization_percent":	{
			"host_total":	25.258886066336455,
			"host_user":	4.1960442786926659,
			"host_system":	21.062851785271356,
			"remote_total":	44.857346507745618,
			"remote_user":	6.27198057152199,
			"remote_system":	38.585365936223624
		},
		"sender_tcp_congestion":	"cubic",
		"receiver_tcp_congestion":	"reno"
	}
}
