{
	"start":	{
		"connected":	[{
				"socket":	5,
				"local_host":	"10.0.1.1",
				"local_port":	38860,
				"remote_host":	"10.0.0.1",
				"remote_port":	5201
			}],
		"version":	"iperf 3.9+",
		"system_info":	"Linux han-3 5.10.0 #9 SMP PREEMPT Tue Feb 23 15:01:43 PST 2021 x86_64",
		"timestamp":	{
			"time":	"Fri, 26 May 2023 01:09:06 GMT",
			"timesecs":	1685063346
		},
		"connecting_to":	{
			"host":	"10.0.0.1",
			"port":	5201
		},
		"cookie":	"vohw7cfmw66t3yykhaltzrzeaq37h6q7ltn3",
		"tcp_mss_default":	8948,
		"target_bitrate":	6000000000,
		"sock_bufsize":	0,
		"sndbuf_actual":	16384,
		"rcvbuf_actual":	131072,
		"test_start":	{
			"protocol":	"TCP",
			"num_streams":	1,
			"blksize":	131072,
			"omit":	0,
			"duration":	90,
			"bytes":	0,
			"blocks":	0,
			"reverse":	0,
			"tos":	0
		}
	},
	"intervals":	[{
			"streams":	[{
					"socket":	5,
					"start":	0,
					"end":	60.000062,
					"seconds":	60.00006103515625,
					"bytes":	44999507968,
					"bits_per_second":	5999928292.2906532,
					"retransmits":	26,
					"snd_cwnd":	1431680,
					"rtt":	555,
					"rttvar":	49,
					"pmtu":	9000,
					"omitted":	false,
					"sender":	true
				}],
			"sum":	{
				"start":	0,
				"end":	60.000062,
				"seconds":	60.00006103515625,
				"bytes":	44999507968,
				"bits_per_second":	5999928292.2906532,
				"retransmits":	26,
				"omitted":	false,
				"sender":	true
			}
		}, {
			"streams":	[{
					"socket":	5,
					"start":	60.000062,
					"end":	90.000075,
					"seconds":	30.00001335144043,
					"bytes":	22499950592,
					"bits_per_second":	5999984154.2523,
					"retransmits":	0,
					"snd_cwnd":	1431680,
					"rtt":	571,
					"rttvar":	97,
					"pmtu":	9000,
					"omitted":	false,
					"sender":	true
				}],
			"sum":	{
				"start":	60.000062,
				"end":	90.000075,
				"seconds":	30.00001335144043,
				"bytes":	22499950592,
				"bits_per_second":	5999984154.2523,
				"retransmits":	0,
				"omitted":	false,
				"sender":	true
			}
		}],
	"end":	{
		"streams":	[{
				"sender":	{
					"socket":	5,
					"start":	0,
					"end":	90.000075,
					"seconds":	90.000075,
					"bytes":	67499458560,
					"bits_per_second":	5999946872.0442734,
					"retransmits":	26,
					"max_snd_cwnd":	1431680,
					"max_rtt":	571,
					"min_rtt":	555,
					"mean_rtt":	563,
					"sender":	true
				},
				"receiver":	{
					"socket":	5,
					"start":	0,
					"end":	90.000198,
					"seconds":	90.000075,
					"bytes":	67499458560,
					"bits_per_second":	5999938672.13492,
					"sender":	true
				}
			}],
		"sum_sent":	{
			"start":	0,
			"end":	90.000075,
			"seconds":	90.000075,
			"bytes":	67499458560,
			"bits_per_second":	5999946872.0442734,
			"retransmits":	26,
			"sender":	true
		},
		"sum_received":	{
			"start":	0,
			"end":	90.000198,
			"seconds":	90.000198,
			"bytes":	67499458560,
			"bits_per_second":	5999938672.13492,
			"sender":	true
		},
		"cpu_utilization_percent":	{
			"host_total":	29.685063170861063,
			"host_user":	1.172881792455718,
			"host_system":	28.512182489487635,
			"remote_total":	46.491055790250719,
			"remote_user":	3.35344603275899,
			"remote_system":	43.137608647139437
		},
		"sender_tcp_congestion":	"cubic",
		"receiver_tcp_congestion":	"reno"
	}
}
