{
	"start":	{
		"connected":	[{
				"socket":	5,
				"local_host":	"10.0.1.1",
				"local_port":	37120,
				"remote_host":	"10.0.0.1",
				"remote_port":	5201
			}],
		"version":	"iperf 3.9+",
		"system_info":	"Linux han-3 5.10.0 #9 SMP PREEMPT Tue Feb 23 15:01:43 PST 2021 x86_64",
		"timestamp":	{
			"time":	"Thu, 25 May 2023 19:05:03 GMT",
			"timesecs":	1685041503
		},
		"connecting_to":	{
			"host":	"10.0.0.1",
			"port":	5201
		},
		"cookie":	"qunibfwyr3kftqm2ojel4bu7bibw6skbpg6z",
		"tcp_mss_default":	8948,
		"target_bitrate":	2000000000,
		"sock_bufsize":	0,
		"sndbuf_actual":	16384,
		"rcvbuf_actual":	131072,
		"test_start":	{
			"protocol":	"TCP",
			"num_streams":	1,
			"blksize":	131072,
			"omit":	0,
			"duration":	90,
			"bytes":	0,
			"blocks":	0,
			"reverse":	0,
			"tos":	0
		}
	},
	"intervals":	[{
			"streams":	[{
					"socket":	5,
					"start":	0,
					"end":	60.000063,
					"seconds":	60.000064849853516,
					"bytes":	14999879680,
					"bits_per_second":	1999981795.6912253,
					"retransmits":	7,
					"snd_cwnd":	411608,
					"rtt":	276,
					"rttvar":	9,
					"pmtu":	9000,
					"omitted":	false,
					"sender":	true
				}],
			"sum":	{
				"start":	0,
				"end":	60.000063,
				"seconds":	60.000064849853516,
				"bytes":	14999879680,
				"bits_per_second":	1999981795.6912253,
				"retransmits":	7,
				"omitted":	false,
				"sender":	true
			}
		}, {
			"streams":	[{
					"socket":	5,
					"start":	60.000063,
					"end":	90.000081,
					"seconds":	30.0000171661377,
					"bytes":	7499939840,
					"bits_per_second":	1999982812.9339881,
					"retransmits":	0,
					"snd_cwnd":	411608,
					"rtt":	305,
					"rttvar":	58,
					"pmtu":	9000,
					"omitted":	false,
					"sender":	true
				}],
			"sum":	{
				"start":	60.000063,
				"end":	90.000081,
				"seconds":	30.0000171661377,
				"bytes":	7499939840,
				"bits_per_second":	1999982812.9339881,
				"retransmits":	0,
				"omitted":	false,
				"sender":	true
			}
		}],
	"end":	{
		"streams":	[{
				"sender":	{
					"socket":	5,
					"start":	0,
					"end":	90.000081,
					"seconds":	90.000081,
					"bytes":	22499819520,
					"bits_per_second":	1999982157.3493919,
					"retransmits":	7,
					"max_snd_cwnd":	411608,
					"max_rtt":	305,
					"min_rtt":	276,
					"mean_rtt":	290,
					"sender":	true
				},
				"receiver":	{
					"socket":	5,
					"start":	0,
					"end":	90.000176,
					"seconds":	90.000081,
					"bytes":	22499819520,
					"bits_per_second":	1999980046.2612429,
					"sender":	true
				}
			}],
		"sum_sent":	{
			"start":	0,
			"end":	90.000081,
			"seconds":	90.000081,
			"bytes":	22499819520,
			"bits_per_second":	1999982157.3493919,
			"retransmits":	7,
			"sender":	true
		},
		"sum_received":	{
			"start":	0,
			"end":	90.000176,
			"seconds":	90.000176,
			"bytes":	22499819520,
			"bits_per_second":	1999980046.2612429,
			"sender":	true
		},
		"cpu_utilization_percent":	{
			"host_total":	9.9318412733702761,
			"host_user":	0,
			"host_system":	9.93184238445157,
			"remote_total":	19.778526372963125,
			"remote_user":	1.0712492157910325,
			"remote_system":	18.707276046709094
		},
		"sender_tcp_congestion":	"cubic",
		"receiver_tcp_congestion":	"reno"
	}
}
