{
	"start":	{
		"connected":	[{
				"socket":	5,
				"local_host":	"10.0.1.1",
				"local_port":	33844,
				"remote_host":	"10.0.0.1",
				"remote_port":	5201
			}],
		"version":	"iperf 3.9+",
		"system_info":	"Linux han-3 5.10.0 #9 SMP PREEMPT Tue Feb 23 15:01:43 PST 2021 x86_64",
		"timestamp":	{
			"time":	"Thu, 25 May 2023 10:24:44 GMT",
			"timesecs":	1685010284
		},
		"connecting_to":	{
			"host":	"10.0.0.1",
			"port":	5201
		},
		"cookie":	"2wav7xzmarxebdyitr2nru7bhuda2fltcrsg",
		"tcp_mss_default":	8948,
		"target_bitrate":	7000000000,
		"sock_bufsize":	0,
		"sndbuf_actual":	16384,
		"rcvbuf_actual":	131072,
		"test_start":	{
			"protocol":	"TCP",
			"num_streams":	1,
			"blksize":	131072,
			"omit":	0,
			"duration":	30,
			"bytes":	0,
			"blocks":	0,
			"reverse":	0,
			"tos":	0
		}
	},
	"intervals":	[{
			"streams":	[{
					"socket":	5,
					"start":	0,
					"end":	30.000077,
					"seconds":	30.000076293945312,
					"bytes":	26249396224,
					"bits_per_second":	6999821191.6008272,
					"retransmits":	20,
					"snd_cwnd":	1091656,
					"rtt":	641,
					"rttvar":	12,
					"pmtu":	9000,
					"omitted":	false,
					"sender":	true
				}],
			"sum":	{
				"start":	0,
				"end":	30.000077,
				"seconds":	30.000076293945312,
				"bytes":	26249396224,
				"bits_per_second":	6999821191.6008272,
				"retransmits":	20,
				"omitted":	false,
				"sender":	true
			}
		}],
	"end":	{
		"streams":	[{
				"sender":	{
					"socket":	5,
					"start":	0,
					"end":	30.000077,
					"seconds":	30.000077,
					"bytes":	26249396224,
					"bits_per_second":	6999821026.8593645,
					"retransmits":	20,
					"max_snd_cwnd":	1091656,
					"max_rtt":	641,
					"min_rtt":	641,
					"mean_rtt":	641,
					"sender":	true
				},
				"receiver":	{
					"socket":	5,
					"start":	0,
					"end":	30.000145,
					"seconds":	30.000077,
					"bytes":	26249396224,
					"bits_per_second":	6999805160.6750565,
					"sender":	true
				}
			}],
		"sum_sent":	{
			"start":	0,
			"end":	30.000077,
			"seconds":	30.000077,
			"bytes":	26249396224,
			"bits_per_second":	6999821026.8593645,
			"retransmits":	20,
			"sender":	true
		},
		"sum_received":	{
			"start":	0,
			"end":	30.000145,
			"seconds":	30.000145,
			"bytes":	26249396224,
			"bits_per_second":	6999805160.6750565,
			"sender":	true
		},
		"cpu_utilization_percent":	{
			"host_total":	26.422148406230189,
			"host_user":	0.88678405282593831,
			"host_system":	25.535367686489714,
			"remote_total":	50.6285797035883,
			"remote_user":	3.9321598638759725,
			"remote_system":	46.696416512212444
		},
		"sender_tcp_congestion":	"cubic",
		"receiver_tcp_congestion":	"reno"
	}
}
