{
	"start":	{
		"connected":	[{
				"socket":	5,
				"local_host":	"10.0.1.1",
				"local_port":	39522,
				"remote_host":	"10.0.0.1",
				"remote_port":	5201
			}],
		"version":	"iperf 3.9+",
		"system_info":	"Linux han-3 5.10.0 #9 SMP PREEMPT Tue Feb 23 15:01:43 PST 2021 x86_64",
		"timestamp":	{
			"time":	"Fri, 26 May 2023 03:19:44 GMT",
			"timesecs":	1685071184
		},
		"connecting_to":	{
			"host":	"10.0.0.1",
			"port":	5201
		},
		"cookie":	"xkbilv4yy2y2e2s7wciojx6jpzzxsuvd4ihn",
		"tcp_mss_default":	8948,
		"target_bitrate":	8000000000,
		"sock_bufsize":	0,
		"sndbuf_actual":	16384,
		"rcvbuf_actual":	131072,
		"test_start":	{
			"protocol":	"TCP",
			"num_streams":	1,
			"blksize":	131072,
			"omit":	0,
			"duration":	40,
			"bytes":	0,
			"blocks":	0,
			"reverse":	0,
			"tos":	0
		}
	},
	"intervals":	[{
			"streams":	[{
					"socket":	5,
					"start":	0,
					"end":	40.000237,
					"seconds":	40.000236511230469,
					"bytes":	39999373312,
					"bits_per_second":	7999827361.1746817,
					"retransmits":	27,
					"snd_cwnd":	1789600,
					"rtt":	731,
					"rttvar":	34,
					"pmtu":	9000,
					"omitted":	false,
					"sender":	true
				}],
			"sum":	{
				"start":	0,
				"end":	40.000237,
				"seconds":	40.000236511230469,
				"bytes":	39999373312,
				"bits_per_second":	7999827361.1746817,
				"retransmits":	27,
				"omitted":	false,
				"sender":	true
			}
		}],
	"end":	{
		"streams":	[{
				"sender":	{
					"socket":	5,
					"start":	0,
					"end":	40.000237,
					"seconds":	40.000237,
					"bytes":	39999373312,
					"bits_per_second":	7999827263.4234648,
					"retransmits":	27,
					"max_snd_cwnd":	1789600,
					"max_rtt":	731,
					"min_rtt":	731,
					"mean_rtt":	731,
					"sender":	true
				},
				"receiver":	{
					"socket":	5,
					"start":	0,
					"end":	40.000383,
					"seconds":	40.000237,
					"bytes":	39999373312,
					"bits_per_second":	7999798064.3335342,
					"sender":	true
				}
			}],
		"sum_sent":	{
			"start":	0,
			"end":	40.000237,
			"seconds":	40.000237,
			"bytes":	39999373312,
			"bits_per_second":	7999827263.4234648,
			"retransmits":	27,
			"sender":	true
		},
		"sum_received":	{
			"start":	0,
			"end":	40.000383,
			"seconds":	40.000383,
			"bytes":	39999373312,
			"bits_per_second":	7999798064.3335342,
			"sender":	true
		},
		"cpu_utilization_percent":	{
			"host_total":	30.814606253541189,
			"host_user":	1.2889058934007924,
			"host_system":	29.525700360140394,
			"remote_total":	50.38340606746695,
			"remote_user":	3.10480288437738,
			"remote_system":	47.278603183089572
		},
		"sender_tcp_congestion":	"cubic",
		"receiver_tcp_congestion":	"reno"
	}
}
