{
	"start":	{
		"connected":	[{
				"socket":	5,
				"local_host":	"10.0.1.1",
				"local_port":	44524,
				"remote_host":	"10.0.0.1",
				"remote_port":	5201
			}],
		"version":	"iperf 3.9+",
		"system_info":	"Linux han-3 5.10.0 #9 SMP PREEMPT Tue Feb 23 15:01:43 PST 2021 x86_64",
		"timestamp":	{
			"time":	"Fri, 26 May 2023 20:53:27 GMT",
			"timesecs":	1685134407
		},
		"connecting_to":	{
			"host":	"10.0.0.1",
			"port":	5201
		},
		"cookie":	"32zdzhtbpcojbb4hzlgdmxv36d2jjuzgyli2",
		"tcp_mss_default":	8948,
		"target_bitrate":	9000000000,
		"sock_bufsize":	0,
		"sndbuf_actual":	16384,
		"rcvbuf_actual":	131072,
		"test_start":	{
			"protocol":	"TCP",
			"num_streams":	1,
			"blksize":	131072,
			"omit":	0,
			"duration":	80,
			"bytes":	0,
			"blocks":	0,
			"reverse":	0,
			"tos":	0
		}
	},
	"intervals":	[{
			"streams":	[{
					"socket":	5,
					"start":	0,
					"end":	60.000008,
					"seconds":	60.000007629394531,
					"bytes":	67499327488,
					"bits_per_second":	8999909187.3357,
					"retransmits":	107,
					"snd_cwnd":	1879080,
					"rtt":	399,
					"rttvar":	10,
					"pmtu":	9000,
					"omitted":	false,
					"sender":	true
				}],
			"sum":	{
				"start":	0,
				"end":	60.000008,
				"seconds":	60.000007629394531,
				"bytes":	67499327488,
				"bits_per_second":	8999909187.3357,
				"retransmits":	107,
				"omitted":	false,
				"sender":	true
			}
		}, {
			"streams":	[{
					"socket":	5,
					"start":	60.000008,
					"end":	80.000083,
					"seconds":	20.00007438659668,
					"bytes":	22500343808,
					"bits_per_second":	9000104048.8445,
					"retransmits":	19,
					"snd_cwnd":	1825392,
					"rtt":	617,
					"rttvar":	24,
					"pmtu":	9000,
					"omitted":	false,
					"sender":	true
				}],
			"sum":	{
				"start":	60.000008,
				"end":	80.000083,
				"seconds":	20.00007438659668,
				"bytes":	22500343808,
				"bits_per_second":	9000104048.8445,
				"retransmits":	19,
				"omitted":	false,
				"sender":	true
			}
		}],
	"end":	{
		"streams":	[{
				"sender":	{
					"socket":	5,
					"start":	0,
					"end":	80.000083,
					"seconds":	80.000083,
					"bytes":	89999671296,
					"bits_per_second":	8999957792.14379,
					"retransmits":	126,
					"max_snd_cwnd":	1879080,
					"max_rtt":	617,
					"min_rtt":	399,
					"mean_rtt":	508,
					"sender":	true
				},
				"receiver":	{
					"socket":	5,
					"start":	0,
					"end":	80.000419,
					"seconds":	80.000083,
					"bytes":	89999573364,
					"bits_per_second":	8999910199.37033,
					"sender":	true
				}
			}],
		"sum_sent":	{
			"start":	0,
			"end":	80.000083,
			"seconds":	80.000083,
			"bytes":	89999671296,
			"bits_per_second":	8999957792.14379,
			"retransmits":	126,
			"sender":	true
		},
		"sum_received":	{
			"start":	0,
			"end":	80.000419,
			"seconds":	80.000419,
			"bytes":	89999573364,
			"bits_per_second":	8999910199.37033,
			"sender":	true
		},
		"cpu_utilization_percent":	{
			"host_total":	81.9695610380567,
			"host_user":	2.25202429719113,
			"host_system":	79.7175367408656,
			"remote_total":	53.377550405411554,
			"remote_user":	4.2860638219566569,
			"remote_system":	49.091487832308353
		},
		"sender_tcp_congestion":	"cubic",
		"receiver_tcp_congestion":	"reno"
	}
}
