{
	"start":	{
		"connected":	[{
				"socket":	5,
				"local_host":	"10.0.1.1",
				"local_port":	38910,
				"remote_host":	"10.0.0.1",
				"remote_port":	5201
			}],
		"version":	"iperf 3.9+",
		"system_info":	"Linux han-3 5.10.0 #9 SMP PREEMPT Tue Feb 23 15:01:43 PST 2021 x86_64",
		"timestamp":	{
			"time":	"Fri, 26 May 2023 01:26:36 GMT",
			"timesecs":	1685064396
		},
		"connecting_to":	{
			"host":	"10.0.0.1",
			"port":	5201
		},
		"cookie":	"rmqsbzqx5gwsotybuxo4yw33dbtqyzjg2crc",
		"tcp_mss_default":	8948,
		"target_bitrate":	6000000000,
		"sock_bufsize":	0,
		"sndbuf_actual":	16384,
		"rcvbuf_actual":	131072,
		"test_start":	{
			"protocol":	"TCP",
			"num_streams":	1,
			"blksize":	131072,
			"omit":	0,
			"duration":	100,
			"bytes":	0,
			"blocks":	0,
			"reverse":	0,
			"tos":	0
		}
	},
	"intervals":	[{
			"streams":	[{
					"socket":	5,
					"start":	0,
					"end":	60.000067,
					"seconds":	60.000068664550781,
					"bytes":	44999507968,
					"bits_per_second":	5999927529.36119,
					"retransmits":	13,
					"snd_cwnd":	948488,
					"rtt":	611,
					"rttvar":	51,
					"pmtu":	9000,
					"omitted":	false,
					"sender":	true
				}],
			"sum":	{
				"start":	0,
				"end":	60.000067,
				"seconds":	60.000068664550781,
				"bytes":	44999507968,
				"bits_per_second":	5999927529.36119,
				"retransmits":	13,
				"omitted":	false,
				"sender":	true
			}
		}, {
			"streams":	[{
					"socket":	5,
					"start":	60.000067,
					"end":	100.000106,
					"seconds":	40.000038146972656,
					"bytes":	30000021504,
					"bits_per_second":	5999998578.7554569,
					"retransmits":	3,
					"snd_cwnd":	948488,
					"rtt":	508,
					"rttvar":	21,
					"pmtu":	9000,
					"omitted":	false,
					"sender":	true
				}],
			"sum":	{
				"start":	60.000067,
				"end":	100.000106,
				"seconds":	40.000038146972656,
				"bytes":	30000021504,
				"bits_per_second":	5999998578.7554569,
				"retransmits":	3,
				"omitted":	false,
				"sender":	true
			}
		}],
	"end":	{
		"streams":	[{
				"sender":	{
					"socket":	5,
					"start":	0,
					"end":	100.000106,
					"seconds":	100.000106,
					"bytes":	74999529472,
					"bits_per_second":	5999955997.8066425,
					"retransmits":	16,
					"max_snd_cwnd":	948488,
					"max_rtt":	611,
					"min_rtt":	508,
					"mean_rtt":	559,
					"sender":	true
				},
				"receiver":	{
					"socket":	5,
					"start":	0,
					"end":	100.000172,
					"seconds":	100.000106,
					"bytes":	74999529472,
					"bits_per_second":	5999952037.842495,
					"sender":	true
				}
			}],
		"sum_sent":	{
			"start":	0,
			"end":	100.000106,
			"seconds":	100.000106,
			"bytes":	74999529472,
			"bits_per_second":	5999955997.8066425,
			"retransmits":	16,
			"sender":	true
		},
		"sum_received":	{
			"start":	0,
			"end":	100.000172,
			"seconds":	100.000172,
			"bytes":	74999529472,
			"bits_per_second":	5999952037.842495,
			"sender":	true
		},
		"cpu_utilization_percent":	{
			"host_total":	25.992477516101349,
			"host_user":	1.2160795315781658,
			"host_system":	24.776398984499775,
			"remote_total":	44.590066655392043,
			"remote_user":	2.0945159468621064,
			"remote_system":	42.495550708529933
		},
		"sender_tcp_congestion":	"cubic",
		"receiver_tcp_congestion":	"reno"
	}
}
