{
	"start":	{
		"connected":	[{
				"socket":	5,
				"local_host":	"10.0.1.1",
				"local_port":	41140,
				"remote_host":	"10.0.0.1",
				"remote_port":	5201
			}],
		"version":	"iperf 3.9+",
		"system_info":	"Linux han-3 5.10.0 #9 SMP PREEMPT Tue Feb 23 15:01:43 PST 2021 x86_64",
		"timestamp":	{
			"time":	"Fri, 26 May 2023 09:13:07 GMT",
			"timesecs":	1685092387
		},
		"connecting_to":	{
			"host":	"10.0.0.1",
			"port":	5201
		},
		"cookie":	"zhgqfupaprxflvdrkrn3geesmr3l2eqcf67z",
		"tcp_mss_default":	8948,
		"target_bitrate":	2000000000,
		"sock_bufsize":	0,
		"sndbuf_actual":	16384,
		"rcvbuf_actual":	131072,
		"test_start":	{
			"protocol":	"TCP",
			"num_streams":	1,
			"blksize":	131072,
			"omit":	0,
			"duration":	10,
			"bytes":	0,
			"blocks":	0,
			"reverse":	0,
			"tos":	0
		}
	},
	"intervals":	[{
			"streams":	[{
					"socket":	5,
					"start":	0,
					"end":	10.000109,
					"seconds":	10.00010871887207,
					"bytes":	2499805184,
					"bits_per_second":	1999822405.356375,
					"retransmits":	8,
					"snd_cwnd":	850060,
					"rtt":	387,
					"rttvar":	51,
					"pmtu":	9000,
					"omitted":	false,
					"sender":	true
				}],
			"sum":	{
				"start":	0,
				"end":	10.000109,
				"seconds":	10.00010871887207,
				"bytes":	2499805184,
				"bits_per_second":	1999822405.356375,
				"retransmits":	8,
				"omitted":	false,
				"sender":	true
			}
		}],
	"end":	{
		"streams":	[{
				"sender":	{
					"socket":	5,
					"start":	0,
					"end":	10.000109,
					"seconds":	10.000109,
					"bytes":	2499805184,
					"bits_per_second":	1999822349.1363945,
					"retransmits":	8,
					"max_snd_cwnd":	850060,
					"max_rtt":	387,
					"min_rtt":	387,
					"mean_rtt":	387,
					"sender":	true
				},
				"receiver":	{
					"socket":	5,
					"start":	0,
					"end":	10.000269,
					"seconds":	10.000109,
					"bytes":	2499805184,
					"bits_per_second":	1999790352.8395088,
					"sender":	true
				}
			}],
		"sum_sent":	{
			"start":	0,
			"end":	10.000109,
			"seconds":	10.000109,
			"bytes":	2499805184,
			"bits_per_second":	1999822349.1363945,
			"retransmits":	8,
			"sender":	true
		},
		"sum_received":	{
			"start":	0,
			"end":	10.000269,
			"seconds":	10.000269,
			"bytes":	2499805184,
			"bits_per_second":	1999790352.8395088,
			"sender":	true
		},
		"cpu_utilization_percent":	{
			"host_total":	13.885449478186548,
			"host_user":	0.30881214845737387,
			"host_system":	13.576667322168081,
			"remote_total":	24.859319109456436,
			"remote_user":	2.9770510106674108,
			"remote_system":	21.8822780321264
		},
		"sender_tcp_congestion":	"cubic",
		"receiver_tcp_congestion":	"reno"
	}
}
