{
	"start":	{
		"connected":	[{
				"socket":	5,
				"local_host":	"10.0.1.1",
				"local_port":	60198,
				"remote_host":	"10.0.0.1",
				"remote_port":	5201
			}],
		"version":	"iperf 3.9+",
		"system_info":	"Linux han-3 5.10.0 #9 SMP PREEMPT Tue Feb 23 15:01:43 PST 2021 x86_64",
		"timestamp":	{
			"time":	"Thu, 25 May 2023 04:03:43 GMT",
			"timesecs":	1684987423
		},
		"connecting_to":	{
			"host":	"10.0.0.1",
			"port":	5201
		},
		"cookie":	"uf4fypkxivt5kqaansdefdvxyde2muffltjm",
		"tcp_mss_default":	8948,
		"target_bitrate":	2000000000,
		"sock_bufsize":	0,
		"sndbuf_actual":	16384,
		"rcvbuf_actual":	131072,
		"test_start":	{
			"protocol":	"TCP",
			"num_streams":	1,
			"blksize":	131072,
			"omit":	0,
			"duration":	100,
			"bytes":	0,
			"blocks":	0,
			"reverse":	0,
			"tos":	0
		}
	},
	"intervals":	[{
			"streams":	[{
					"socket":	5,
					"start":	0,
					"end":	60.000061,
					"seconds":	60.00006103515625,
					"bytes":	14999879680,
					"bits_per_second":	1999981922.846514,
					"retransmits":	4,
					"snd_cwnd":	411608,
					"rtt":	294,
					"rttvar":	26,
					"pmtu":	9000,
					"omitted":	false,
					"sender":	true
				}],
			"sum":	{
				"start":	0,
				"end":	60.000061,
				"seconds":	60.00006103515625,
				"bytes":	14999879680,
				"bits_per_second":	1999981922.846514,
				"retransmits":	4,
				"omitted":	false,
				"sender":	true
			}
		}, {
			"streams":	[{
					"socket":	5,
					"start":	60.000061,
					"end":	100.000078,
					"seconds":	40.000015258789062,
					"bytes":	10000007168,
					"bits_per_second":	2000000670.660291,
					"retransmits":	0,
					"snd_cwnd":	411608,
					"rtt":	361,
					"rttvar":	39,
					"pmtu":	9000,
					"omitted":	false,
					"sender":	true
				}],
			"sum":	{
				"start":	60.000061,
				"end":	100.000078,
				"seconds":	40.000015258789062,
				"bytes":	10000007168,
				"bits_per_second":	2000000670.660291,
				"retransmits":	0,
				"omitted":	false,
				"sender":	true
			}
		}],
	"end":	{
		"streams":	[{
				"sender":	{
					"socket":	5,
					"start":	0,
					"end":	100.000078,
					"seconds":	100.000078,
					"bytes":	24999886848,
					"bits_per_second":	1999989387.8482773,
					"retransmits":	4,
					"max_snd_cwnd":	411608,
					"max_rtt":	361,
					"min_rtt":	294,
					"mean_rtt":	327,
					"sender":	true
				},
				"receiver":	{
					"socket":	5,
					"start":	0,
					"end":	100.000233,
					"seconds":	100.000078,
					"bytes":	24999886848,
					"bits_per_second":	1999986287.8719494,
					"sender":	true
				}
			}],
		"sum_sent":	{
			"start":	0,
			"end":	100.000078,
			"seconds":	100.000078,
			"bytes":	24999886848,
			"bits_per_second":	1999989387.8482773,
			"retransmits":	4,
			"sender":	true
		},
		"sum_received":	{
			"start":	0,
			"end":	100.000233,
			"seconds":	100.000233,
			"bytes":	24999886848,
			"bits_per_second":	1999986287.8719494,
			"sender":	true
		},
		"cpu_utilization_percent":	{
			"host_total":	8.6965199786433267,
			"host_user":	0,
			"host_system":	8.6965199786433267,
			"remote_total":	26.848742063796472,
			"remote_user":	3.4970194181962286,
			"remote_system":	23.35172264560024
		},
		"sender_tcp_congestion":	"cubic",
		"receiver_tcp_congestion":	"reno"
	}
}
