{
	"start":	{
		"connected":	[{
				"socket":	5,
				"local_host":	"10.0.1.1",
				"local_port":	52384,
				"remote_host":	"10.0.0.1",
				"remote_port":	5201
			}],
		"version":	"iperf 3.9+",
		"system_info":	"Linux han-3 5.10.0 #9 SMP PREEMPT Tue Feb 23 15:01:43 PST 2021 x86_64",
		"timestamp":	{
			"time":	"Mon, 22 May 2023 22:41:29 GMT",
			"timesecs":	1684795289
		},
		"connecting_to":	{
			"host":	"10.0.0.1",
			"port":	5201
		},
		"cookie":	"dm6nxpmck3bknpcpg5pckque6t56vxrvgxlh",
		"tcp_mss_default":	8948,
		"target_bitrate":	2000000000,
		"sock_bufsize":	0,
		"sndbuf_actual":	16384,
		"rcvbuf_actual":	131072,
		"test_start":	{
			"protocol":	"TCP",
			"num_streams":	1,
			"blksize":	131072,
			"omit":	0,
			"duration":	70,
			"bytes":	0,
			"blocks":	0,
			"reverse":	0,
			"tos":	0
		}
	},
	"intervals":	[{
			"streams":	[{
					"socket":	5,
					"start":	0,
					"end":	60.000072,
					"seconds":	60.000072479248047,
					"bytes":	14999879680,
					"bits_per_second":	1999981541.3806963,
					"retransmits":	4,
					"snd_cwnd":	429504,
					"rtt":	309,
					"rttvar":	9,
					"pmtu":	9000,
					"omitted":	false,
					"sender":	true
				}],
			"sum":	{
				"start":	0,
				"end":	60.000072,
				"seconds":	60.000072479248047,
				"bytes":	14999879680,
				"bits_per_second":	1999981541.3806963,
				"retransmits":	4,
				"omitted":	false,
				"sender":	true
			}
		}, {
			"streams":	[{
					"socket":	5,
					"start":	60.000072,
					"end":	70.000081,
					"seconds":	10.000008583068848,
					"bytes":	2499936256,
					"bits_per_second":	1999947288.2314734,
					"retransmits":	0,
					"snd_cwnd":	429504,
					"rtt":	348,
					"rttvar":	68,
					"pmtu":	9000,
					"omitted":	false,
					"sender":	true
				}],
			"sum":	{
				"start":	60.000072,
				"end":	70.000081,
				"seconds":	10.000008583068848,
				"bytes":	2499936256,
				"bits_per_second":	1999947288.2314734,
				"retransmits":	0,
				"omitted":	false,
				"sender":	true
			}
		}],
	"end":	{
		"streams":	[{
				"sender":	{
					"socket":	5,
					"start":	0,
					"end":	70.000081,
					"seconds":	70.000081,
					"bytes":	17499815936,
					"bits_per_second":	1999976649.8555911,
					"retransmits":	4,
					"max_snd_cwnd":	429504,
					"max_rtt":	348,
					"min_rtt":	309,
					"mean_rtt":	328,
					"sender":	true
				},
				"receiver":	{
					"socket":	5,
					"start":	0,
					"end":	70.000098,
					"seconds":	70.000081,
					"bytes":	17499815936,
					"bits_per_second":	1999976164.147656,
					"sender":	true
				}
			}],
		"sum_sent":	{
			"start":	0,
			"end":	70.000081,
			"seconds":	70.000081,
			"bytes":	17499815936,
			"bits_per_second":	1999976649.8555911,
			"retransmits":	4,
			"sender":	true
		},
		"sum_received":	{
			"start":	0,
			"end":	70.000098,
			"seconds":	70.000098,
			"bytes":	17499815936,
			"bits_per_second":	1999976164.147656,
			"sender":	true
		},
		"cpu_utilization_percent":	{
			"host_total":	9.8647985620828056,
			"host_user":	4.932397852518176,
			"host_system":	4.932397852518176,
			"remote_total":	24.120712021656452,
			"remote_user":	1.9324256290384367,
			"remote_system":	22.188286392618014
		},
		"sender_tcp_congestion":	"cubic",
		"receiver_tcp_congestion":	"reno"
	}
}
