{
	"start":	{
		"connected":	[{
				"socket":	5,
				"local_host":	"10.0.1.1",
				"local_port":	40568,
				"remote_host":	"10.0.0.1",
				"remote_port":	5201
			}],
		"version":	"iperf 3.9+",
		"system_info":	"Linux han-3 5.10.0 #9 SMP PREEMPT Tue Feb 23 15:01:43 PST 2021 x86_64",
		"timestamp":	{
			"time":	"Fri, 26 May 2023 07:03:18 GMT",
			"timesecs":	1685084598
		},
		"connecting_to":	{
			"host":	"10.0.0.1",
			"port":	5201
		},
		"cookie":	"fb7nsdfyikjxx4mopyay6nowryywveakgl33",
		"tcp_mss_default":	8948,
		"target_bitrate":	10000000000,
		"sock_bufsize":	0,
		"sndbuf_actual":	16384,
		"rcvbuf_actual":	131072,
		"test_start":	{
			"protocol":	"TCP",
			"num_streams":	1,
			"blksize":	131072,
			"omit":	0,
			"duration":	80,
			"bytes":	0,
			"blocks":	0,
			"reverse":	0,
			"tos":	0
		}
	},
	"intervals":	[{
			"streams":	[{
					"socket":	5,
					"start":	0,
					"end":	60.000014,
					"seconds":	60.000015258789062,
					"bytes":	74203267072,
					"bits_per_second":	9893766426.81842,
					"retransmits":	1853,
					"snd_cwnd":	1673276,
					"rtt":	1351,
					"rttvar":	34,
					"pmtu":	9000,
					"omitted":	false,
					"sender":	true
				}],
			"sum":	{
				"start":	0,
				"end":	60.000014,
				"seconds":	60.000015258789062,
				"bytes":	74203267072,
				"bits_per_second":	9893766426.81842,
				"retransmits":	1853,
				"omitted":	false,
				"sender":	true
			}
		}, {
			"streams":	[{
					"socket":	5,
					"start":	60.000014,
					"end":	80.000106,
					"seconds":	20.000091552734375,
					"bytes":	24749146112,
					"bits_per_second":	9899613127.9674435,
					"retransmits":	545,
					"snd_cwnd":	1726964,
					"rtt":	1345,
					"rttvar":	15,
					"pmtu":	9000,
					"omitted":	false,
					"sender":	true
				}],
			"sum":	{
				"start":	60.000014,
				"end":	80.000106,
				"seconds":	20.000091552734375,
				"bytes":	24749146112,
				"bits_per_second":	9899613127.9674435,
				"retransmits":	545,
				"omitted":	false,
				"sender":	true
			}
		}],
	"end":	{
		"streams":	[{
				"sender":	{
					"socket":	5,
					"start":	0,
					"end":	80.000106,
					"seconds":	80.000106,
					"bytes":	98952413184,
					"bits_per_second":	9895228207.2226257,
					"retransmits":	2398,
					"max_snd_cwnd":	1726964,
					"max_rtt":	1351,
					"min_rtt":	1345,
					"mean_rtt":	1348,
					"sender":	true
				},
				"receiver":	{
					"socket":	5,
					"start":	0,
					"end":	80.001519,
					"seconds":	80.000106,
					"bytes":	98951336180,
					"bits_per_second":	9894945737.717804,
					"sender":	true
				}
			}],
		"sum_sent":	{
			"start":	0,
			"end":	80.000106,
			"seconds":	80.000106,
			"bytes":	98952413184,
			"bits_per_second":	9895228207.2226257,
			"retransmits":	2398,
			"sender":	true
		},
		"sum_received":	{
			"start":	0,
			"end":	80.001519,
			"seconds":	80.001519,
			"bytes":	98951336180,
			"bits_per_second":	9894945737.717804,
			"sender":	true
		},
		"cpu_utilization_percent":	{
			"host_total":	81.960364532395431,
			"host_user":	2.2172599567185687,
			"host_system":	79.743105825638779,
			"remote_total":	51.384489285744358,
			"remote_user":	3.1546885766382751,
			"remote_system":	48.22980070910608
		},
		"sender_tcp_congestion":	"cubic",
		"receiver_tcp_congestion":	"reno"
	}
}
