{
	"start":	{
		"connected":	[{
				"socket":	5,
				"local_host":	"10.0.1.1",
				"local_port":	53542,
				"remote_host":	"10.0.0.1",
				"remote_port":	5201
			}],
		"version":	"iperf 3.9+",
		"system_info":	"Linux han-3 5.10.0 #9 SMP PREEMPT Tue Feb 23 15:01:43 PST 2021 x86_64",
		"timestamp":	{
			"time":	"Tue, 23 May 2023 02:47:13 GMT",
			"timesecs":	1684810033
		},
		"connecting_to":	{
			"host":	"10.0.0.1",
			"port":	5201
		},
		"cookie":	"wuqb5fdi3wnkzfcwlnixusjb3c7daybghnyl",
		"tcp_mss_default":	8948,
		"target_bitrate":	5000000000,
		"sock_bufsize":	0,
		"sndbuf_actual":	16384,
		"rcvbuf_actual":	131072,
		"test_start":	{
			"protocol":	"TCP",
			"num_streams":	1,
			"blksize":	131072,
			"omit":	0,
			"duration":	30,
			"bytes":	0,
			"blocks":	0,
			"reverse":	0,
			"tos":	0
		}
	},
	"intervals":	[{
			"streams":	[{
					"socket":	5,
					"start":	0,
					"end":	30.000071,
					"seconds":	30.000070571899414,
					"bytes":	18749587456,
					"bits_per_second":	4999878226.56989,
					"retransmits":	22,
					"snd_cwnd":	796372,
					"rtt":	543,
					"rttvar":	26,
					"pmtu":	9000,
					"omitted":	false,
					"sender":	true
				}],
			"sum":	{
				"start":	0,
				"end":	30.000071,
				"seconds":	30.000070571899414,
				"bytes":	18749587456,
				"bits_per_second":	4999878226.56989,
				"retransmits":	22,
				"omitted":	false,
				"sender":	true
			}
		}],
	"end":	{
		"streams":	[{
				"sender":	{
					"socket":	5,
					"start":	0,
					"end":	30.000071,
					"seconds":	30.000071,
					"bytes":	18749587456,
					"bits_per_second":	4999878155.2217,
					"retransmits":	22,
					"max_snd_cwnd":	796372,
					"max_rtt":	543,
					"min_rtt":	543,
					"mean_rtt":	543,
					"sender":	true
				},
				"receiver":	{
					"socket":	5,
					"start":	0,
					"end":	30.000173,
					"seconds":	30.000071,
					"bytes":	18749587456,
					"bits_per_second":	4999861155.7340021,
					"sender":	true
				}
			}],
		"sum_sent":	{
			"start":	0,
			"end":	30.000071,
			"seconds":	30.000071,
			"bytes":	18749587456,
			"bits_per_second":	4999878155.2217,
			"retransmits":	22,
			"sender":	true
		},
		"sum_received":	{
			"start":	0,
			"end":	30.000173,
			"seconds":	30.000173,
			"bytes":	18749587456,
			"bits_per_second":	4999861155.7340021,
			"sender":	true
		},
		"cpu_utilization_percent":	{
			"host_total":	17.978194365529536,
			"host_user":	3.5908392617144429,
			"host_system":	14.387355103815095,
			"remote_total":	40.714749195232322,
			"remote_user":	0,
			"remote_system":	40.714745866823371
		},
		"sender_tcp_congestion":	"cubic",
		"receiver_tcp_congestion":	"reno"
	}
}
