{
	"start":	{
		"connected":	[{
				"socket":	5,
				"local_host":	"10.0.1.1",
				"local_port":	40370,
				"remote_host":	"10.0.0.1",
				"remote_port":	5201
			}],
		"version":	"iperf 3.9+",
		"system_info":	"Linux han-3 5.10.0 #9 SMP PREEMPT Tue Feb 23 15:01:43 PST 2021 x86_64",
		"timestamp":	{
			"time":	"Fri, 26 May 2023 06:19:15 GMT",
			"timesecs":	1685081955
		},
		"connecting_to":	{
			"host":	"10.0.0.1",
			"port":	5201
		},
		"cookie":	"a3jeidgzeeuv7azlk43iudtj27msrkyvoasy",
		"tcp_mss_default":	8948,
		"target_bitrate":	10000000000,
		"sock_bufsize":	0,
		"sndbuf_actual":	16384,
		"rcvbuf_actual":	131072,
		"test_start":	{
			"protocol":	"TCP",
			"num_streams":	1,
			"blksize":	131072,
			"omit":	0,
			"duration":	40,
			"bytes":	0,
			"blocks":	0,
			"reverse":	0,
			"tos":	0
		}
	},
	"intervals":	[{
			"streams":	[{
					"socket":	5,
					"start":	0,
					"end":	40.000304,
					"seconds":	40.00030517578125,
					"bytes":	49485053952,
					"bits_per_second":	9896935282.77608,
					"retransmits":	1356,
					"snd_cwnd":	1449576,
					"rtt":	1110,
					"rttvar":	17,
					"pmtu":	9000,
					"omitted":	false,
					"sender":	true
				}],
			"sum":	{
				"start":	0,
				"end":	40.000304,
				"seconds":	40.00030517578125,
				"bytes":	49485053952,
				"bits_per_second":	9896935282.77608,
				"retransmits":	1356,
				"omitted":	false,
				"sender":	true
			}
		}],
	"end":	{
		"streams":	[{
				"sender":	{
					"socket":	5,
					"start":	0,
					"end":	40.000304,
					"seconds":	40.000304,
					"bytes":	49485053952,
					"bits_per_second":	9896935573.68964,
					"retransmits":	1356,
					"max_snd_cwnd":	1449576,
					"max_rtt":	1110,
					"min_rtt":	1110,
					"mean_rtt":	1110,
					"sender":	true
				},
				"receiver":	{
					"socket":	5,
					"start":	0,
					"end":	40.001578,
					"seconds":	40.000304,
					"bytes":	49484165956,
					"bits_per_second":	9896442776.532465,
					"sender":	true
				}
			}],
		"sum_sent":	{
			"start":	0,
			"end":	40.000304,
			"seconds":	40.000304,
			"bytes":	49485053952,
			"bits_per_second":	9896935573.68964,
			"retransmits":	1356,
			"sender":	true
		},
		"sum_received":	{
			"start":	0,
			"end":	40.001578,
			"seconds":	40.001578,
			"bytes":	49484165956,
			"bits_per_second":	9896442776.532465,
			"sender":	true
		},
		"cpu_utilization_percent":	{
			"host_total":	55.397779563499725,
			"host_user":	1.9991403036235613,
			"host_system":	53.3986367600321,
			"remote_total":	52.739804640828723,
			"remote_user":	3.2046683269440415,
			"remote_system":	49.535113848019321
		},
		"sender_tcp_congestion":	"cubic",
		"receiver_tcp_congestion":	"reno"
	}
}
