{
	"start":	{
		"connected":	[{
				"socket":	5,
				"local_host":	"10.0.1.1",
				"local_port":	40622,
				"remote_host":	"10.0.0.1",
				"remote_port":	5201
			}],
		"version":	"iperf 3.9+",
		"system_info":	"Linux han-3 5.10.0 #9 SMP PREEMPT Tue Feb 23 15:01:43 PST 2021 x86_64",
		"timestamp":	{
			"time":	"Fri, 26 May 2023 07:20:39 GMT",
			"timesecs":	1685085639
		},
		"connecting_to":	{
			"host":	"10.0.0.1",
			"port":	5201
		},
		"cookie":	"73bffwyiq7rlwx4ulpm5pgd5wyqe2f5i2tqy",
		"tcp_mss_default":	8948,
		"target_bitrate":	10000000000,
		"sock_bufsize":	0,
		"sndbuf_actual":	16384,
		"rcvbuf_actual":	131072,
		"test_start":	{
			"protocol":	"TCP",
			"num_streams":	1,
			"blksize":	131072,
			"omit":	0,
			"duration":	90,
			"bytes":	0,
			"blocks":	0,
			"reverse":	0,
			"tos":	0
		}
	},
	"intervals":	[{
			"streams":	[{
					"socket":	5,
					"start":	0,
					"end":	60.000034,
					"seconds":	60.0000343322754,
					"bytes":	74188980224,
					"bits_per_second":	9891858369.6999054,
					"retransmits":	1945,
					"snd_cwnd":	1673276,
					"rtt":	1399,
					"rttvar":	36,
					"pmtu":	9000,
					"omitted":	false,
					"sender":	true
				}],
			"sum":	{
				"start":	0,
				"end":	60.000034,
				"seconds":	60.0000343322754,
				"bytes":	74188980224,
				"bits_per_second":	9891858369.6999054,
				"retransmits":	1945,
				"omitted":	false,
				"sender":	true
			}
		}, {
			"streams":	[{
					"socket":	5,
					"start":	60.000034,
					"end":	90.000167,
					"seconds":	30.0001335144043,
					"bytes":	37117362176,
					"bits_per_second":	9897919196.44049,
					"retransmits":	1253,
					"snd_cwnd":	1261668,
					"rtt":	1026,
					"rttvar":	35,
					"pmtu":	9000,
					"omitted":	false,
					"sender":	true
				}],
			"sum":	{
				"start":	60.000034,
				"end":	90.000167,
				"seconds":	30.0001335144043,
				"bytes":	37117362176,
				"bits_per_second":	9897919196.44049,
				"retransmits":	1253,
				"omitted":	false,
				"sender":	true
			}
		}],
	"end":	{
		"streams":	[{
				"sender":	{
					"socket":	5,
					"start":	0,
					"end":	90.000167,
					"seconds":	90.000167,
					"bytes":	111306342400,
					"bits_per_second":	9893878743.5805531,
					"retransmits":	3198,
					"max_snd_cwnd":	1673276,
					"max_rtt":	1399,
					"min_rtt":	1026,
					"mean_rtt":	1212,
					"sender":	true
				},
				"receiver":	{
					"socket":	5,
					"start":	0,
					"end":	90.001225,
					"seconds":	90.000167,
					"bytes":	111304901652,
					"bits_per_second":	9893634372.3766,
					"sender":	true
				}
			}],
		"sum_sent":	{
			"start":	0,
			"end":	90.000167,
			"seconds":	90.000167,
			"bytes":	111306342400,
			"bits_per_second":	9893878743.5805531,
			"retransmits":	3198,
			"sender":	true
		},
		"sum_received":	{
			"start":	0,
			"end":	90.001225,
			"seconds":	90.001225,
			"bytes":	111304901652,
			"bits_per_second":	9893634372.3766,
			"sender":	true
		},
		"cpu_utilization_percent":	{
			"host_total":	79.920723189925241,
			"host_user":	2.1015271155111934,
			"host_system":	77.819192741168123,
			"remote_total":	50.742832344565159,
			"remote_user":	3.0822882506534954,
			"remote_system":	47.660534099717736
		},
		"sender_tcp_congestion":	"cubic",
		"receiver_tcp_congestion":	"reno"
	}
}
