{
	"start":	{
		"connected":	[{
				"socket":	5,
				"local_host":	"10.0.1.1",
				"local_port":	35680,
				"remote_host":	"10.0.0.1",
				"remote_port":	5201
			}],
		"version":	"iperf 3.9+",
		"system_info":	"Linux han-3 5.10.0 #9 SMP PREEMPT Tue Feb 23 15:01:43 PST 2021 x86_64",
		"timestamp":	{
			"time":	"Thu, 25 May 2023 16:43:34 GMT",
			"timesecs":	1685033014
		},
		"connecting_to":	{
			"host":	"10.0.0.1",
			"port":	5201
		},
		"cookie":	"4w27aoa35bv2nz5epdgmhpbb7m2twjokeq6i",
		"tcp_mss_default":	8948,
		"target_bitrate":	1000000000,
		"sock_bufsize":	0,
		"sndbuf_actual":	16384,
		"rcvbuf_actual":	131072,
		"test_start":	{
			"protocol":	"TCP",
			"num_streams":	1,
			"blksize":	131072,
			"omit":	0,
			"duration":	50,
			"bytes":	0,
			"blocks":	0,
			"reverse":	0,
			"tos":	0
		}
	},
	"intervals":	[{
			"streams":	[{
					"socket":	5,
					"start":	0,
					"end":	50.000074,
					"seconds":	50.000072479248047,
					"bytes":	6249906176,
					"bits_per_second":	999983538.59890127,
					"retransmits":	11,
					"snd_cwnd":	268440,
					"rtt":	200,
					"rttvar":	30,
					"pmtu":	9000,
					"omitted":	false,
					"sender":	true
				}],
			"sum":	{
				"start":	0,
				"end":	50.000074,
				"seconds":	50.000072479248047,
				"bytes":	6249906176,
				"bits_per_second":	999983538.59890127,
				"retransmits":	11,
				"omitted":	false,
				"sender":	true
			}
		}],
	"end":	{
		"streams":	[{
				"sender":	{
					"socket":	5,
					"start":	0,
					"end":	50.000074,
					"seconds":	50.000074,
					"bytes":	6249906176,
					"bits_per_second":	999983508.184408,
					"retransmits":	11,
					"max_snd_cwnd":	268440,
					"max_rtt":	200,
					"min_rtt":	200,
					"mean_rtt":	200,
					"sender":	true
				},
				"receiver":	{
					"socket":	5,
					"start":	0,
					"end":	50.00014,
					"seconds":	50.000074,
					"bytes":	6249906176,
					"bits_per_second":	999982188.209873,
					"sender":	true
				}
			}],
		"sum_sent":	{
			"start":	0,
			"end":	50.000074,
			"seconds":	50.000074,
			"bytes":	6249906176,
			"bits_per_second":	999983508.184408,
			"retransmits":	11,
			"sender":	true
		},
		"sum_received":	{
			"start":	0,
			"end":	50.00014,
			"seconds":	50.00014,
			"bytes":	6249906176,
			"bits_per_second":	999982188.209873,
			"sender":	true
		},
		"cpu_utilization_percent":	{
			"host_total":	7.19280386428771,
			"host_user":	1.7993419140218823,
			"host_system":	5.39346195026583,
			"remote_total":	11.39389129188733,
			"remote_user":	0.60695434509442125,
			"remote_system":	10.786934948595881
		},
		"sender_tcp_congestion":	"cubic",
		"receiver_tcp_congestion":	"reno"
	}
}
