{
	"start":	{
		"connected":	[{
				"socket":	5,
				"local_host":	"10.0.1.1",
				"local_port":	34104,
				"remote_host":	"10.0.0.1",
				"remote_port":	5201
			}],
		"version":	"iperf 3.9+",
		"system_info":	"Linux han-3 5.10.0 #9 SMP PREEMPT Tue Feb 23 15:01:43 PST 2021 x86_64",
		"timestamp":	{
			"time":	"Thu, 25 May 2023 11:26:17 GMT",
			"timesecs":	1685013977
		},
		"connecting_to":	{
			"host":	"10.0.0.1",
			"port":	5201
		},
		"cookie":	"jdnlch7pjgnc5tv2jj6trqhdpbnkedodftwp",
		"tcp_mss_default":	8948,
		"target_bitrate":	7000000000,
		"sock_bufsize":	0,
		"sndbuf_actual":	16384,
		"rcvbuf_actual":	131072,
		"test_start":	{
			"protocol":	"TCP",
			"num_streams":	1,
			"blksize":	131072,
			"omit":	0,
			"duration":	90,
			"bytes":	0,
			"blocks":	0,
			"reverse":	0,
			"tos":	0
		}
	},
	"intervals":	[{
			"streams":	[{
					"socket":	5,
					"start":	0,
					"end":	60.000098,
					"seconds":	60.0000991821289,
					"bytes":	52499447808,
					"bits_per_second":	6999914803.29246,
					"retransmits":	34,
					"snd_cwnd":	1127448,
					"rtt":	616,
					"rttvar":	43,
					"pmtu":	9000,
					"omitted":	false,
					"sender":	true
				}],
			"sum":	{
				"start":	0,
				"end":	60.000098,
				"seconds":	60.0000991821289,
				"bytes":	52499447808,
				"bits_per_second":	6999914803.29246,
				"retransmits":	34,
				"omitted":	false,
				"sender":	true
			}
		}, {
			"streams":	[{
					"socket":	5,
					"start":	60.000098,
					"end":	90.000116,
					"seconds":	30.0000171661377,
					"bytes":	26249920512,
					"bits_per_second":	6999974797.7822924,
					"retransmits":	0,
					"snd_cwnd":	1127448,
					"rtt":	508,
					"rttvar":	55,
					"pmtu":	9000,
					"omitted":	false,
					"sender":	true
				}],
			"sum":	{
				"start":	60.000098,
				"end":	90.000116,
				"seconds":	30.0000171661377,
				"bytes":	26249920512,
				"bits_per_second":	6999974797.7822924,
				"retransmits":	0,
				"omitted":	false,
				"sender":	true
			}
		}],
	"end":	{
		"streams":	[{
				"sender":	{
					"socket":	5,
					"start":	0,
					"end":	90.000116,
					"seconds":	90.000116,
					"bytes":	78749368320,
					"bits_per_second":	6999934828.5284424,
					"retransmits":	34,
					"max_snd_cwnd":	1127448,
					"max_rtt":	616,
					"min_rtt":	508,
					"mean_rtt":	562,
					"sender":	true
				},
				"receiver":	{
					"socket":	5,
					"start":	0,
					"end":	90.000177,
					"seconds":	90.000116,
					"bytes":	78749368320,
					"bits_per_second":	6999930084.1375017,
					"sender":	true
				}
			}],
		"sum_sent":	{
			"start":	0,
			"end":	90.000116,
			"seconds":	90.000116,
			"bytes":	78749368320,
			"bits_per_second":	6999934828.5284424,
			"retransmits":	34,
			"sender":	true
		},
		"sum_received":	{
			"start":	0,
			"end":	90.000177,
			"seconds":	90.000177,
			"bytes":	78749368320,
			"bits_per_second":	6999930084.1375017,
			"sender":	true
		},
		"cpu_utilization_percent":	{
			"host_total":	24.621686389674249,
			"host_user":	1.89416270907103,
			"host_system":	22.727523680603216,
			"remote_total":	47.974539083321353,
			"remote_user":	3.9523019935993444,
			"remote_system":	44.022238200268269
		},
		"sender_tcp_congestion":	"cubic",
		"receiver_tcp_congestion":	"reno"
	}
}
