{
	"start":	{
		"connected":	[{
				"socket":	5,
				"local_host":	"10.0.1.1",
				"local_port":	42310,
				"remote_host":	"10.0.0.1",
				"remote_port":	5201
			}],
		"version":	"iperf 3.9+",
		"system_info":	"Linux han-3 5.10.0 #9 SMP PREEMPT Tue Feb 23 15:01:43 PST 2021 x86_64",
		"timestamp":	{
			"time":	"Fri, 26 May 2023 13:09:08 GMT",
			"timesecs":	1685106548
		},
		"connecting_to":	{
			"host":	"10.0.0.1",
			"port":	5201
		},
		"cookie":	"r73co7j5cr7ph6mme2oykzjyckyiq2q6oki4",
		"tcp_mss_default":	8948,
		"target_bitrate":	4000000000,
		"sock_bufsize":	0,
		"sndbuf_actual":	16384,
		"rcvbuf_actual":	131072,
		"test_start":	{
			"protocol":	"TCP",
			"num_streams":	1,
			"blksize":	131072,
			"omit":	0,
			"duration":	80,
			"bytes":	0,
			"blocks":	0,
			"reverse":	0,
			"tos":	0
		}
	},
	"intervals":	[{
			"streams":	[{
					"socket":	5,
					"start":	0,
					"end":	60.000065,
					"seconds":	60.000064849853516,
					"bytes":	29999628288,
					"bits_per_second":	3999946115.1346726,
					"retransmits":	11,
					"snd_cwnd":	957436,
					"rtt":	427,
					"rttvar":	51,
					"pmtu":	9000,
					"omitted":	false,
					"sender":	true
				}],
			"sum":	{
				"start":	0,
				"end":	60.000065,
				"seconds":	60.000064849853516,
				"bytes":	29999628288,
				"bits_per_second":	3999946115.1346726,
				"retransmits":	11,
				"omitted":	false,
				"sender":	true
			}
		}, {
			"streams":	[{
					"socket":	5,
					"start":	60.000065,
					"end":	80.000088,
					"seconds":	20.000022888183594,
					"bytes":	10000007168,
					"bits_per_second":	3999998289.5652385,
					"retransmits":	0,
					"snd_cwnd":	957436,
					"rtt":	393,
					"rttvar":	59,
					"pmtu":	9000,
					"omitted":	false,
					"sender":	true
				}],
			"sum":	{
				"start":	60.000065,
				"end":	80.000088,
				"seconds":	20.000022888183594,
				"bytes":	10000007168,
				"bits_per_second":	3999998289.5652385,
				"retransmits":	0,
				"omitted":	false,
				"sender":	true
			}
		}],
	"end":	{
		"streams":	[{
				"sender":	{
					"socket":	5,
					"start":	0,
					"end":	80.000088,
					"seconds":	80.000088,
					"bytes":	39999635456,
					"bits_per_second":	3999959145.64494,
					"retransmits":	11,
					"max_snd_cwnd":	957436,
					"max_rtt":	427,
					"min_rtt":	393,
					"mean_rtt":	410,
					"sender":	true
				},
				"receiver":	{
					"socket":	5,
					"start":	0,
					"end":	80.000033,
					"seconds":	80.000088,
					"bytes":	39999635456,
					"bits_per_second":	3999961895.6157179,
					"sender":	true
				}
			}],
		"sum_sent":	{
			"start":	0,
			"end":	80.000088,
			"seconds":	80.000088,
			"bytes":	39999635456,
			"bits_per_second":	3999959145.64494,
			"retransmits":	11,
			"sender":	true
		},
		"sum_received":	{
			"start":	0,
			"end":	80.000033,
			"seconds":	80.000033,
			"bytes":	39999635456,
			"bits_per_second":	3999961895.6157179,
			"sender":	true
		},
		"cpu_utilization_percent":	{
			"host_total":	24.657901683998638,
			"host_user":	0.65271259226593581,
			"host_system":	24.005190341694579,
			"remote_total":	38.699889168069085,
			"remote_user":	2.6533030370906654,
			"remote_system":	36.046586130978419
		},
		"sender_tcp_congestion":	"cubic",
		"receiver_tcp_congestion":	"reno"
	}
}
