{
	"start":	{
		"connected":	[{
				"socket":	5,
				"local_host":	"10.0.1.1",
				"local_port":	60396,
				"remote_host":	"10.0.0.1",
				"remote_port":	5201
			}],
		"version":	"iperf 3.9+",
		"system_info":	"Linux han-3 5.10.0 #9 SMP PREEMPT Tue Feb 23 15:01:43 PST 2021 x86_64",
		"timestamp":	{
			"time":	"Thu, 25 May 2023 04:28:45 GMT",
			"timesecs":	1684988925
		},
		"connecting_to":	{
			"host":	"10.0.0.1",
			"port":	5201
		},
		"cookie":	"ftk4ywk4hc4y7pv6my5qcuylafqzarefmsdu",
		"tcp_mss_default":	8948,
		"target_bitrate":	3000000000,
		"sock_bufsize":	0,
		"sndbuf_actual":	16384,
		"rcvbuf_actual":	131072,
		"test_start":	{
			"protocol":	"TCP",
			"num_streams":	1,
			"blksize":	131072,
			"omit":	0,
			"duration":	50,
			"bytes":	0,
			"blocks":	0,
			"reverse":	0,
			"tos":	0
		}
	},
	"intervals":	[{
			"streams":	[{
					"socket":	5,
					"start":	0,
					"end":	50.000085,
					"seconds":	50.000083923339844,
					"bytes":	18749718528,
					"bits_per_second":	2999949929.1636515,
					"retransmits":	6,
					"snd_cwnd":	536880,
					"rtt":	364,
					"rttvar":	26,
					"pmtu":	9000,
					"omitted":	false,
					"sender":	true
				}],
			"sum":	{
				"start":	0,
				"end":	50.000085,
				"seconds":	50.000083923339844,
				"bytes":	18749718528,
				"bits_per_second":	2999949929.1636515,
				"retransmits":	6,
				"omitted":	false,
				"sender":	true
			}
		}],
	"end":	{
		"streams":	[{
				"sender":	{
					"socket":	5,
					"start":	0,
					"end":	50.000085,
					"seconds":	50.000085,
					"bytes":	18749718528,
					"bits_per_second":	2999949864.56523,
					"retransmits":	6,
					"max_snd_cwnd":	536880,
					"max_rtt":	364,
					"min_rtt":	364,
					"mean_rtt":	364,
					"sender":	true
				},
				"receiver":	{
					"socket":	5,
					"start":	0,
					"end":	50.000182,
					"seconds":	50.000085,
					"bytes":	18749718528,
					"bits_per_second":	2999944044.6836772,
					"sender":	true
				}
			}],
		"sum_sent":	{
			"start":	0,
			"end":	50.000085,
			"seconds":	50.000085,
			"bytes":	18749718528,
			"bits_per_second":	2999949864.56523,
			"retransmits":	6,
			"sender":	true
		},
		"sum_received":	{
			"start":	0,
			"end":	50.000182,
			"seconds":	50.000182,
			"bytes":	18749718528,
			"bits_per_second":	2999944044.6836772,
			"sender":	true
		},
		"cpu_utilization_percent":	{
			"host_total":	10.744667364460691,
			"host_user":	1.5334342659450391,
			"host_system":	9.21123309851565,
			"remote_total":	28.727237572277875,
			"remote_user":	1.5134666719367671,
			"remote_system":	27.213772898609729
		},
		"sender_tcp_congestion":	"cubic",
		"receiver_tcp_congestion":	"reno"
	}
}
