{
	"start":	{
		"connected":	[{
				"socket":	5,
				"local_host":	"10.0.1.1",
				"local_port":	35236,
				"remote_host":	"10.0.0.1",
				"remote_port":	5201
			}],
		"version":	"iperf 3.9+",
		"system_info":	"Linux han-3 5.10.0 #9 SMP PREEMPT Tue Feb 23 15:01:43 PST 2021 x86_64",
		"timestamp":	{
			"time":	"Thu, 25 May 2023 15:11:49 GMT",
			"timesecs":	1685027509
		},
		"connecting_to":	{
			"host":	"10.0.0.1",
			"port":	5201
		},
		"cookie":	"zir7qxrbdrcxrv5ixzepktx5wrgeau2nwt3g",
		"tcp_mss_default":	8948,
		"target_bitrate":	10000000000,
		"sock_bufsize":	0,
		"sndbuf_actual":	16384,
		"rcvbuf_actual":	131072,
		"test_start":	{
			"protocol":	"TCP",
			"num_streams":	1,
			"blksize":	131072,
			"omit":	0,
			"duration":	50,
			"bytes":	0,
			"blocks":	0,
			"reverse":	0,
			"tos":	0
		}
	},
	"intervals":	[{
			"streams":	[{
					"socket":	5,
					"start":	0,
					"end":	50.000121,
					"seconds":	50.0001220703125,
					"bytes":	61843963904,
					"bits_per_second":	9895010066.90058,
					"retransmits":	1470,
					"snd_cwnd":	1753808,
					"rtt":	1326,
					"rttvar":	33,
					"pmtu":	9000,
					"omitted":	false,
					"sender":	true
				}],
			"sum":	{
				"start":	0,
				"end":	50.000121,
				"seconds":	50.0001220703125,
				"bytes":	61843963904,
				"bits_per_second":	9895010066.90058,
				"retransmits":	1470,
				"omitted":	false,
				"sender":	true
			}
		}],
	"end":	{
		"streams":	[{
				"sender":	{
					"socket":	5,
					"start":	0,
					"end":	50.000121,
					"seconds":	50.000121,
					"bytes":	61843963904,
					"bits_per_second":	9895010278.715126,
					"retransmits":	1470,
					"max_snd_cwnd":	1753808,
					"max_rtt":	1326,
					"min_rtt":	1326,
					"mean_rtt":	1326,
					"sender":	true
				},
				"receiver":	{
					"socket":	5,
					"start":	0,
					"end":	50.0015,
					"seconds":	50.000121,
					"bytes":	61842857072,
					"bits_per_second":	9894560294.71116,
					"sender":	true
				}
			}],
		"sum_sent":	{
			"start":	0,
			"end":	50.000121,
			"seconds":	50.000121,
			"bytes":	61843963904,
			"bits_per_second":	9895010278.715126,
			"retransmits":	1470,
			"sender":	true
		},
		"sum_received":	{
			"start":	0,
			"end":	50.0015,
			"seconds":	50.0015,
			"bytes":	61842857072,
			"bits_per_second":	9894560294.71116,
			"sender":	true
		},
		"cpu_utilization_percent":	{
			"host_total":	35.240964126494575,
			"host_user":	2.122032407791743,
			"host_system":	33.118931718702839,
			"remote_total":	52.560347917349674,
			"remote_user":	3.0113768663224652,
			"remote_system":	49.548973049201713
		},
		"sender_tcp_congestion":	"cubic",
		"receiver_tcp_congestion":	"reno"
	}
}
