{
	"start":	{
		"connected":	[{
				"socket":	5,
				"local_host":	"10.0.1.1",
				"local_port":	59934,
				"remote_host":	"10.0.0.1",
				"remote_port":	5201
			}],
		"version":	"iperf 3.9+",
		"system_info":	"Linux han-3 5.10.0 #9 SMP PREEMPT Tue Feb 23 15:01:43 PST 2021 x86_64",
		"timestamp":	{
			"time":	"Thu, 25 May 2023 02:52:20 GMT",
			"timesecs":	1684983140
		},
		"connecting_to":	{
			"host":	"10.0.0.1",
			"port":	5201
		},
		"cookie":	"j4qivkd2jvow5cagxvlv43xsnpfnfmjggip6",
		"tcp_mss_default":	8948,
		"target_bitrate":	2000000000,
		"sock_bufsize":	0,
		"sndbuf_actual":	16384,
		"rcvbuf_actual":	131072,
		"test_start":	{
			"protocol":	"TCP",
			"num_streams":	1,
			"blksize":	131072,
			"omit":	0,
			"duration":	40,
			"bytes":	0,
			"blocks":	0,
			"reverse":	0,
			"tos":	0
		}
	},
	"intervals":	[{
			"streams":	[{
					"socket":	5,
					"start":	0,
					"end":	40.000076,
					"seconds":	40.000076293945312,
					"bytes":	9999876096,
					"bits_per_second":	1999971404.5572758,
					"retransmits":	5,
					"snd_cwnd":	411608,
					"rtt":	318,
					"rttvar":	7,
					"pmtu":	9000,
					"omitted":	false,
					"sender":	true
				}],
			"sum":	{
				"start":	0,
				"end":	40.000076,
				"seconds":	40.000076293945312,
				"bytes":	9999876096,
				"bits_per_second":	1999971404.5572758,
				"retransmits":	5,
				"omitted":	false,
				"sender":	true
			}
		}],
	"end":	{
		"streams":	[{
				"sender":	{
					"socket":	5,
					"start":	0,
					"end":	40.000076,
					"seconds":	40.000076,
					"bytes":	9999876096,
					"bits_per_second":	1999971419.2543035,
					"retransmits":	5,
					"max_snd_cwnd":	411608,
					"max_rtt":	318,
					"min_rtt":	318,
					"mean_rtt":	318,
					"sender":	true
				},
				"receiver":	{
					"socket":	5,
					"start":	0,
					"end":	40.000194,
					"seconds":	40.000076,
					"bytes":	9999876096,
					"bits_per_second":	1999965519.3672311,
					"sender":	true
				}
			}],
		"sum_sent":	{
			"start":	0,
			"end":	40.000076,
			"seconds":	40.000076,
			"bytes":	9999876096,
			"bits_per_second":	1999971419.2543035,
			"retransmits":	5,
			"sender":	true
		},
		"sum_received":	{
			"start":	0,
			"end":	40.000194,
			"seconds":	40.000194,
			"bytes":	9999876096,
			"bits_per_second":	1999965519.3672311,
			"sender":	true
		},
		"cpu_utilization_percent":	{
			"host_total":	8.29675054659193,
			"host_user":	2.7673400759254068,
			"host_system":	5.5294079708177657,
			"remote_total":	24.396192490909392,
			"remote_user":	1.2014306240459482,
			"remote_system":	23.194764364095075
		},
		"sender_tcp_congestion":	"cubic",
		"receiver_tcp_congestion":	"reno"
	}
}
