{
	"start":	{
		"connected":	[{
				"socket":	5,
				"local_host":	"10.0.1.1",
				"local_port":	38920,
				"remote_host":	"10.0.0.1",
				"remote_port":	5201
			}],
		"version":	"iperf 3.9+",
		"system_info":	"Linux han-3 5.10.0 #9 SMP PREEMPT Tue Feb 23 15:01:43 PST 2021 x86_64",
		"timestamp":	{
			"time":	"Fri, 26 May 2023 01:29:56 GMT",
			"timesecs":	1685064596
		},
		"connecting_to":	{
			"host":	"10.0.0.1",
			"port":	5201
		},
		"cookie":	"czginubuum5t7pkkgzb7exa2n4ck4pr3zi5n",
		"tcp_mss_default":	8948,
		"target_bitrate":	6000000000,
		"sock_bufsize":	0,
		"sndbuf_actual":	16384,
		"rcvbuf_actual":	131072,
		"test_start":	{
			"protocol":	"TCP",
			"num_streams":	1,
			"blksize":	131072,
			"omit":	0,
			"duration":	100,
			"bytes":	0,
			"blocks":	0,
			"reverse":	0,
			"tos":	0
		}
	},
	"intervals":	[{
			"streams":	[{
					"socket":	5,
					"start":	0,
					"end":	60.000067,
					"seconds":	60.000068664550781,
					"bytes":	44999507968,
					"bits_per_second":	5999927529.36119,
					"retransmits":	12,
					"snd_cwnd":	993228,
					"rtt":	287,
					"rttvar":	14,
					"pmtu":	9000,
					"omitted":	false,
					"sender":	true
				}],
			"sum":	{
				"start":	0,
				"end":	60.000067,
				"seconds":	60.000068664550781,
				"bytes":	44999507968,
				"bits_per_second":	5999927529.36119,
				"retransmits":	12,
				"omitted":	false,
				"sender":	true
			}
		}, {
			"streams":	[{
					"socket":	5,
					"start":	60.000067,
					"end":	100.000072,
					"seconds":	40.000003814697266,
					"bytes":	30000021504,
					"bits_per_second":	6000003728.5950546,
					"retransmits":	2,
					"snd_cwnd":	993228,
					"rtt":	555,
					"rttvar":	50,
					"pmtu":	9000,
					"omitted":	false,
					"sender":	true
				}],
			"sum":	{
				"start":	60.000067,
				"end":	100.000072,
				"seconds":	40.000003814697266,
				"bytes":	30000021504,
				"bits_per_second":	6000003728.5950546,
				"retransmits":	2,
				"omitted":	false,
				"sender":	true
			}
		}],
	"end":	{
		"streams":	[{
				"sender":	{
					"socket":	5,
					"start":	0,
					"end":	100.000072,
					"seconds":	100.000072,
					"bytes":	74999529472,
					"bits_per_second":	5999958037.7902126,
					"retransmits":	14,
					"max_snd_cwnd":	993228,
					"max_rtt":	555,
					"min_rtt":	287,
					"mean_rtt":	421,
					"sender":	true
				},
				"receiver":	{
					"socket":	5,
					"start":	0,
					"end":	100.000158,
					"seconds":	100.000072,
					"bytes":	74999529472,
					"bits_per_second":	5999952877.8344526,
					"sender":	true
				}
			}],
		"sum_sent":	{
			"start":	0,
			"end":	100.000072,
			"seconds":	100.000072,
			"bytes":	74999529472,
			"bits_per_second":	5999958037.7902126,
			"retransmits":	14,
			"sender":	true
		},
		"sum_received":	{
			"start":	0,
			"end":	100.000158,
			"seconds":	100.000158,
			"bytes":	74999529472,
			"bits_per_second":	5999952877.8344526,
			"sender":	true
		},
		"cpu_utilization_percent":	{
			"host_total":	37.124176755703267,
			"host_user":	1.3667437038462782,
			"host_system":	35.757433051856985,
			"remote_total":	46.652811967396346,
			"remote_user":	3.3249419326720817,
			"remote_system":	43.327870034724263
		},
		"sender_tcp_congestion":	"cubic",
		"receiver_tcp_congestion":	"reno"
	}
}
