{
	"start":	{
		"connected":	[{
				"socket":	5,
				"local_host":	"10.0.1.1",
				"local_port":	35160,
				"remote_host":	"10.0.0.1",
				"remote_port":	5201
			}],
		"version":	"iperf 3.9+",
		"system_info":	"Linux han-3 5.10.0 #9 SMP PREEMPT Tue Feb 23 15:01:43 PST 2021 x86_64",
		"timestamp":	{
			"time":	"Thu, 25 May 2023 14:59:28 GMT",
			"timesecs":	1685026768
		},
		"connecting_to":	{
			"host":	"10.0.0.1",
			"port":	5201
		},
		"cookie":	"z6sigachwllekcti5pfshetn4t4j3f5dxmsr",
		"tcp_mss_default":	8948,
		"target_bitrate":	10000000000,
		"sock_bufsize":	0,
		"sndbuf_actual":	16384,
		"rcvbuf_actual":	131072,
		"test_start":	{
			"protocol":	"TCP",
			"num_streams":	1,
			"blksize":	131072,
			"omit":	0,
			"duration":	30,
			"bytes":	0,
			"blocks":	0,
			"reverse":	0,
			"tos":	0
		}
	},
	"intervals":	[{
			"streams":	[{
					"socket":	5,
					"start":	0,
					"end":	30.000077,
					"seconds":	30.000076293945312,
					"bytes":	37119328256,
					"bits_per_second":	9898462361.8417969,
					"retransmits":	1417,
					"snd_cwnd":	1548004,
					"rtt":	1245,
					"rttvar":	43,
					"pmtu":	9000,
					"omitted":	false,
					"sender":	true
				}],
			"sum":	{
				"start":	0,
				"end":	30.000077,
				"seconds":	30.000076293945312,
				"bytes":	37119328256,
				"bits_per_second":	9898462361.8417969,
				"retransmits":	1417,
				"omitted":	false,
				"sender":	true
			}
		}],
	"end":	{
		"streams":	[{
				"sender":	{
					"socket":	5,
					"start":	0,
					"end":	30.000077,
					"seconds":	30.000077,
					"bytes":	37119328256,
					"bits_per_second":	9898462128.8805351,
					"retransmits":	1417,
					"max_snd_cwnd":	1548004,
					"max_rtt":	1245,
					"min_rtt":	1245,
					"mean_rtt":	1245,
					"sender":	true
				},
				"receiver":	{
					"socket":	5,
					"start":	0,
					"end":	30.001272,
					"seconds":	30.000077,
					"bytes":	37118084644,
					"bits_per_second":	9897736241.0500469,
					"sender":	true
				}
			}],
		"sum_sent":	{
			"start":	0,
			"end":	30.000077,
			"seconds":	30.000077,
			"bytes":	37119328256,
			"bits_per_second":	9898462128.8805351,
			"retransmits":	1417,
			"sender":	true
		},
		"sum_received":	{
			"start":	0,
			"end":	30.001272,
			"seconds":	30.001272,
			"bytes":	37118084644,
			"bits_per_second":	9897736241.0500469,
			"sender":	true
		},
		"cpu_utilization_percent":	{
			"host_total":	35.047303432216559,
			"host_user":	2.2071346403526917,
			"host_system":	32.840172124957547,
			"remote_total":	57.277597579334682,
			"remote_user":	3.3982568059744325,
			"remote_system":	53.879347430050082
		},
		"sender_tcp_congestion":	"cubic",
		"receiver_tcp_congestion":	"reno"
	}
}
