{
	"start":	{
		"connected":	[{
				"socket":	5,
				"local_host":	"10.0.1.1",
				"local_port":	38998,
				"remote_host":	"10.0.0.1",
				"remote_port":	5201
			}],
		"version":	"iperf 3.9+",
		"system_info":	"Linux han-3 5.10.0 #9 SMP PREEMPT Tue Feb 23 15:01:43 PST 2021 x86_64",
		"timestamp":	{
			"time":	"Fri, 26 May 2023 01:37:17 GMT",
			"timesecs":	1685065037
		},
		"connecting_to":	{
			"host":	"10.0.0.1",
			"port":	5201
		},
		"cookie":	"kwyj5327ychv32zdbd5elttionsq3y53xfkv",
		"tcp_mss_default":	8948,
		"target_bitrate":	7000000000,
		"sock_bufsize":	0,
		"sndbuf_actual":	16384,
		"rcvbuf_actual":	131072,
		"test_start":	{
			"protocol":	"TCP",
			"num_streams":	1,
			"blksize":	131072,
			"omit":	0,
			"duration":	20,
			"bytes":	0,
			"blocks":	0,
			"reverse":	0,
			"tos":	0
		}
	},
	"intervals":	[{
			"streams":	[{
					"socket":	5,
					"start":	0,
					"end":	20.000073,
					"seconds":	20.000072479248047,
					"bytes":	17499422720,
					"bits_per_second":	6999743721.1919279,
					"retransmits":	41,
					"snd_cwnd":	1064812,
					"rtt":	638,
					"rttvar":	89,
					"pmtu":	9000,
					"omitted":	false,
					"sender":	true
				}],
			"sum":	{
				"start":	0,
				"end":	20.000073,
				"seconds":	20.000072479248047,
				"bytes":	17499422720,
				"bits_per_second":	6999743721.1919279,
				"retransmits":	41,
				"omitted":	false,
				"sender":	true
			}
		}],
	"end":	{
		"streams":	[{
				"sender":	{
					"socket":	5,
					"start":	0,
					"end":	20.000073,
					"seconds":	20.000073,
					"bytes":	17499422720,
					"bits_per_second":	6999743538.9360828,
					"retransmits":	41,
					"max_snd_cwnd":	1064812,
					"max_rtt":	638,
					"min_rtt":	638,
					"mean_rtt":	638,
					"sender":	true
				},
				"receiver":	{
					"socket":	5,
					"start":	0,
					"end":	20.000131,
					"seconds":	20.000073,
					"bytes":	17499422720,
					"bits_per_second":	6999723239.81278,
					"sender":	true
				}
			}],
		"sum_sent":	{
			"start":	0,
			"end":	20.000073,
			"seconds":	20.000073,
			"bytes":	17499422720,
			"bits_per_second":	6999743538.9360828,
			"retransmits":	41,
			"sender":	true
		},
		"sum_received":	{
			"start":	0,
			"end":	20.000131,
			"seconds":	20.000131,
			"bytes":	17499422720,
			"bits_per_second":	6999723239.81278,
			"sender":	true
		},
		"cpu_utilization_percent":	{
			"host_total":	32.172472520544787,
			"host_user":	0.7538496134313496,
			"host_system":	31.418617907712864,
			"remote_total":	50.434982945365327,
			"remote_user":	1.8309097799852392,
			"remote_system":	48.6040731653801
		},
		"sender_tcp_congestion":	"cubic",
		"receiver_tcp_congestion":	"reno"
	}
}
