{
	"start":	{
		"connected":	[{
				"socket":	5,
				"local_host":	"10.0.1.1",
				"local_port":	37940,
				"remote_host":	"10.0.0.1",
				"remote_port":	5201
			}],
		"version":	"iperf 3.9+",
		"system_info":	"Linux han-3 5.10.0 #9 SMP PREEMPT Tue Feb 23 15:01:43 PST 2021 x86_64",
		"timestamp":	{
			"time":	"Thu, 25 May 2023 21:51:24 GMT",
			"timesecs":	1685051484
		},
		"connecting_to":	{
			"host":	"10.0.0.1",
			"port":	5201
		},
		"cookie":	"mvzoswkmwhnxhe6rp3snwtzhl7xjv54inzku",
		"tcp_mss_default":	8948,
		"target_bitrate":	4000000000,
		"sock_bufsize":	0,
		"sndbuf_actual":	16384,
		"rcvbuf_actual":	131072,
		"test_start":	{
			"protocol":	"TCP",
			"num_streams":	1,
			"blksize":	131072,
			"omit":	0,
			"duration":	80,
			"bytes":	0,
			"blocks":	0,
			"reverse":	0,
			"tos":	0
		}
	},
	"intervals":	[{
			"streams":	[{
					"socket":	5,
					"start":	0,
					"end":	60.000066,
					"seconds":	60.000064849853516,
					"bytes":	29999628288,
					"bits_per_second":	3999946115.1346726,
					"retransmits":	31,
					"snd_cwnd":	751632,
					"rtt":	325,
					"rttvar":	33,
					"pmtu":	9000,
					"omitted":	false,
					"sender":	true
				}],
			"sum":	{
				"start":	0,
				"end":	60.000066,
				"seconds":	60.000064849853516,
				"bytes":	29999628288,
				"bits_per_second":	3999946115.1346726,
				"retransmits":	31,
				"omitted":	false,
				"sender":	true
			}
		}, {
			"streams":	[{
					"socket":	5,
					"start":	60.000066,
					"end":	80.000075,
					"seconds":	20.000009536743164,
					"bytes":	10000007168,
					"bits_per_second":	4000000959.85091,
					"retransmits":	2,
					"snd_cwnd":	751632,
					"rtt":	409,
					"rttvar":	23,
					"pmtu":	9000,
					"omitted":	false,
					"sender":	true
				}],
			"sum":	{
				"start":	60.000066,
				"end":	80.000075,
				"seconds":	20.000009536743164,
				"bytes":	10000007168,
				"bits_per_second":	4000000959.85091,
				"retransmits":	2,
				"omitted":	false,
				"sender":	true
			}
		}],
	"end":	{
		"streams":	[{
				"sender":	{
					"socket":	5,
					"start":	0,
					"end":	80.000075,
					"seconds":	80.000075,
					"bytes":	39999635456,
					"bits_per_second":	3999959795.637692,
					"retransmits":	33,
					"max_snd_cwnd":	751632,
					"max_rtt":	409,
					"min_rtt":	325,
					"mean_rtt":	367,
					"sender":	true
				},
				"receiver":	{
					"socket":	5,
					"start":	0,
					"end":	80.000226,
					"seconds":	80.000075,
					"bytes":	39999635456,
					"bits_per_second":	3999952245.7349057,
					"sender":	true
				}
			}],
		"sum_sent":	{
			"start":	0,
			"end":	80.000075,
			"seconds":	80.000075,
			"bytes":	39999635456,
			"bits_per_second":	3999959795.637692,
			"retransmits":	33,
			"sender":	true
		},
		"sum_received":	{
			"start":	0,
			"end":	80.000226,
			"seconds":	80.000226,
			"bytes":	39999635456,
			"bits_per_second":	3999952245.7349057,
			"sender":	true
		},
		"cpu_utilization_percent":	{
			"host_total":	20.817948649200826,
			"host_user":	1.0757419881677381,
			"host_system":	19.742206661033091,
			"remote_total":	37.009119887120029,
			"remote_user":	0.90691258058592827,
			"remote_system":	36.10220855558218
		},
		"sender_tcp_congestion":	"cubic",
		"receiver_tcp_congestion":	"reno"
	}
}
