{
	"start":	{
		"connected":	[{
				"socket":	5,
				"local_host":	"10.0.1.1",
				"local_port":	33212,
				"remote_host":	"10.0.0.1",
				"remote_port":	5201
			}],
		"version":	"iperf 3.9+",
		"system_info":	"Linux han-3 5.10.0 #9 SMP PREEMPT Tue Feb 23 15:01:43 PST 2021 x86_64",
		"timestamp":	{
			"time":	"Thu, 25 May 2023 08:16:46 GMT",
			"timesecs":	1685002606
		},
		"connecting_to":	{
			"host":	"10.0.0.1",
			"port":	5201
		},
		"cookie":	"3q4fq3nudaihpva3ntkbqnrwph4kmxahhzb2",
		"tcp_mss_default":	8948,
		"target_bitrate":	5000000000,
		"sock_bufsize":	0,
		"sndbuf_actual":	16384,
		"rcvbuf_actual":	131072,
		"test_start":	{
			"protocol":	"TCP",
			"num_streams":	1,
			"blksize":	131072,
			"omit":	0,
			"duration":	90,
			"bytes":	0,
			"blocks":	0,
			"reverse":	0,
			"tos":	0
		}
	},
	"intervals":	[{
			"streams":	[{
					"socket":	5,
					"start":	0,
					"end":	60.000122,
					"seconds":	60.0001220703125,
					"bytes":	37499568128,
					"bits_per_second":	4999932244.6784735,
					"retransmits":	41,
					"snd_cwnd":	939540,
					"rtt":	503,
					"rttvar":	41,
					"pmtu":	9000,
					"omitted":	false,
					"sender":	true
				}],
			"sum":	{
				"start":	0,
				"end":	60.000122,
				"seconds":	60.0001220703125,
				"bytes":	37499568128,
				"bits_per_second":	4999932244.6784735,
				"retransmits":	41,
				"omitted":	false,
				"sender":	true
			}
		}, {
			"streams":	[{
					"socket":	5,
					"start":	60.000122,
					"end":	90.00009,
					"seconds":	29.999967575073242,
					"bytes":	18750111744,
					"bits_per_second":	5000035202.5925074,
					"retransmits":	0,
					"snd_cwnd":	939540,
					"rtt":	596,
					"rttvar":	116,
					"pmtu":	9000,
					"omitted":	false,
					"sender":	true
				}],
			"sum":	{
				"start":	60.000122,
				"end":	90.00009,
				"seconds":	29.999967575073242,
				"bytes":	18750111744,
				"bits_per_second":	5000035202.5925074,
				"retransmits":	0,
				"omitted":	false,
				"sender":	true
			}
		}],
	"end":	{
		"streams":	[{
				"sender":	{
					"socket":	5,
					"start":	0,
					"end":	90.00009,
					"seconds":	90.00009,
					"bytes":	56249679872,
					"bits_per_second":	4999966544.2112331,
					"retransmits":	41,
					"max_snd_cwnd":	939540,
					"max_rtt":	596,
					"min_rtt":	503,
					"mean_rtt":	549,
					"sender":	true
				},
				"receiver":	{
					"socket":	5,
					"start":	0,
					"end":	90.000434,
					"seconds":	90.00009,
					"bytes":	56249679872,
					"bits_per_second":	4999947433.3201551,
					"sender":	true
				}
			}],
		"sum_sent":	{
			"start":	0,
			"end":	90.00009,
			"seconds":	90.00009,
			"bytes":	56249679872,
			"bits_per_second":	4999966544.2112331,
			"retransmits":	41,
			"sender":	true
		},
		"sum_received":	{
			"start":	0,
			"end":	90.000434,
			"seconds":	90.000434,
			"bytes":	56249679872,
			"bits_per_second":	4999947433.3201551,
			"sender":	true
		},
		"cpu_utilization_percent":	{
			"host_total":	20.590695334783248,
			"host_user":	1.7606822703101623,
			"host_system":	18.830011953387888,
			"remote_total":	42.668997801665,
			"remote_user":	2.7038004692957438,
			"remote_system":	39.965196221846654
		},
		"sender_tcp_congestion":	"cubic",
		"receiver_tcp_congestion":	"reno"
	}
}
