{
	"start":	{
		"connected":	[{
				"socket":	5,
				"local_host":	"10.0.1.1",
				"local_port":	42246,
				"remote_host":	"10.0.0.1",
				"remote_port":	5201
			}],
		"version":	"iperf 3.9+",
		"system_info":	"Linux han-3 5.10.0 #9 SMP PREEMPT Tue Feb 23 15:01:43 PST 2021 x86_64",
		"timestamp":	{
			"time":	"Fri, 26 May 2023 12:51:57 GMT",
			"timesecs":	1685105517
		},
		"connecting_to":	{
			"host":	"10.0.0.1",
			"port":	5201
		},
		"cookie":	"vmomkvhfe46hlccvlyv4ayxkstvrnyr2j2ji",
		"tcp_mss_default":	8948,
		"target_bitrate":	4000000000,
		"sock_bufsize":	0,
		"sndbuf_actual":	16384,
		"rcvbuf_actual":	131072,
		"test_start":	{
			"protocol":	"TCP",
			"num_streams":	1,
			"blksize":	131072,
			"omit":	0,
			"duration":	70,
			"bytes":	0,
			"blocks":	0,
			"reverse":	0,
			"tos":	0
		}
	},
	"intervals":	[{
			"streams":	[{
					"socket":	5,
					"start":	0,
					"end":	60.000084,
					"seconds":	60.000083923339844,
					"bytes":	29999628288,
					"bits_per_second":	3999944843.5878258,
					"retransmits":	14,
					"snd_cwnd":	733736,
					"rtt":	370,
					"rttvar":	51,
					"pmtu":	9000,
					"omitted":	false,
					"sender":	true
				}],
			"sum":	{
				"start":	0,
				"end":	60.000084,
				"seconds":	60.000083923339844,
				"bytes":	29999628288,
				"bits_per_second":	3999944843.5878258,
				"retransmits":	14,
				"omitted":	false,
				"sender":	true
			}
		}, {
			"streams":	[{
					"socket":	5,
					"start":	60.000084,
					"end":	70.000081,
					"seconds":	9.99999713897705,
					"bytes":	5000003584,
					"bits_per_second":	4000004011.6103272,
					"retransmits":	0,
					"snd_cwnd":	733736,
					"rtt":	473,
					"rttvar":	31,
					"pmtu":	9000,
					"omitted":	false,
					"sender":	true
				}],
			"sum":	{
				"start":	60.000084,
				"end":	70.000081,
				"seconds":	9.99999713897705,
				"bytes":	5000003584,
				"bits_per_second":	4000004011.6103272,
				"retransmits":	0,
				"omitted":	false,
				"sender":	true
			}
		}],
	"end":	{
		"streams":	[{
				"sender":	{
					"socket":	5,
					"start":	0,
					"end":	70.000081,
					"seconds":	70.000081,
					"bytes":	34999631872,
					"bits_per_second":	3999953299.7111821,
					"retransmits":	14,
					"max_snd_cwnd":	733736,
					"max_rtt":	473,
					"min_rtt":	370,
					"mean_rtt":	421,
					"sender":	true
				},
				"receiver":	{
					"socket":	5,
					"start":	0,
					"end":	70.00019,
					"seconds":	70.000081,
					"bytes":	34999631872,
					"bits_per_second":	3999947071.2293777,
					"sender":	true
				}
			}],
		"sum_sent":	{
			"start":	0,
			"end":	70.000081,
			"seconds":	70.000081,
			"bytes":	34999631872,
			"bits_per_second":	3999953299.7111821,
			"retransmits":	14,
			"sender":	true
		},
		"sum_received":	{
			"start":	0,
			"end":	70.00019,
			"seconds":	70.00019,
			"bytes":	34999631872,
			"bits_per_second":	3999947071.2293777,
			"sender":	true
		},
		"cpu_utilization_percent":	{
			"host_total":	24.395621104606938,
			"host_user":	0.705398641815196,
			"host_system":	23.690222462791741,
			"remote_total":	39.2009077835695,
			"remote_user":	1.3252926128952227,
			"remote_system":	37.875613743844156
		},
		"sender_tcp_congestion":	"cubic",
		"receiver_tcp_congestion":	"reno"
	}
}
