{
	"start":	{
		"connected":	[{
				"socket":	5,
				"local_host":	"10.0.1.1",
				"local_port":	35466,
				"remote_host":	"10.0.0.1",
				"remote_port":	5201
			}],
		"version":	"iperf 3.9+",
		"system_info":	"Linux han-3 5.10.0 #9 SMP PREEMPT Tue Feb 23 15:01:43 PST 2021 x86_64",
		"timestamp":	{
			"time":	"Thu, 25 May 2023 16:14:22 GMT",
			"timesecs":	1685031262
		},
		"connecting_to":	{
			"host":	"10.0.0.1",
			"port":	5201
		},
		"cookie":	"brmpec776nhzmtlei3hx6jlfxzjaz5ltgj4r",
		"tcp_mss_default":	8948,
		"target_bitrate":	10000000000,
		"sock_bufsize":	0,
		"sndbuf_actual":	16384,
		"rcvbuf_actual":	131072,
		"test_start":	{
			"protocol":	"TCP",
			"num_streams":	1,
			"blksize":	131072,
			"omit":	0,
			"duration":	100,
			"bytes":	0,
			"blocks":	0,
			"reverse":	0,
			"tos":	0
		}
	},
	"intervals":	[{
			"streams":	[{
					"socket":	5,
					"start":	0,
					"end":	60.000053,
					"seconds":	60.000053405761719,
					"bytes":	74218209280,
					"bits_per_second":	9895752429.1633949,
					"retransmits":	2054,
					"snd_cwnd":	1673276,
					"rtt":	1328,
					"rttvar":	25,
					"pmtu":	9000,
					"omitted":	false,
					"sender":	true
				}],
			"sum":	{
				"start":	0,
				"end":	60.000053,
				"seconds":	60.000053405761719,
				"bytes":	74218209280,
				"bits_per_second":	9895752429.1633949,
				"retransmits":	2054,
				"omitted":	false,
				"sender":	true
			}
		}, {
			"streams":	[{
					"socket":	5,
					"start":	60.000053,
					"end":	100.000079,
					"seconds":	40.000026702880859,
					"bytes":	49497505792,
					"bits_per_second":	9899494549.77441,
					"retransmits":	1112,
					"snd_cwnd":	1404836,
					"rtt":	1183,
					"rttvar":	45,
					"pmtu":	9000,
					"omitted":	false,
					"sender":	true
				}],
			"sum":	{
				"start":	60.000053,
				"end":	100.000079,
				"seconds":	40.000026702880859,
				"bytes":	49497505792,
				"bits_per_second":	9899494549.77441,
				"retransmits":	1112,
				"omitted":	false,
				"sender":	true
			}
		}],
	"end":	{
		"streams":	[{
				"sender":	{
					"socket":	5,
					"start":	0,
					"end":	100.000079,
					"seconds":	100.000079,
					"bytes":	123715715072,
					"bits_per_second":	9897249386.9329853,
					"retransmits":	3166,
					"max_snd_cwnd":	1673276,
					"max_rtt":	1328,
					"min_rtt":	1183,
					"mean_rtt":	1255,
					"sender":	true
				},
				"receiver":	{
					"socket":	5,
					"start":	0,
					"end":	100.001221,
					"seconds":	100.000079,
					"bytes":	123714501304,
					"bits_per_second":	9897039261.47062,
					"sender":	true
				}
			}],
		"sum_sent":	{
			"start":	0,
			"end":	100.000079,
			"seconds":	100.000079,
			"bytes":	123715715072,
			"bits_per_second":	9897249386.9329853,
			"retransmits":	3166,
			"sender":	true
		},
		"sum_received":	{
			"start":	0,
			"end":	100.001221,
			"seconds":	100.001221,
			"bytes":	123714501304,
			"bits_per_second":	9897039261.47062,
			"sender":	true
		},
		"cpu_utilization_percent":	{
			"host_total":	36.843029347536742,
			"host_user":	2.0169964158810014,
			"host_system":	34.826032931655746,
			"remote_total":	53.584982012307655,
			"remote_user":	3.8078002676531759,
			"remote_system":	49.777170749946343
		},
		"sender_tcp_congestion":	"cubic",
		"receiver_tcp_congestion":	"reno"
	}
}
