{
	"start":	{
		"connected":	[{
				"socket":	5,
				"local_host":	"10.0.1.1",
				"local_port":	44288,
				"remote_host":	"10.0.0.1",
				"remote_port":	5201
			}],
		"version":	"iperf 3.9+",
		"system_info":	"Linux han-3 5.10.0 #9 SMP PREEMPT Tue Feb 23 15:01:43 PST 2021 x86_64",
		"timestamp":	{
			"time":	"Fri, 26 May 2023 20:02:43 GMT",
			"timesecs":	1685131363
		},
		"connecting_to":	{
			"host":	"10.0.0.1",
			"port":	5201
		},
		"cookie":	"yu6erwiy3n6sndhdq3fjejynqxemqtd5ikie",
		"tcp_mss_default":	8948,
		"target_bitrate":	9000000000,
		"sock_bufsize":	0,
		"sndbuf_actual":	16384,
		"rcvbuf_actual":	131072,
		"test_start":	{
			"protocol":	"TCP",
			"num_streams":	1,
			"blksize":	131072,
			"omit":	0,
			"duration":	30,
			"bytes":	0,
			"blocks":	0,
			"reverse":	0,
			"tos":	0
		}
	},
	"intervals":	[{
			"streams":	[{
					"socket":	5,
					"start":	0,
					"end":	30.000254,
					"seconds":	30.000253677368164,
					"bytes":	33749204992,
					"bits_per_second":	8999711897.09239,
					"retransmits":	142,
					"snd_cwnd":	1780652,
					"rtt":	713,
					"rttvar":	80,
					"pmtu":	9000,
					"omitted":	false,
					"sender":	true
				}],
			"sum":	{
				"start":	0,
				"end":	30.000254,
				"seconds":	30.000253677368164,
				"bytes":	33749204992,
				"bits_per_second":	8999711897.09239,
				"retransmits":	142,
				"omitted":	false,
				"sender":	true
			}
		}],
	"end":	{
		"streams":	[{
				"sender":	{
					"socket":	5,
					"start":	0,
					"end":	30.000254,
					"seconds":	30.000254,
					"bytes":	33749204992,
					"bits_per_second":	8999711800.306757,
					"retransmits":	142,
					"max_snd_cwnd":	1780652,
					"max_rtt":	713,
					"min_rtt":	713,
					"mean_rtt":	713,
					"sender":	true
				},
				"receiver":	{
					"socket":	5,
					"start":	0,
					"end":	30.000438,
					"seconds":	30.000254,
					"bytes":	33749204992,
					"bits_per_second":	8999656602.8802643,
					"sender":	true
				}
			}],
		"sum_sent":	{
			"start":	0,
			"end":	30.000254,
			"seconds":	30.000254,
			"bytes":	33749204992,
			"bits_per_second":	8999711800.306757,
			"retransmits":	142,
			"sender":	true
		},
		"sum_received":	{
			"start":	0,
			"end":	30.000438,
			"seconds":	30.000438,
			"bytes":	33749204992,
			"bits_per_second":	8999656602.8802643,
			"sender":	true
		},
		"cpu_utilization_percent":	{
			"host_total":	83.4633234698749,
			"host_user":	2.2763314227361366,
			"host_system":	81.186995380176441,
			"remote_total":	51.731401547848364,
			"remote_user":	6.0397337876926986,
			"remote_system":	45.69166776015566
		},
		"sender_tcp_congestion":	"cubic",
		"receiver_tcp_congestion":	"reno"
	}
}
