{
	"start":	{
		"connected":	[{
				"socket":	5,
				"local_host":	"10.0.1.1",
				"local_port":	60552,
				"remote_host":	"10.0.0.1",
				"remote_port":	5201
			}],
		"version":	"iperf 3.9+",
		"system_info":	"Linux han-3 5.10.0 #9 SMP PREEMPT Tue Feb 23 15:01:43 PST 2021 x86_64",
		"timestamp":	{
			"time":	"Thu, 25 May 2023 05:07:27 GMT",
			"timesecs":	1684991247
		},
		"connecting_to":	{
			"host":	"10.0.0.1",
			"port":	5201
		},
		"cookie":	"w67y3wmstl3ootfkbbc62skxahjscpwcvg3o",
		"tcp_mss_default":	8948,
		"target_bitrate":	3000000000,
		"sock_bufsize":	0,
		"sndbuf_actual":	16384,
		"rcvbuf_actual":	131072,
		"test_start":	{
			"protocol":	"TCP",
			"num_streams":	1,
			"blksize":	131072,
			"omit":	0,
			"duration":	80,
			"bytes":	0,
			"blocks":	0,
			"reverse":	0,
			"tos":	0
		}
	},
	"intervals":	[{
			"streams":	[{
					"socket":	5,
					"start":	0,
					"end":	60.000102,
					"seconds":	60.000102996826172,
					"bytes":	22499819520,
					"bits_per_second":	2999970786.20884,
					"retransmits":	12,
					"snd_cwnd":	545828,
					"rtt":	503,
					"rttvar":	35,
					"pmtu":	9000,
					"omitted":	false,
					"sender":	true
				}],
			"sum":	{
				"start":	0,
				"end":	60.000102,
				"seconds":	60.000102996826172,
				"bytes":	22499819520,
				"bits_per_second":	2999970786.20884,
				"retransmits":	12,
				"omitted":	false,
				"sender":	true
			}
		}, {
			"streams":	[{
					"socket":	5,
					"start":	60.000102,
					"end":	80.00012,
					"seconds":	20.0000171661377,
					"bytes":	7499939840,
					"bits_per_second":	2999973361.10221,
					"retransmits":	0,
					"snd_cwnd":	545828,
					"rtt":	342,
					"rttvar":	48,
					"pmtu":	9000,
					"omitted":	false,
					"sender":	true
				}],
			"sum":	{
				"start":	60.000102,
				"end":	80.00012,
				"seconds":	20.0000171661377,
				"bytes":	7499939840,
				"bits_per_second":	2999973361.10221,
				"retransmits":	0,
				"omitted":	false,
				"sender":	true
			}
		}],
	"end":	{
		"streams":	[{
				"sender":	{
					"socket":	5,
					"start":	0,
					"end":	80.00012,
					"seconds":	80.00012,
					"bytes":	29999759360,
					"bits_per_second":	2999971436.0428462,
					"retransmits":	12,
					"max_snd_cwnd":	545828,
					"max_rtt":	503,
					"min_rtt":	342,
					"mean_rtt":	422,
					"sender":	true
				},
				"receiver":	{
					"socket":	5,
					"start":	0,
					"end":	80.000278,
					"seconds":	80.00012,
					"bytes":	29999759360,
					"bits_per_second":	2999965511.1198492,
					"sender":	true
				}
			}],
		"sum_sent":	{
			"start":	0,
			"end":	80.00012,
			"seconds":	80.00012,
			"bytes":	29999759360,
			"bits_per_second":	2999971436.0428462,
			"retransmits":	12,
			"sender":	true
		},
		"sum_received":	{
			"start":	0,
			"end":	80.000278,
			"seconds":	80.000278,
			"bytes":	29999759360,
			"bits_per_second":	2999965511.1198492,
			"sender":	true
		},
		"cpu_utilization_percent":	{
			"host_total":	13.150614837855931,
			"host_user":	0.24481592813109621,
			"host_system":	12.905798909724833,
			"remote_total":	35.985758612951138,
			"remote_user":	2.5246343897816286,
			"remote_system":	33.461122974117863
		},
		"sender_tcp_congestion":	"cubic",
		"receiver_tcp_congestion":	"reno"
	}
}
