{
	"start":	{
		"connected":	[{
				"socket":	5,
				"local_host":	"10.0.1.1",
				"local_port":	43334,
				"remote_host":	"10.0.0.1",
				"remote_port":	5201
			}],
		"version":	"iperf 3.9+",
		"system_info":	"Linux han-3 5.10.0 #9 SMP PREEMPT Tue Feb 23 15:01:43 PST 2021 x86_64",
		"timestamp":	{
			"time":	"Fri, 26 May 2023 16:52:36 GMT",
			"timesecs":	1685119956
		},
		"connecting_to":	{
			"host":	"10.0.0.1",
			"port":	5201
		},
		"cookie":	"hmertnhzi3cfcoothjfniu2shjghf4bj73z6",
		"tcp_mss_default":	8948,
		"target_bitrate":	7000000000,
		"sock_bufsize":	0,
		"sndbuf_actual":	16384,
		"rcvbuf_actual":	131072,
		"test_start":	{
			"protocol":	"TCP",
			"num_streams":	1,
			"blksize":	131072,
			"omit":	0,
			"duration":	10,
			"bytes":	0,
			"blocks":	0,
			"reverse":	0,
			"tos":	0
		}
	},
	"intervals":	[{
			"streams":	[{
					"socket":	5,
					"start":	0,
					"end":	10.000299,
					"seconds":	10.000299453735352,
					"bytes":	8749449216,
					"bits_per_second":	6999349774.6564951,
					"retransmits":	12,
					"snd_cwnd":	2433856,
					"rtt":	688,
					"rttvar":	40,
					"pmtu":	9000,
					"omitted":	false,
					"sender":	true
				}],
			"sum":	{
				"start":	0,
				"end":	10.000299,
				"seconds":	10.000299453735352,
				"bytes":	8749449216,
				"bits_per_second":	6999349774.6564951,
				"retransmits":	12,
				"omitted":	false,
				"sender":	true
			}
		}],
	"end":	{
		"streams":	[{
				"sender":	{
					"socket":	5,
					"start":	0,
					"end":	10.000299,
					"seconds":	10.000299,
					"bytes":	8749449216,
					"bits_per_second":	6999350092.2322426,
					"retransmits":	12,
					"max_snd_cwnd":	2433856,
					"max_rtt":	688,
					"min_rtt":	688,
					"mean_rtt":	688,
					"sender":	true
				},
				"receiver":	{
					"socket":	5,
					"start":	0,
					"end":	10.000467,
					"seconds":	10.000299,
					"bytes":	8749449216,
					"bits_per_second":	6999232508.6418457,
					"sender":	true
				}
			}],
		"sum_sent":	{
			"start":	0,
			"end":	10.000299,
			"seconds":	10.000299,
			"bytes":	8749449216,
			"bits_per_second":	6999350092.2322426,
			"retransmits":	12,
			"sender":	true
		},
		"sum_received":	{
			"start":	0,
			"end":	10.000467,
			"seconds":	10.000467,
			"bytes":	8749449216,
			"bits_per_second":	6999232508.6418457,
			"sender":	true
		},
		"cpu_utilization_percent":	{
			"host_total":	54.624802263496242,
			"host_user":	1.56640602388644,
			"host_system":	53.058386242188135,
			"remote_total":	45.5354914929661,
			"remote_user":	8.3072030744853134,
			"remote_system":	37.2282884184808
		},
		"sender_tcp_congestion":	"cubic",
		"receiver_tcp_congestion":	"reno"
	}
}
