{
	"start":	{
		"connected":	[{
				"socket":	5,
				"local_host":	"10.0.1.1",
				"local_port":	34380,
				"remote_host":	"10.0.0.1",
				"remote_port":	5201
			}],
		"version":	"iperf 3.9+",
		"system_info":	"Linux han-3 5.10.0 #9 SMP PREEMPT Tue Feb 23 15:01:43 PST 2021 x86_64",
		"timestamp":	{
			"time":	"Thu, 25 May 2023 12:11:40 GMT",
			"timesecs":	1685016700
		},
		"connecting_to":	{
			"host":	"10.0.0.1",
			"port":	5201
		},
		"cookie":	"ehkdpbvqkzxnoyp44xmiy3btk5bxktpqvxzg",
		"tcp_mss_default":	8948,
		"target_bitrate":	8000000000,
		"sock_bufsize":	0,
		"sndbuf_actual":	16384,
		"rcvbuf_actual":	131072,
		"test_start":	{
			"protocol":	"TCP",
			"num_streams":	1,
			"blksize":	131072,
			"omit":	0,
			"duration":	50,
			"bytes":	0,
			"blocks":	0,
			"reverse":	0,
			"tos":	0
		}
	},
	"intervals":	[{
			"streams":	[{
					"socket":	5,
					"start":	0,
					"end":	50.000097,
					"seconds":	50.000095367431641,
					"bytes":	49999249408,
					"bits_per_second":	7999864646.7491035,
					"retransmits":	22,
					"snd_cwnd":	2290688,
					"rtt":	663,
					"rttvar":	15,
					"pmtu":	9000,
					"omitted":	false,
					"sender":	true
				}],
			"sum":	{
				"start":	0,
				"end":	50.000097,
				"seconds":	50.000095367431641,
				"bytes":	49999249408,
				"bits_per_second":	7999864646.7491035,
				"retransmits":	22,
				"omitted":	false,
				"sender":	true
			}
		}],
	"end":	{
		"streams":	[{
				"sender":	{
					"socket":	5,
					"start":	0,
					"end":	50.000097,
					"seconds":	50.000097,
					"bytes":	49999249408,
					"bits_per_second":	7999864385.5430927,
					"retransmits":	22,
					"max_snd_cwnd":	2290688,
					"max_rtt":	663,
					"min_rtt":	663,
					"mean_rtt":	663,
					"sender":	true
				},
				"receiver":	{
					"socket":	5,
					"start":	0,
					"end":	50.000257,
					"seconds":	50.000097,
					"bytes":	49999249408,
					"bits_per_second":	7999838786.10864,
					"sender":	true
				}
			}],
		"sum_sent":	{
			"start":	0,
			"end":	50.000097,
			"seconds":	50.000097,
			"bytes":	49999249408,
			"bits_per_second":	7999864385.5430927,
			"retransmits":	22,
			"sender":	true
		},
		"sum_received":	{
			"start":	0,
			"end":	50.000257,
			"seconds":	50.000257,
			"bytes":	49999249408,
			"bits_per_second":	7999838786.10864,
			"sender":	true
		},
		"cpu_utilization_percent":	{
			"host_total":	26.357296466402481,
			"host_user":	4.3892635631450769,
			"host_system":	21.968030903341443,
			"remote_total":	54.00458513184887,
			"remote_user":	2.379510507512228,
			"remote_system":	51.625076622511465
		},
		"sender_tcp_congestion":	"cubic",
		"receiver_tcp_congestion":	"reno"
	}
}
