{
	"start":	{
		"connected":	[{
				"socket":	5,
				"local_host":	"10.0.1.1",
				"local_port":	33744,
				"remote_host":	"10.0.0.1",
				"remote_port":	5201
			}],
		"version":	"iperf 3.9+",
		"system_info":	"Linux han-3 5.10.0 #9 SMP PREEMPT Tue Feb 23 15:01:43 PST 2021 x86_64",
		"timestamp":	{
			"time":	"Thu, 25 May 2023 10:16:22 GMT",
			"timesecs":	1685009782
		},
		"connecting_to":	{
			"host":	"10.0.0.1",
			"port":	5201
		},
		"cookie":	"epmf2opjrj4e7yxkreai46mmsreitnw3avhi",
		"tcp_mss_default":	8948,
		"target_bitrate":	7000000000,
		"sock_bufsize":	0,
		"sndbuf_actual":	16384,
		"rcvbuf_actual":	131072,
		"test_start":	{
			"protocol":	"TCP",
			"num_streams":	1,
			"blksize":	131072,
			"omit":	0,
			"duration":	10,
			"bytes":	0,
			"blocks":	0,
			"reverse":	0,
			"tos":	0
		}
	},
	"intervals":	[{
			"streams":	[{
					"socket":	5,
					"start":	0,
					"end":	10.000269,
					"seconds":	10.000268936157227,
					"bytes":	8749449216,
					"bits_per_second":	6999371134.4024115,
					"retransmits":	34,
					"snd_cwnd":	1064812,
					"rtt":	675,
					"rttvar":	49,
					"pmtu":	9000,
					"omitted":	false,
					"sender":	true
				}],
			"sum":	{
				"start":	0,
				"end":	10.000269,
				"seconds":	10.000268936157227,
				"bytes":	8749449216,
				"bits_per_second":	6999371134.4024115,
				"retransmits":	34,
				"omitted":	false,
				"sender":	true
			}
		}],
	"end":	{
		"streams":	[{
				"sender":	{
					"socket":	5,
					"start":	0,
					"end":	10.000269,
					"seconds":	10.000269,
					"bytes":	8749449216,
					"bits_per_second":	6999371089.7176867,
					"retransmits":	34,
					"max_snd_cwnd":	1064812,
					"max_rtt":	675,
					"min_rtt":	675,
					"mean_rtt":	675,
					"sender":	true
				},
				"receiver":	{
					"socket":	5,
					"start":	0,
					"end":	10.000469,
					"seconds":	10.000269,
					"bytes":	8749449216,
					"bits_per_second":	6999231108.8609943,
					"sender":	true
				}
			}],
		"sum_sent":	{
			"start":	0,
			"end":	10.000269,
			"seconds":	10.000269,
			"bytes":	8749449216,
			"bits_per_second":	6999371089.7176867,
			"retransmits":	34,
			"sender":	true
		},
		"sum_received":	{
			"start":	0,
			"end":	10.000469,
			"seconds":	10.000469,
			"bytes":	8749449216,
			"bits_per_second":	6999231108.8609943,
			"sender":	true
		},
		"cpu_utilization_percent":	{
			"host_total":	28.259322780320751,
			"host_user":	0.50071407041129157,
			"host_system":	27.758618707395087,
			"remote_total":	47.835090192885446,
			"remote_user":	2.8780103344211359,
			"remote_system":	44.957069909658877
		},
		"sender_tcp_congestion":	"cubic",
		"receiver_tcp_congestion":	"reno"
	}
}
