{
	"start":	{
		"connected":	[{
				"socket":	5,
				"local_host":	"10.0.1.1",
				"local_port":	53092,
				"remote_host":	"10.0.0.1",
				"remote_port":	5201
			}],
		"version":	"iperf 3.9+",
		"system_info":	"Linux han-3 5.10.0 #9 SMP PREEMPT Tue Feb 23 15:01:43 PST 2021 x86_64",
		"timestamp":	{
			"time":	"Tue, 23 May 2023 01:13:58 GMT",
			"timesecs":	1684804438
		},
		"connecting_to":	{
			"host":	"10.0.0.1",
			"port":	5201
		},
		"cookie":	"44hwqji4hhiuo3xsgnpynii2xj2ftbys2tdn",
		"tcp_mss_default":	8948,
		"target_bitrate":	4000000000,
		"sock_bufsize":	0,
		"sndbuf_actual":	16384,
		"rcvbuf_actual":	131072,
		"test_start":	{
			"protocol":	"TCP",
			"num_streams":	1,
			"blksize":	131072,
			"omit":	0,
			"duration":	30,
			"bytes":	0,
			"blocks":	0,
			"reverse":	0,
			"tos":	0
		}
	},
	"intervals":	[{
			"streams":	[{
					"socket":	5,
					"start":	0,
					"end":	30.000075,
					"seconds":	30.00007438659668,
					"bytes":	14999617536,
					"bits_per_second":	3999888091.6645923,
					"retransmits":	62,
					"snd_cwnd":	939540,
					"rtt":	459,
					"rttvar":	53,
					"pmtu":	9000,
					"omitted":	false,
					"sender":	true
				}],
			"sum":	{
				"start":	0,
				"end":	30.000075,
				"seconds":	30.00007438659668,
				"bytes":	14999617536,
				"bits_per_second":	3999888091.6645923,
				"retransmits":	62,
				"omitted":	false,
				"sender":	true
			}
		}],
	"end":	{
		"streams":	[{
				"sender":	{
					"socket":	5,
					"start":	0,
					"end":	30.000075,
					"seconds":	30.000075,
					"bytes":	14999617536,
					"bits_per_second":	3999888009.8799753,
					"retransmits":	62,
					"max_snd_cwnd":	939540,
					"max_rtt":	459,
					"min_rtt":	459,
					"mean_rtt":	459,
					"sender":	true
				},
				"receiver":	{
					"socket":	5,
					"start":	0,
					"end":	30.000199,
					"seconds":	30.000075,
					"bytes":	14999617536,
					"bits_per_second":	3999871477.1192021,
					"sender":	true
				}
			}],
		"sum_sent":	{
			"start":	0,
			"end":	30.000075,
			"seconds":	30.000075,
			"bytes":	14999617536,
			"bits_per_second":	3999888009.8799753,
			"retransmits":	62,
			"sender":	true
		},
		"sum_received":	{
			"start":	0,
			"end":	30.000199,
			"seconds":	30.000199,
			"bytes":	14999617536,
			"bits_per_second":	3999871477.1192021,
			"sender":	true
		},
		"cpu_utilization_percent":	{
			"host_total":	18.275954107107015,
			"host_user":	7.3132074022764861,
			"host_system":	10.962743371780949,
			"remote_total":	31.069518972837528,
			"remote_user":	1.5402917886423875,
			"remote_system":	29.529230512015829
		},
		"sender_tcp_congestion":	"cubic",
		"receiver_tcp_congestion":	"reno"
	}
}
