{
	"start":	{
		"connected":	[{
				"socket":	5,
				"local_host":	"10.0.1.1",
				"local_port":	32846,
				"remote_host":	"10.0.0.1",
				"remote_port":	5201
			}],
		"version":	"iperf 3.9+",
		"system_info":	"Linux han-3 5.10.0 #9 SMP PREEMPT Tue Feb 23 15:01:43 PST 2021 x86_64",
		"timestamp":	{
			"time":	"Thu, 25 May 2023 07:08:52 GMT",
			"timesecs":	1684998532
		},
		"connecting_to":	{
			"host":	"10.0.0.1",
			"port":	5201
		},
		"cookie":	"ljhmvuu6bwpgt7eeaddjoo3h7ekk2yr3zej2",
		"tcp_mss_default":	8948,
		"target_bitrate":	4000000000,
		"sock_bufsize":	0,
		"sndbuf_actual":	16384,
		"rcvbuf_actual":	131072,
		"test_start":	{
			"protocol":	"TCP",
			"num_streams":	1,
			"blksize":	131072,
			"omit":	0,
			"duration":	100,
			"bytes":	0,
			"blocks":	0,
			"reverse":	0,
			"tos":	0
		}
	},
	"intervals":	[{
			"streams":	[{
					"socket":	5,
					"start":	0,
					"end":	60.000066,
					"seconds":	60.000064849853516,
					"bytes":	29999628288,
					"bits_per_second":	3999946115.1346726,
					"retransmits":	6,
					"snd_cwnd":	671100,
					"rtt":	469,
					"rttvar":	17,
					"pmtu":	9000,
					"omitted":	false,
					"sender":	true
				}],
			"sum":	{
				"start":	0,
				"end":	60.000066,
				"seconds":	60.000064849853516,
				"bytes":	29999628288,
				"bits_per_second":	3999946115.1346726,
				"retransmits":	6,
				"omitted":	false,
				"sender":	true
			}
		}, {
			"streams":	[{
					"socket":	5,
					"start":	60.000066,
					"end":	100.000074,
					"seconds":	40.000007629394531,
					"bytes":	20000014336,
					"bits_per_second":	4000002104.2601457,
					"retransmits":	1,
					"snd_cwnd":	671100,
					"rtt":	450,
					"rttvar":	21,
					"pmtu":	9000,
					"omitted":	false,
					"sender":	true
				}],
			"sum":	{
				"start":	60.000066,
				"end":	100.000074,
				"seconds":	40.000007629394531,
				"bytes":	20000014336,
				"bits_per_second":	4000002104.2601457,
				"retransmits":	1,
				"omitted":	false,
				"sender":	true
			}
		}],
	"end":	{
		"streams":	[{
				"sender":	{
					"socket":	5,
					"start":	0,
					"end":	100.000074,
					"seconds":	100.000074,
					"bytes":	49999642624,
					"bits_per_second":	3999968449.943347,
					"retransmits":	7,
					"max_snd_cwnd":	671100,
					"max_rtt":	469,
					"min_rtt":	450,
					"mean_rtt":	459,
					"sender":	true
				},
				"receiver":	{
					"socket":	5,
					"start":	0,
					"end":	100.000175,
					"seconds":	100.000074,
					"bytes":	49999642624,
					"bits_per_second":	3999964409.9822826,
					"sender":	true
				}
			}],
		"sum_sent":	{
			"start":	0,
			"end":	100.000074,
			"seconds":	100.000074,
			"bytes":	49999642624,
			"bits_per_second":	3999968449.943347,
			"retransmits":	7,
			"sender":	true
		},
		"sum_received":	{
			"start":	0,
			"end":	100.000175,
			"seconds":	100.000175,
			"bytes":	49999642624,
			"bits_per_second":	3999964409.9822826,
			"sender":	true
		},
		"cpu_utilization_percent":	{
			"host_total":	14.277222219350074,
			"host_user":	3.5696137968756267,
			"host_system":	10.707608422474447,
			"remote_total":	35.667212670530589,
			"remote_user":	3.56695394369721,
			"remote_system":	32.100257727363264
		},
		"sender_tcp_congestion":	"cubic",
		"receiver_tcp_congestion":	"reno"
	}
}
