{
	"start":	{
		"connected":	[{
				"socket":	5,
				"local_host":	"10.0.1.1",
				"local_port":	60894,
				"remote_host":	"10.0.0.1",
				"remote_port":	5201
			}],
		"version":	"iperf 3.9+",
		"system_info":	"Linux han-3 5.10.0 #9 SMP PREEMPT Tue Feb 23 15:01:43 PST 2021 x86_64",
		"timestamp":	{
			"time":	"Thu, 25 May 2023 06:13:30 GMT",
			"timesecs":	1684995210
		},
		"connecting_to":	{
			"host":	"10.0.0.1",
			"port":	5201
		},
		"cookie":	"wymnvfryfd64nubcj3pl2t43els64cadsjsv",
		"tcp_mss_default":	8948,
		"target_bitrate":	4000000000,
		"sock_bufsize":	0,
		"sndbuf_actual":	16384,
		"rcvbuf_actual":	131072,
		"test_start":	{
			"protocol":	"TCP",
			"num_streams":	1,
			"blksize":	131072,
			"omit":	0,
			"duration":	60,
			"bytes":	0,
			"blocks":	0,
			"reverse":	0,
			"tos":	0
		}
	},
	"intervals":	[{
			"streams":	[{
					"socket":	5,
					"start":	0,
					"end":	60.000076,
					"seconds":	60.000076293945312,
					"bytes":	29999628288,
					"bits_per_second":	3999945352.2064676,
					"retransmits":	9,
					"snd_cwnd":	671100,
					"rtt":	445,
					"rttvar":	41,
					"pmtu":	9000,
					"omitted":	false,
					"sender":	true
				}],
			"sum":	{
				"start":	0,
				"end":	60.000076,
				"seconds":	60.000076293945312,
				"bytes":	29999628288,
				"bits_per_second":	3999945352.2064676,
				"retransmits":	9,
				"omitted":	false,
				"sender":	true
			}
		}],
	"end":	{
		"streams":	[{
				"sender":	{
					"socket":	5,
					"start":	0,
					"end":	60.000076,
					"seconds":	60.000076,
					"bytes":	29999628288,
					"bits_per_second":	3999945371.8025289,
					"retransmits":	9,
					"max_snd_cwnd":	671100,
					"max_rtt":	445,
					"min_rtt":	445,
					"mean_rtt":	445,
					"sender":	true
				},
				"receiver":	{
					"socket":	5,
					"start":	0,
					"end":	60.000237,
					"seconds":	60.000076,
					"bytes":	29999628288,
					"bits_per_second":	3999934638.6581774,
					"sender":	true
				}
			}],
		"sum_sent":	{
			"start":	0,
			"end":	60.000076,
			"seconds":	60.000076,
			"bytes":	29999628288,
			"bits_per_second":	3999945371.8025289,
			"retransmits":	9,
			"sender":	true
		},
		"sum_received":	{
			"start":	0,
			"end":	60.000237,
			"seconds":	60.000237,
			"bytes":	29999628288,
			"bits_per_second":	3999934638.6581774,
			"sender":	true
		},
		"cpu_utilization_percent":	{
			"host_total":	14.719446748007444,
			"host_user":	0,
			"host_system":	14.719445081409081,
			"remote_total":	39.994907729781829,
			"remote_user":	1.425441079240293,
			"remote_system":	38.569466650541536
		},
		"sender_tcp_congestion":	"cubic",
		"receiver_tcp_congestion":	"reno"
	}
}
