{
	"start":	{
		"connected":	[{
				"socket":	5,
				"local_host":	"10.0.1.1",
				"local_port":	40058,
				"remote_host":	"10.0.0.1",
				"remote_port":	5201
			}],
		"version":	"iperf 3.9+",
		"system_info":	"Linux han-3 5.10.0 #9 SMP PREEMPT Tue Feb 23 15:01:43 PST 2021 x86_64",
		"timestamp":	{
			"time":	"Fri, 26 May 2023 05:11:51 GMT",
			"timesecs":	1685077911
		},
		"connecting_to":	{
			"host":	"10.0.0.1",
			"port":	5201
		},
		"cookie":	"su3llrt5y5bdsil4534sl4p26tzvvkime5bz",
		"tcp_mss_default":	8948,
		"target_bitrate":	9000000000,
		"sock_bufsize":	0,
		"sndbuf_actual":	16384,
		"rcvbuf_actual":	131072,
		"test_start":	{
			"protocol":	"TCP",
			"num_streams":	1,
			"blksize":	131072,
			"omit":	0,
			"duration":	70,
			"bytes":	0,
			"blocks":	0,
			"reverse":	0,
			"tos":	0
		}
	},
	"intervals":	[{
			"streams":	[{
					"socket":	5,
					"start":	0,
					"end":	60.000065,
					"seconds":	60.000064849853516,
					"bytes":	67499327488,
					"bits_per_second":	8999900604.3627357,
					"retransmits":	18,
					"snd_cwnd":	1664328,
					"rtt":	561,
					"rttvar":	32,
					"pmtu":	9000,
					"omitted":	false,
					"sender":	true
				}],
			"sum":	{
				"start":	0,
				"end":	60.000065,
				"seconds":	60.000064849853516,
				"bytes":	67499327488,
				"bits_per_second":	8999900604.3627357,
				"retransmits":	18,
				"omitted":	false,
				"sender":	true
			}
		}, {
			"streams":	[{
					"socket":	5,
					"start":	60.000065,
					"end":	70.000084,
					"seconds":	10.000019073486328,
					"bytes":	11249909760,
					"bits_per_second":	8999910642.03274,
					"retransmits":	0,
					"snd_cwnd":	1449576,
					"rtt":	696,
					"rttvar":	21,
					"pmtu":	9000,
					"omitted":	false,
					"sender":	true
				}],
			"sum":	{
				"start":	60.000065,
				"end":	70.000084,
				"seconds":	10.000019073486328,
				"bytes":	11249909760,
				"bits_per_second":	8999910642.03274,
				"retransmits":	0,
				"omitted":	false,
				"sender":	true
			}
		}],
	"end":	{
		"streams":	[{
				"sender":	{
					"socket":	5,
					"start":	0,
					"end":	70.000084,
					"seconds":	70.000084,
					"bytes":	78749237248,
					"bits_per_second":	8999902028.46042,
					"retransmits":	18,
					"max_snd_cwnd":	1664328,
					"max_rtt":	696,
					"min_rtt":	561,
					"mean_rtt":	628,
					"sender":	true
				},
				"receiver":	{
					"socket":	5,
					"start":	0,
					"end":	70.000194,
					"seconds":	70.000084,
					"bytes":	78749237248,
					"bits_per_second":	8999887885.79643,
					"sender":	true
				}
			}],
		"sum_sent":	{
			"start":	0,
			"end":	70.000084,
			"seconds":	70.000084,
			"bytes":	78749237248,
			"bits_per_second":	8999902028.46042,
			"retransmits":	18,
			"sender":	true
		},
		"sum_received":	{
			"start":	0,
			"end":	70.000194,
			"seconds":	70.000194,
			"bytes":	78749237248,
			"bits_per_second":	8999887885.79643,
			"sender":	true
		},
		"cpu_utilization_percent":	{
			"host_total":	58.321253564771567,
			"host_user":	2.0429650105437656,
			"host_system":	56.278291411287761,
			"remote_total":	53.21131104570722,
			"remote_user":	2.4949393749767714,
			"remote_system":	50.7163730979874
		},
		"sender_tcp_congestion":	"cubic",
		"receiver_tcp_congestion":	"reno"
	}
}
