{
	"start":	{
		"connected":	[{
				"socket":	5,
				"local_host":	"10.0.1.1",
				"local_port":	53278,
				"remote_host":	"10.0.0.1",
				"remote_port":	5201
			}],
		"version":	"iperf 3.9+",
		"system_info":	"Linux han-3 5.10.0 #9 SMP PREEMPT Tue Feb 23 15:01:43 PST 2021 x86_64",
		"timestamp":	{
			"time":	"Tue, 23 May 2023 01:50:50 GMT",
			"timesecs":	1684806650
		},
		"connecting_to":	{
			"host":	"10.0.0.1",
			"port":	5201
		},
		"cookie":	"rzrei2hc2zlimyagggvaaqgearxymeb6iqcw",
		"tcp_mss_default":	8948,
		"target_bitrate":	4000000000,
		"sock_bufsize":	0,
		"sndbuf_actual":	16384,
		"rcvbuf_actual":	131072,
		"test_start":	{
			"protocol":	"TCP",
			"num_streams":	1,
			"blksize":	131072,
			"omit":	0,
			"duration":	70,
			"bytes":	0,
			"blocks":	0,
			"reverse":	0,
			"tos":	0
		}
	},
	"intervals":	[{
			"streams":	[{
					"socket":	5,
					"start":	0,
					"end":	60.000121,
					"seconds":	60.0001220703125,
					"bytes":	29999628288,
					"bits_per_second":	3999942300.4965568,
					"retransmits":	23,
					"snd_cwnd":	671100,
					"rtt":	333,
					"rttvar":	11,
					"pmtu":	9000,
					"omitted":	false,
					"sender":	true
				}],
			"sum":	{
				"start":	0,
				"end":	60.000121,
				"seconds":	60.0001220703125,
				"bytes":	29999628288,
				"bits_per_second":	3999942300.4965568,
				"retransmits":	23,
				"omitted":	false,
				"sender":	true
			}
		}, {
			"streams":	[{
					"socket":	5,
					"start":	60.000121,
					"end":	70.00013,
					"seconds":	10.000008583068848,
					"bytes":	5000134656,
					"bits_per_second":	4000104291.4829469,
					"retransmits":	0,
					"snd_cwnd":	671100,
					"rtt":	453,
					"rttvar":	27,
					"pmtu":	9000,
					"omitted":	false,
					"sender":	true
				}],
			"sum":	{
				"start":	60.000121,
				"end":	70.00013,
				"seconds":	10.000008583068848,
				"bytes":	5000134656,
				"bits_per_second":	4000104291.4829469,
				"retransmits":	0,
				"omitted":	false,
				"sender":	true
			}
		}],
	"end":	{
		"streams":	[{
				"sender":	{
					"socket":	5,
					"start":	0,
					"end":	70.00013,
					"seconds":	70.00013,
					"bytes":	34999762944,
					"bits_per_second":	3999965479.3783956,
					"retransmits":	23,
					"max_snd_cwnd":	671100,
					"max_rtt":	453,
					"min_rtt":	333,
					"mean_rtt":	393,
					"sender":	true
				},
				"receiver":	{
					"socket":	5,
					"start":	0,
					"end":	70.000259,
					"seconds":	70.00013,
					"bytes":	34999762944,
					"bits_per_second":	3999958108.0407147,
					"sender":	true
				}
			}],
		"sum_sent":	{
			"start":	0,
			"end":	70.00013,
			"seconds":	70.00013,
			"bytes":	34999762944,
			"bits_per_second":	3999965479.3783956,
			"retransmits":	23,
			"sender":	true
		},
		"sum_received":	{
			"start":	0,
			"end":	70.000259,
			"seconds":	70.000259,
			"bytes":	34999762944,
			"bits_per_second":	3999958108.0407147,
			"sender":	true
		},
		"cpu_utilization_percent":	{
			"host_total":	19.27687654841111,
			"host_user":	0.969785266231714,
			"host_system":	18.307092710701763,
			"remote_total":	41.737242295525974,
			"remote_user":	2.8163997221344257,
			"remote_system":	38.920842573391546
		},
		"sender_tcp_congestion":	"cubic",
		"receiver_tcp_congestion":	"reno"
	}
}
