{
	"start":	{
		"connected":	[{
				"socket":	5,
				"local_host":	"10.0.1.1",
				"local_port":	54130,
				"remote_host":	"10.0.0.1",
				"remote_port":	5201
			}],
		"version":	"iperf 3.9+",
		"system_info":	"Linux han-3 5.10.0 #9 SMP PREEMPT Tue Feb 23 15:01:43 PST 2021 x86_64",
		"timestamp":	{
			"time":	"Tue, 23 May 2023 04:48:30 GMT",
			"timesecs":	1684817310
		},
		"connecting_to":	{
			"host":	"10.0.0.1",
			"port":	5201
		},
		"cookie":	"etvrjtzqwqlsqoqa7h4wah5ps7f4czhwoao2",
		"tcp_mss_default":	8948,
		"target_bitrate":	6000000000,
		"sock_bufsize":	0,
		"sndbuf_actual":	16384,
		"rcvbuf_actual":	131072,
		"test_start":	{
			"protocol":	"TCP",
			"num_streams":	1,
			"blksize":	131072,
			"omit":	0,
			"duration":	70,
			"bytes":	0,
			"blocks":	0,
			"reverse":	0,
			"tos":	0
		}
	},
	"intervals":	[{
			"streams":	[{
					"socket":	5,
					"start":	0,
					"end":	60.000061,
					"seconds":	60.00006103515625,
					"bytes":	44999507968,
					"bits_per_second":	5999928292.2906532,
					"retransmits":	126,
					"snd_cwnd":	930592,
					"rtt":	597,
					"rttvar":	11,
					"pmtu":	9000,
					"omitted":	false,
					"sender":	true
				}],
			"sum":	{
				"start":	0,
				"end":	60.000061,
				"seconds":	60.00006103515625,
				"bytes":	44999507968,
				"bits_per_second":	5999928292.2906532,
				"retransmits":	126,
				"omitted":	false,
				"sender":	true
			}
		}, {
			"streams":	[{
					"socket":	5,
					"start":	60.000061,
					"end":	70.000075,
					"seconds":	10.000014305114746,
					"bytes":	7499939840,
					"bits_per_second":	5999943289.0122776,
					"retransmits":	0,
					"snd_cwnd":	930592,
					"rtt":	673,
					"rttvar":	37,
					"pmtu":	9000,
					"omitted":	false,
					"sender":	true
				}],
			"sum":	{
				"start":	60.000061,
				"end":	70.000075,
				"seconds":	10.000014305114746,
				"bytes":	7499939840,
				"bits_per_second":	5999943289.0122776,
				"retransmits":	0,
				"omitted":	false,
				"sender":	true
			}
		}],
	"end":	{
		"streams":	[{
				"sender":	{
					"socket":	5,
					"start":	0,
					"end":	70.000075,
					"seconds":	70.000075,
					"bytes":	52499447808,
					"bits_per_second":	5999930463.845932,
					"retransmits":	126,
					"max_snd_cwnd":	930592,
					"max_rtt":	673,
					"min_rtt":	597,
					"mean_rtt":	635,
					"sender":	true
				},
				"receiver":	{
					"socket":	5,
					"start":	0,
					"end":	70.000216,
					"seconds":	70.000075,
					"bytes":	52499447808,
					"bits_per_second":	5999918378.3090048,
					"sender":	true
				}
			}],
		"sum_sent":	{
			"start":	0,
			"end":	70.000075,
			"seconds":	70.000075,
			"bytes":	52499447808,
			"bits_per_second":	5999930463.845932,
			"retransmits":	126,
			"sender":	true
		},
		"sum_received":	{
			"start":	0,
			"end":	70.000216,
			"seconds":	70.000216,
			"bytes":	52499447808,
			"bits_per_second":	5999918378.3090048,
			"sender":	true
		},
		"cpu_utilization_percent":	{
			"host_total":	22.659063275177694,
			"host_user":	1.7431764006491521,
			"host_system":	20.915886874528542,
			"remote_total":	46.645859714616186,
			"remote_user":	1.0739451940840143,
			"remote_system":	45.571915948090776
		},
		"sender_tcp_congestion":	"cubic",
		"receiver_tcp_congestion":	"reno"
	}
}
