{
	"start":	{
		"connected":	[{
				"socket":	5,
				"local_host":	"10.0.1.1",
				"local_port":	53944,
				"remote_host":	"10.0.0.1",
				"remote_port":	5201
			}],
		"version":	"iperf 3.9+",
		"system_info":	"Linux han-3 5.10.0 #9 SMP PREEMPT Tue Feb 23 15:01:43 PST 2021 x86_64",
		"timestamp":	{
			"time":	"Tue, 23 May 2023 04:14:58 GMT",
			"timesecs":	1684815298
		},
		"connecting_to":	{
			"host":	"10.0.0.1",
			"port":	5201
		},
		"cookie":	"xzthu2qdshy3dwqci6sttvee3zhnrhxwhhen",
		"tcp_mss_default":	8948,
		"target_bitrate":	6000000000,
		"sock_bufsize":	0,
		"sndbuf_actual":	16384,
		"rcvbuf_actual":	131072,
		"test_start":	{
			"protocol":	"TCP",
			"num_streams":	1,
			"blksize":	131072,
			"omit":	0,
			"duration":	30,
			"bytes":	0,
			"blocks":	0,
			"reverse":	0,
			"tos":	0
		}
	},
	"intervals":	[{
			"streams":	[{
					"socket":	5,
					"start":	0,
					"end":	30.000083,
					"seconds":	30.000083923339844,
					"bytes":	22499557376,
					"bits_per_second":	5999865182.6425085,
					"retransmits":	85,
					"snd_cwnd":	930592,
					"rtt":	629,
					"rttvar":	67,
					"pmtu":	9000,
					"omitted":	false,
					"sender":	true
				}],
			"sum":	{
				"start":	0,
				"end":	30.000083,
				"seconds":	30.000083923339844,
				"bytes":	22499557376,
				"bits_per_second":	5999865182.6425085,
				"retransmits":	85,
				"omitted":	false,
				"sender":	true
			}
		}],
	"end":	{
		"streams":	[{
				"sender":	{
					"socket":	5,
					"start":	0,
					"end":	30.000083,
					"seconds":	30.000083,
					"bytes":	22499557376,
					"bits_per_second":	5999865367.3058167,
					"retransmits":	85,
					"max_snd_cwnd":	930592,
					"max_rtt":	629,
					"min_rtt":	629,
					"mean_rtt":	629,
					"sender":	true
				},
				"receiver":	{
					"socket":	5,
					"start":	0,
					"end":	30.000163,
					"seconds":	30.000083,
					"bytes":	22499557376,
					"bits_per_second":	5999849367.7517681,
					"sender":	true
				}
			}],
		"sum_sent":	{
			"start":	0,
			"end":	30.000083,
			"seconds":	30.000083,
			"bytes":	22499557376,
			"bits_per_second":	5999865367.3058167,
			"retransmits":	85,
			"sender":	true
		},
		"sum_received":	{
			"start":	0,
			"end":	30.000163,
			"seconds":	30.000163,
			"bytes":	22499557376,
			"bits_per_second":	5999849367.7517681,
			"sender":	true
		},
		"cpu_utilization_percent":	{
			"host_total":	26.26428198411838,
			"host_user":	6.5673028939870441,
			"host_system":	19.696975757073982,
			"remote_total":	48.60808799021148,
			"remote_user":	2.34827164746837,
			"remote_system":	46.2598163427431
		},
		"sender_tcp_congestion":	"cubic",
		"receiver_tcp_congestion":	"reno"
	}
}
