{
	"start":	{
		"connected":	[{
				"socket":	5,
				"local_host":	"10.0.1.1",
				"local_port":	41542,
				"remote_host":	"10.0.0.1",
				"remote_port":	5201
			}],
		"version":	"iperf 3.9+",
		"system_info":	"Linux han-3 5.10.0 #9 SMP PREEMPT Tue Feb 23 15:01:43 PST 2021 x86_64",
		"timestamp":	{
			"time":	"Fri, 26 May 2023 10:40:34 GMT",
			"timesecs":	1685097634
		},
		"connecting_to":	{
			"host":	"10.0.0.1",
			"port":	5201
		},
		"cookie":	"seoiivi7qp7w3n7dztuk3iojlat72aa4fw52",
		"tcp_mss_default":	8948,
		"target_bitrate":	2000000000,
		"sock_bufsize":	0,
		"sndbuf_actual":	16384,
		"rcvbuf_actual":	131072,
		"test_start":	{
			"protocol":	"TCP",
			"num_streams":	1,
			"blksize":	131072,
			"omit":	0,
			"duration":	100,
			"bytes":	0,
			"blocks":	0,
			"reverse":	0,
			"tos":	0
		}
	},
	"intervals":	[{
			"streams":	[{
					"socket":	5,
					"start":	0,
					"end":	60.000063,
					"seconds":	60.000064849853516,
					"bytes":	14999879680,
					"bits_per_second":	1999981795.6912253,
					"retransmits":	5,
					"snd_cwnd":	411608,
					"rtt":	329,
					"rttvar":	34,
					"pmtu":	9000,
					"omitted":	false,
					"sender":	true
				}],
			"sum":	{
				"start":	0,
				"end":	60.000063,
				"seconds":	60.000064849853516,
				"bytes":	14999879680,
				"bits_per_second":	1999981795.6912253,
				"retransmits":	5,
				"omitted":	false,
				"sender":	true
			}
		}, {
			"streams":	[{
					"socket":	5,
					"start":	60.000063,
					"end":	100.000072,
					"seconds":	40.000007629394531,
					"bytes":	10000007168,
					"bits_per_second":	2000001052.1300728,
					"retransmits":	0,
					"snd_cwnd":	438452,
					"rtt":	416,
					"rttvar":	88,
					"pmtu":	9000,
					"omitted":	false,
					"sender":	true
				}],
			"sum":	{
				"start":	60.000063,
				"end":	100.000072,
				"seconds":	40.000007629394531,
				"bytes":	10000007168,
				"bits_per_second":	2000001052.1300728,
				"retransmits":	0,
				"omitted":	false,
				"sender":	true
			}
		}],
	"end":	{
		"streams":	[{
				"sender":	{
					"socket":	5,
					"start":	0,
					"end":	100.000072,
					"seconds":	100.000072,
					"bytes":	24999886848,
					"bits_per_second":	1999989507.8475542,
					"retransmits":	5,
					"max_snd_cwnd":	438452,
					"max_rtt":	416,
					"min_rtt":	329,
					"mean_rtt":	372,
					"sender":	true
				},
				"receiver":	{
					"socket":	5,
					"start":	0,
					"end":	100.00019,
					"seconds":	100.000072,
					"bytes":	24999886848,
					"bits_per_second":	1999987147.864419,
					"sender":	true
				}
			}],
		"sum_sent":	{
			"start":	0,
			"end":	100.000072,
			"seconds":	100.000072,
			"bytes":	24999886848,
			"bits_per_second":	1999989507.8475542,
			"retransmits":	5,
			"sender":	true
		},
		"sum_received":	{
			"start":	0,
			"end":	100.00019,
			"seconds":	100.00019,
			"bytes":	24999886848,
			"bits_per_second":	1999987147.864419,
			"sender":	true
		},
		"cpu_utilization_percent":	{
			"host_total":	13.946870319704722,
			"host_user":	2.3237859030362391,
			"host_system":	11.62308441666848,
			"remote_total":	21.324523155764023,
			"remote_user":	2.1572248696081968,
			"remote_system":	19.167297286916
		},
		"sender_tcp_congestion":	"cubic",
		"receiver_tcp_congestion":	"reno"
	}
}
