{
	"start":	{
		"connected":	[{
				"socket":	5,
				"local_host":	"10.0.1.1",
				"local_port":	38796,
				"remote_host":	"10.0.0.1",
				"remote_port":	5201
			}],
		"version":	"iperf 3.9+",
		"system_info":	"Linux han-3 5.10.0 #9 SMP PREEMPT Tue Feb 23 15:01:43 PST 2021 x86_64",
		"timestamp":	{
			"time":	"Fri, 26 May 2023 00:49:35 GMT",
			"timesecs":	1685062175
		},
		"connecting_to":	{
			"host":	"10.0.0.1",
			"port":	5201
		},
		"cookie":	"w7hxkfng47uakpzhi2ekxg66k3757u4bq5rg",
		"tcp_mss_default":	8948,
		"target_bitrate":	6000000000,
		"sock_bufsize":	0,
		"sndbuf_actual":	16384,
		"rcvbuf_actual":	131072,
		"test_start":	{
			"protocol":	"TCP",
			"num_streams":	1,
			"blksize":	131072,
			"omit":	0,
			"duration":	80,
			"bytes":	0,
			"blocks":	0,
			"reverse":	0,
			"tos":	0
		}
	},
	"intervals":	[{
			"streams":	[{
					"socket":	5,
					"start":	0,
					"end":	60.000083,
					"seconds":	60.000083923339844,
					"bytes":	44999507968,
					"bits_per_second":	5999926003.50285,
					"retransmits":	19,
					"snd_cwnd":	930592,
					"rtt":	567,
					"rttvar":	34,
					"pmtu":	9000,
					"omitted":	false,
					"sender":	true
				}],
			"sum":	{
				"start":	0,
				"end":	60.000083,
				"seconds":	60.000083923339844,
				"bytes":	44999507968,
				"bits_per_second":	5999926003.50285,
				"retransmits":	19,
				"omitted":	false,
				"sender":	true
			}
		}, {
			"streams":	[{
					"socket":	5,
					"start":	60.000083,
					"end":	80.000107,
					"seconds":	20.000024795532227,
					"bytes":	15000010752,
					"bits_per_second":	5999996862.1442223,
					"retransmits":	0,
					"snd_cwnd":	930592,
					"rtt":	634,
					"rttvar":	55,
					"pmtu":	9000,
					"omitted":	false,
					"sender":	true
				}],
			"sum":	{
				"start":	60.000083,
				"end":	80.000107,
				"seconds":	20.000024795532227,
				"bytes":	15000010752,
				"bits_per_second":	5999996862.1442223,
				"retransmits":	0,
				"omitted":	false,
				"sender":	true
			}
		}],
	"end":	{
		"streams":	[{
				"sender":	{
					"socket":	5,
					"start":	0,
					"end":	80.000107,
					"seconds":	80.000107,
					"bytes":	59999518720,
					"bits_per_second":	5999943847.0751047,
					"retransmits":	19,
					"max_snd_cwnd":	930592,
					"max_rtt":	634,
					"min_rtt":	567,
					"mean_rtt":	600,
					"sender":	true
				},
				"receiver":	{
					"socket":	5,
					"start":	0,
					"end":	80.00016,
					"seconds":	80.000107,
					"bytes":	59999518720,
					"bits_per_second":	5999939872.1202564,
					"sender":	true
				}
			}],
		"sum_sent":	{
			"start":	0,
			"end":	80.000107,
			"seconds":	80.000107,
			"bytes":	59999518720,
			"bits_per_second":	5999943847.0751047,
			"retransmits":	19,
			"sender":	true
		},
		"sum_received":	{
			"start":	0,
			"end":	80.00016,
			"seconds":	80.00016,
			"bytes":	59999518720,
			"bits_per_second":	5999939872.1202564,
			"sender":	true
		},
		"cpu_utilization_percent":	{
			"host_total":	21.847632281738388,
			"host_user":	3.3616060109162911,
			"host_system":	18.4860275207839,
			"remote_total":	43.893282742046161,
			"remote_user":	2.8818999272702781,
			"remote_system":	41.011380316588756
		},
		"sender_tcp_congestion":	"cubic",
		"receiver_tcp_congestion":	"reno"
	}
}
