{
	"start":	{
		"connected":	[{
				"socket":	5,
				"local_host":	"10.0.1.1",
				"local_port":	41688,
				"remote_host":	"10.0.0.1",
				"remote_port":	5201
			}],
		"version":	"iperf 3.9+",
		"system_info":	"Linux han-3 5.10.0 #9 SMP PREEMPT Tue Feb 23 15:01:43 PST 2021 x86_64",
		"timestamp":	{
			"time":	"Fri, 26 May 2023 10:55:57 GMT",
			"timesecs":	1685098557
		},
		"connecting_to":	{
			"host":	"10.0.0.1",
			"port":	5201
		},
		"cookie":	"hjz7vndyyjvbymxnt2uloh5jc6njq7ix5g75",
		"tcp_mss_default":	8948,
		"target_bitrate":	3000000000,
		"sock_bufsize":	0,
		"sndbuf_actual":	16384,
		"rcvbuf_actual":	131072,
		"test_start":	{
			"protocol":	"TCP",
			"num_streams":	1,
			"blksize":	131072,
			"omit":	0,
			"duration":	40,
			"bytes":	0,
			"blocks":	0,
			"reverse":	0,
			"tos":	0
		}
	},
	"intervals":	[{
			"streams":	[{
					"socket":	5,
					"start":	0,
					"end":	40.000115,
					"seconds":	40.000114440917969,
					"bytes":	14999748608,
					"bits_per_second":	2999941138.6995559,
					"retransmits":	15,
					"snd_cwnd":	536880,
					"rtt":	433,
					"rttvar":	67,
					"pmtu":	9000,
					"omitted":	false,
					"sender":	true
				}],
			"sum":	{
				"start":	0,
				"end":	40.000115,
				"seconds":	40.000114440917969,
				"bytes":	14999748608,
				"bits_per_second":	2999941138.6995559,
				"retransmits":	15,
				"omitted":	false,
				"sender":	true
			}
		}],
	"end":	{
		"streams":	[{
				"sender":	{
					"socket":	5,
					"start":	0,
					"end":	40.000115,
					"seconds":	40.000115,
					"bytes":	14999748608,
					"bits_per_second":	2999941096.7693467,
					"retransmits":	15,
					"max_snd_cwnd":	536880,
					"max_rtt":	433,
					"min_rtt":	433,
					"mean_rtt":	433,
					"sender":	true
				},
				"receiver":	{
					"socket":	5,
					"start":	0,
					"end":	40.000223,
					"seconds":	40.000115,
					"bytes":	14999748608,
					"bits_per_second":	2999932996.9735422,
					"sender":	true
				}
			}],
		"sum_sent":	{
			"start":	0,
			"end":	40.000115,
			"seconds":	40.000115,
			"bytes":	14999748608,
			"bits_per_second":	2999941096.7693467,
			"retransmits":	15,
			"sender":	true
		},
		"sum_received":	{
			"start":	0,
			"end":	40.000223,
			"seconds":	40.000223,
			"bytes":	14999748608,
			"bits_per_second":	2999932996.9735422,
			"sender":	true
		},
		"cpu_utilization_percent":	{
			"host_total":	19.643820835131976,
			"host_user":	0.29957455548412654,
			"host_system":	19.344248779498109,
			"remote_total":	26.505776144867855,
			"remote_user":	3.229179421002367,
			"remote_system":	23.276591732360284
		},
		"sender_tcp_congestion":	"cubic",
		"receiver_tcp_congestion":	"reno"
	}
}
