{
	"start":	{
		"connected":	[{
				"socket":	5,
				"local_host":	"10.0.1.1",
				"local_port":	34474,
				"remote_host":	"10.0.0.1",
				"remote_port":	5201
			}],
		"version":	"iperf 3.9+",
		"system_info":	"Linux han-3 5.10.0 #9 SMP PREEMPT Tue Feb 23 15:01:43 PST 2021 x86_64",
		"timestamp":	{
			"time":	"Thu, 25 May 2023 12:34:11 GMT",
			"timesecs":	1685018051
		},
		"connecting_to":	{
			"host":	"10.0.0.1",
			"port":	5201
		},
		"cookie":	"ehlvjdnylhgqxs77jcyvno2fkgqnvmyqusgl",
		"tcp_mss_default":	8948,
		"target_bitrate":	8000000000,
		"sock_bufsize":	0,
		"sndbuf_actual":	16384,
		"rcvbuf_actual":	131072,
		"test_start":	{
			"protocol":	"TCP",
			"num_streams":	1,
			"blksize":	131072,
			"omit":	0,
			"duration":	80,
			"bytes":	0,
			"blocks":	0,
			"reverse":	0,
			"tos":	0
		}
	},
	"intervals":	[{
			"streams":	[{
					"socket":	5,
					"start":	0,
					"end":	60.000065,
					"seconds":	60.000064849853516,
					"bytes":	59999256576,
					"bits_per_second":	7999892230.2693453,
					"retransmits":	22,
					"snd_cwnd":	1234824,
					"rtt":	672,
					"rttvar":	111,
					"pmtu":	9000,
					"omitted":	false,
					"sender":	true
				}],
			"sum":	{
				"start":	0,
				"end":	60.000065,
				"seconds":	60.000064849853516,
				"bytes":	59999256576,
				"bits_per_second":	7999892230.2693453,
				"retransmits":	22,
				"omitted":	false,
				"sender":	true
			}
		}, {
			"streams":	[{
					"socket":	5,
					"start":	60.000065,
					"end":	80.000078,
					"seconds":	20.00001335144043,
					"bytes":	20000145408,
					"bits_per_second":	8000052822.5885649,
					"retransmits":	1,
					"snd_cwnd":	1977508,
					"rtt":	684,
					"rttvar":	55,
					"pmtu":	9000,
					"omitted":	false,
					"sender":	true
				}],
			"sum":	{
				"start":	60.000065,
				"end":	80.000078,
				"seconds":	20.00001335144043,
				"bytes":	20000145408,
				"bits_per_second":	8000052822.5885649,
				"retransmits":	1,
				"omitted":	false,
				"sender":	true
			}
		}],
	"end":	{
		"streams":	[{
				"sender":	{
					"socket":	5,
					"start":	0,
					"end":	80.000078,
					"seconds":	80.000078,
					"bytes":	79999401984,
					"bits_per_second":	7999932398.46591,
					"retransmits":	23,
					"max_snd_cwnd":	1977508,
					"max_rtt":	684,
					"min_rtt":	672,
					"mean_rtt":	678,
					"sender":	true
				},
				"receiver":	{
					"socket":	5,
					"start":	0,
					"end":	80.000185,
					"seconds":	80.000078,
					"bytes":	79999401984,
					"bits_per_second":	7999921698.5810719,
					"sender":	true
				}
			}],
		"sum_sent":	{
			"start":	0,
			"end":	80.000078,
			"seconds":	80.000078,
			"bytes":	79999401984,
			"bits_per_second":	7999932398.46591,
			"retransmits":	23,
			"sender":	true
		},
		"sum_received":	{
			"start":	0,
			"end":	80.000185,
			"seconds":	80.000185,
			"bytes":	79999401984,
			"bits_per_second":	7999921698.5810719,
			"sender":	true
		},
		"cpu_utilization_percent":	{
			"host_total":	25.974590421180714,
			"host_user":	0,
			"host_system":	25.974589171218653,
			"remote_total":	54.716101787125879,
			"remote_user":	5.1716997465023429,
			"remote_system":	49.544402040623538
		},
		"sender_tcp_congestion":	"cubic",
		"receiver_tcp_congestion":	"reno"
	}
}
