{
	"start":	{
		"connected":	[{
				"socket":	5,
				"local_host":	"10.0.1.1",
				"local_port":	33382,
				"remote_host":	"10.0.0.1",
				"remote_port":	5201
			}],
		"version":	"iperf 3.9+",
		"system_info":	"Linux han-3 5.10.0 #9 SMP PREEMPT Tue Feb 23 15:01:43 PST 2021 x86_64",
		"timestamp":	{
			"time":	"Thu, 25 May 2023 08:49:58 GMT",
			"timesecs":	1685004598
		},
		"connecting_to":	{
			"host":	"10.0.0.1",
			"port":	5201
		},
		"cookie":	"q5vv35wwjsyfv6zir4offljwuzl6d522dskj",
		"tcp_mss_default":	8948,
		"target_bitrate":	6000000000,
		"sock_bufsize":	0,
		"sndbuf_actual":	16384,
		"rcvbuf_actual":	131072,
		"test_start":	{
			"protocol":	"TCP",
			"num_streams":	1,
			"blksize":	131072,
			"omit":	0,
			"duration":	30,
			"bytes":	0,
			"blocks":	0,
			"reverse":	0,
			"tos":	0
		}
	},
	"intervals":	[{
			"streams":	[{
					"socket":	5,
					"start":	0,
					"end":	30.000075,
					"seconds":	30.00007438659668,
					"bytes":	22499426304,
					"bits_per_second":	5999832137.4968882,
					"retransmits":	20,
					"snd_cwnd":	1861184,
					"rtt":	508,
					"rttvar":	62,
					"pmtu":	9000,
					"omitted":	false,
					"sender":	true
				}],
			"sum":	{
				"start":	0,
				"end":	30.000075,
				"seconds":	30.00007438659668,
				"bytes":	22499426304,
				"bits_per_second":	5999832137.4968882,
				"retransmits":	20,
				"omitted":	false,
				"sender":	true
			}
		}],
	"end":	{
		"streams":	[{
				"sender":	{
					"socket":	5,
					"start":	0,
					"end":	30.000075,
					"seconds":	30.000075,
					"bytes":	22499426304,
					"bits_per_second":	5999832014.8199635,
					"retransmits":	20,
					"max_snd_cwnd":	1861184,
					"max_rtt":	508,
					"min_rtt":	508,
					"mean_rtt":	508,
					"sender":	true
				},
				"receiver":	{
					"socket":	5,
					"start":	0,
					"end":	30.000151,
					"seconds":	30.000075,
					"bytes":	22499426304,
					"bits_per_second":	5999816815.32203,
					"sender":	true
				}
			}],
		"sum_sent":	{
			"start":	0,
			"end":	30.000075,
			"seconds":	30.000075,
			"bytes":	22499426304,
			"bits_per_second":	5999832014.8199635,
			"retransmits":	20,
			"sender":	true
		},
		"sum_received":	{
			"start":	0,
			"end":	30.000151,
			"seconds":	30.000151,
			"bytes":	22499426304,
			"bits_per_second":	5999816815.32203,
			"sender":	true
		},
		"cpu_utilization_percent":	{
			"host_total":	20.300496885085543,
			"host_user":	4.0578715335602418,
			"host_system":	16.242622018426172,
			"remote_total":	47.423782399118522,
			"remote_user":	2.8834904693403969,
			"remote_system":	44.540291929778128
		},
		"sender_tcp_congestion":	"cubic",
		"receiver_tcp_congestion":	"reno"
	}
}
