{
	"start":	{
		"connected":	[{
				"socket":	5,
				"local_host":	"10.0.1.1",
				"local_port":	37618,
				"remote_host":	"10.0.0.1",
				"remote_port":	5201
			}],
		"version":	"iperf 3.9+",
		"system_info":	"Linux han-3 5.10.0 #9 SMP PREEMPT Tue Feb 23 15:01:43 PST 2021 x86_64",
		"timestamp":	{
			"time":	"Thu, 25 May 2023 20:57:59 GMT",
			"timesecs":	1685048279
		},
		"connecting_to":	{
			"host":	"10.0.0.1",
			"port":	5201
		},
		"cookie":	"abu34wogakgezitioo5tl2safqz7mdspuxy2",
		"tcp_mss_default":	8948,
		"target_bitrate":	4000000000,
		"sock_bufsize":	0,
		"sndbuf_actual":	16384,
		"rcvbuf_actual":	131072,
		"test_start":	{
			"protocol":	"TCP",
			"num_streams":	1,
			"blksize":	131072,
			"omit":	0,
			"duration":	10,
			"bytes":	0,
			"blocks":	0,
			"reverse":	0,
			"tos":	0
		}
	},
	"intervals":	[{
			"streams":	[{
					"socket":	5,
					"start":	0,
					"end":	10.000118,
					"seconds":	10.000118255615234,
					"bytes":	4999741440,
					"bits_per_second":	3999745852.75934,
					"retransmits":	10,
					"snd_cwnd":	1207980,
					"rtt":	554,
					"rttvar":	47,
					"pmtu":	9000,
					"omitted":	false,
					"sender":	true
				}],
			"sum":	{
				"start":	0,
				"end":	10.000118,
				"seconds":	10.000118255615234,
				"bytes":	4999741440,
				"bits_per_second":	3999745852.75934,
				"retransmits":	10,
				"omitted":	false,
				"sender":	true
			}
		}],
	"end":	{
		"streams":	[{
				"sender":	{
					"socket":	5,
					"start":	0,
					"end":	10.000118,
					"seconds":	10.000118,
					"bytes":	4999741440,
					"bits_per_second":	3999745954.9977307,
					"retransmits":	10,
					"max_snd_cwnd":	1207980,
					"max_rtt":	554,
					"min_rtt":	554,
					"mean_rtt":	554,
					"sender":	true
				},
				"receiver":	{
					"socket":	5,
					"start":	0,
					"end":	10.000211,
					"seconds":	10.000118,
					"bytes":	4999741440,
					"bits_per_second":	3999708758.1452031,
					"sender":	true
				}
			}],
		"sum_sent":	{
			"start":	0,
			"end":	10.000118,
			"seconds":	10.000118,
			"bytes":	4999741440,
			"bits_per_second":	3999745954.9977307,
			"retransmits":	10,
			"sender":	true
		},
		"sum_received":	{
			"start":	0,
			"end":	10.000211,
			"seconds":	10.000211,
			"bytes":	4999741440,
			"bits_per_second":	3999708758.1452031,
			"sender":	true
		},
		"cpu_utilization_percent":	{
			"host_total":	14.833065220218824,
			"host_user":	3.7120478146773364,
			"host_system":	11.121037400304861,
			"remote_total":	39.134395879836518,
			"remote_user":	4.112230915242308,
			"remote_system":	35.0221550240338
		},
		"sender_tcp_congestion":	"cubic",
		"receiver_tcp_congestion":	"reno"
	}
}
