{
	"start":	{
		"connected":	[{
				"socket":	5,
				"local_host":	"10.0.1.1",
				"local_port":	33502,
				"remote_host":	"10.0.0.1",
				"remote_port":	5201
			}],
		"version":	"iperf 3.9+",
		"system_info":	"Linux han-3 5.10.0 #9 SMP PREEMPT Tue Feb 23 15:01:43 PST 2021 x86_64",
		"timestamp":	{
			"time":	"Thu, 25 May 2023 09:09:00 GMT",
			"timesecs":	1685005740
		},
		"connecting_to":	{
			"host":	"10.0.0.1",
			"port":	5201
		},
		"cookie":	"r5pbzfwudsvykv6z64r5fsjt6srpy445hlag",
		"tcp_mss_default":	8948,
		"target_bitrate":	6000000000,
		"sock_bufsize":	0,
		"sndbuf_actual":	16384,
		"rcvbuf_actual":	131072,
		"test_start":	{
			"protocol":	"TCP",
			"num_streams":	1,
			"blksize":	131072,
			"omit":	0,
			"duration":	60,
			"bytes":	0,
			"blocks":	0,
			"reverse":	0,
			"tos":	0
		}
	},
	"intervals":	[{
			"streams":	[{
					"socket":	5,
					"start":	0,
					"end":	60.000148,
					"seconds":	60.000148773193359,
					"bytes":	44999507968,
					"bits_per_second":	5999919518.613555,
					"retransmits":	57,
					"snd_cwnd":	1100604,
					"rtt":	669,
					"rttvar":	25,
					"pmtu":	9000,
					"omitted":	false,
					"sender":	true
				}],
			"sum":	{
				"start":	0,
				"end":	60.000148,
				"seconds":	60.000148773193359,
				"bytes":	44999507968,
				"bits_per_second":	5999919518.613555,
				"retransmits":	57,
				"omitted":	false,
				"sender":	true
			}
		}],
	"end":	{
		"streams":	[{
				"sender":	{
					"socket":	5,
					"start":	0,
					"end":	60.000148,
					"seconds":	60.000148,
					"bytes":	44999507968,
					"bits_per_second":	5999919595.9316635,
					"retransmits":	57,
					"max_snd_cwnd":	1100604,
					"max_rtt":	669,
					"min_rtt":	669,
					"mean_rtt":	669,
					"sender":	true
				},
				"receiver":	{
					"socket":	5,
					"start":	0,
					"end":	60.000349,
					"seconds":	60.000148,
					"bytes":	44999507968,
					"bits_per_second":	5999899496.31793,
					"sender":	true
				}
			}],
		"sum_sent":	{
			"start":	0,
			"end":	60.000148,
			"seconds":	60.000148,
			"bytes":	44999507968,
			"bits_per_second":	5999919595.9316635,
			"retransmits":	57,
			"sender":	true
		},
		"sum_received":	{
			"start":	0,
			"end":	60.000349,
			"seconds":	60.000349,
			"bytes":	44999507968,
			"bits_per_second":	5999899496.31793,
			"sender":	true
		},
		"cpu_utilization_percent":	{
			"host_total":	17.774195366593393,
			"host_user":	0.71419288469341358,
			"host_system":	17.060004148499484,
			"remote_total":	48.708110423035379,
			"remote_user":	6.1916807551231727,
			"remote_system":	42.5164296679122
		},
		"sender_tcp_congestion":	"cubic",
		"receiver_tcp_congestion":	"reno"
	}
}
