{
	"start":	{
		"connected":	[{
				"socket":	5,
				"local_host":	"10.0.1.1",
				"local_port":	52842,
				"remote_host":	"10.0.0.1",
				"remote_port":	5201
			}],
		"version":	"iperf 3.9+",
		"system_info":	"Linux han-3 5.10.0 #9 SMP PREEMPT Tue Feb 23 15:01:43 PST 2021 x86_64",
		"timestamp":	{
			"time":	"Tue, 23 May 2023 00:19:05 GMT",
			"timesecs":	1684801145
		},
		"connecting_to":	{
			"host":	"10.0.0.1",
			"port":	5201
		},
		"cookie":	"dg3ayxvjkpix4swe5kkrjztitwaobkwvyixl",
		"tcp_mss_default":	8948,
		"target_bitrate":	3000000000,
		"sock_bufsize":	0,
		"sndbuf_actual":	16384,
		"rcvbuf_actual":	131072,
		"test_start":	{
			"protocol":	"TCP",
			"num_streams":	1,
			"blksize":	131072,
			"omit":	0,
			"duration":	70,
			"bytes":	0,
			"blocks":	0,
			"reverse":	0,
			"tos":	0
		}
	},
	"intervals":	[{
			"streams":	[{
					"socket":	5,
					"start":	0,
					"end":	60.000062,
					"seconds":	60.00006103515625,
					"bytes":	22499688448,
					"bits_per_second":	2999955408.0208821,
					"retransmits":	5,
					"snd_cwnd":	536880,
					"rtt":	308,
					"rttvar":	37,
					"pmtu":	9000,
					"omitted":	false,
					"sender":	true
				}],
			"sum":	{
				"start":	0,
				"end":	60.000062,
				"seconds":	60.00006103515625,
				"bytes":	22499688448,
				"bits_per_second":	2999955408.0208821,
				"retransmits":	5,
				"omitted":	false,
				"sender":	true
			}
		}, {
			"streams":	[{
					"socket":	5,
					"start":	60.000062,
					"end":	70.000097,
					"seconds":	10.000035285949707,
					"bytes":	3750100992,
					"bits_per_second":	3000070207.5673537,
					"retransmits":	0,
					"snd_cwnd":	536880,
					"rtt":	344,
					"rttvar":	17,
					"pmtu":	9000,
					"omitted":	false,
					"sender":	true
				}],
			"sum":	{
				"start":	60.000062,
				"end":	70.000097,
				"seconds":	10.000035285949707,
				"bytes":	3750100992,
				"bits_per_second":	3000070207.5673537,
				"retransmits":	0,
				"omitted":	false,
				"sender":	true
			}
		}],
	"end":	{
		"streams":	[{
				"sender":	{
					"socket":	5,
					"start":	0,
					"end":	70.000097,
					"seconds":	70.000097,
					"bytes":	26249789440,
					"bits_per_second":	2999971778.89625,
					"retransmits":	5,
					"max_snd_cwnd":	536880,
					"max_rtt":	344,
					"min_rtt":	308,
					"mean_rtt":	326,
					"sender":	true
				},
				"receiver":	{
					"socket":	5,
					"start":	0,
					"end":	70.00033,
					"seconds":	70.000097,
					"bytes":	26249789440,
					"bits_per_second":	2999961793.3229742,
					"sender":	true
				}
			}],
		"sum_sent":	{
			"start":	0,
			"end":	70.000097,
			"seconds":	70.000097,
			"bytes":	26249789440,
			"bits_per_second":	2999971778.89625,
			"retransmits":	5,
			"sender":	true
		},
		"sum_received":	{
			"start":	0,
			"end":	70.00033,
			"seconds":	70.00033,
			"bytes":	26249789440,
			"bits_per_second":	2999961793.3229742,
			"sender":	true
		},
		"cpu_utilization_percent":	{
			"host_total":	12.617652119142377,
			"host_user":	0,
			"host_system":	12.617653547661483,
			"remote_total":	37.586061936141967,
			"remote_user":	1.6525776170434123,
			"remote_system":	35.933485746697933
		},
		"sender_tcp_congestion":	"cubic",
		"receiver_tcp_congestion":	"reno"
	}
}
