{
	"start":	{
		"connected":	[{
				"socket":	5,
				"local_host":	"10.0.1.1",
				"local_port":	42634,
				"remote_host":	"10.0.0.1",
				"remote_port":	5201
			}],
		"version":	"iperf 3.9+",
		"system_info":	"Linux han-3 5.10.0 #9 SMP PREEMPT Tue Feb 23 15:01:43 PST 2021 x86_64",
		"timestamp":	{
			"time":	"Fri, 26 May 2023 14:12:34 GMT",
			"timesecs":	1685110354
		},
		"connecting_to":	{
			"host":	"10.0.0.1",
			"port":	5201
		},
		"cookie":	"7g5fuukepqasz4fnwendx36rch7ivplppht3",
		"tcp_mss_default":	8948,
		"target_bitrate":	5000000000,
		"sock_bufsize":	0,
		"sndbuf_actual":	16384,
		"rcvbuf_actual":	131072,
		"test_start":	{
			"protocol":	"TCP",
			"num_streams":	1,
			"blksize":	131072,
			"omit":	0,
			"duration":	60,
			"bytes":	0,
			"blocks":	0,
			"reverse":	0,
			"tos":	0
		}
	},
	"intervals":	[{
			"streams":	[{
					"socket":	5,
					"start":	0,
					"end":	60.000109,
					"seconds":	60.0001106262207,
					"bytes":	37499568128,
					"bits_per_second":	4999933198.3381081,
					"retransmits":	14,
					"snd_cwnd":	859008,
					"rtt":	452,
					"rttvar":	28,
					"pmtu":	9000,
					"omitted":	false,
					"sender":	true
				}],
			"sum":	{
				"start":	0,
				"end":	60.000109,
				"seconds":	60.0001106262207,
				"bytes":	37499568128,
				"bits_per_second":	4999933198.3381081,
				"retransmits":	14,
				"omitted":	false,
				"sender":	true
			}
		}],
	"end":	{
		"streams":	[{
				"sender":	{
					"socket":	5,
					"start":	0,
					"end":	60.000109,
					"seconds":	60.000109,
					"bytes":	37499568128,
					"bits_per_second":	4999933333.8544436,
					"retransmits":	14,
					"max_snd_cwnd":	859008,
					"max_rtt":	452,
					"min_rtt":	452,
					"mean_rtt":	452,
					"sender":	true
				},
				"receiver":	{
					"socket":	5,
					"start":	0,
					"end":	60.000218,
					"seconds":	60.000109,
					"bytes":	37499568128,
					"bits_per_second":	4999924250.6752224,
					"sender":	true
				}
			}],
		"sum_sent":	{
			"start":	0,
			"end":	60.000109,
			"seconds":	60.000109,
			"bytes":	37499568128,
			"bits_per_second":	4999933333.8544436,
			"retransmits":	14,
			"sender":	true
		},
		"sum_received":	{
			"start":	0,
			"end":	60.000218,
			"seconds":	60.000218,
			"bytes":	37499568128,
			"bits_per_second":	4999924250.6752224,
			"sender":	true
		},
		"cpu_utilization_percent":	{
			"host_total":	32.434454692974334,
			"host_user":	0.75436948575430129,
			"host_system":	31.680088540418538,
			"remote_total":	40.695640630760778,
			"remote_user":	2.5912504372227678,
			"remote_system":	38.10439185827655
		},
		"sender_tcp_congestion":	"cubic",
		"receiver_tcp_congestion":	"reno"
	}
}
