{
	"start":	{
		"connected":	[{
				"socket":	5,
				"local_host":	"10.0.1.1",
				"local_port":	59682,
				"remote_host":	"10.0.0.1",
				"remote_port":	5201
			}],
		"version":	"iperf 3.9+",
		"system_info":	"Linux han-3 5.10.0 #9 SMP PREEMPT Tue Feb 23 15:01:43 PST 2021 x86_64",
		"timestamp":	{
			"time":	"Thu, 25 May 2023 02:05:17 GMT",
			"timesecs":	1684980317
		},
		"connecting_to":	{
			"host":	"10.0.0.1",
			"port":	5201
		},
		"cookie":	"yzxfop54mdxufrfi4xghjwnw7xbgcl3644rz",
		"tcp_mss_default":	8948,
		"target_bitrate":	1000000000,
		"sock_bufsize":	0,
		"sndbuf_actual":	16384,
		"rcvbuf_actual":	131072,
		"test_start":	{
			"protocol":	"TCP",
			"num_streams":	1,
			"blksize":	131072,
			"omit":	0,
			"duration":	90,
			"bytes":	0,
			"blocks":	0,
			"reverse":	0,
			"tos":	0
		}
	},
	"intervals":	[{
			"streams":	[{
					"socket":	5,
					"start":	0,
					"end":	60.00006,
					"seconds":	60.00006103515625,
					"bytes":	7499939840,
					"bits_per_second":	999990961.423257,
					"retransmits":	8,
					"snd_cwnd":	223700,
					"rtt":	214,
					"rttvar":	18,
					"pmtu":	9000,
					"omitted":	false,
					"sender":	true
				}],
			"sum":	{
				"start":	0,
				"end":	60.00006,
				"seconds":	60.00006103515625,
				"bytes":	7499939840,
				"bits_per_second":	999990961.423257,
				"retransmits":	8,
				"omitted":	false,
				"sender":	true
			}
		}, {
			"streams":	[{
					"socket":	5,
					"start":	60.00006,
					"end":	90.000073,
					"seconds":	30.00001335144043,
					"bytes":	3749969920,
					"bits_per_second":	999991533.62242031,
					"retransmits":	0,
					"snd_cwnd":	223700,
					"rtt":	274,
					"rttvar":	46,
					"pmtu":	9000,
					"omitted":	false,
					"sender":	true
				}],
			"sum":	{
				"start":	60.00006,
				"end":	90.000073,
				"seconds":	30.00001335144043,
				"bytes":	3749969920,
				"bits_per_second":	999991533.62242031,
				"retransmits":	0,
				"omitted":	false,
				"sender":	true
			}
		}],
	"end":	{
		"streams":	[{
				"sender":	{
					"socket":	5,
					"start":	0,
					"end":	90.000073,
					"seconds":	90.000073,
					"bytes":	11249909760,
					"bits_per_second":	999991167.56271958,
					"retransmits":	8,
					"max_snd_cwnd":	223700,
					"max_rtt":	274,
					"min_rtt":	214,
					"mean_rtt":	244,
					"sender":	true
				},
				"receiver":	{
					"socket":	5,
					"start":	0,
					"end":	90.000237,
					"seconds":	90.000073,
					"bytes":	11249909760,
					"bits_per_second":	999989345.36139059,
					"sender":	true
				}
			}],
		"sum_sent":	{
			"start":	0,
			"end":	90.000073,
			"seconds":	90.000073,
			"bytes":	11249909760,
			"bits_per_second":	999991167.56271958,
			"retransmits":	8,
			"sender":	true
		},
		"sum_received":	{
			"start":	0,
			"end":	90.000237,
			"seconds":	90.000237,
			"bytes":	11249909760,
			"bits_per_second":	999989345.36139059,
			"sender":	true
		},
		"cpu_utilization_percent":	{
			"host_total":	5.2635947254311164,
			"host_user":	2.1055994415079224,
			"host_system":	3.15799306175902,
			"remote_total":	15.9870882016462,
			"remote_user":	0.83840650028691233,
			"remote_system":	15.14868170135929
		},
		"sender_tcp_congestion":	"cubic",
		"receiver_tcp_congestion":	"reno"
	}
}
