{
	"start":	{
		"connected":	[{
				"socket":	5,
				"local_host":	"10.0.1.1",
				"local_port":	33908,
				"remote_host":	"10.0.0.1",
				"remote_port":	5201
			}],
		"version":	"iperf 3.9+",
		"system_info":	"Linux han-3 5.10.0 #9 SMP PREEMPT Tue Feb 23 15:01:43 PST 2021 x86_64",
		"timestamp":	{
			"time":	"Thu, 25 May 2023 10:34:54 GMT",
			"timesecs":	1685010894
		},
		"connecting_to":	{
			"host":	"10.0.0.1",
			"port":	5201
		},
		"cookie":	"rhdzvwumcxvkhtmll5h7vo4upnxluqmk2tws",
		"tcp_mss_default":	8948,
		"target_bitrate":	7000000000,
		"sock_bufsize":	0,
		"sndbuf_actual":	16384,
		"rcvbuf_actual":	131072,
		"test_start":	{
			"protocol":	"TCP",
			"num_streams":	1,
			"blksize":	131072,
			"omit":	0,
			"duration":	50,
			"bytes":	0,
			"blocks":	0,
			"reverse":	0,
			"tos":	0
		}
	},
	"intervals":	[{
			"streams":	[{
					"socket":	5,
					"start":	0,
					"end":	50.0001,
					"seconds":	50.0000991821289,
					"bytes":	43749343232,
					"bits_per_second":	6999881031.8579435,
					"retransmits":	99,
					"snd_cwnd":	1351148,
					"rtt":	517,
					"rttvar":	47,
					"pmtu":	9000,
					"omitted":	false,
					"sender":	true
				}],
			"sum":	{
				"start":	0,
				"end":	50.0001,
				"seconds":	50.0000991821289,
				"bytes":	43749343232,
				"bits_per_second":	6999881031.8579435,
				"retransmits":	99,
				"omitted":	false,
				"sender":	true
			}
		}],
	"end":	{
		"streams":	[{
				"sender":	{
					"socket":	5,
					"start":	0,
					"end":	50.0001,
					"seconds":	50.0001,
					"bytes":	43749343232,
					"bits_per_second":	6999880917.3581648,
					"retransmits":	99,
					"max_snd_cwnd":	1351148,
					"max_rtt":	517,
					"min_rtt":	517,
					"mean_rtt":	517,
					"sender":	true
				},
				"receiver":	{
					"socket":	5,
					"start":	0,
					"end":	50.000277,
					"seconds":	50.0001,
					"bytes":	43749343232,
					"bits_per_second":	6999856137.916996,
					"sender":	true
				}
			}],
		"sum_sent":	{
			"start":	0,
			"end":	50.0001,
			"seconds":	50.0001,
			"bytes":	43749343232,
			"bits_per_second":	6999880917.3581648,
			"retransmits":	99,
			"sender":	true
		},
		"sum_received":	{
			"start":	0,
			"end":	50.000277,
			"seconds":	50.000277,
			"bytes":	43749343232,
			"bits_per_second":	6999856137.916996,
			"sender":	true
		},
		"cpu_utilization_percent":	{
			"host_total":	25.4031329557689,
			"host_user":	1.0564707123709143,
			"host_system":	24.346662243397983,
			"remote_total":	50.036892438640542,
			"remote_user":	2.4556029951609046,
			"remote_system":	47.58129144155366
		},
		"sender_tcp_congestion":	"cubic",
		"receiver_tcp_congestion":	"reno"
	}
}
