{
	"start":	{
		"connected":	[{
				"socket":	5,
				"local_host":	"10.0.1.1",
				"local_port":	43596,
				"remote_host":	"10.0.0.1",
				"remote_port":	5201
			}],
		"version":	"iperf 3.9+",
		"system_info":	"Linux han-3 5.10.0 #9 SMP PREEMPT Tue Feb 23 15:01:43 PST 2021 x86_64",
		"timestamp":	{
			"time":	"Fri, 26 May 2023 17:37:51 GMT",
			"timesecs":	1685122671
		},
		"connecting_to":	{
			"host":	"10.0.0.1",
			"port":	5201
		},
		"cookie":	"ullx674wuwflxhh6tvcm26tfhyhefoqj3xvn",
		"tcp_mss_default":	8948,
		"target_bitrate":	7000000000,
		"sock_bufsize":	0,
		"sndbuf_actual":	16384,
		"rcvbuf_actual":	131072,
		"test_start":	{
			"protocol":	"TCP",
			"num_streams":	1,
			"blksize":	131072,
			"omit":	0,
			"duration":	80,
			"bytes":	0,
			"blocks":	0,
			"reverse":	0,
			"tos":	0
		}
	},
	"intervals":	[{
			"streams":	[{
					"socket":	5,
					"start":	0,
					"end":	60.000064,
					"seconds":	60.000064849853516,
					"bytes":	52499841024,
					"bits_per_second":	6999971237.4148436,
					"retransmits":	86,
					"snd_cwnd":	1288512,
					"rtt":	427,
					"rttvar":	8,
					"pmtu":	9000,
					"omitted":	false,
					"sender":	true
				}],
			"sum":	{
				"start":	0,
				"end":	60.000064,
				"seconds":	60.000064849853516,
				"bytes":	52499841024,
				"bits_per_second":	6999971237.4148436,
				"retransmits":	86,
				"omitted":	false,
				"sender":	true
			}
		}, {
			"streams":	[{
					"socket":	5,
					"start":	60.000064,
					"end":	80.000081,
					"seconds":	20.0000171661377,
					"bytes":	17499684864,
					"bits_per_second":	6999867937.5651569,
					"retransmits":	1,
					"snd_cwnd":	1288512,
					"rtt":	600,
					"rttvar":	28,
					"pmtu":	9000,
					"omitted":	false,
					"sender":	true
				}],
			"sum":	{
				"start":	60.000064,
				"end":	80.000081,
				"seconds":	20.0000171661377,
				"bytes":	17499684864,
				"bits_per_second":	6999867937.5651569,
				"retransmits":	1,
				"omitted":	false,
				"sender":	true
			}
		}],
	"end":	{
		"streams":	[{
				"sender":	{
					"socket":	5,
					"start":	0,
					"end":	80.000081,
					"seconds":	80.000081,
					"bytes":	69999525888,
					"bits_per_second":	6999945501.35518,
					"retransmits":	87,
					"max_snd_cwnd":	1288512,
					"max_rtt":	600,
					"min_rtt":	427,
					"mean_rtt":	513,
					"sender":	true
				},
				"receiver":	{
					"socket":	5,
					"start":	0,
					"end":	80.000245,
					"seconds":	80.000081,
					"bytes":	69999525888,
					"bits_per_second":	6999931151.510848,
					"sender":	true
				}
			}],
		"sum_sent":	{
			"start":	0,
			"end":	80.000081,
			"seconds":	80.000081,
			"bytes":	69999525888,
			"bits_per_second":	6999945501.35518,
			"retransmits":	87,
			"sender":	true
		},
		"sum_received":	{
			"start":	0,
			"end":	80.000245,
			"seconds":	80.000245,
			"bytes":	69999525888,
			"bits_per_second":	6999931151.510848,
			"sender":	true
		},
		"cpu_utilization_percent":	{
			"host_total":	48.868376132305727,
			"host_user":	1.2760819147749771,
			"host_system":	47.592295467492214,
			"remote_total":	46.023618816460569,
			"remote_user":	3.57725075245993,
			"remote_system":	42.446366815151123
		},
		"sender_tcp_congestion":	"cubic",
		"receiver_tcp_congestion":	"reno"
	}
}
