{
	"start":	{
		"connected":	[{
				"socket":	5,
				"local_host":	"10.0.1.1",
				"local_port":	39604,
				"remote_host":	"10.0.0.1",
				"remote_port":	5201
			}],
		"version":	"iperf 3.9+",
		"system_info":	"Linux han-3 5.10.0 #9 SMP PREEMPT Tue Feb 23 15:01:43 PST 2021 x86_64",
		"timestamp":	{
			"time":	"Fri, 26 May 2023 03:36:05 GMT",
			"timesecs":	1685072165
		},
		"connecting_to":	{
			"host":	"10.0.0.1",
			"port":	5201
		},
		"cookie":	"qwpzdbhow5othf62czenm6i6n6yve4zlxile",
		"tcp_mss_default":	8948,
		"target_bitrate":	8000000000,
		"sock_bufsize":	0,
		"sndbuf_actual":	16384,
		"rcvbuf_actual":	131072,
		"test_start":	{
			"protocol":	"TCP",
			"num_streams":	1,
			"blksize":	131072,
			"omit":	0,
			"duration":	60,
			"bytes":	0,
			"blocks":	0,
			"reverse":	0,
			"tos":	0
		}
	},
	"intervals":	[{
			"streams":	[{
					"socket":	5,
					"start":	0,
					"end":	60.00008,
					"seconds":	60.000080108642578,
					"bytes":	59999387648,
					"bits_per_second":	7999907672.0375938,
					"retransmits":	88,
					"snd_cwnd":	1351148,
					"rtt":	683,
					"rttvar":	28,
					"pmtu":	9000,
					"omitted":	false,
					"sender":	true
				}],
			"sum":	{
				"start":	0,
				"end":	60.00008,
				"seconds":	60.000080108642578,
				"bytes":	59999387648,
				"bits_per_second":	7999907672.0375938,
				"retransmits":	88,
				"omitted":	false,
				"sender":	true
			}
		}],
	"end":	{
		"streams":	[{
				"sender":	{
					"socket":	5,
					"start":	0,
					"end":	60.00008,
					"seconds":	60.00008,
					"bytes":	59999387648,
					"bits_per_second":	7999907686.5230846,
					"retransmits":	88,
					"max_snd_cwnd":	1351148,
					"max_rtt":	683,
					"min_rtt":	683,
					"mean_rtt":	683,
					"sender":	true
				},
				"receiver":	{
					"socket":	5,
					"start":	0,
					"end":	60.000161,
					"seconds":	60.00008,
					"bytes":	59999387648,
					"bits_per_second":	7999896886.6766872,
					"sender":	true
				}
			}],
		"sum_sent":	{
			"start":	0,
			"end":	60.00008,
			"seconds":	60.00008,
			"bytes":	59999387648,
			"bits_per_second":	7999907686.5230846,
			"retransmits":	88,
			"sender":	true
		},
		"sum_received":	{
			"start":	0,
			"end":	60.000161,
			"seconds":	60.000161,
			"bytes":	59999387648,
			"bits_per_second":	7999896886.6766872,
			"sender":	true
		},
		"cpu_utilization_percent":	{
			"host_total":	41.578027540904571,
			"host_user":	1.7007939189324319,
			"host_system":	39.877230288755243,
			"remote_total":	52.780407542316233,
			"remote_user":	3.8935984862014585,
			"remote_system":	48.886810721313154
		},
		"sender_tcp_congestion":	"cubic",
		"receiver_tcp_congestion":	"reno"
	}
}
