{
	"start":	{
		"connected":	[{
				"socket":	5,
				"local_host":	"10.0.1.1",
				"local_port":	51824,
				"remote_host":	"10.0.0.1",
				"remote_port":	5201
			}],
		"version":	"iperf 3.9+",
		"system_info":	"Linux han-3 5.10.0 #9 SMP PREEMPT Tue Feb 23 15:01:43 PST 2021 x86_64",
		"timestamp":	{
			"time":	"Mon, 22 May 2023 20:44:33 GMT",
			"timesecs":	1684788273
		},
		"connecting_to":	{
			"host":	"10.0.0.1",
			"port":	5201
		},
		"cookie":	"yk4vx76dvxkbv7qusdhk62ehq33tfailjbtb",
		"tcp_mss_default":	8948,
		"target_bitrate":	1000000000,
		"sock_bufsize":	0,
		"sndbuf_actual":	16384,
		"rcvbuf_actual":	131072,
		"test_start":	{
			"protocol":	"TCP",
			"num_streams":	1,
			"blksize":	131072,
			"omit":	0,
			"duration":	40,
			"bytes":	0,
			"blocks":	0,
			"reverse":	0,
			"tos":	0
		}
	},
	"intervals":	[{
			"streams":	[{
					"socket":	5,
					"start":	0,
					"end":	40.000122,
					"seconds":	40.0001220703125,
					"bytes":	5000003584,
					"bits_per_second":	999997665.04931319,
					"retransmits":	3,
					"snd_cwnd":	277388,
					"rtt":	299,
					"rttvar":	16,
					"pmtu":	9000,
					"omitted":	false,
					"sender":	true
				}],
			"sum":	{
				"start":	0,
				"end":	40.000122,
				"seconds":	40.0001220703125,
				"bytes":	5000003584,
				"bits_per_second":	999997665.04931319,
				"retransmits":	3,
				"omitted":	false,
				"sender":	true
			}
		}],
	"end":	{
		"streams":	[{
				"sender":	{
					"socket":	5,
					"start":	0,
					"end":	40.000122,
					"seconds":	40.000122,
					"bytes":	5000003584,
					"bits_per_second":	999997666.80711627,
					"retransmits":	3,
					"max_snd_cwnd":	277388,
					"max_rtt":	299,
					"min_rtt":	299,
					"mean_rtt":	299,
					"sender":	true
				},
				"receiver":	{
					"socket":	5,
					"start":	0,
					"end":	40.000328,
					"seconds":	40.000122,
					"bytes":	5000003584,
					"bits_per_second":	999992516.86136162,
					"sender":	true
				}
			}],
		"sum_sent":	{
			"start":	0,
			"end":	40.000122,
			"seconds":	40.000122,
			"bytes":	5000003584,
			"bits_per_second":	999997666.80711627,
			"retransmits":	3,
			"sender":	true
		},
		"sum_received":	{
			"start":	0,
			"end":	40.000328,
			"seconds":	40.000328,
			"bytes":	5000003584,
			"bits_per_second":	999992516.86136162,
			"sender":	true
		},
		"cpu_utilization_percent":	{
			"host_total":	5.918163282708135,
			"host_user":	2.3657049071367222,
			"host_system":	3.5524608754207341,
			"remote_total":	14.775683014489575,
			"remote_user":	2.9557708172173607,
			"remote_system":	11.819909700365445
		},
		"sender_tcp_congestion":	"cubic",
		"receiver_tcp_congestion":	"reno"
	}
}
