{
	"start":	{
		"connected":	[{
				"socket":	5,
				"local_host":	"10.0.1.1",
				"local_port":	37070,
				"remote_host":	"10.0.0.1",
				"remote_port":	5201
			}],
		"version":	"iperf 3.9+",
		"system_info":	"Linux han-3 5.10.0 #9 SMP PREEMPT Tue Feb 23 15:01:43 PST 2021 x86_64",
		"timestamp":	{
			"time":	"Thu, 25 May 2023 18:49:12 GMT",
			"timesecs":	1685040552
		},
		"connecting_to":	{
			"host":	"10.0.0.1",
			"port":	5201
		},
		"cookie":	"nrbvgchjmaimvfapjh5m3ztjfim4nl2jw4sa",
		"tcp_mss_default":	8948,
		"target_bitrate":	2000000000,
		"sock_bufsize":	0,
		"sndbuf_actual":	16384,
		"rcvbuf_actual":	131072,
		"test_start":	{
			"protocol":	"TCP",
			"num_streams":	1,
			"blksize":	131072,
			"omit":	0,
			"duration":	80,
			"bytes":	0,
			"blocks":	0,
			"reverse":	0,
			"tos":	0
		}
	},
	"intervals":	[{
			"streams":	[{
					"socket":	5,
					"start":	0,
					"end":	60.000079,
					"seconds":	60.000080108642578,
					"bytes":	14999879680,
					"bits_per_second":	1999981287.0702319,
					"retransmits":	7,
					"snd_cwnd":	402660,
					"rtt":	308,
					"rttvar":	14,
					"pmtu":	9000,
					"omitted":	false,
					"sender":	true
				}],
			"sum":	{
				"start":	0,
				"end":	60.000079,
				"seconds":	60.000080108642578,
				"bytes":	14999879680,
				"bits_per_second":	1999981287.0702319,
				"retransmits":	7,
				"omitted":	false,
				"sender":	true
			}
		}, {
			"streams":	[{
					"socket":	5,
					"start":	60.000079,
					"end":	80.000081,
					"seconds":	20.000001907348633,
					"bytes":	5000003584,
					"bits_per_second":	2000001242.8650181,
					"retransmits":	0,
					"snd_cwnd":	402660,
					"rtt":	381,
					"rttvar":	93,
					"pmtu":	9000,
					"omitted":	false,
					"sender":	true
				}],
			"sum":	{
				"start":	60.000079,
				"end":	80.000081,
				"seconds":	20.000001907348633,
				"bytes":	5000003584,
				"bits_per_second":	2000001242.8650181,
				"retransmits":	0,
				"omitted":	false,
				"sender":	true
			}
		}],
	"end":	{
		"streams":	[{
				"sender":	{
					"socket":	5,
					"start":	0,
					"end":	80.000081,
					"seconds":	80.000081,
					"bytes":	19999883264,
					"bits_per_second":	1999986301.41387,
					"retransmits":	7,
					"max_snd_cwnd":	402660,
					"max_rtt":	381,
					"min_rtt":	308,
					"mean_rtt":	344,
					"sender":	true
				},
				"receiver":	{
					"socket":	5,
					"start":	0,
					"end":	80.000164,
					"seconds":	80.000081,
					"bytes":	19999883264,
					"bits_per_second":	1999984226.4323359,
					"sender":	true
				}
			}],
		"sum_sent":	{
			"start":	0,
			"end":	80.000081,
			"seconds":	80.000081,
			"bytes":	19999883264,
			"bits_per_second":	1999986301.41387,
			"retransmits":	7,
			"sender":	true
		},
		"sum_received":	{
			"start":	0,
			"end":	80.000164,
			"seconds":	80.000164,
			"bytes":	19999883264,
			"bits_per_second":	1999984226.4323359,
			"sender":	true
		},
		"cpu_utilization_percent":	{
			"host_total":	10.778812369272632,
			"host_user":	0.37041399870423847,
			"host_system":	10.408378371162376,
			"remote_total":	23.093316338070249,
			"remote_user":	0.745931480138662,
			"remote_system":	22.34738610704445
		},
		"sender_tcp_congestion":	"cubic",
		"receiver_tcp_congestion":	"reno"
	}
}
