{
	"start":	{
		"connected":	[{
				"socket":	5,
				"local_host":	"10.0.1.1",
				"local_port":	39758,
				"remote_host":	"10.0.0.1",
				"remote_port":	5201
			}],
		"version":	"iperf 3.9+",
		"system_info":	"Linux han-3 5.10.0 #9 SMP PREEMPT Tue Feb 23 15:01:43 PST 2021 x86_64",
		"timestamp":	{
			"time":	"Fri, 26 May 2023 04:20:07 GMT",
			"timesecs":	1685074807
		},
		"connecting_to":	{
			"host":	"10.0.0.1",
			"port":	5201
		},
		"cookie":	"6otb7mmuqcdz6y2k4lxusxzwjo2cnrmzmy2t",
		"tcp_mss_default":	8948,
		"target_bitrate":	8000000000,
		"sock_bufsize":	0,
		"sndbuf_actual":	16384,
		"rcvbuf_actual":	131072,
		"test_start":	{
			"protocol":	"TCP",
			"num_streams":	1,
			"blksize":	131072,
			"omit":	0,
			"duration":	100,
			"bytes":	0,
			"blocks":	0,
			"reverse":	0,
			"tos":	0
		}
	},
	"intervals":	[{
			"streams":	[{
					"socket":	5,
					"start":	0,
					"end":	60.00006,
					"seconds":	60.00006103515625,
					"bytes":	59999256576,
					"bits_per_second":	7999892738.888278,
					"retransmits":	20,
					"snd_cwnd":	1494316,
					"rtt":	614,
					"rttvar":	48,
					"pmtu":	9000,
					"omitted":	false,
					"sender":	true
				}],
			"sum":	{
				"start":	0,
				"end":	60.00006,
				"seconds":	60.00006103515625,
				"bytes":	59999256576,
				"bits_per_second":	7999892738.888278,
				"retransmits":	20,
				"omitted":	false,
				"sender":	true
			}
		}, {
			"streams":	[{
					"socket":	5,
					"start":	60.00006,
					"end":	100.000074,
					"seconds":	40.000015258789062,
					"bytes":	40000159744,
					"bits_per_second":	8000028897.0311642,
					"retransmits":	2,
					"snd_cwnd":	1494316,
					"rtt":	668,
					"rttvar":	22,
					"pmtu":	9000,
					"omitted":	false,
					"sender":	true
				}],
			"sum":	{
				"start":	60.00006,
				"end":	100.000074,
				"seconds":	40.000015258789062,
				"bytes":	40000159744,
				"bits_per_second":	8000028897.0311642,
				"retransmits":	2,
				"omitted":	false,
				"sender":	true
			}
		}],
	"end":	{
		"streams":	[{
				"sender":	{
					"socket":	5,
					"start":	0,
					"end":	100.000074,
					"seconds":	100.000074,
					"bytes":	99999416320,
					"bits_per_second":	7999947385.6389351,
					"retransmits":	22,
					"max_snd_cwnd":	1494316,
					"max_rtt":	668,
					"min_rtt":	614,
					"mean_rtt":	641,
					"sender":	true
				},
				"receiver":	{
					"socket":	5,
					"start":	0,
					"end":	100.000182,
					"seconds":	100.000074,
					"bytes":	99999416320,
					"bits_per_second":	7999938745.711483,
					"sender":	true
				}
			}],
		"sum_sent":	{
			"start":	0,
			"end":	100.000074,
			"seconds":	100.000074,
			"bytes":	99999416320,
			"bits_per_second":	7999947385.6389351,
			"retransmits":	22,
			"sender":	true
		},
		"sum_received":	{
			"start":	0,
			"end":	100.000182,
			"seconds":	100.000182,
			"bytes":	99999416320,
			"bits_per_second":	7999938745.711483,
			"sender":	true
		},
		"cpu_utilization_percent":	{
			"host_total":	40.399393496002716,
			"host_user":	1.14529933452617,
			"host_system":	39.254094161476544,
			"remote_total":	54.073077410258264,
			"remote_user":	3.05585245701787,
			"remote_system":	51.0172249532404
		},
		"sender_tcp_congestion":	"cubic",
		"receiver_tcp_congestion":	"reno"
	}
}
