{
	"start":	{
		"connected":	[{
				"socket":	5,
				"local_host":	"10.0.1.1",
				"local_port":	41552,
				"remote_host":	"10.0.0.1",
				"remote_port":	5201
			}],
		"version":	"iperf 3.9+",
		"system_info":	"Linux han-3 5.10.0 #9 SMP PREEMPT Tue Feb 23 15:01:43 PST 2021 x86_64",
		"timestamp":	{
			"time":	"Fri, 26 May 2023 10:43:55 GMT",
			"timesecs":	1685097835
		},
		"connecting_to":	{
			"host":	"10.0.0.1",
			"port":	5201
		},
		"cookie":	"5ndsdqt5tpt72lggyeh372byvuifs237facb",
		"tcp_mss_default":	8948,
		"target_bitrate":	3000000000,
		"sock_bufsize":	0,
		"sndbuf_actual":	16384,
		"rcvbuf_actual":	131072,
		"test_start":	{
			"protocol":	"TCP",
			"num_streams":	1,
			"blksize":	131072,
			"omit":	0,
			"duration":	10,
			"bytes":	0,
			"blocks":	0,
			"reverse":	0,
			"tos":	0
		}
	},
	"intervals":	[{
			"streams":	[{
					"socket":	5,
					"start":	0,
					"end":	10.000077,
					"seconds":	10.000077247619629,
					"bytes":	3749707776,
					"bits_per_second":	2999743048.499,
					"retransmits":	7,
					"snd_cwnd":	536880,
					"rtt":	418,
					"rttvar":	54,
					"pmtu":	9000,
					"omitted":	false,
					"sender":	true
				}],
			"sum":	{
				"start":	0,
				"end":	10.000077,
				"seconds":	10.000077247619629,
				"bytes":	3749707776,
				"bits_per_second":	2999743048.499,
				"retransmits":	7,
				"omitted":	false,
				"sender":	true
			}
		}],
	"end":	{
		"streams":	[{
				"sender":	{
					"socket":	5,
					"start":	0,
					"end":	10.000077,
					"seconds":	10.000077,
					"bytes":	3749707776,
					"bits_per_second":	2999743122.7779551,
					"retransmits":	7,
					"max_snd_cwnd":	536880,
					"max_rtt":	418,
					"min_rtt":	418,
					"mean_rtt":	418,
					"sender":	true
				},
				"receiver":	{
					"socket":	5,
					"start":	0,
					"end":	10.000217,
					"seconds":	10.000077,
					"bytes":	3749707776,
					"bits_per_second":	2999701127.2855382,
					"sender":	true
				}
			}],
		"sum_sent":	{
			"start":	0,
			"end":	10.000077,
			"seconds":	10.000077,
			"bytes":	3749707776,
			"bits_per_second":	2999743122.7779551,
			"retransmits":	7,
			"sender":	true
		},
		"sum_received":	{
			"start":	0,
			"end":	10.000217,
			"seconds":	10.000217,
			"bytes":	3749707776,
			"bits_per_second":	2999701127.2855382,
			"sender":	true
		},
		"cpu_utilization_percent":	{
			"host_total":	15.617148256905535,
			"host_user":	0.33474443932130948,
			"host_system":	15.28238382269492,
			"remote_total":	34.046988558260146,
			"remote_user":	0,
			"remote_system":	34.046988558260146
		},
		"sender_tcp_congestion":	"cubic",
		"receiver_tcp_congestion":	"reno"
	}
}
