{
	"start":	{
		"connected":	[{
				"socket":	5,
				"local_host":	"10.0.1.1",
				"local_port":	35242,
				"remote_host":	"10.0.0.1",
				"remote_port":	5201
			}],
		"version":	"iperf 3.9+",
		"system_info":	"Linux han-3 5.10.0 #9 SMP PREEMPT Tue Feb 23 15:01:43 PST 2021 x86_64",
		"timestamp":	{
			"time":	"Thu, 25 May 2023 15:12:39 GMT",
			"timesecs":	1685027559
		},
		"connecting_to":	{
			"host":	"10.0.0.1",
			"port":	5201
		},
		"cookie":	"wuestoxrotbrhc6fdcpwarocwweffj43eitf",
		"tcp_mss_default":	8948,
		"target_bitrate":	10000000000,
		"sock_bufsize":	0,
		"sndbuf_actual":	16384,
		"rcvbuf_actual":	131072,
		"test_start":	{
			"protocol":	"TCP",
			"num_streams":	1,
			"blksize":	131072,
			"omit":	0,
			"duration":	50,
			"bytes":	0,
			"blocks":	0,
			"reverse":	0,
			"tos":	0
		}
	},
	"intervals":	[{
			"streams":	[{
					"socket":	5,
					"start":	0,
					"end":	50.000143,
					"seconds":	50.000141143798828,
					"bytes":	61840031744,
					"bits_per_second":	9894377148.4404449,
					"retransmits":	1838,
					"snd_cwnd":	1682224,
					"rtt":	1358,
					"rttvar":	28,
					"pmtu":	9000,
					"omitted":	false,
					"sender":	true
				}],
			"sum":	{
				"start":	0,
				"end":	50.000143,
				"seconds":	50.000141143798828,
				"bytes":	61840031744,
				"bits_per_second":	9894377148.4404449,
				"retransmits":	1838,
				"omitted":	false,
				"sender":	true
			}
		}],
	"end":	{
		"streams":	[{
				"sender":	{
					"socket":	5,
					"start":	0,
					"end":	50.000143,
					"seconds":	50.000143,
					"bytes":	61840031744,
					"bits_per_second":	9894376781.122406,
					"retransmits":	1838,
					"max_snd_cwnd":	1682224,
					"max_rtt":	1358,
					"min_rtt":	1358,
					"mean_rtt":	1358,
					"sender":	true
				},
				"receiver":	{
					"socket":	5,
					"start":	0,
					"end":	50.001557,
					"seconds":	50.000143,
					"bytes":	61839090124,
					"bits_per_second":	9893946322.35152,
					"sender":	true
				}
			}],
		"sum_sent":	{
			"start":	0,
			"end":	50.000143,
			"seconds":	50.000143,
			"bytes":	61840031744,
			"bits_per_second":	9894376781.122406,
			"retransmits":	1838,
			"sender":	true
		},
		"sum_received":	{
			"start":	0,
			"end":	50.001557,
			"seconds":	50.001557,
			"bytes":	61839090124,
			"bits_per_second":	9893946322.35152,
			"sender":	true
		},
		"cpu_utilization_percent":	{
			"host_total":	28.452549638806868,
			"host_user":	2.1963972602071267,
			"host_system":	26.25615237859974,
			"remote_total":	55.399388242454364,
			"remote_user":	2.77358127326972,
			"remote_system":	52.625804971087028
		},
		"sender_tcp_congestion":	"cubic",
		"receiver_tcp_congestion":	"reno"
	}
}
