{
	"start":	{
		"connected":	[{
				"socket":	5,
				"local_host":	"10.0.1.1",
				"local_port":	40982,
				"remote_host":	"10.0.0.1",
				"remote_port":	5201
			}],
		"version":	"iperf 3.9+",
		"system_info":	"Linux han-3 5.10.0 #9 SMP PREEMPT Tue Feb 23 15:01:43 PST 2021 x86_64",
		"timestamp":	{
			"time":	"Fri, 26 May 2023 08:28:25 GMT",
			"timesecs":	1685089705
		},
		"connecting_to":	{
			"host":	"10.0.0.1",
			"port":	5201
		},
		"cookie":	"fx5l2i6b4ihs7rcq4dxeuisnzsx24nd6nme3",
		"tcp_mss_default":	8948,
		"target_bitrate":	1000000000,
		"sock_bufsize":	0,
		"sndbuf_actual":	16384,
		"rcvbuf_actual":	131072,
		"test_start":	{
			"protocol":	"TCP",
			"num_streams":	1,
			"blksize":	131072,
			"omit":	0,
			"duration":	80,
			"bytes":	0,
			"blocks":	0,
			"reverse":	0,
			"tos":	0
		}
	},
	"intervals":	[{
			"streams":	[{
					"socket":	5,
					"start":	0,
					"end":	60.000068,
					"seconds":	60.000068664550781,
					"bytes":	7499939840,
					"bits_per_second":	999990834.26797628,
					"retransmits":	11,
					"snd_cwnd":	277388,
					"rtt":	241,
					"rttvar":	38,
					"pmtu":	9000,
					"omitted":	false,
					"sender":	true
				}],
			"sum":	{
				"start":	0,
				"end":	60.000068,
				"seconds":	60.000068664550781,
				"bytes":	7499939840,
				"bits_per_second":	999990834.26797628,
				"retransmits":	11,
				"omitted":	false,
				"sender":	true
			}
		}, {
			"streams":	[{
					"socket":	5,
					"start":	60.000068,
					"end":	80.000083,
					"seconds":	20.000015258789062,
					"bytes":	2500067328,
					"bits_per_second":	1000026168.2405821,
					"retransmits":	0,
					"snd_cwnd":	277388,
					"rtt":	274,
					"rttvar":	26,
					"pmtu":	9000,
					"omitted":	false,
					"sender":	true
				}],
			"sum":	{
				"start":	60.000068,
				"end":	80.000083,
				"seconds":	20.000015258789062,
				"bytes":	2500067328,
				"bits_per_second":	1000026168.2405821,
				"retransmits":	0,
				"omitted":	false,
				"sender":	true
			}
		}],
	"end":	{
		"streams":	[{
				"sender":	{
					"socket":	5,
					"start":	0,
					"end":	80.000083,
					"seconds":	80.000083,
					"bytes":	10000007168,
					"bits_per_second":	999999679.30033267,
					"retransmits":	11,
					"max_snd_cwnd":	277388,
					"max_rtt":	274,
					"min_rtt":	241,
					"mean_rtt":	257,
					"sender":	true
				},
				"receiver":	{
					"socket":	5,
					"start":	0,
					"end":	80.000214,
					"seconds":	80.000083,
					"bytes":	10000007168,
					"bits_per_second":	999998041.805238,
					"sender":	true
				}
			}],
		"sum_sent":	{
			"start":	0,
			"end":	80.000083,
			"seconds":	80.000083,
			"bytes":	10000007168,
			"bits_per_second":	999999679.30033267,
			"retransmits":	11,
			"sender":	true
		},
		"sum_received":	{
			"start":	0,
			"end":	80.000214,
			"seconds":	80.000214,
			"bytes":	10000007168,
			"bits_per_second":	999998041.805238,
			"sender":	true
		},
		"cpu_utilization_percent":	{
			"host_total":	9.0104149368988828,
			"host_user":	2.2519287537063462,
			"host_system":	6.75848743315646,
			"remote_total":	14.887614648509023,
			"remote_user":	0.81869299872366019,
			"remote_system":	14.068921649785363
		},
		"sender_tcp_congestion":	"cubic",
		"receiver_tcp_congestion":	"reno"
	}
}
