{
	"start":	{
		"connected":	[{
				"socket":	5,
				"local_host":	"10.0.1.1",
				"local_port":	40964,
				"remote_host":	"10.0.0.1",
				"remote_port":	5201
			}],
		"version":	"iperf 3.9+",
		"system_info":	"Linux han-3 5.10.0 #9 SMP PREEMPT Tue Feb 23 15:01:43 PST 2021 x86_64",
		"timestamp":	{
			"time":	"Fri, 26 May 2023 08:23:34 GMT",
			"timesecs":	1685089414
		},
		"connecting_to":	{
			"host":	"10.0.0.1",
			"port":	5201
		},
		"cookie":	"5nppmn7fv4r2kdu25rh65j6474sbcnqq43ok",
		"tcp_mss_default":	8948,
		"target_bitrate":	1000000000,
		"sock_bufsize":	0,
		"sndbuf_actual":	16384,
		"rcvbuf_actual":	131072,
		"test_start":	{
			"protocol":	"TCP",
			"num_streams":	1,
			"blksize":	131072,
			"omit":	0,
			"duration":	70,
			"bytes":	0,
			"blocks":	0,
			"reverse":	0,
			"tos":	0
		}
	},
	"intervals":	[{
			"streams":	[{
					"socket":	5,
					"start":	0,
					"end":	60.00007,
					"seconds":	60.000068664550781,
					"bytes":	7499939840,
					"bits_per_second":	999990834.26797628,
					"retransmits":	6,
					"snd_cwnd":	205804,
					"rtt":	241,
					"rttvar":	42,
					"pmtu":	9000,
					"omitted":	false,
					"sender":	true
				}],
			"sum":	{
				"start":	0,
				"end":	60.00007,
				"seconds":	60.000068664550781,
				"bytes":	7499939840,
				"bits_per_second":	999990834.26797628,
				"retransmits":	6,
				"omitted":	false,
				"sender":	true
			}
		}, {
			"streams":	[{
					"socket":	5,
					"start":	60.00007,
					"end":	70.000073,
					"seconds":	10.000002861022949,
					"bytes":	1250033664,
					"bits_per_second":	1000026645.0900818,
					"retransmits":	0,
					"snd_cwnd":	205804,
					"rtt":	228,
					"rttvar":	23,
					"pmtu":	9000,
					"omitted":	false,
					"sender":	true
				}],
			"sum":	{
				"start":	60.00007,
				"end":	70.000073,
				"seconds":	10.000002861022949,
				"bytes":	1250033664,
				"bits_per_second":	1000026645.0900818,
				"retransmits":	0,
				"omitted":	false,
				"sender":	true
			}
		}],
	"end":	{
		"streams":	[{
				"sender":	{
					"socket":	5,
					"start":	0,
					"end":	70.000073,
					"seconds":	70.000073,
					"bytes":	8749973504,
					"bits_per_second":	999995929.032817,
					"retransmits":	6,
					"max_snd_cwnd":	205804,
					"max_rtt":	241,
					"min_rtt":	228,
					"mean_rtt":	234,
					"sender":	true
				},
				"receiver":	{
					"socket":	5,
					"start":	0,
					"end":	70.000171,
					"seconds":	70.000073,
					"bytes":	8749973504,
					"bits_per_second":	999994529.04193628,
					"sender":	true
				}
			}],
		"sum_sent":	{
			"start":	0,
			"end":	70.000073,
			"seconds":	70.000073,
			"bytes":	8749973504,
			"bits_per_second":	999995929.032817,
			"retransmits":	6,
			"sender":	true
		},
		"sum_received":	{
			"start":	0,
			"end":	70.000171,
			"seconds":	70.000171,
			"bytes":	8749973504,
			"bits_per_second":	999994529.04193628,
			"sender":	true
		},
		"cpu_utilization_percent":	{
			"host_total":	10.603637201842242,
			"host_user":	0.77463565533655321,
			"host_system":	9.82899868945789,
			"remote_total":	11.343536016289404,
			"remote_user":	1.2779618962818329,
			"remote_system":	10.065574120007572
		},
		"sender_tcp_congestion":	"cubic",
		"receiver_tcp_congestion":	"reno"
	}
}
