{
	"start":	{
		"connected":	[{
				"socket":	5,
				"local_host":	"10.0.1.1",
				"local_port":	59642,
				"remote_host":	"10.0.0.1",
				"remote_port":	5201
			}],
		"version":	"iperf 3.9+",
		"system_info":	"Linux han-3 5.10.0 #9 SMP PREEMPT Tue Feb 23 15:01:43 PST 2021 x86_64",
		"timestamp":	{
			"time":	"Thu, 25 May 2023 01:53:16 GMT",
			"timesecs":	1684979596
		},
		"connecting_to":	{
			"host":	"10.0.0.1",
			"port":	5201
		},
		"cookie":	"d2zggkeitz6xe3ewyfv5jczxmqnekrwi7s2j",
		"tcp_mss_default":	8948,
		"target_bitrate":	1000000000,
		"sock_bufsize":	0,
		"sndbuf_actual":	16384,
		"rcvbuf_actual":	131072,
		"test_start":	{
			"protocol":	"TCP",
			"num_streams":	1,
			"blksize":	131072,
			"omit":	0,
			"duration":	80,
			"bytes":	0,
			"blocks":	0,
			"reverse":	0,
			"tos":	0
		}
	},
	"intervals":	[{
			"streams":	[{
					"socket":	5,
					"start":	0,
					"end":	60.000102,
					"seconds":	60.000102996826172,
					"bytes":	7499939840,
					"bits_per_second":	999990262.06961346,
					"retransmits":	11,
					"snd_cwnd":	196856,
					"rtt":	263,
					"rttvar":	12,
					"pmtu":	9000,
					"omitted":	false,
					"sender":	true
				}],
			"sum":	{
				"start":	0,
				"end":	60.000102,
				"seconds":	60.000102996826172,
				"bytes":	7499939840,
				"bits_per_second":	999990262.06961346,
				"retransmits":	11,
				"omitted":	false,
				"sender":	true
			}
		}, {
			"streams":	[{
					"socket":	5,
					"start":	60.000102,
					"end":	80.000079,
					"seconds":	19.999977111816406,
					"bytes":	2500067328,
					"bits_per_second":	1000028075.6413097,
					"retransmits":	1,
					"snd_cwnd":	196856,
					"rtt":	237,
					"rttvar":	22,
					"pmtu":	9000,
					"omitted":	false,
					"sender":	true
				}],
			"sum":	{
				"start":	60.000102,
				"end":	80.000079,
				"seconds":	19.999977111816406,
				"bytes":	2500067328,
				"bits_per_second":	1000028075.6413097,
				"retransmits":	1,
				"omitted":	false,
				"sender":	true
			}
		}],
	"end":	{
		"streams":	[{
				"sender":	{
					"socket":	5,
					"start":	0,
					"end":	80.000079,
					"seconds":	80.000079,
					"bytes":	10000007168,
					"bits_per_second":	999999729.30026734,
					"retransmits":	12,
					"max_snd_cwnd":	196856,
					"max_rtt":	263,
					"min_rtt":	237,
					"mean_rtt":	250,
					"sender":	true
				},
				"receiver":	{
					"socket":	5,
					"start":	0,
					"end":	80.000244,
					"seconds":	80.000079,
					"bytes":	10000007168,
					"bits_per_second":	999997666.80711627,
					"sender":	true
				}
			}],
		"sum_sent":	{
			"start":	0,
			"end":	80.000079,
			"seconds":	80.000079,
			"bytes":	10000007168,
			"bits_per_second":	999999729.30026734,
			"retransmits":	12,
			"sender":	true
		},
		"sum_received":	{
			"start":	0,
			"end":	80.000244,
			"seconds":	80.000244,
			"bytes":	10000007168,
			"bits_per_second":	999997666.80711627,
			"sender":	true
		},
		"cpu_utilization_percent":	{
			"host_total":	6.5440855791267225,
			"host_user":	0.21198087824731573,
			"host_system":	6.3321072008013148,
			"remote_total":	15.728559946748438,
			"remote_user":	0.8149776222052022,
			"remote_system":	14.913582324543237
		},
		"sender_tcp_congestion":	"cubic",
		"receiver_tcp_congestion":	"reno"
	}
}
