{
	"start":	{
		"connected":	[{
				"socket":	5,
				"local_host":	"10.0.1.1",
				"local_port":	40278,
				"remote_host":	"10.0.0.1",
				"remote_port":	5201
			}],
		"version":	"iperf 3.9+",
		"system_info":	"Linux han-3 5.10.0 #9 SMP PREEMPT Tue Feb 23 15:01:43 PST 2021 x86_64",
		"timestamp":	{
			"time":	"Fri, 26 May 2023 06:10:04 GMT",
			"timesecs":	1685081404
		},
		"connecting_to":	{
			"host":	"10.0.0.1",
			"port":	5201
		},
		"cookie":	"kgnggx46ybwjttcx7ma3hvwcnakjdmb255sd",
		"tcp_mss_default":	8948,
		"target_bitrate":	10000000000,
		"sock_bufsize":	0,
		"sndbuf_actual":	16384,
		"rcvbuf_actual":	131072,
		"test_start":	{
			"protocol":	"TCP",
			"num_streams":	1,
			"blksize":	131072,
			"omit":	0,
			"duration":	10,
			"bytes":	0,
			"blocks":	0,
			"reverse":	0,
			"tos":	0
		}
	},
	"intervals":	[{
			"streams":	[{
					"socket":	5,
					"start":	0,
					"end":	10.000132,
					"seconds":	10.000131607055664,
					"bytes":	12318146560,
					"bits_per_second":	9854387557.30682,
					"retransmits":	299,
					"snd_cwnd":	1548004,
					"rtt":	1289,
					"rttvar":	33,
					"pmtu":	9000,
					"omitted":	false,
					"sender":	true
				}],
			"sum":	{
				"start":	0,
				"end":	10.000132,
				"seconds":	10.000131607055664,
				"bytes":	12318146560,
				"bits_per_second":	9854387557.30682,
				"retransmits":	299,
				"omitted":	false,
				"sender":	true
			}
		}],
	"end":	{
		"streams":	[{
				"sender":	{
					"socket":	5,
					"start":	0,
					"end":	10.000132,
					"seconds":	10.000132,
					"bytes":	12318146560,
					"bits_per_second":	9854387170.0893536,
					"retransmits":	299,
					"max_snd_cwnd":	1548004,
					"max_rtt":	1289,
					"min_rtt":	1289,
					"mean_rtt":	1289,
					"sender":	true
				},
				"receiver":	{
					"socket":	5,
					"start":	0,
					"end":	10.001437,
					"seconds":	10.000132,
					"bytes":	12317064180,
					"bits_per_second":	9852235577.74748,
					"sender":	true
				}
			}],
		"sum_sent":	{
			"start":	0,
			"end":	10.000132,
			"seconds":	10.000132,
			"bytes":	12318146560,
			"bits_per_second":	9854387170.0893536,
			"retransmits":	299,
			"sender":	true
		},
		"sum_received":	{
			"start":	0,
			"end":	10.001437,
			"seconds":	10.001437,
			"bytes":	12317064180,
			"bits_per_second":	9852235577.74748,
			"sender":	true
		},
		"cpu_utilization_percent":	{
			"host_total":	85.086360294360247,
			"host_user":	1.8389016938931029,
			"host_system":	83.2474685983016,
			"remote_total":	52.791855112761489,
			"remote_user":	0.581695296158831,
			"remote_system":	52.2100604120953
		},
		"sender_tcp_congestion":	"cubic",
		"receiver_tcp_congestion":	"reno"
	}
}
