{
	"start":	{
		"connected":	[{
				"socket":	5,
				"local_host":	"10.0.1.1",
				"local_port":	59408,
				"remote_host":	"10.0.0.1",
				"remote_port":	5201
			}],
		"version":	"iperf 3.9+",
		"system_info":	"Linux han-3 5.10.0 #9 SMP PREEMPT Tue Feb 23 15:01:43 PST 2021 x86_64",
		"timestamp":	{
			"time":	"Thu, 25 May 2023 01:09:14 GMT",
			"timesecs":	1684976954
		},
		"connecting_to":	{
			"host":	"10.0.0.1",
			"port":	5201
		},
		"cookie":	"pvtmb4n3d2ldxl42qij3riop4tou44kam5kd",
		"tcp_mss_default":	8948,
		"target_bitrate":	1000000000,
		"sock_bufsize":	0,
		"sndbuf_actual":	16384,
		"rcvbuf_actual":	131072,
		"test_start":	{
			"protocol":	"TCP",
			"num_streams":	1,
			"blksize":	131072,
			"omit":	0,
			"duration":	20,
			"bytes":	0,
			"blocks":	0,
			"reverse":	0,
			"tos":	0
		}
	},
	"intervals":	[{
			"streams":	[{
					"socket":	5,
					"start":	0,
					"end":	20.000082,
					"seconds":	20.000082015991211,
					"bytes":	2499936256,
					"bits_per_second":	999970401.721816,
					"retransmits":	7,
					"snd_cwnd":	268440,
					"rtt":	294,
					"rttvar":	22,
					"pmtu":	9000,
					"omitted":	false,
					"sender":	true
				}],
			"sum":	{
				"start":	0,
				"end":	20.000082,
				"seconds":	20.000082015991211,
				"bytes":	2499936256,
				"bits_per_second":	999970401.721816,
				"retransmits":	7,
				"omitted":	false,
				"sender":	true
			}
		}],
	"end":	{
		"streams":	[{
				"sender":	{
					"socket":	5,
					"start":	0,
					"end":	20.000082,
					"seconds":	20.000082,
					"bytes":	2499936256,
					"bits_per_second":	999970402.52134967,
					"retransmits":	7,
					"max_snd_cwnd":	268440,
					"max_rtt":	294,
					"min_rtt":	294,
					"mean_rtt":	294,
					"sender":	true
				},
				"receiver":	{
					"socket":	5,
					"start":	0,
					"end":	20.000243,
					"seconds":	20.000082,
					"bytes":	2499936256,
					"bits_per_second":	999962352.8574127,
					"sender":	true
				}
			}],
		"sum_sent":	{
			"start":	0,
			"end":	20.000082,
			"seconds":	20.000082,
			"bytes":	2499936256,
			"bits_per_second":	999970402.52134967,
			"retransmits":	7,
			"sender":	true
		},
		"sum_received":	{
			"start":	0,
			"end":	20.000243,
			"seconds":	20.000243,
			"bytes":	2499936256,
			"bits_per_second":	999962352.8574127,
			"sender":	true
		},
		"cpu_utilization_percent":	{
			"host_total":	6.8051777267640166,
			"host_user":	1.6961125654332474,
			"host_system":	5.10906516133077,
			"remote_total":	15.693098191582177,
			"remote_user":	3.6017428111086063,
			"remote_system":	12.091360366543986
		},
		"sender_tcp_congestion":	"cubic",
		"receiver_tcp_congestion":	"reno"
	}
}
