{
	"start":	{
		"connected":	[{
				"socket":	5,
				"local_host":	"10.0.1.1",
				"local_port":	38654,
				"remote_host":	"10.0.0.1",
				"remote_port":	5201
			}],
		"version":	"iperf 3.9+",
		"system_info":	"Linux han-3 5.10.0 #9 SMP PREEMPT Tue Feb 23 15:01:43 PST 2021 x86_64",
		"timestamp":	{
			"time":	"Fri, 26 May 2023 00:17:33 GMT",
			"timesecs":	1685060253
		},
		"connecting_to":	{
			"host":	"10.0.0.1",
			"port":	5201
		},
		"cookie":	"kbqlz5zdddigew2ovg2okzpraram5nltmsgg",
		"tcp_mss_default":	8948,
		"target_bitrate":	6000000000,
		"sock_bufsize":	0,
		"sndbuf_actual":	16384,
		"rcvbuf_actual":	131072,
		"test_start":	{
			"protocol":	"TCP",
			"num_streams":	1,
			"blksize":	131072,
			"omit":	0,
			"duration":	40,
			"bytes":	0,
			"blocks":	0,
			"reverse":	0,
			"tos":	0
		}
	},
	"intervals":	[{
			"streams":	[{
					"socket":	5,
					"start":	0,
					"end":	40.000233,
					"seconds":	40.0002326965332,
					"bytes":	29999628288,
					"bits_per_second":	5999890753.75555,
					"retransmits":	24,
					"snd_cwnd":	2147520,
					"rtt":	502,
					"rttvar":	19,
					"pmtu":	9000,
					"omitted":	false,
					"sender":	true
				}],
			"sum":	{
				"start":	0,
				"end":	40.000233,
				"seconds":	40.0002326965332,
				"bytes":	29999628288,
				"bits_per_second":	5999890753.75555,
				"retransmits":	24,
				"omitted":	false,
				"sender":	true
			}
		}],
	"end":	{
		"streams":	[{
				"sender":	{
					"socket":	5,
					"start":	0,
					"end":	40.000233,
					"seconds":	40.000233,
					"bytes":	29999628288,
					"bits_per_second":	5999890708.2366247,
					"retransmits":	24,
					"max_snd_cwnd":	2147520,
					"max_rtt":	502,
					"min_rtt":	502,
					"mean_rtt":	502,
					"sender":	true
				},
				"receiver":	{
					"socket":	5,
					"start":	0,
					"end":	40.000398,
					"seconds":	40.000233,
					"bytes":	29999628288,
					"bits_per_second":	5999865958.93371,
					"sender":	true
				}
			}],
		"sum_sent":	{
			"start":	0,
			"end":	40.000233,
			"seconds":	40.000233,
			"bytes":	29999628288,
			"bits_per_second":	5999890708.2366247,
			"retransmits":	24,
			"sender":	true
		},
		"sum_received":	{
			"start":	0,
			"end":	40.000398,
			"seconds":	40.000398,
			"bytes":	29999628288,
			"bits_per_second":	5999865958.93371,
			"sender":	true
		},
		"cpu_utilization_percent":	{
			"host_total":	26.253914116633382,
			"host_user":	1.3820723052544877,
			"host_system":	24.871836811669006,
			"remote_total":	48.5704631812238,
			"remote_user":	3.60112587580504,
			"remote_system":	44.96933480884293
		},
		"sender_tcp_congestion":	"cubic",
		"receiver_tcp_congestion":	"reno"
	}
}
