{
	"start":	{
		"connected":	[{
				"socket":	5,
				"local_host":	"10.0.1.1",
				"local_port":	38702,
				"remote_host":	"10.0.0.1",
				"remote_port":	5201
			}],
		"version":	"iperf 3.9+",
		"system_info":	"Linux han-3 5.10.0 #9 SMP PREEMPT Tue Feb 23 15:01:43 PST 2021 x86_64",
		"timestamp":	{
			"time":	"Fri, 26 May 2023 00:26:34 GMT",
			"timesecs":	1685060794
		},
		"connecting_to":	{
			"host":	"10.0.0.1",
			"port":	5201
		},
		"cookie":	"z3y2gsqwnlkxi43dgyjsjtqh7nx5gbk4w2fu",
		"tcp_mss_default":	8948,
		"target_bitrate":	6000000000,
		"sock_bufsize":	0,
		"sndbuf_actual":	16384,
		"rcvbuf_actual":	131072,
		"test_start":	{
			"protocol":	"TCP",
			"num_streams":	1,
			"blksize":	131072,
			"omit":	0,
			"duration":	60,
			"bytes":	0,
			"blocks":	0,
			"reverse":	0,
			"tos":	0
		}
	},
	"intervals":	[{
			"streams":	[{
					"socket":	5,
					"start":	0,
					"end":	60.000088,
					"seconds":	60.0000877380371,
					"bytes":	44999376896,
					"bits_per_second":	5999908145.7972746,
					"retransmits":	35,
					"snd_cwnd":	1610640,
					"rtt":	607,
					"rttvar":	109,
					"pmtu":	9000,
					"omitted":	false,
					"sender":	true
				}],
			"sum":	{
				"start":	0,
				"end":	60.000088,
				"seconds":	60.0000877380371,
				"bytes":	44999376896,
				"bits_per_second":	5999908145.7972746,
				"retransmits":	35,
				"omitted":	false,
				"sender":	true
			}
		}],
	"end":	{
		"streams":	[{
				"sender":	{
					"socket":	5,
					"start":	0,
					"end":	60.000088,
					"seconds":	60.000088,
					"bytes":	44999376896,
					"bits_per_second":	5999908119.6014252,
					"retransmits":	35,
					"max_snd_cwnd":	1610640,
					"max_rtt":	607,
					"min_rtt":	607,
					"mean_rtt":	607,
					"sender":	true
				},
				"receiver":	{
					"socket":	5,
					"start":	0,
					"end":	60.000235,
					"seconds":	60.000088,
					"bytes":	44999376896,
					"bits_per_second":	5999893419.8841047,
					"sender":	true
				}
			}],
		"sum_sent":	{
			"start":	0,
			"end":	60.000088,
			"seconds":	60.000088,
			"bytes":	44999376896,
			"bits_per_second":	5999908119.6014252,
			"retransmits":	35,
			"sender":	true
		},
		"sum_received":	{
			"start":	0,
			"end":	60.000235,
			"seconds":	60.000235,
			"bytes":	44999376896,
			"bits_per_second":	5999893419.8841047,
			"sender":	true
		},
		"cpu_utilization_percent":	{
			"host_total":	26.898885021044006,
			"host_user":	1.0315635686133018,
			"host_system":	25.86732311903851,
			"remote_total":	47.586699958370943,
			"remote_user":	1.5221311627706879,
			"remote_system":	46.064567130704262
		},
		"sender_tcp_congestion":	"cubic",
		"receiver_tcp_congestion":	"reno"
	}
}
