{
	"start":	{
		"connected":	[{
				"socket":	5,
				"local_host":	"10.0.1.1",
				"local_port":	54838,
				"remote_host":	"10.0.0.1",
				"remote_port":	5201
			}],
		"version":	"iperf 3.9+",
		"system_info":	"Linux han-3 5.10.0 #9 SMP PREEMPT Tue Feb 23 15:01:43 PST 2021 x86_64",
		"timestamp":	{
			"time":	"Tue, 23 May 2023 07:20:58 GMT",
			"timesecs":	1684826458
		},
		"connecting_to":	{
			"host":	"10.0.0.1",
			"port":	5201
		},
		"cookie":	"sgslckw64fj3f6boiauwlr2j6us52bh65jg6",
		"tcp_mss_default":	8948,
		"target_bitrate":	8000000000,
		"sock_bufsize":	0,
		"sndbuf_actual":	16384,
		"rcvbuf_actual":	131072,
		"test_start":	{
			"protocol":	"TCP",
			"num_streams":	1,
			"blksize":	131072,
			"omit":	0,
			"duration":	30,
			"bytes":	0,
			"blocks":	0,
			"reverse":	0,
			"tos":	0
		}
	},
	"intervals":	[{
			"streams":	[{
					"socket":	5,
					"start":	0,
					"end":	30.000119,
					"seconds":	30.000118255615234,
					"bytes":	29999497216,
					"bits_per_second":	7999834390.088748,
					"retransmits":	14,
					"snd_cwnd":	1413784,
					"rtt":	393,
					"rttvar":	28,
					"pmtu":	9000,
					"omitted":	false,
					"sender":	true
				}],
			"sum":	{
				"start":	0,
				"end":	30.000119,
				"seconds":	30.000118255615234,
				"bytes":	29999497216,
				"bits_per_second":	7999834390.088748,
				"retransmits":	14,
				"omitted":	false,
				"sender":	true
			}
		}],
	"end":	{
		"streams":	[{
				"sender":	{
					"socket":	5,
					"start":	0,
					"end":	30.000119,
					"seconds":	30.000119,
					"bytes":	29999497216,
					"bits_per_second":	7999834191.59104,
					"retransmits":	14,
					"max_snd_cwnd":	1413784,
					"max_rtt":	393,
					"min_rtt":	393,
					"mean_rtt":	393,
					"sender":	true
				},
				"receiver":	{
					"socket":	5,
					"start":	0,
					"end":	30.000229,
					"seconds":	30.000119,
					"bytes":	29999497216,
					"bits_per_second":	7999804859.0895758,
					"sender":	true
				}
			}],
		"sum_sent":	{
			"start":	0,
			"end":	30.000119,
			"seconds":	30.000119,
			"bytes":	29999497216,
			"bits_per_second":	7999834191.59104,
			"retransmits":	14,
			"sender":	true
		},
		"sum_received":	{
			"start":	0,
			"end":	30.000229,
			"seconds":	30.000229,
			"bytes":	29999497216,
			"bits_per_second":	7999804859.0895758,
			"sender":	true
		},
		"cpu_utilization_percent":	{
			"host_total":	38.363277657766417,
			"host_user":	2.2459793232337137,
			"host_system":	36.117301667667164,
			"remote_total":	55.455854960933735,
			"remote_user":	1.4652278825514666,
			"remote_system":	53.990627078382268
		},
		"sender_tcp_congestion":	"cubic",
		"receiver_tcp_congestion":	"reno"
	}
}
