{
	"start":	{
		"connected":	[{
				"socket":	5,
				"local_host":	"10.0.1.1",
				"local_port":	54818,
				"remote_host":	"10.0.0.1",
				"remote_port":	5201
			}],
		"version":	"iperf 3.9+",
		"system_info":	"Linux han-3 5.10.0 #9 SMP PREEMPT Tue Feb 23 15:01:43 PST 2021 x86_64",
		"timestamp":	{
			"time":	"Tue, 23 May 2023 07:18:28 GMT",
			"timesecs":	1684826308
		},
		"connecting_to":	{
			"host":	"10.0.0.1",
			"port":	5201
		},
		"cookie":	"4furcw6un7gy3kyof25p4n2l2h62icuqxtku",
		"tcp_mss_default":	8948,
		"target_bitrate":	8000000000,
		"sock_bufsize":	0,
		"sndbuf_actual":	16384,
		"rcvbuf_actual":	131072,
		"test_start":	{
			"protocol":	"TCP",
			"num_streams":	1,
			"blksize":	131072,
			"omit":	0,
			"duration":	30,
			"bytes":	0,
			"blocks":	0,
			"reverse":	0,
			"tos":	0
		}
	},
	"intervals":	[{
			"streams":	[{
					"socket":	5,
					"start":	0,
					"end":	30.000159,
					"seconds":	30.000158309936523,
					"bytes":	29999366144,
					"bits_per_second":	7999788756.86499,
					"retransmits":	23,
					"snd_cwnd":	2004352,
					"rtt":	590,
					"rttvar":	75,
					"pmtu":	9000,
					"omitted":	false,
					"sender":	true
				}],
			"sum":	{
				"start":	0,
				"end":	30.000159,
				"seconds":	30.000158309936523,
				"bytes":	29999366144,
				"bits_per_second":	7999788756.86499,
				"retransmits":	23,
				"omitted":	false,
				"sender":	true
			}
		}],
	"end":	{
		"streams":	[{
				"sender":	{
					"socket":	5,
					"start":	0,
					"end":	30.000159,
					"seconds":	30.000159,
					"bytes":	29999366144,
					"bits_per_second":	7999788572.8538971,
					"retransmits":	23,
					"max_snd_cwnd":	2004352,
					"max_rtt":	590,
					"min_rtt":	590,
					"mean_rtt":	590,
					"sender":	true
				},
				"receiver":	{
					"socket":	5,
					"start":	0,
					"end":	30.000253,
					"seconds":	30.000159,
					"bytes":	29999366144,
					"bits_per_second":	7999763507.06109,
					"sender":	true
				}
			}],
		"sum_sent":	{
			"start":	0,
			"end":	30.000159,
			"seconds":	30.000159,
			"bytes":	29999366144,
			"bits_per_second":	7999788572.8538971,
			"retransmits":	23,
			"sender":	true
		},
		"sum_received":	{
			"start":	0,
			"end":	30.000253,
			"seconds":	30.000253,
			"bytes":	29999366144,
			"bits_per_second":	7999763507.06109,
			"sender":	true
		},
		"cpu_utilization_percent":	{
			"host_total":	28.910816197827337,
			"host_user":	1.7766946408285664,
			"host_system":	27.134121556998775,
			"remote_total":	56.317598755434986,
			"remote_user":	2.9144675691864,
			"remote_system":	53.403131186248572
		},
		"sender_tcp_congestion":	"cubic",
		"receiver_tcp_congestion":	"reno"
	}
}
