{
	"start":	{
		"connected":	[{
				"socket":	5,
				"local_host":	"10.0.1.1",
				"local_port":	41842,
				"remote_host":	"10.0.0.1",
				"remote_port":	5201
			}],
		"version":	"iperf 3.9+",
		"system_info":	"Linux han-3 5.10.0 #9 SMP PREEMPT Tue Feb 23 15:01:43 PST 2021 x86_64",
		"timestamp":	{
			"time":	"Fri, 26 May 2023 11:28:20 GMT",
			"timesecs":	1685100500
		},
		"connecting_to":	{
			"host":	"10.0.0.1",
			"port":	5201
		},
		"cookie":	"aoqjgghnesqq3luwkxt344zod2lcbqgqypcr",
		"tcp_mss_default":	8948,
		"target_bitrate":	3000000000,
		"sock_bufsize":	0,
		"sndbuf_actual":	16384,
		"rcvbuf_actual":	131072,
		"test_start":	{
			"protocol":	"TCP",
			"num_streams":	1,
			"blksize":	131072,
			"omit":	0,
			"duration":	70,
			"bytes":	0,
			"blocks":	0,
			"reverse":	0,
			"tos":	0
		}
	},
	"intervals":	[{
			"streams":	[{
					"socket":	5,
					"start":	0,
					"end":	60.000062,
					"seconds":	60.00006103515625,
					"bytes":	22499688448,
					"bits_per_second":	2999955408.0208821,
					"retransmits":	16,
					"snd_cwnd":	563724,
					"rtt":	294,
					"rttvar":	21,
					"pmtu":	9000,
					"omitted":	false,
					"sender":	true
				}],
			"sum":	{
				"start":	0,
				"end":	60.000062,
				"seconds":	60.00006103515625,
				"bytes":	22499688448,
				"bits_per_second":	2999955408.0208821,
				"retransmits":	16,
				"omitted":	false,
				"sender":	true
			}
		}, {
			"streams":	[{
					"socket":	5,
					"start":	60.000062,
					"end":	70.000077,
					"seconds":	10.000015258789062,
					"bytes":	3750100992,
					"bits_per_second":	3000076215.8469849,
					"retransmits":	0,
					"snd_cwnd":	563724,
					"rtt":	362,
					"rttvar":	43,
					"pmtu":	9000,
					"omitted":	false,
					"sender":	true
				}],
			"sum":	{
				"start":	60.000062,
				"end":	70.000077,
				"seconds":	10.000015258789062,
				"bytes":	3750100992,
				"bits_per_second":	3000076215.8469849,
				"retransmits":	0,
				"omitted":	false,
				"sender":	true
			}
		}],
	"end":	{
		"streams":	[{
				"sender":	{
					"socket":	5,
					"start":	0,
					"end":	70.000077,
					"seconds":	70.000077,
					"bytes":	26249789440,
					"bits_per_second":	2999972636.0301,
					"retransmits":	16,
					"max_snd_cwnd":	563724,
					"max_rtt":	362,
					"min_rtt":	294,
					"mean_rtt":	328,
					"sender":	true
				},
				"receiver":	{
					"socket":	5,
					"start":	0,
					"end":	70.000228,
					"seconds":	70.000077,
					"bytes":	26249789440,
					"bits_per_second":	2999966164.6816349,
					"sender":	true
				}
			}],
		"sum_sent":	{
			"start":	0,
			"end":	70.000077,
			"seconds":	70.000077,
			"bytes":	26249789440,
			"bits_per_second":	2999972636.0301,
			"retransmits":	16,
			"sender":	true
		},
		"sum_received":	{
			"start":	0,
			"end":	70.000228,
			"seconds":	70.000228,
			"bytes":	26249789440,
			"bits_per_second":	2999966164.6816349,
			"sender":	true
		},
		"cpu_utilization_percent":	{
			"host_total":	18.074521870860227,
			"host_user":	1.063394725677814,
			"host_system":	17.01112571665837,
			"remote_total":	30.732401054333618,
			"remote_user":	4.69384322663943,
			"remote_system":	26.038557827694188
		},
		"sender_tcp_congestion":	"cubic",
		"receiver_tcp_congestion":	"reno"
	}
}
