{
	"start":	{
		"connected":	[{
				"socket":	5,
				"local_host":	"10.0.1.1",
				"local_port":	52924,
				"remote_host":	"10.0.0.1",
				"remote_port":	5201
			}],
		"version":	"iperf 3.9+",
		"system_info":	"Linux han-3 5.10.0 #9 SMP PREEMPT Tue Feb 23 15:01:43 PST 2021 x86_64",
		"timestamp":	{
			"time":	"Tue, 23 May 2023 00:43:46 GMT",
			"timesecs":	1684802626
		},
		"connecting_to":	{
			"host":	"10.0.0.1",
			"port":	5201
		},
		"cookie":	"jzfugfjvh55e46ucfgbfmmbcwlbhpt24uq25",
		"tcp_mss_default":	8948,
		"target_bitrate":	3000000000,
		"sock_bufsize":	0,
		"sndbuf_actual":	16384,
		"rcvbuf_actual":	131072,
		"test_start":	{
			"protocol":	"TCP",
			"num_streams":	1,
			"blksize":	131072,
			"omit":	0,
			"duration":	90,
			"bytes":	0,
			"blocks":	0,
			"reverse":	0,
			"tos":	0
		}
	},
	"intervals":	[{
			"streams":	[{
					"socket":	5,
					"start":	0,
					"end":	60.000073,
					"seconds":	60.000072479248047,
					"bytes":	22499688448,
					"bits_per_second":	2999954835.8254886,
					"retransmits":	12,
					"snd_cwnd":	921644,
					"rtt":	356,
					"rttvar":	57,
					"pmtu":	9000,
					"omitted":	false,
					"sender":	true
				}],
			"sum":	{
				"start":	0,
				"end":	60.000073,
				"seconds":	60.000072479248047,
				"bytes":	22499688448,
				"bits_per_second":	2999954835.8254886,
				"retransmits":	12,
				"omitted":	false,
				"sender":	true
			}
		}, {
			"streams":	[{
					"socket":	5,
					"start":	60.000073,
					"end":	90.000082,
					"seconds":	30.000009536743164,
					"bytes":	11250040832,
					"bits_per_second":	3000009934.8558588,
					"retransmits":	0,
					"snd_cwnd":	921644,
					"rtt":	400,
					"rttvar":	15,
					"pmtu":	9000,
					"omitted":	false,
					"sender":	true
				}],
			"sum":	{
				"start":	60.000073,
				"end":	90.000082,
				"seconds":	30.000009536743164,
				"bytes":	11250040832,
				"bits_per_second":	3000009934.8558588,
				"retransmits":	0,
				"omitted":	false,
				"sender":	true
			}
		}],
	"end":	{
		"streams":	[{
				"sender":	{
					"socket":	5,
					"start":	0,
					"end":	90.000082,
					"seconds":	90.000082,
					"bytes":	33749729280,
					"bits_per_second":	2999973202.691082,
					"retransmits":	12,
					"max_snd_cwnd":	921644,
					"max_rtt":	400,
					"min_rtt":	356,
					"mean_rtt":	378,
					"sender":	true
				},
				"receiver":	{
					"socket":	5,
					"start":	0,
					"end":	90.000259,
					"seconds":	90.000082,
					"bytes":	33749729280,
					"bits_per_second":	2999967302.7607622,
					"sender":	true
				}
			}],
		"sum_sent":	{
			"start":	0,
			"end":	90.000082,
			"seconds":	90.000082,
			"bytes":	33749729280,
			"bits_per_second":	2999973202.691082,
			"retransmits":	12,
			"sender":	true
		},
		"sum_received":	{
			"start":	0,
			"end":	90.000259,
			"seconds":	90.000259,
			"bytes":	33749729280,
			"bits_per_second":	2999967302.7607622,
			"sender":	true
		},
		"cpu_utilization_percent":	{
			"host_total":	14.834057599413988,
			"host_user":	2.4727736626147219,
			"host_system":	12.361282825717463,
			"remote_total":	31.261139311199283,
			"remote_user":	1.573756356346117,
			"remote_system":	29.687382954853163
		},
		"sender_tcp_congestion":	"cubic",
		"receiver_tcp_congestion":	"reno"
	}
}
