{
	"start":	{
		"connected":	[{
				"socket":	5,
				"local_host":	"10.0.1.1",
				"local_port":	40664,
				"remote_host":	"10.0.0.1",
				"remote_port":	5201
			}],
		"version":	"iperf 3.9+",
		"system_info":	"Linux han-3 5.10.0 #9 SMP PREEMPT Tue Feb 23 15:01:43 PST 2021 x86_64",
		"timestamp":	{
			"time":	"Fri, 26 May 2023 07:35:19 GMT",
			"timesecs":	1685086519
		},
		"connecting_to":	{
			"host":	"10.0.0.1",
			"port":	5201
		},
		"cookie":	"5w43jb4pwnhje7qgeg2ejxcbhyi6d2jypfao",
		"tcp_mss_default":	8948,
		"target_bitrate":	10000000000,
		"sock_bufsize":	0,
		"sndbuf_actual":	16384,
		"rcvbuf_actual":	131072,
		"test_start":	{
			"protocol":	"TCP",
			"num_streams":	1,
			"blksize":	131072,
			"omit":	0,
			"duration":	100,
			"bytes":	0,
			"blocks":	0,
			"reverse":	0,
			"tos":	0
		}
	},
	"intervals":	[{
			"streams":	[{
					"socket":	5,
					"start":	0,
					"end":	60.000009,
					"seconds":	60.000007629394531,
					"bytes":	74237607936,
					"bits_per_second":	9898346466.16016,
					"retransmits":	1889,
					"snd_cwnd":	1807496,
					"rtt":	1459,
					"rttvar":	8,
					"pmtu":	9000,
					"omitted":	false,
					"sender":	true
				}],
			"sum":	{
				"start":	0,
				"end":	60.000009,
				"seconds":	60.000007629394531,
				"bytes":	74237607936,
				"bits_per_second":	9898346466.16016,
				"retransmits":	1889,
				"omitted":	false,
				"sender":	true
			}
		}, {
			"streams":	[{
					"socket":	5,
					"start":	60.000009,
					"end":	100.000046,
					"seconds":	40.000038146972656,
					"bytes":	49496064000,
					"bits_per_second":	9899203359.384,
					"retransmits":	1346,
					"snd_cwnd":	1548004,
					"rtt":	1238,
					"rttvar":	51,
					"pmtu":	9000,
					"omitted":	false,
					"sender":	true
				}],
			"sum":	{
				"start":	60.000009,
				"end":	100.000046,
				"seconds":	40.000038146972656,
				"bytes":	49496064000,
				"bits_per_second":	9899203359.384,
				"retransmits":	1346,
				"omitted":	false,
				"sender":	true
			}
		}],
	"end":	{
		"streams":	[{
				"sender":	{
					"socket":	5,
					"start":	0,
					"end":	100.000046,
					"seconds":	100.000046,
					"bytes":	123733671936,
					"bits_per_second":	9898689201.48297,
					"retransmits":	3235,
					"max_snd_cwnd":	1807496,
					"max_rtt":	1459,
					"min_rtt":	1238,
					"mean_rtt":	1348,
					"sender":	true
				},
				"receiver":	{
					"socket":	5,
					"start":	0,
					"end":	100.001255,
					"seconds":	100.000046,
					"bytes":	123732430192,
					"bits_per_second":	9898470189.55912,
					"sender":	true
				}
			}],
		"sum_sent":	{
			"start":	0,
			"end":	100.000046,
			"seconds":	100.000046,
			"bytes":	123733671936,
			"bits_per_second":	9898689201.48297,
			"retransmits":	3235,
			"sender":	true
		},
		"sum_received":	{
			"start":	0,
			"end":	100.001255,
			"seconds":	100.001255,
			"bytes":	123732430192,
			"bits_per_second":	9898470189.55912,
			"sender":	true
		},
		"cpu_utilization_percent":	{
			"host_total":	61.435490239206835,
			"host_user":	1.8947109669171287,
			"host_system":	59.540778272312956,
			"remote_total":	54.508979975060036,
			"remote_user":	3.4217577034600537,
			"remote_system":	51.087223271149739
		},
		"sender_tcp_congestion":	"cubic",
		"receiver_tcp_congestion":	"reno"
	}
}
