{
	"start":	{
		"connected":	[{
				"socket":	5,
				"local_host":	"10.0.1.1",
				"local_port":	44012,
				"remote_host":	"10.0.0.1",
				"remote_port":	5201
			}],
		"version":	"iperf 3.9+",
		"system_info":	"Linux han-3 5.10.0 #9 SMP PREEMPT Tue Feb 23 15:01:43 PST 2021 x86_64",
		"timestamp":	{
			"time":	"Fri, 26 May 2023 19:01:28 GMT",
			"timesecs":	1685127688
		},
		"connecting_to":	{
			"host":	"10.0.0.1",
			"port":	5201
		},
		"cookie":	"5dow3ngayet3w3tpusvtgl3epp5ygjkzcznk",
		"tcp_mss_default":	8948,
		"target_bitrate":	8000000000,
		"sock_bufsize":	0,
		"sndbuf_actual":	16384,
		"rcvbuf_actual":	131072,
		"test_start":	{
			"protocol":	"TCP",
			"num_streams":	1,
			"blksize":	131072,
			"omit":	0,
			"duration":	70,
			"bytes":	0,
			"blocks":	0,
			"reverse":	0,
			"tos":	0
		}
	},
	"intervals":	[{
			"streams":	[{
					"socket":	5,
					"start":	0,
					"end":	60.00004,
					"seconds":	60.000038146972656,
					"bytes":	59999387648,
					"bits_per_second":	7999913266.85879,
					"retransmits":	85,
					"snd_cwnd":	1485368,
					"rtt":	456,
					"rttvar":	66,
					"pmtu":	9000,
					"omitted":	false,
					"sender":	true
				}],
			"sum":	{
				"start":	0,
				"end":	60.00004,
				"seconds":	60.000038146972656,
				"bytes":	59999387648,
				"bits_per_second":	7999913266.85879,
				"retransmits":	85,
				"omitted":	false,
				"sender":	true
			}
		}, {
			"streams":	[{
					"socket":	5,
					"start":	60.00004,
					"end":	70.000068,
					"seconds":	10.000027656555176,
					"bytes":	9999876096,
					"bits_per_second":	7999878751.89119,
					"retransmits":	29,
					"snd_cwnd":	1619588,
					"rtt":	700,
					"rttvar":	62,
					"pmtu":	9000,
					"omitted":	false,
					"sender":	true
				}],
			"sum":	{
				"start":	60.00004,
				"end":	70.000068,
				"seconds":	10.000027656555176,
				"bytes":	9999876096,
				"bits_per_second":	7999878751.89119,
				"retransmits":	29,
				"omitted":	false,
				"sender":	true
			}
		}],
	"end":	{
		"streams":	[{
				"sender":	{
					"socket":	5,
					"start":	0,
					"end":	70.000068,
					"seconds":	70.000068,
					"bytes":	69999263744,
					"bits_per_second":	7999908085.11786,
					"retransmits":	114,
					"max_snd_cwnd":	1619588,
					"max_rtt":	700,
					"min_rtt":	456,
					"mean_rtt":	578,
					"sender":	true
				},
				"receiver":	{
					"socket":	5,
					"start":	0,
					"end":	70.000174,
					"seconds":	70.000068,
					"bytes":	69999263744,
					"bits_per_second":	7999895971.0014429,
					"sender":	true
				}
			}],
		"sum_sent":	{
			"start":	0,
			"end":	70.000068,
			"seconds":	70.000068,
			"bytes":	69999263744,
			"bits_per_second":	7999908085.11786,
			"retransmits":	114,
			"sender":	true
		},
		"sum_received":	{
			"start":	0,
			"end":	70.000174,
			"seconds":	70.000174,
			"bytes":	69999263744,
			"bits_per_second":	7999895971.0014429,
			"sender":	true
		},
		"cpu_utilization_percent":	{
			"host_total":	74.642153773562868,
			"host_user":	2.3018314600746588,
			"host_system":	72.34032659905894,
			"remote_total":	51.020116983479681,
			"remote_user":	2.5890280345189085,
			"remote_system":	48.43108894896077
		},
		"sender_tcp_congestion":	"cubic",
		"receiver_tcp_congestion":	"reno"
	}
}
