{
	"start":	{
		"connected":	[{
				"socket":	5,
				"local_host":	"10.0.1.1",
				"local_port":	35006,
				"remote_host":	"10.0.0.1",
				"remote_port":	5201
			}],
		"version":	"iperf 3.9+",
		"system_info":	"Linux han-3 5.10.0 #9 SMP PREEMPT Tue Feb 23 15:01:43 PST 2021 x86_64",
		"timestamp":	{
			"time":	"Thu, 25 May 2023 14:35:57 GMT",
			"timesecs":	1685025357
		},
		"connecting_to":	{
			"host":	"10.0.0.1",
			"port":	5201
		},
		"cookie":	"v6a7os4xvvgchsthcvjnynglez7qtzdyrm5t",
		"tcp_mss_default":	8948,
		"target_bitrate":	9000000000,
		"sock_bufsize":	0,
		"sndbuf_actual":	16384,
		"rcvbuf_actual":	131072,
		"test_start":	{
			"protocol":	"TCP",
			"num_streams":	1,
			"blksize":	131072,
			"omit":	0,
			"duration":	100,
			"bytes":	0,
			"blocks":	0,
			"reverse":	0,
			"tos":	0
		}
	},
	"intervals":	[{
			"streams":	[{
					"socket":	5,
					"start":	0,
					"end":	60.000091,
					"seconds":	60.000091552734375,
					"bytes":	67499327488,
					"bits_per_second":	8999896598.9809551,
					"retransmits":	76,
					"snd_cwnd":	2702296,
					"rtt":	778,
					"rttvar":	35,
					"pmtu":	9000,
					"omitted":	false,
					"sender":	true
				}],
			"sum":	{
				"start":	0,
				"end":	60.000091,
				"seconds":	60.000091552734375,
				"bytes":	67499327488,
				"bits_per_second":	8999896598.9809551,
				"retransmits":	76,
				"omitted":	false,
				"sender":	true
			}
		}, {
			"streams":	[{
					"socket":	5,
					"start":	60.000091,
					"end":	100.000075,
					"seconds":	39.999984741210938,
					"bytes":	45000163328,
					"bits_per_second":	9000036098.84131,
					"retransmits":	74,
					"snd_cwnd":	1583796,
					"rtt":	573,
					"rttvar":	23,
					"pmtu":	9000,
					"omitted":	false,
					"sender":	true
				}],
			"sum":	{
				"start":	60.000091,
				"end":	100.000075,
				"seconds":	39.999984741210938,
				"bytes":	45000163328,
				"bits_per_second":	9000036098.84131,
				"retransmits":	74,
				"omitted":	false,
				"sender":	true
			}
		}],
	"end":	{
		"streams":	[{
				"sender":	{
					"socket":	5,
					"start":	0,
					"end":	100.000075,
					"seconds":	100.000075,
					"bytes":	112499490816,
					"bits_per_second":	8999952515.3156147,
					"retransmits":	150,
					"max_snd_cwnd":	2702296,
					"max_rtt":	778,
					"min_rtt":	573,
					"mean_rtt":	675,
					"sender":	true
				},
				"receiver":	{
					"socket":	5,
					"start":	0,
					"end":	100.000325,
					"seconds":	100.000075,
					"bytes":	112499399676,
					"bits_per_second":	8999922724.3311462,
					"sender":	true
				}
			}],
		"sum_sent":	{
			"start":	0,
			"end":	100.000075,
			"seconds":	100.000075,
			"bytes":	112499490816,
			"bits_per_second":	8999952515.3156147,
			"retransmits":	150,
			"sender":	true
		},
		"sum_received":	{
			"start":	0,
			"end":	100.000325,
			"seconds":	100.000325,
			"bytes":	112499399676,
			"bits_per_second":	8999922724.3311462,
			"sender":	true
		},
		"cpu_utilization_percent":	{
			"host_total":	30.006573349798959,
			"host_user":	1.6995681648674328,
			"host_system":	28.307005184931523,
			"remote_total":	51.3996067238041,
			"remote_user":	2.9899402181279822,
			"remote_system":	48.409656510195177
		},
		"sender_tcp_congestion":	"cubic",
		"receiver_tcp_congestion":	"reno"
	}
}
