{
	"start":	{
		"connected":	[{
				"socket":	5,
				"local_host":	"10.0.1.1",
				"local_port":	40678,
				"remote_host":	"10.0.0.1",
				"remote_port":	5201
			}],
		"version":	"iperf 3.9+",
		"system_info":	"Linux han-3 5.10.0 #9 SMP PREEMPT Tue Feb 23 15:01:43 PST 2021 x86_64",
		"timestamp":	{
			"time":	"Fri, 26 May 2023 07:40:19 GMT",
			"timesecs":	1685086819
		},
		"connecting_to":	{
			"host":	"10.0.0.1",
			"port":	5201
		},
		"cookie":	"lp45cbsttum2eyvqedgxs66vwgwyuf4775wa",
		"tcp_mss_default":	8948,
		"target_bitrate":	1000000000,
		"sock_bufsize":	0,
		"sndbuf_actual":	16384,
		"rcvbuf_actual":	131072,
		"test_start":	{
			"protocol":	"TCP",
			"num_streams":	1,
			"blksize":	131072,
			"omit":	0,
			"duration":	10,
			"bytes":	0,
			"blocks":	0,
			"reverse":	0,
			"tos":	0
		}
	},
	"intervals":	[{
			"streams":	[{
					"socket":	5,
					"start":	0,
					"end":	10.000085,
					"seconds":	10.00008487701416,
					"bytes":	1249902592,
					"bits_per_second":	999913586.632035,
					"retransmits":	7,
					"snd_cwnd":	143168,
					"rtt":	232,
					"rttvar":	46,
					"pmtu":	9000,
					"omitted":	false,
					"sender":	true
				}],
			"sum":	{
				"start":	0,
				"end":	10.000085,
				"seconds":	10.00008487701416,
				"bytes":	1249902592,
				"bits_per_second":	999913586.632035,
				"retransmits":	7,
				"omitted":	false,
				"sender":	true
			}
		}],
	"end":	{
		"streams":	[{
				"sender":	{
					"socket":	5,
					"start":	0,
					"end":	10.000085,
					"seconds":	10.000085,
					"bytes":	1249902592,
					"bits_per_second":	999913574.334618,
					"retransmits":	7,
					"max_snd_cwnd":	143168,
					"max_rtt":	232,
					"min_rtt":	232,
					"mean_rtt":	232,
					"sender":	true
				},
				"receiver":	{
					"socket":	5,
					"start":	0,
					"end":	10.000226,
					"seconds":	10.000085,
					"bytes":	1249902592,
					"bits_per_second":	999899475.87184536,
					"sender":	true
				}
			}],
		"sum_sent":	{
			"start":	0,
			"end":	10.000085,
			"seconds":	10.000085,
			"bytes":	1249902592,
			"bits_per_second":	999913574.334618,
			"retransmits":	7,
			"sender":	true
		},
		"sum_received":	{
			"start":	0,
			"end":	10.000226,
			"seconds":	10.000226,
			"bytes":	1249902592,
			"bits_per_second":	999899475.87184536,
			"sender":	true
		},
		"cpu_utilization_percent":	{
			"host_total":	9.5593455402927745,
			"host_user":	0.13381886035119628,
			"host_system":	9.4255166822680359,
			"remote_total":	14.9746482907175,
			"remote_user":	8.0762386088855536,
			"remote_system":	6.8984196266036566
		},
		"sender_tcp_congestion":	"cubic",
		"receiver_tcp_congestion":	"reno"
	}
}
