{
	"start":	{
		"connected":	[{
				"socket":	5,
				"local_host":	"10.0.1.1",
				"local_port":	55230,
				"remote_host":	"10.0.0.1",
				"remote_port":	5201
			}],
		"version":	"iperf 3.9+",
		"system_info":	"Linux han-3 5.10.0 #9 SMP PREEMPT Tue Feb 23 15:01:43 PST 2021 x86_64",
		"timestamp":	{
			"time":	"Tue, 23 May 2023 08:48:12 GMT",
			"timesecs":	1684831692
		},
		"connecting_to":	{
			"host":	"10.0.0.1",
			"port":	5201
		},
		"cookie":	"v4blsbr7slgwbhiqyg3o7g7qybwjpxep6b6l",
		"tcp_mss_default":	8948,
		"target_bitrate":	9000000000,
		"sock_bufsize":	0,
		"sndbuf_actual":	16384,
		"rcvbuf_actual":	131072,
		"test_start":	{
			"protocol":	"TCP",
			"num_streams":	1,
			"blksize":	131072,
			"omit":	0,
			"duration":	20,
			"bytes":	0,
			"blocks":	0,
			"reverse":	0,
			"tos":	0
		}
	},
	"intervals":	[{
			"streams":	[{
					"socket":	5,
					"start":	0,
					"end":	20.000073,
					"seconds":	20.000072479248047,
					"bytes":	22499295232,
					"bits_per_second":	8999685478.2781944,
					"retransmits":	174,
					"snd_cwnd":	1207980,
					"rtt":	705,
					"rttvar":	13,
					"pmtu":	9000,
					"omitted":	false,
					"sender":	true
				}],
			"sum":	{
				"start":	0,
				"end":	20.000073,
				"seconds":	20.000072479248047,
				"bytes":	22499295232,
				"bits_per_second":	8999685478.2781944,
				"retransmits":	174,
				"omitted":	false,
				"sender":	true
			}
		}],
	"end":	{
		"streams":	[{
				"sender":	{
					"socket":	5,
					"start":	0,
					"end":	20.000073,
					"seconds":	20.000073,
					"bytes":	22499295232,
					"bits_per_second":	8999685243.94886,
					"retransmits":	174,
					"max_snd_cwnd":	1207980,
					"max_rtt":	705,
					"min_rtt":	705,
					"mean_rtt":	705,
					"sender":	true
				},
				"receiver":	{
					"socket":	5,
					"start":	0,
					"end":	20.000388,
					"seconds":	20.000073,
					"bytes":	22499280980,
					"bits_per_second":	8999537800.96666,
					"sender":	true
				}
			}],
		"sum_sent":	{
			"start":	0,
			"end":	20.000073,
			"seconds":	20.000073,
			"bytes":	22499295232,
			"bits_per_second":	8999685243.94886,
			"retransmits":	174,
			"sender":	true
		},
		"sum_received":	{
			"start":	0,
			"end":	20.000388,
			"seconds":	20.000388,
			"bytes":	22499280980,
			"bits_per_second":	8999537800.96666,
			"sender":	true
		},
		"cpu_utilization_percent":	{
			"host_total":	27.4850578142141,
			"host_user":	1.8385471522444388,
			"host_system":	25.646500663100035,
			"remote_total":	49.874099850212559,
			"remote_user":	2.0597480959619134,
			"remote_system":	47.814351754250652
		},
		"sender_tcp_congestion":	"cubic",
		"receiver_tcp_congestion":	"reno"
	}
}
