{
	"start":	{
		"connected":	[{
				"socket":	5,
				"local_host":	"10.0.1.1",
				"local_port":	43752,
				"remote_host":	"10.0.0.1",
				"remote_port":	5201
			}],
		"version":	"iperf 3.9+",
		"system_info":	"Linux han-3 5.10.0 #9 SMP PREEMPT Tue Feb 23 15:01:43 PST 2021 x86_64",
		"timestamp":	{
			"time":	"Fri, 26 May 2023 18:23:33 GMT",
			"timesecs":	1685125413
		},
		"connecting_to":	{
			"host":	"10.0.0.1",
			"port":	5201
		},
		"cookie":	"naz6rteissdbgrlnlscgvvbr65a3ltlustr5",
		"tcp_mss_default":	8948,
		"target_bitrate":	8000000000,
		"sock_bufsize":	0,
		"sndbuf_actual":	16384,
		"rcvbuf_actual":	131072,
		"test_start":	{
			"protocol":	"TCP",
			"num_streams":	1,
			"blksize":	131072,
			"omit":	0,
			"duration":	10,
			"bytes":	0,
			"blocks":	0,
			"reverse":	0,
			"tos":	0
		}
	},
	"intervals":	[{
			"streams":	[{
					"socket":	5,
					"start":	0,
					"end":	10.000195,
					"seconds":	10.000194549560547,
					"bytes":	9999613952,
					"bits_per_second":	7999535530.9877863,
					"retransmits":	15,
					"snd_cwnd":	1386940,
					"rtt":	724,
					"rttvar":	86,
					"pmtu":	9000,
					"omitted":	false,
					"sender":	true
				}],
			"sum":	{
				"start":	0,
				"end":	10.000195,
				"seconds":	10.000194549560547,
				"bytes":	9999613952,
				"bits_per_second":	7999535530.9877863,
				"retransmits":	15,
				"omitted":	false,
				"sender":	true
			}
		}],
	"end":	{
		"streams":	[{
				"sender":	{
					"socket":	5,
					"start":	0,
					"end":	10.000195,
					"seconds":	10.000195,
					"bytes":	9999613952,
					"bits_per_second":	7999535170.6641722,
					"retransmits":	15,
					"max_snd_cwnd":	1386940,
					"max_rtt":	724,
					"min_rtt":	724,
					"mean_rtt":	724,
					"sender":	true
				},
				"receiver":	{
					"socket":	5,
					"start":	0,
					"end":	10.000371,
					"seconds":	10.000195,
					"bytes":	9999613952,
					"bits_per_second":	7999394384.0683517,
					"sender":	true
				}
			}],
		"sum_sent":	{
			"start":	0,
			"end":	10.000195,
			"seconds":	10.000195,
			"bytes":	9999613952,
			"bits_per_second":	7999535170.6641722,
			"retransmits":	15,
			"sender":	true
		},
		"sum_received":	{
			"start":	0,
			"end":	10.000371,
			"seconds":	10.000371,
			"bytes":	9999613952,
			"bits_per_second":	7999394384.0683517,
			"sender":	true
		},
		"cpu_utilization_percent":	{
			"host_total":	68.31070037595623,
			"host_user":	2.2865905476259889,
			"host_system":	66.024119826102748,
			"remote_total":	52.791173326316823,
			"remote_user":	5.23019759552068,
			"remote_system":	47.5609856560796
		},
		"sender_tcp_congestion":	"cubic",
		"receiver_tcp_congestion":	"reno"
	}
}
