{
	"start":	{
		"connected":	[{
				"socket":	5,
				"local_host":	"10.0.1.1",
				"local_port":	33292,
				"remote_host":	"10.0.0.1",
				"remote_port":	5201
			}],
		"version":	"iperf 3.9+",
		"system_info":	"Linux han-3 5.10.0 #9 SMP PREEMPT Tue Feb 23 15:01:43 PST 2021 x86_64",
		"timestamp":	{
			"time":	"Thu, 25 May 2023 08:43:57 GMT",
			"timesecs":	1685004237
		},
		"connecting_to":	{
			"host":	"10.0.0.1",
			"port":	5201
		},
		"cookie":	"uaa5vcf22ox7mg7l67cvrqrnezmbly7gfl2a",
		"tcp_mss_default":	8948,
		"target_bitrate":	6000000000,
		"sock_bufsize":	0,
		"sndbuf_actual":	16384,
		"rcvbuf_actual":	131072,
		"test_start":	{
			"protocol":	"TCP",
			"num_streams":	1,
			"blksize":	131072,
			"omit":	0,
			"duration":	10,
			"bytes":	0,
			"blocks":	0,
			"reverse":	0,
			"tos":	0
		}
	},
	"intervals":	[{
			"streams":	[{
					"socket":	5,
					"start":	0,
					"end":	10.000085,
					"seconds":	10.00008487701416,
					"bytes":	7499415552,
					"bits_per_second":	5999481519.79221,
					"retransmits":	65,
					"snd_cwnd":	903748,
					"rtt":	532,
					"rttvar":	66,
					"pmtu":	9000,
					"omitted":	false,
					"sender":	true
				}],
			"sum":	{
				"start":	0,
				"end":	10.000085,
				"seconds":	10.00008487701416,
				"bytes":	7499415552,
				"bits_per_second":	5999481519.79221,
				"retransmits":	65,
				"omitted":	false,
				"sender":	true
			}
		}],
	"end":	{
		"streams":	[{
				"sender":	{
					"socket":	5,
					"start":	0,
					"end":	10.000085,
					"seconds":	10.000085,
					"bytes":	7499415552,
					"bits_per_second":	5999481446.0077085,
					"retransmits":	65,
					"max_snd_cwnd":	903748,
					"max_rtt":	532,
					"min_rtt":	532,
					"mean_rtt":	532,
					"sender":	true
				},
				"receiver":	{
					"socket":	5,
					"start":	0,
					"end":	10.000236,
					"seconds":	10.000085,
					"bytes":	7499415552,
					"bits_per_second":	5999390855.9758,
					"sender":	true
				}
			}],
		"sum_sent":	{
			"start":	0,
			"end":	10.000085,
			"seconds":	10.000085,
			"bytes":	7499415552,
			"bits_per_second":	5999481446.0077085,
			"retransmits":	65,
			"sender":	true
		},
		"sum_received":	{
			"start":	0,
			"end":	10.000236,
			"seconds":	10.000236,
			"bytes":	7499415552,
			"bits_per_second":	5999390855.9758,
			"sender":	true
		},
		"cpu_utilization_percent":	{
			"host_total":	16.779934697548512,
			"host_user":	5.14825420067482,
			"host_system":	11.631690494493261,
			"remote_total":	54.641384070595343,
			"remote_user":	5.6054811351158751,
			"remote_system":	49.035912885549024
		},
		"sender_tcp_congestion":	"cubic",
		"receiver_tcp_congestion":	"reno"
	}
}
