{
	"start":	{
		"connected":	[{
				"socket":	5,
				"local_host":	"10.0.1.1",
				"local_port":	40650,
				"remote_host":	"10.0.0.1",
				"remote_port":	5201
			}],
		"version":	"iperf 3.9+",
		"system_info":	"Linux han-3 5.10.0 #9 SMP PREEMPT Tue Feb 23 15:01:43 PST 2021 x86_64",
		"timestamp":	{
			"time":	"Fri, 26 May 2023 07:30:19 GMT",
			"timesecs":	1685086219
		},
		"connecting_to":	{
			"host":	"10.0.0.1",
			"port":	5201
		},
		"cookie":	"u25oqeixvupychsl6stcdb5eyp2jdtuvrtmj",
		"tcp_mss_default":	8948,
		"target_bitrate":	10000000000,
		"sock_bufsize":	0,
		"sndbuf_actual":	16384,
		"rcvbuf_actual":	131072,
		"test_start":	{
			"protocol":	"TCP",
			"num_streams":	1,
			"blksize":	131072,
			"omit":	0,
			"duration":	100,
			"bytes":	0,
			"blocks":	0,
			"reverse":	0,
			"tos":	0
		}
	},
	"intervals":	[{
			"streams":	[{
					"socket":	5,
					"start":	0,
					"end":	60.000085,
					"seconds":	60.000083923339844,
					"bytes":	74226073600,
					"bits_per_second":	9896795970.4638062,
					"retransmits":	2952,
					"snd_cwnd":	1422732,
					"rtt":	1159,
					"rttvar":	16,
					"pmtu":	9000,
					"omitted":	false,
					"sender":	true
				}],
			"sum":	{
				"start":	0,
				"end":	60.000085,
				"seconds":	60.000083923339844,
				"bytes":	74226073600,
				"bits_per_second":	9896795970.4638062,
				"retransmits":	2952,
				"omitted":	false,
				"sender":	true
			}
		}, {
			"streams":	[{
					"socket":	5,
					"start":	60.000085,
					"end":	100.000083,
					"seconds":	39.999996185302734,
					"bytes":	49494884352,
					"bits_per_second":	9898977814.44009,
					"retransmits":	1370,
					"snd_cwnd":	357920,
					"rtt":	947,
					"rttvar":	53,
					"pmtu":	9000,
					"omitted":	false,
					"sender":	true
				}],
			"sum":	{
				"start":	60.000085,
				"end":	100.000083,
				"seconds":	39.999996185302734,
				"bytes":	49494884352,
				"bits_per_second":	9898977814.44009,
				"retransmits":	1370,
				"omitted":	false,
				"sender":	true
			}
		}],
	"end":	{
		"streams":	[{
				"sender":	{
					"socket":	5,
					"start":	0,
					"end":	100.000083,
					"seconds":	100.000083,
					"bytes":	123720957952,
					"bits_per_second":	9897668421.09521,
					"retransmits":	4322,
					"max_snd_cwnd":	1422732,
					"max_rtt":	1159,
					"min_rtt":	947,
					"mean_rtt":	1053,
					"sender":	true
				},
				"receiver":	{
					"socket":	5,
					"start":	0,
					"end":	100.00017,
					"seconds":	100.000083,
					"bytes":	123718170156,
					"bits_per_second":	9897436786.8374634,
					"sender":	true
				}
			}],
		"sum_sent":	{
			"start":	0,
			"end":	100.000083,
			"seconds":	100.000083,
			"bytes":	123720957952,
			"bits_per_second":	9897668421.09521,
			"retransmits":	4322,
			"sender":	true
		},
		"sum_received":	{
			"start":	0,
			"end":	100.00017,
			"seconds":	100.00017,
			"bytes":	123718170156,
			"bits_per_second":	9897436786.8374634,
			"sender":	true
		},
		"cpu_utilization_percent":	{
			"host_total":	78.5236329570813,
			"host_user":	2.136536409980323,
			"host_system":	76.387094547138048,
			"remote_total":	47.154118617782423,
			"remote_user":	3.827247997779998,
			"remote_system":	43.3268646234541
		},
		"sender_tcp_congestion":	"cubic",
		"receiver_tcp_congestion":	"reno"
	}
}
