{
	"start":	{
		"connected":	[{
				"socket":	5,
				"local_host":	"10.0.1.1",
				"local_port":	44176,
				"remote_host":	"10.0.0.1",
				"remote_port":	5201
			}],
		"version":	"iperf 3.9+",
		"system_info":	"Linux han-3 5.10.0 #9 SMP PREEMPT Tue Feb 23 15:01:43 PST 2021 x86_64",
		"timestamp":	{
			"time":	"Fri, 26 May 2023 19:53:01 GMT",
			"timesecs":	1685130781
		},
		"connecting_to":	{
			"host":	"10.0.0.1",
			"port":	5201
		},
		"cookie":	"verrydkk2tdqpgkguewlv54har3aknoydsul",
		"tcp_mss_default":	8948,
		"target_bitrate":	8000000000,
		"sock_bufsize":	0,
		"sndbuf_actual":	16384,
		"rcvbuf_actual":	131072,
		"test_start":	{
			"protocol":	"TCP",
			"num_streams":	1,
			"blksize":	131072,
			"omit":	0,
			"duration":	100,
			"bytes":	0,
			"blocks":	0,
			"reverse":	0,
			"tos":	0
		}
	},
	"intervals":	[{
			"streams":	[{
					"socket":	5,
					"start":	0,
					"end":	60.000063,
					"seconds":	60.000064849853516,
					"bytes":	59999387648,
					"bits_per_second":	7999909706.5171232,
					"retransmits":	80,
					"snd_cwnd":	2773880,
					"rtt":	690,
					"rttvar":	73,
					"pmtu":	9000,
					"omitted":	false,
					"sender":	true
				}],
			"sum":	{
				"start":	0,
				"end":	60.000063,
				"seconds":	60.000064849853516,
				"bytes":	59999387648,
				"bits_per_second":	7999909706.5171232,
				"retransmits":	80,
				"omitted":	false,
				"sender":	true
			}
		}, {
			"streams":	[{
					"socket":	5,
					"start":	60.000063,
					"end":	100.000077,
					"seconds":	40.000015258789062,
					"bytes":	39999897600,
					"bits_per_second":	7999976468.2511644,
					"retransmits":	30,
					"snd_cwnd":	1941716,
					"rtt":	818,
					"rttvar":	57,
					"pmtu":	9000,
					"omitted":	false,
					"sender":	true
				}],
			"sum":	{
				"start":	60.000063,
				"end":	100.000077,
				"seconds":	40.000015258789062,
				"bytes":	39999897600,
				"bits_per_second":	7999976468.2511644,
				"retransmits":	30,
				"omitted":	false,
				"sender":	true
			}
		}],
	"end":	{
		"streams":	[{
				"sender":	{
					"socket":	5,
					"start":	0,
					"end":	100.000077,
					"seconds":	100.000077,
					"bytes":	99999285248,
					"bits_per_second":	7999936659.88877,
					"retransmits":	110,
					"max_snd_cwnd":	2773880,
					"max_rtt":	818,
					"min_rtt":	690,
					"mean_rtt":	754,
					"sender":	true
				},
				"receiver":	{
					"socket":	5,
					"start":	0,
					"end":	100.000195,
					"seconds":	100.000077,
					"bytes":	99999285248,
					"bits_per_second":	7999927219.98192,
					"sender":	true
				}
			}],
		"sum_sent":	{
			"start":	0,
			"end":	100.000077,
			"seconds":	100.000077,
			"bytes":	99999285248,
			"bits_per_second":	7999936659.88877,
			"retransmits":	110,
			"sender":	true
		},
		"sum_received":	{
			"start":	0,
			"end":	100.000195,
			"seconds":	100.000195,
			"bytes":	99999285248,
			"bits_per_second":	7999927219.98192,
			"sender":	true
		},
		"cpu_utilization_percent":	{
			"host_total":	58.970934842575673,
			"host_user":	2.3178613514098529,
			"host_system":	56.653072491187238,
			"remote_total":	50.653420354592846,
			"remote_user":	3.7283365844883414,
			"remote_system":	46.925082770881573
		},
		"sender_tcp_congestion":	"cubic",
		"receiver_tcp_congestion":	"reno"
	}
}
