{
	"start":	{
		"connected":	[{
				"socket":	5,
				"local_host":	"10.0.1.1",
				"local_port":	40426,
				"remote_host":	"10.0.0.1",
				"remote_port":	5201
			}],
		"version":	"iperf 3.9+",
		"system_info":	"Linux han-3 5.10.0 #9 SMP PREEMPT Tue Feb 23 15:01:43 PST 2021 x86_64",
		"timestamp":	{
			"time":	"Fri, 26 May 2023 06:28:36 GMT",
			"timesecs":	1685082516
		},
		"connecting_to":	{
			"host":	"10.0.0.1",
			"port":	5201
		},
		"cookie":	"n6pej7sgwwcjigsn5bm3lqbm5qgql7ljuqm6",
		"tcp_mss_default":	8948,
		"target_bitrate":	10000000000,
		"sock_bufsize":	0,
		"sndbuf_actual":	16384,
		"rcvbuf_actual":	131072,
		"test_start":	{
			"protocol":	"TCP",
			"num_streams":	1,
			"blksize":	131072,
			"omit":	0,
			"duration":	50,
			"bytes":	0,
			"blocks":	0,
			"reverse":	0,
			"tos":	0
		}
	},
	"intervals":	[{
			"streams":	[{
					"socket":	5,
					"start":	0,
					"end":	50.000076,
					"seconds":	50.000076293945312,
					"bytes":	61805428736,
					"bits_per_second":	9888853508.5670242,
					"retransmits":	1785,
					"snd_cwnd":	1548004,
					"rtt":	1166,
					"rttvar":	32,
					"pmtu":	9000,
					"omitted":	false,
					"sender":	true
				}],
			"sum":	{
				"start":	0,
				"end":	50.000076,
				"seconds":	50.000076293945312,
				"bytes":	61805428736,
				"bits_per_second":	9888853508.5670242,
				"retransmits":	1785,
				"omitted":	false,
				"sender":	true
			}
		}],
	"end":	{
		"streams":	[{
				"sender":	{
					"socket":	5,
					"start":	0,
					"end":	50.000076,
					"seconds":	50.000076,
					"bytes":	61805428736,
					"bits_per_second":	9888853566.70258,
					"retransmits":	1785,
					"max_snd_cwnd":	1548004,
					"max_rtt":	1166,
					"min_rtt":	1166,
					"mean_rtt":	1166,
					"sender":	true
				},
				"receiver":	{
					"socket":	5,
					"start":	0,
					"end":	50.001306,
					"seconds":	50.000076,
					"bytes":	61804174248,
					"bits_per_second":	9888409594.4213943,
					"sender":	true
				}
			}],
		"sum_sent":	{
			"start":	0,
			"end":	50.000076,
			"seconds":	50.000076,
			"bytes":	61805428736,
			"bits_per_second":	9888853566.70258,
			"retransmits":	1785,
			"sender":	true
		},
		"sum_received":	{
			"start":	0,
			"end":	50.001306,
			"seconds":	50.001306,
			"bytes":	61804174248,
			"bits_per_second":	9888409594.4213943,
			"sender":	true
		},
		"cpu_utilization_percent":	{
			"host_total":	81.3841447393341,
			"host_user":	2.5009792597720084,
			"host_system":	78.883163479644253,
			"remote_total":	51.297841436528344,
			"remote_user":	5.1625681986455829,
			"remote_system":	46.135273237882771
		},
		"sender_tcp_congestion":	"cubic",
		"receiver_tcp_congestion":	"reno"
	}
}
