{
	"start":	{
		"connected":	[{
				"socket":	5,
				"local_host":	"10.0.1.1",
				"local_port":	37352,
				"remote_host":	"10.0.0.1",
				"remote_port":	5201
			}],
		"version":	"iperf 3.9+",
		"system_info":	"Linux han-3 5.10.0 #9 SMP PREEMPT Tue Feb 23 15:01:43 PST 2021 x86_64",
		"timestamp":	{
			"time":	"Thu, 25 May 2023 19:43:46 GMT",
			"timesecs":	1685043826
		},
		"connecting_to":	{
			"host":	"10.0.0.1",
			"port":	5201
		},
		"cookie":	"k54ep6mc23fnxvq6wtjwcd333dhk5lvqg4ji",
		"tcp_mss_default":	8948,
		"target_bitrate":	3000000000,
		"sock_bufsize":	0,
		"sndbuf_actual":	16384,
		"rcvbuf_actual":	131072,
		"test_start":	{
			"protocol":	"TCP",
			"num_streams":	1,
			"blksize":	131072,
			"omit":	0,
			"duration":	50,
			"bytes":	0,
			"blocks":	0,
			"reverse":	0,
			"tos":	0
		}
	},
	"intervals":	[{
			"streams":	[{
					"socket":	5,
					"start":	0,
					"end":	50.000127,
					"seconds":	50.000125885009766,
					"bytes":	18749718528,
					"bits_per_second":	2999947411.511816,
					"retransmits":	9,
					"snd_cwnd":	536880,
					"rtt":	246,
					"rttvar":	30,
					"pmtu":	9000,
					"omitted":	false,
					"sender":	true
				}],
			"sum":	{
				"start":	0,
				"end":	50.000127,
				"seconds":	50.000125885009766,
				"bytes":	18749718528,
				"bits_per_second":	2999947411.511816,
				"retransmits":	9,
				"omitted":	false,
				"sender":	true
			}
		}],
	"end":	{
		"streams":	[{
				"sender":	{
					"socket":	5,
					"start":	0,
					"end":	50.000127,
					"seconds":	50.000127,
					"bytes":	18749718528,
					"bits_per_second":	2999947344.6137447,
					"retransmits":	9,
					"max_snd_cwnd":	536880,
					"max_rtt":	246,
					"min_rtt":	246,
					"mean_rtt":	246,
					"sender":	true
				},
				"receiver":	{
					"socket":	5,
					"start":	0,
					"end":	50.000283,
					"seconds":	50.000127,
					"bytes":	18749718528,
					"bits_per_second":	2999937984.8310056,
					"sender":	true
				}
			}],
		"sum_sent":	{
			"start":	0,
			"end":	50.000127,
			"seconds":	50.000127,
			"bytes":	18749718528,
			"bits_per_second":	2999947344.6137447,
			"retransmits":	9,
			"sender":	true
		},
		"sum_received":	{
			"start":	0,
			"end":	50.000283,
			"seconds":	50.000283,
			"bytes":	18749718528,
			"bits_per_second":	2999937984.8310056,
			"sender":	true
		},
		"cpu_utilization_percent":	{
			"host_total":	15.829012679934118,
			"host_user":	0.5357655546122243,
			"host_system":	15.293249125223179,
			"remote_total":	35.007570080784021,
			"remote_user":	2.79859046102695,
			"remote_system":	32.20898161756157
		},
		"sender_tcp_congestion":	"cubic",
		"receiver_tcp_congestion":	"reno"
	}
}
