{
	"start":	{
		"connected":	[{
				"socket":	5,
				"local_host":	"10.0.1.1",
				"local_port":	34740,
				"remote_host":	"10.0.0.1",
				"remote_port":	5201
			}],
		"version":	"iperf 3.9+",
		"system_info":	"Linux han-3 5.10.0 #9 SMP PREEMPT Tue Feb 23 15:01:43 PST 2021 x86_64",
		"timestamp":	{
			"time":	"Thu, 25 May 2023 13:29:54 GMT",
			"timesecs":	1685021394
		},
		"connecting_to":	{
			"host":	"10.0.0.1",
			"port":	5201
		},
		"cookie":	"zxrs7vq5gpulpfw3xmpxcuupf744jpllv5k5",
		"tcp_mss_default":	8948,
		"target_bitrate":	9000000000,
		"sock_bufsize":	0,
		"sndbuf_actual":	16384,
		"rcvbuf_actual":	131072,
		"test_start":	{
			"protocol":	"TCP",
			"num_streams":	1,
			"blksize":	131072,
			"omit":	0,
			"duration":	40,
			"bytes":	0,
			"blocks":	0,
			"reverse":	0,
			"tos":	0
		}
	},
	"intervals":	[{
			"streams":	[{
					"socket":	5,
					"start":	0,
					"end":	40.000121,
					"seconds":	40.0001220703125,
					"bytes":	44999245824,
					"bits_per_second":	8999821699.5238171,
					"retransmits":	38,
					"snd_cwnd":	2174364,
					"rtt":	781,
					"rttvar":	45,
					"pmtu":	9000,
					"omitted":	false,
					"sender":	true
				}],
			"sum":	{
				"start":	0,
				"end":	40.000121,
				"seconds":	40.0001220703125,
				"bytes":	44999245824,
				"bits_per_second":	8999821699.5238171,
				"retransmits":	38,
				"omitted":	false,
				"sender":	true
			}
		}],
	"end":	{
		"streams":	[{
				"sender":	{
					"socket":	5,
					"start":	0,
					"end":	40.000121,
					"seconds":	40.000121,
					"bytes":	44999245824,
					"bits_per_second":	8999821940.33863,
					"retransmits":	38,
					"max_snd_cwnd":	2174364,
					"max_rtt":	781,
					"min_rtt":	781,
					"mean_rtt":	781,
					"sender":	true
				},
				"receiver":	{
					"socket":	5,
					"start":	0,
					"end":	40.000315,
					"seconds":	40.000121,
					"bytes":	44999245824,
					"bits_per_second":	8999778291.5459538,
					"sender":	true
				}
			}],
		"sum_sent":	{
			"start":	0,
			"end":	40.000121,
			"seconds":	40.000121,
			"bytes":	44999245824,
			"bits_per_second":	8999821940.33863,
			"retransmits":	38,
			"sender":	true
		},
		"sum_received":	{
			"start":	0,
			"end":	40.000315,
			"seconds":	40.000315,
			"bytes":	44999245824,
			"bits_per_second":	8999778291.5459538,
			"sender":	true
		},
		"cpu_utilization_percent":	{
			"host_total":	30.786231015263787,
			"host_user":	1.8526710673650026,
			"host_system":	28.933557448032275,
			"remote_total":	54.005029970074,
			"remote_user":	2.7262294990694982,
			"remote_system":	51.2788004710045
		},
		"sender_tcp_congestion":	"cubic",
		"receiver_tcp_congestion":	"reno"
	}
}
