{
	"start":	{
		"connected":	[{
				"socket":	5,
				"local_host":	"10.0.1.1",
				"local_port":	33672,
				"remote_host":	"10.0.0.1",
				"remote_port":	5201
			}],
		"version":	"iperf 3.9+",
		"system_info":	"Linux han-3 5.10.0 #9 SMP PREEMPT Tue Feb 23 15:01:43 PST 2021 x86_64",
		"timestamp":	{
			"time":	"Thu, 25 May 2023 09:56:02 GMT",
			"timesecs":	1685008562
		},
		"connecting_to":	{
			"host":	"10.0.0.1",
			"port":	5201
		},
		"cookie":	"sq3k3y5txmhsfjqwhayzmzynbnnquswgaxkz",
		"tcp_mss_default":	8948,
		"target_bitrate":	6000000000,
		"sock_bufsize":	0,
		"sndbuf_actual":	16384,
		"rcvbuf_actual":	131072,
		"test_start":	{
			"protocol":	"TCP",
			"num_streams":	1,
			"blksize":	131072,
			"omit":	0,
			"duration":	90,
			"bytes":	0,
			"blocks":	0,
			"reverse":	0,
			"tos":	0
		}
	},
	"intervals":	[{
			"streams":	[{
					"socket":	5,
					"start":	0,
					"end":	60.000094,
					"seconds":	60.000095367431641,
					"bytes":	44999507968,
					"bits_per_second":	5999924859.1096029,
					"retransmits":	78,
					"snd_cwnd":	939540,
					"rtt":	424,
					"rttvar":	46,
					"pmtu":	9000,
					"omitted":	false,
					"sender":	true
				}],
			"sum":	{
				"start":	0,
				"end":	60.000094,
				"seconds":	60.000095367431641,
				"bytes":	44999507968,
				"bits_per_second":	5999924859.1096029,
				"retransmits":	78,
				"omitted":	false,
				"sender":	true
			}
		}, {
			"streams":	[{
					"socket":	5,
					"start":	60.000094,
					"end":	90.000109,
					"seconds":	30.000015258789062,
					"bytes":	22500081664,
					"bits_per_second":	6000018725.29933,
					"retransmits":	41,
					"snd_cwnd":	930592,
					"rtt":	533,
					"rttvar":	20,
					"pmtu":	9000,
					"omitted":	false,
					"sender":	true
				}],
			"sum":	{
				"start":	60.000094,
				"end":	90.000109,
				"seconds":	30.000015258789062,
				"bytes":	22500081664,
				"bits_per_second":	6000018725.29933,
				"retransmits":	41,
				"omitted":	false,
				"sender":	true
			}
		}],
	"end":	{
		"streams":	[{
				"sender":	{
					"socket":	5,
					"start":	0,
					"end":	90.000109,
					"seconds":	90.000109,
					"bytes":	67499589632,
					"bits_per_second":	5999956256.2307568,
					"retransmits":	119,
					"max_snd_cwnd":	939540,
					"max_rtt":	533,
					"min_rtt":	424,
					"mean_rtt":	478,
					"sender":	true
				},
				"receiver":	{
					"socket":	5,
					"start":	0,
					"end":	90.000325,
					"seconds":	90.000109,
					"bytes":	67499589632,
					"bits_per_second":	5999941856.38774,
					"sender":	true
				}
			}],
		"sum_sent":	{
			"start":	0,
			"end":	90.000109,
			"seconds":	90.000109,
			"bytes":	67499589632,
			"bits_per_second":	5999956256.2307568,
			"retransmits":	119,
			"sender":	true
		},
		"sum_received":	{
			"start":	0,
			"end":	90.000325,
			"seconds":	90.000325,
			"bytes":	67499589632,
			"bits_per_second":	5999941856.38774,
			"sender":	true
		},
		"cpu_utilization_percent":	{
			"host_total":	22.695100447656223,
			"host_user":	0.51414689212807263,
			"host_system":	22.180954666613335,
			"remote_total":	45.806715036575483,
			"remote_user":	2.978538963189945,
			"remote_system":	42.828176073385535
		},
		"sender_tcp_congestion":	"cubic",
		"receiver_tcp_congestion":	"reno"
	}
}
