{
	"start":	{
		"connected":	[{
				"socket":	5,
				"local_host":	"10.0.1.1",
				"local_port":	39924,
				"remote_host":	"10.0.0.1",
				"remote_port":	5201
			}],
		"version":	"iperf 3.9+",
		"system_info":	"Linux han-3 5.10.0 #9 SMP PREEMPT Tue Feb 23 15:01:43 PST 2021 x86_64",
		"timestamp":	{
			"time":	"Fri, 26 May 2023 04:46:20 GMT",
			"timesecs":	1685076380
		},
		"connecting_to":	{
			"host":	"10.0.0.1",
			"port":	5201
		},
		"cookie":	"3lq6glaxkwyttk72isfcc4cbyvj7a25zboxm",
		"tcp_mss_default":	8948,
		"target_bitrate":	9000000000,
		"sock_bufsize":	0,
		"sndbuf_actual":	16384,
		"rcvbuf_actual":	131072,
		"test_start":	{
			"protocol":	"TCP",
			"num_streams":	1,
			"blksize":	131072,
			"omit":	0,
			"duration":	30,
			"bytes":	0,
			"blocks":	0,
			"reverse":	0,
			"tos":	0
		}
	},
	"intervals":	[{
			"streams":	[{
					"socket":	5,
					"start":	0,
					"end":	30.000087,
					"seconds":	30.000087738037109,
					"bytes":	33749204992,
					"bits_per_second":	8999761677.15253,
					"retransmits":	20,
					"snd_cwnd":	1807496,
					"rtt":	859,
					"rttvar":	36,
					"pmtu":	9000,
					"omitted":	false,
					"sender":	true
				}],
			"sum":	{
				"start":	0,
				"end":	30.000087,
				"seconds":	30.000087738037109,
				"bytes":	33749204992,
				"bits_per_second":	8999761677.15253,
				"retransmits":	20,
				"omitted":	false,
				"sender":	true
			}
		}],
	"end":	{
		"streams":	[{
				"sender":	{
					"socket":	5,
					"start":	0,
					"end":	30.000087,
					"seconds":	30.000087,
					"bytes":	33749204992,
					"bits_per_second":	8999761898.55716,
					"retransmits":	20,
					"max_snd_cwnd":	1807496,
					"max_rtt":	859,
					"min_rtt":	859,
					"mean_rtt":	859,
					"sender":	true
				},
				"receiver":	{
					"socket":	5,
					"start":	0,
					"end":	30.000224,
					"seconds":	30.000087,
					"bytes":	33749204992,
					"bits_per_second":	8999720799.95136,
					"sender":	true
				}
			}],
		"sum_sent":	{
			"start":	0,
			"end":	30.000087,
			"seconds":	30.000087,
			"bytes":	33749204992,
			"bits_per_second":	8999761898.55716,
			"retransmits":	20,
			"sender":	true
		},
		"sum_received":	{
			"start":	0,
			"end":	30.000224,
			"seconds":	30.000224,
			"bytes":	33749204992,
			"bits_per_second":	8999720799.95136,
			"sender":	true
		},
		"cpu_utilization_percent":	{
			"host_total":	55.61686188477298,
			"host_user":	1.78885380273672,
			"host_system":	53.828004748962911,
			"remote_total":	58.301005761705817,
			"remote_user":	2.5152759295558922,
			"remote_system":	55.785729832149919
		},
		"sender_tcp_congestion":	"cubic",
		"receiver_tcp_congestion":	"reno"
	}
}
