{
	"start":	{
		"connected":	[{
				"socket":	5,
				"local_host":	"10.0.1.1",
				"local_port":	40228,
				"remote_host":	"10.0.0.1",
				"remote_port":	5201
			}],
		"version":	"iperf 3.9+",
		"system_info":	"Linux han-3 5.10.0 #9 SMP PREEMPT Tue Feb 23 15:01:43 PST 2021 x86_64",
		"timestamp":	{
			"time":	"Fri, 26 May 2023 06:03:33 GMT",
			"timesecs":	1685081013
		},
		"connecting_to":	{
			"host":	"10.0.0.1",
			"port":	5201
		},
		"cookie":	"2ll26t6s3qsb256qvs3qe2nodlrlowurqhdi",
		"tcp_mss_default":	8948,
		"target_bitrate":	9000000000,
		"sock_bufsize":	0,
		"sndbuf_actual":	16384,
		"rcvbuf_actual":	131072,
		"test_start":	{
			"protocol":	"TCP",
			"num_streams":	1,
			"blksize":	131072,
			"omit":	0,
			"duration":	100,
			"bytes":	0,
			"blocks":	0,
			"reverse":	0,
			"tos":	0
		}
	},
	"intervals":	[{
			"streams":	[{
					"socket":	5,
					"start":	0,
					"end":	60.000063,
					"seconds":	60.000064849853516,
					"bytes":	67499196416,
					"bits_per_second":	8999883128.11496,
					"retransmits":	27,
					"snd_cwnd":	2308584,
					"rtt":	872,
					"rttvar":	9,
					"pmtu":	9000,
					"omitted":	false,
					"sender":	true
				}],
			"sum":	{
				"start":	0,
				"end":	60.000063,
				"seconds":	60.000064849853516,
				"bytes":	67499196416,
				"bits_per_second":	8999883128.11496,
				"retransmits":	27,
				"omitted":	false,
				"sender":	true
			}
		}, {
			"streams":	[{
					"socket":	5,
					"start":	60.000063,
					"end":	100.00011,
					"seconds":	40.000045776367188,
					"bytes":	45000032256,
					"bits_per_second":	8999996151.52179,
					"retransmits":	1,
					"snd_cwnd":	2308584,
					"rtt":	788,
					"rttvar":	43,
					"pmtu":	9000,
					"omitted":	false,
					"sender":	true
				}],
			"sum":	{
				"start":	60.000063,
				"end":	100.00011,
				"seconds":	40.000045776367188,
				"bytes":	45000032256,
				"bits_per_second":	8999996151.52179,
				"retransmits":	1,
				"omitted":	false,
				"sender":	true
			}
		}],
	"end":	{
		"streams":	[{
				"sender":	{
					"socket":	5,
					"start":	0,
					"end":	100.00011,
					"seconds":	100.00011,
					"bytes":	112499228672,
					"bits_per_second":	8999928393.8387661,
					"retransmits":	28,
					"max_snd_cwnd":	2308584,
					"max_rtt":	872,
					"min_rtt":	788,
					"mean_rtt":	830,
					"sender":	true
				},
				"receiver":	{
					"socket":	5,
					"start":	0,
					"end":	100.00021,
					"seconds":	100.00011,
					"bytes":	112499209116,
					"bits_per_second":	8999917829.45256,
					"sender":	true
				}
			}],
		"sum_sent":	{
			"start":	0,
			"end":	100.00011,
			"seconds":	100.00011,
			"bytes":	112499228672,
			"bits_per_second":	8999928393.8387661,
			"retransmits":	28,
			"sender":	true
		},
		"sum_received":	{
			"start":	0,
			"end":	100.00021,
			"seconds":	100.00021,
			"bytes":	112499209116,
			"bits_per_second":	8999917829.45256,
			"sender":	true
		},
		"cpu_utilization_percent":	{
			"host_total":	58.265006350243532,
			"host_user":	1.9477900064542408,
			"host_system":	56.3172163437893,
			"remote_total":	48.959233926560636,
			"remote_user":	3.2332680466177313,
			"remote_system":	45.7259658799429
		},
		"sender_tcp_congestion":	"cubic",
		"receiver_tcp_congestion":	"reno"
	}
}
