{
	"start":	{
		"connected":	[{
				"socket":	5,
				"local_host":	"10.0.1.1",
				"local_port":	33778,
				"remote_host":	"10.0.0.1",
				"remote_port":	5201
			}],
		"version":	"iperf 3.9+",
		"system_info":	"Linux han-3 5.10.0 #9 SMP PREEMPT Tue Feb 23 15:01:43 PST 2021 x86_64",
		"timestamp":	{
			"time":	"Thu, 25 May 2023 10:18:03 GMT",
			"timesecs":	1685009883
		},
		"connecting_to":	{
			"host":	"10.0.0.1",
			"port":	5201
		},
		"cookie":	"enh2idopsx247ixhxy7bri47yyqpjxbnwxbh",
		"tcp_mss_default":	8948,
		"target_bitrate":	7000000000,
		"sock_bufsize":	0,
		"sndbuf_actual":	16384,
		"rcvbuf_actual":	131072,
		"test_start":	{
			"protocol":	"TCP",
			"num_streams":	1,
			"blksize":	131072,
			"omit":	0,
			"duration":	20,
			"bytes":	0,
			"blocks":	0,
			"reverse":	0,
			"tos":	0
		}
	},
	"intervals":	[{
			"streams":	[{
					"socket":	5,
					"start":	0,
					"end":	20.000268,
					"seconds":	20.000268936157227,
					"bytes":	17499422720,
					"bits_per_second":	6999674964.7156582,
					"retransmits":	26,
					"snd_cwnd":	1154292,
					"rtt":	567,
					"rttvar":	36,
					"pmtu":	9000,
					"omitted":	false,
					"sender":	true
				}],
			"sum":	{
				"start":	0,
				"end":	20.000268,
				"seconds":	20.000268936157227,
				"bytes":	17499422720,
				"bits_per_second":	6999674964.7156582,
				"retransmits":	26,
				"omitted":	false,
				"sender":	true
			}
		}],
	"end":	{
		"streams":	[{
				"sender":	{
					"socket":	5,
					"start":	0,
					"end":	20.000268,
					"seconds":	20.000268,
					"bytes":	17499422720,
					"bits_per_second":	6999675292.3510828,
					"retransmits":	26,
					"max_snd_cwnd":	1154292,
					"max_rtt":	567,
					"min_rtt":	567,
					"mean_rtt":	567,
					"sender":	true
				},
				"receiver":	{
					"socket":	5,
					"start":	0,
					"end":	20.00042,
					"seconds":	20.000268,
					"bytes":	17499422720,
					"bits_per_second":	6999622095.9359856,
					"sender":	true
				}
			}],
		"sum_sent":	{
			"start":	0,
			"end":	20.000268,
			"seconds":	20.000268,
			"bytes":	17499422720,
			"bits_per_second":	6999675292.3510828,
			"retransmits":	26,
			"sender":	true
		},
		"sum_received":	{
			"start":	0,
			"end":	20.00042,
			"seconds":	20.00042,
			"bytes":	17499422720,
			"bits_per_second":	6999622095.9359856,
			"sender":	true
		},
		"cpu_utilization_percent":	{
			"host_total":	21.244038873121422,
			"host_user":	1.7344523262330578,
			"host_system":	19.509596545633524,
			"remote_total":	52.793297496184962,
			"remote_user":	1.1570522478616365,
			"remote_system":	51.636245248323334
		},
		"sender_tcp_congestion":	"cubic",
		"receiver_tcp_congestion":	"reno"
	}
}
