{
	"start":	{
		"connected":	[{
				"socket":	5,
				"local_host":	"10.0.1.1",
				"local_port":	51960,
				"remote_host":	"10.0.0.1",
				"remote_port":	5201
			}],
		"version":	"iperf 3.9+",
		"system_info":	"Linux han-3 5.10.0 #9 SMP PREEMPT Tue Feb 23 15:01:43 PST 2021 x86_64",
		"timestamp":	{
			"time":	"Mon, 22 May 2023 21:13:15 GMT",
			"timesecs":	1684789995
		},
		"connecting_to":	{
			"host":	"10.0.0.1",
			"port":	5201
		},
		"cookie":	"redkwooiqanyg2pvrkh5lfdzpiyfbsis4tow",
		"tcp_mss_default":	8948,
		"target_bitrate":	1000000000,
		"sock_bufsize":	0,
		"sndbuf_actual":	16384,
		"rcvbuf_actual":	131072,
		"test_start":	{
			"protocol":	"TCP",
			"num_streams":	1,
			"blksize":	131072,
			"omit":	0,
			"duration":	70,
			"bytes":	0,
			"blocks":	0,
			"reverse":	0,
			"tos":	0
		}
	},
	"intervals":	[{
			"streams":	[{
					"socket":	5,
					"start":	0,
					"end":	60.000062,
					"seconds":	60.00006103515625,
					"bytes":	7499939840,
					"bits_per_second":	999990961.423257,
					"retransmits":	2,
					"snd_cwnd":	187908,
					"rtt":	203,
					"rttvar":	14,
					"pmtu":	9000,
					"omitted":	false,
					"sender":	true
				}],
			"sum":	{
				"start":	0,
				"end":	60.000062,
				"seconds":	60.00006103515625,
				"bytes":	7499939840,
				"bits_per_second":	999990961.423257,
				"retransmits":	2,
				"omitted":	false,
				"sender":	true
			}
		}, {
			"streams":	[{
					"socket":	5,
					"start":	60.000062,
					"end":	70.000074,
					"seconds":	10.000012397766113,
					"bytes":	1250033664,
					"bits_per_second":	1000025691.3915371,
					"retransmits":	0,
					"snd_cwnd":	187908,
					"rtt":	207,
					"rttvar":	32,
					"pmtu":	9000,
					"omitted":	false,
					"sender":	true
				}],
			"sum":	{
				"start":	60.000062,
				"end":	70.000074,
				"seconds":	10.000012397766113,
				"bytes":	1250033664,
				"bits_per_second":	1000025691.3915371,
				"retransmits":	0,
				"omitted":	false,
				"sender":	true
			}
		}],
	"end":	{
		"streams":	[{
				"sender":	{
					"socket":	5,
					"start":	0,
					"end":	70.000074,
					"seconds":	70.000074,
					"bytes":	8749973504,
					"bits_per_second":	999995914.74717581,
					"retransmits":	2,
					"max_snd_cwnd":	187908,
					"max_rtt":	207,
					"min_rtt":	203,
					"mean_rtt":	205,
					"sender":	true
				},
				"receiver":	{
					"socket":	5,
					"start":	0,
					"end":	70.000202,
					"seconds":	70.000074,
					"bytes":	8749973504,
					"bits_per_second":	999994086.188494,
					"sender":	true
				}
			}],
		"sum_sent":	{
			"start":	0,
			"end":	70.000074,
			"seconds":	70.000074,
			"bytes":	8749973504,
			"bits_per_second":	999995914.74717581,
			"retransmits":	2,
			"sender":	true
		},
		"sum_received":	{
			"start":	0,
			"end":	70.000202,
			"seconds":	70.000202,
			"bytes":	8749973504,
			"bits_per_second":	999994086.188494,
			"sender":	true
		},
		"cpu_utilization_percent":	{
			"host_total":	6.81752421146884,
			"host_user":	1.3625963028587635,
			"host_system":	5.4549279086100748,
			"remote_total":	14.729348435897794,
			"remote_user":	1.6815262464427696,
			"remote_system":	13.047822189455024
		},
		"sender_tcp_congestion":	"cubic",
		"receiver_tcp_congestion":	"reno"
	}
}
