{
	"start":	{
		"connected":	[{
				"socket":	5,
				"local_host":	"10.0.1.1",
				"local_port":	60714,
				"remote_host":	"10.0.0.1",
				"remote_port":	5201
			}],
		"version":	"iperf 3.9+",
		"system_info":	"Linux han-3 5.10.0 #9 SMP PREEMPT Tue Feb 23 15:01:43 PST 2021 x86_64",
		"timestamp":	{
			"time":	"Thu, 25 May 2023 05:44:08 GMT",
			"timesecs":	1684993448
		},
		"connecting_to":	{
			"host":	"10.0.0.1",
			"port":	5201
		},
		"cookie":	"qxxitqgxzlhjlhkvfugpuiubaapfo7oxvoyw",
		"tcp_mss_default":	8948,
		"target_bitrate":	4000000000,
		"sock_bufsize":	0,
		"sndbuf_actual":	16384,
		"rcvbuf_actual":	131072,
		"test_start":	{
			"protocol":	"TCP",
			"num_streams":	1,
			"blksize":	131072,
			"omit":	0,
			"duration":	20,
			"bytes":	0,
			"blocks":	0,
			"reverse":	0,
			"tos":	0
		}
	},
	"intervals":	[{
			"streams":	[{
					"socket":	5,
					"start":	0,
					"end":	20.000072,
					"seconds":	20.000072479248047,
					"bytes":	9999613952,
					"bits_per_second":	3999831085.56253,
					"retransmits":	4,
					"snd_cwnd":	680048,
					"rtt":	395,
					"rttvar":	12,
					"pmtu":	9000,
					"omitted":	false,
					"sender":	true
				}],
			"sum":	{
				"start":	0,
				"end":	20.000072,
				"seconds":	20.000072479248047,
				"bytes":	9999613952,
				"bits_per_second":	3999831085.56253,
				"retransmits":	4,
				"omitted":	false,
				"sender":	true
			}
		}],
	"end":	{
		"streams":	[{
				"sender":	{
					"socket":	5,
					"start":	0,
					"end":	20.000072,
					"seconds":	20.000072,
					"bytes":	9999613952,
					"bits_per_second":	3999831181.4077473,
					"retransmits":	4,
					"max_snd_cwnd":	680048,
					"max_rtt":	395,
					"min_rtt":	395,
					"mean_rtt":	395,
					"sender":	true
				},
				"receiver":	{
					"socket":	5,
					"start":	0,
					"end":	20.000194,
					"seconds":	20.000072,
					"bytes":	9999613952,
					"bits_per_second":	3999806782.6742082,
					"sender":	true
				}
			}],
		"sum_sent":	{
			"start":	0,
			"end":	20.000072,
			"seconds":	20.000072,
			"bytes":	9999613952,
			"bits_per_second":	3999831181.4077473,
			"retransmits":	4,
			"sender":	true
		},
		"sum_received":	{
			"start":	0,
			"end":	20.000194,
			"seconds":	20.000194,
			"bytes":	9999613952,
			"bits_per_second":	3999806782.6742082,
			"sender":	true
		},
		"cpu_utilization_percent":	{
			"host_total":	13.765054124205356,
			"host_user":	0.97859618926318859,
			"host_system":	12.786447936105031,
			"remote_total":	40.237558966020877,
			"remote_user":	5.87870778004965,
			"remote_system":	34.358851185971226
		},
		"sender_tcp_congestion":	"cubic",
		"receiver_tcp_congestion":	"reno"
	}
}
