{
	"start":	{
		"connected":	[{
				"socket":	5,
				"local_host":	"10.0.1.1",
				"local_port":	42960,
				"remote_host":	"10.0.0.1",
				"remote_port":	5201
			}],
		"version":	"iperf 3.9+",
		"system_info":	"Linux han-3 5.10.0 #9 SMP PREEMPT Tue Feb 23 15:01:43 PST 2021 x86_64",
		"timestamp":	{
			"time":	"Fri, 26 May 2023 15:26:20 GMT",
			"timesecs":	1685114780
		},
		"connecting_to":	{
			"host":	"10.0.0.1",
			"port":	5201
		},
		"cookie":	"l3uf5i65zshd5wkiocrzwrdtruvjaeymrtqe",
		"tcp_mss_default":	8948,
		"target_bitrate":	6000000000,
		"sock_bufsize":	0,
		"sndbuf_actual":	16384,
		"rcvbuf_actual":	131072,
		"test_start":	{
			"protocol":	"TCP",
			"num_streams":	1,
			"blksize":	131072,
			"omit":	0,
			"duration":	30,
			"bytes":	0,
			"blocks":	0,
			"reverse":	0,
			"tos":	0
		}
	},
	"intervals":	[{
			"streams":	[{
					"socket":	5,
					"start":	0,
					"end":	30.000276,
					"seconds":	30.000276565551758,
					"bytes":	22499557376,
					"bits_per_second":	5999826655.42102,
					"retransmits":	10,
					"snd_cwnd":	1404836,
					"rtt":	524,
					"rttvar":	27,
					"pmtu":	9000,
					"omitted":	false,
					"sender":	true
				}],
			"sum":	{
				"start":	0,
				"end":	30.000276,
				"seconds":	30.000276565551758,
				"bytes":	22499557376,
				"bits_per_second":	5999826655.42102,
				"retransmits":	10,
				"omitted":	false,
				"sender":	true
			}
		}],
	"end":	{
		"streams":	[{
				"sender":	{
					"socket":	5,
					"start":	0,
					"end":	30.000276,
					"seconds":	30.000276,
					"bytes":	22499557376,
					"bits_per_second":	5999826768.5270634,
					"retransmits":	10,
					"max_snd_cwnd":	1404836,
					"max_rtt":	524,
					"min_rtt":	524,
					"mean_rtt":	524,
					"sender":	true
				},
				"receiver":	{
					"socket":	5,
					"start":	0,
					"end":	30.000491,
					"seconds":	30.000276,
					"bytes":	22499557376,
					"bits_per_second":	5999783770.47229,
					"sender":	true
				}
			}],
		"sum_sent":	{
			"start":	0,
			"end":	30.000276,
			"seconds":	30.000276,
			"bytes":	22499557376,
			"bits_per_second":	5999826768.5270634,
			"retransmits":	10,
			"sender":	true
		},
		"sum_received":	{
			"start":	0,
			"end":	30.000491,
			"seconds":	30.000491,
			"bytes":	22499557376,
			"bits_per_second":	5999783770.47229,
			"sender":	true
		},
		"cpu_utilization_percent":	{
			"host_total":	51.0665925480677,
			"host_user":	1.400979509416024,
			"host_system":	49.665609705581218,
			"remote_total":	40.988785003789488,
			"remote_user":	1.9822017675357178,
			"remote_system":	39.006586560801544
		},
		"sender_tcp_congestion":	"cubic",
		"receiver_tcp_congestion":	"reno"
	}
}
