{
	"start":	{
		"connected":	[{
				"socket":	5,
				"local_host":	"10.0.1.1",
				"local_port":	42588,
				"remote_host":	"10.0.0.1",
				"remote_port":	5201
			}],
		"version":	"iperf 3.9+",
		"system_info":	"Linux han-3 5.10.0 #9 SMP PREEMPT Tue Feb 23 15:01:43 PST 2021 x86_64",
		"timestamp":	{
			"time":	"Fri, 26 May 2023 14:03:33 GMT",
			"timesecs":	1685109813
		},
		"connecting_to":	{
			"host":	"10.0.0.1",
			"port":	5201
		},
		"cookie":	"gfxydi4o45rnonjrnnvxppyi25s5unsp4xlj",
		"tcp_mss_default":	8948,
		"target_bitrate":	5000000000,
		"sock_bufsize":	0,
		"sndbuf_actual":	16384,
		"rcvbuf_actual":	131072,
		"test_start":	{
			"protocol":	"TCP",
			"num_streams":	1,
			"blksize":	131072,
			"omit":	0,
			"duration":	40,
			"bytes":	0,
			"blocks":	0,
			"reverse":	0,
			"tos":	0
		}
	},
	"intervals":	[{
			"streams":	[{
					"socket":	5,
					"start":	0,
					"end":	40.000304,
					"seconds":	40.00030517578125,
					"bytes":	24999624704,
					"bits_per_second":	4999886794.6910315,
					"retransmits":	11,
					"snd_cwnd":	859008,
					"rtt":	420,
					"rttvar":	38,
					"pmtu":	9000,
					"omitted":	false,
					"sender":	true
				}],
			"sum":	{
				"start":	0,
				"end":	40.000304,
				"seconds":	40.00030517578125,
				"bytes":	24999624704,
				"bits_per_second":	4999886794.6910315,
				"retransmits":	11,
				"omitted":	false,
				"sender":	true
			}
		}],
	"end":	{
		"streams":	[{
				"sender":	{
					"socket":	5,
					"start":	0,
					"end":	40.000304,
					"seconds":	40.000304,
					"bytes":	24999624704,
					"bits_per_second":	4999886941.6592436,
					"retransmits":	11,
					"max_snd_cwnd":	859008,
					"max_rtt":	420,
					"min_rtt":	420,
					"mean_rtt":	420,
					"sender":	true
				},
				"receiver":	{
					"socket":	5,
					"start":	0,
					"end":	40.000565,
					"seconds":	40.000304,
					"bytes":	24999624704,
					"bits_per_second":	4999854317.85776,
					"sender":	true
				}
			}],
		"sum_sent":	{
			"start":	0,
			"end":	40.000304,
			"seconds":	40.000304,
			"bytes":	24999624704,
			"bits_per_second":	4999886941.6592436,
			"retransmits":	11,
			"sender":	true
		},
		"sum_received":	{
			"start":	0,
			"end":	40.000565,
			"seconds":	40.000565,
			"bytes":	24999624704,
			"bits_per_second":	4999854317.85776,
			"sender":	true
		},
		"cpu_utilization_percent":	{
			"host_total":	40.4070602276827,
			"host_user":	1.0001015940669065,
			"host_system":	39.406966133177825,
			"remote_total":	38.554428486043335,
			"remote_user":	0,
			"remote_system":	38.554430981332665
		},
		"sender_tcp_congestion":	"cubic",
		"receiver_tcp_congestion":	"reno"
	}
}
