{
	"start":	{
		"connected":	[{
				"socket":	5,
				"local_host":	"10.0.1.1",
				"local_port":	42842,
				"remote_host":	"10.0.0.1",
				"remote_port":	5201
			}],
		"version":	"iperf 3.9+",
		"system_info":	"Linux han-3 5.10.0 #9 SMP PREEMPT Tue Feb 23 15:01:43 PST 2021 x86_64",
		"timestamp":	{
			"time":	"Fri, 26 May 2023 15:12:37 GMT",
			"timesecs":	1685113957
		},
		"connecting_to":	{
			"host":	"10.0.0.1",
			"port":	5201
		},
		"cookie":	"f5d4kqji5hysbxwa6ipuq2ugbp7u7prlmxpd",
		"tcp_mss_default":	8948,
		"target_bitrate":	5000000000,
		"sock_bufsize":	0,
		"sndbuf_actual":	16384,
		"rcvbuf_actual":	131072,
		"test_start":	{
			"protocol":	"TCP",
			"num_streams":	1,
			"blksize":	131072,
			"omit":	0,
			"duration":	100,
			"bytes":	0,
			"blocks":	0,
			"reverse":	0,
			"tos":	0
		}
	},
	"intervals":	[{
			"streams":	[{
					"socket":	5,
					"start":	0,
					"end":	60.000089,
					"seconds":	60.0000877380371,
					"bytes":	37499568128,
					"bits_per_second":	4999935105.65847,
					"retransmits":	11,
					"snd_cwnd":	1082708,
					"rtt":	369,
					"rttvar":	30,
					"pmtu":	9000,
					"omitted":	false,
					"sender":	true
				}],
			"sum":	{
				"start":	0,
				"end":	60.000089,
				"seconds":	60.0000877380371,
				"bytes":	37499568128,
				"bits_per_second":	4999935105.65847,
				"retransmits":	11,
				"omitted":	false,
				"sender":	true
			}
		}, {
			"streams":	[{
					"socket":	5,
					"start":	60.000089,
					"end":	100.000095,
					"seconds":	40.000007629394531,
					"bytes":	25000017920,
					"bits_per_second":	5000002630.325182,
					"retransmits":	4,
					"snd_cwnd":	1082708,
					"rtt":	581,
					"rttvar":	33,
					"pmtu":	9000,
					"omitted":	false,
					"sender":	true
				}],
			"sum":	{
				"start":	60.000089,
				"end":	100.000095,
				"seconds":	40.000007629394531,
				"bytes":	25000017920,
				"bits_per_second":	5000002630.325182,
				"retransmits":	4,
				"omitted":	false,
				"sender":	true
			}
		}],
	"end":	{
		"streams":	[{
				"sender":	{
					"socket":	5,
					"start":	0,
					"end":	100.000095,
					"seconds":	100.000095,
					"bytes":	62499586048,
					"bits_per_second":	4999962133.8759727,
					"retransmits":	15,
					"max_snd_cwnd":	1082708,
					"max_rtt":	581,
					"min_rtt":	369,
					"mean_rtt":	475,
					"sender":	true
				},
				"receiver":	{
					"socket":	5,
					"start":	0,
					"end":	100.000213,
					"seconds":	100.000095,
					"bytes":	62499586048,
					"bits_per_second":	4999956233.9332218,
					"sender":	true
				}
			}],
		"sum_sent":	{
			"start":	0,
			"end":	100.000095,
			"seconds":	100.000095,
			"bytes":	62499586048,
			"bits_per_second":	4999962133.8759727,
			"retransmits":	15,
			"sender":	true
		},
		"sum_received":	{
			"start":	0,
			"end":	100.000213,
			"seconds":	100.000213,
			"bytes":	62499586048,
			"bits_per_second":	4999956233.9332218,
			"sender":	true
		},
		"cpu_utilization_percent":	{
			"host_total":	29.955637346515,
			"host_user":	0.80313405406766458,
			"host_system":	29.152507292352976,
			"remote_total":	46.130503348572169,
			"remote_user":	2.8486033449159391,
			"remote_system":	43.281900003656233
		},
		"sender_tcp_congestion":	"cubic",
		"receiver_tcp_congestion":	"reno"
	}
}
