{
	"start":	{
		"connected":	[{
				"socket":	5,
				"local_host":	"10.0.1.1",
				"local_port":	59434,
				"remote_host":	"10.0.0.1",
				"remote_port":	5201
			}],
		"version":	"iperf 3.9+",
		"system_info":	"Linux han-3 5.10.0 #9 SMP PREEMPT Tue Feb 23 15:01:43 PST 2021 x86_64",
		"timestamp":	{
			"time":	"Thu, 25 May 2023 01:11:44 GMT",
			"timesecs":	1684977104
		},
		"connecting_to":	{
			"host":	"10.0.0.1",
			"port":	5201
		},
		"cookie":	"otybbsjab6p2boi7udkph3wnkoyo5czyiaeb",
		"tcp_mss_default":	8948,
		"target_bitrate":	1000000000,
		"sock_bufsize":	0,
		"sndbuf_actual":	16384,
		"rcvbuf_actual":	131072,
		"test_start":	{
			"protocol":	"TCP",
			"num_streams":	1,
			"blksize":	131072,
			"omit":	0,
			"duration":	30,
			"bytes":	0,
			"blocks":	0,
			"reverse":	0,
			"tos":	0
		}
	},
	"intervals":	[{
			"streams":	[{
					"socket":	5,
					"start":	0,
					"end":	30.000112,
					"seconds":	30.000112533569336,
					"bytes":	3749969920,
					"bits_per_second":	999988227.59184849,
					"retransmits":	4,
					"snd_cwnd":	268440,
					"rtt":	215,
					"rttvar":	31,
					"pmtu":	9000,
					"omitted":	false,
					"sender":	true
				}],
			"sum":	{
				"start":	0,
				"end":	30.000112,
				"seconds":	30.000112533569336,
				"bytes":	3749969920,
				"bits_per_second":	999988227.59184849,
				"retransmits":	4,
				"omitted":	false,
				"sender":	true
			}
		}],
	"end":	{
		"streams":	[{
				"sender":	{
					"socket":	5,
					"start":	0,
					"end":	30.000112,
					"seconds":	30.000112,
					"bytes":	3749969920,
					"bits_per_second":	999988245.377217,
					"retransmits":	4,
					"max_snd_cwnd":	268440,
					"max_rtt":	215,
					"min_rtt":	215,
					"mean_rtt":	215,
					"sender":	true
				},
				"receiver":	{
					"socket":	5,
					"start":	0,
					"end":	30.000243,
					"seconds":	30.000112,
					"bytes":	3749969920,
					"bits_per_second":	999983878.79724836,
					"sender":	true
				}
			}],
		"sum_sent":	{
			"start":	0,
			"end":	30.000112,
			"seconds":	30.000112,
			"bytes":	3749969920,
			"bits_per_second":	999988245.377217,
			"retransmits":	4,
			"sender":	true
		},
		"sum_received":	{
			"start":	0,
			"end":	30.000243,
			"seconds":	30.000243,
			"bytes":	3749969920,
			"bits_per_second":	999983878.79724836,
			"sender":	true
		},
		"cpu_utilization_percent":	{
			"host_total":	6.3155608958601714,
			"host_user":	0.83548843511113258,
			"host_system":	5.4800757938101716,
			"remote_total":	11.5836572435017,
			"remote_user":	0.60071399617054932,
			"remote_system":	10.98294324733115
		},
		"sender_tcp_congestion":	"cubic",
		"receiver_tcp_congestion":	"reno"
	}
}
