{
	"start":	{
		"connected":	[{
				"socket":	5,
				"local_host":	"10.0.1.1",
				"local_port":	59692,
				"remote_host":	"10.0.0.1",
				"remote_port":	5201
			}],
		"version":	"iperf 3.9+",
		"system_info":	"Linux han-3 5.10.0 #9 SMP PREEMPT Tue Feb 23 15:01:43 PST 2021 x86_64",
		"timestamp":	{
			"time":	"Thu, 25 May 2023 02:08:17 GMT",
			"timesecs":	1684980497
		},
		"connecting_to":	{
			"host":	"10.0.0.1",
			"port":	5201
		},
		"cookie":	"etajw2x2rjed6mphfw54m426bxbm7gqaxwfb",
		"tcp_mss_default":	8948,
		"target_bitrate":	1000000000,
		"sock_bufsize":	0,
		"sndbuf_actual":	16384,
		"rcvbuf_actual":	131072,
		"test_start":	{
			"protocol":	"TCP",
			"num_streams":	1,
			"blksize":	131072,
			"omit":	0,
			"duration":	90,
			"bytes":	0,
			"blocks":	0,
			"reverse":	0,
			"tos":	0
		}
	},
	"intervals":	[{
			"streams":	[{
					"socket":	5,
					"start":	0,
					"end":	60.000067,
					"seconds":	60.000068664550781,
					"bytes":	7499939840,
					"bits_per_second":	999990834.26797628,
					"retransmits":	4,
					"snd_cwnd":	268440,
					"rtt":	196,
					"rttvar":	16,
					"pmtu":	9000,
					"omitted":	false,
					"sender":	true
				}],
			"sum":	{
				"start":	0,
				"end":	60.000067,
				"seconds":	60.000068664550781,
				"bytes":	7499939840,
				"bits_per_second":	999990834.26797628,
				"retransmits":	4,
				"omitted":	false,
				"sender":	true
			}
		}, {
			"streams":	[{
					"socket":	5,
					"start":	60.000067,
					"end":	90.000084,
					"seconds":	30.0000171661377,
					"bytes":	3749969920,
					"bits_per_second":	999991406.466994,
					"retransmits":	0,
					"snd_cwnd":	268440,
					"rtt":	205,
					"rttvar":	15,
					"pmtu":	9000,
					"omitted":	false,
					"sender":	true
				}],
			"sum":	{
				"start":	60.000067,
				"end":	90.000084,
				"seconds":	30.0000171661377,
				"bytes":	3749969920,
				"bits_per_second":	999991406.466994,
				"retransmits":	0,
				"omitted":	false,
				"sender":	true
			}
		}],
	"end":	{
		"streams":	[{
				"sender":	{
					"socket":	5,
					"start":	0,
					"end":	90.000084,
					"seconds":	90.000084,
					"bytes":	11249909760,
					"bits_per_second":	999991045.341691,
					"retransmits":	4,
					"max_snd_cwnd":	268440,
					"max_rtt":	205,
					"min_rtt":	196,
					"mean_rtt":	200,
					"sender":	true
				},
				"receiver":	{
					"socket":	5,
					"start":	0,
					"end":	90.000252,
					"seconds":	90.000084,
					"bytes":	11249909760,
					"bits_per_second":	999989178.69696629,
					"sender":	true
				}
			}],
		"sum_sent":	{
			"start":	0,
			"end":	90.000084,
			"seconds":	90.000084,
			"bytes":	11249909760,
			"bits_per_second":	999991045.341691,
			"retransmits":	4,
			"sender":	true
		},
		"sum_received":	{
			"start":	0,
			"end":	90.000252,
			"seconds":	90.000252,
			"bytes":	11249909760,
			"bits_per_second":	999989178.69696629,
			"sender":	true
		},
		"cpu_utilization_percent":	{
			"host_total":	5.5172852401843446,
			"host_user":	4.1373695018886814,
			"host_system":	1.3799168493765037,
			"remote_total":	16.193659699563412,
			"remote_user":	0.84924828217525572,
			"remote_system":	15.344411417388157
		},
		"sender_tcp_congestion":	"cubic",
		"receiver_tcp_congestion":	"reno"
	}
}
