{
	"start":	{
		"connected":	[{
				"socket":	5,
				"local_host":	"10.0.1.1",
				"local_port":	38966,
				"remote_host":	"10.0.0.1",
				"remote_port":	5201
			}],
		"version":	"iperf 3.9+",
		"system_info":	"Linux han-3 5.10.0 #9 SMP PREEMPT Tue Feb 23 15:01:43 PST 2021 x86_64",
		"timestamp":	{
			"time":	"Fri, 26 May 2023 01:34:47 GMT",
			"timesecs":	1685064887
		},
		"connecting_to":	{
			"host":	"10.0.0.1",
			"port":	5201
		},
		"cookie":	"oi3dww7xrinvdz3mskwuhdpdona4dqnvwerb",
		"tcp_mss_default":	8948,
		"target_bitrate":	7000000000,
		"sock_bufsize":	0,
		"sndbuf_actual":	16384,
		"rcvbuf_actual":	131072,
		"test_start":	{
			"protocol":	"TCP",
			"num_streams":	1,
			"blksize":	131072,
			"omit":	0,
			"duration":	10,
			"bytes":	0,
			"blocks":	0,
			"reverse":	0,
			"tos":	0
		}
	},
	"intervals":	[{
			"streams":	[{
					"socket":	5,
					"start":	0,
					"end":	10.000247,
					"seconds":	10.000247001647949,
					"bytes":	8749449216,
					"bits_per_second":	6999386486.800313,
					"retransmits":	21,
					"snd_cwnd":	1270616,
					"rtt":	523,
					"rttvar":	25,
					"pmtu":	9000,
					"omitted":	false,
					"sender":	true
				}],
			"sum":	{
				"start":	0,
				"end":	10.000247,
				"seconds":	10.000247001647949,
				"bytes":	8749449216,
				"bits_per_second":	6999386486.800313,
				"retransmits":	21,
				"omitted":	false,
				"sender":	true
			}
		}],
	"end":	{
		"streams":	[{
				"sender":	{
					"socket":	5,
					"start":	0,
					"end":	10.000247,
					"seconds":	10.000247,
					"bytes":	8749449216,
					"bits_per_second":	6999386487.9537477,
					"retransmits":	21,
					"max_snd_cwnd":	1270616,
					"max_rtt":	523,
					"min_rtt":	523,
					"mean_rtt":	523,
					"sender":	true
				},
				"receiver":	{
					"socket":	5,
					"start":	0,
					"end":	10.000432,
					"seconds":	10.000247,
					"bytes":	8749449216,
					"bits_per_second":	6999257004.8973885,
					"sender":	true
				}
			}],
		"sum_sent":	{
			"start":	0,
			"end":	10.000247,
			"seconds":	10.000247,
			"bytes":	8749449216,
			"bits_per_second":	6999386487.9537477,
			"retransmits":	21,
			"sender":	true
		},
		"sum_received":	{
			"start":	0,
			"end":	10.000432,
			"seconds":	10.000432,
			"bytes":	8749449216,
			"bits_per_second":	6999257004.8973885,
			"sender":	true
		},
		"cpu_utilization_percent":	{
			"host_total":	34.004609250452937,
			"host_user":	1.8268943725434879,
			"host_system":	32.177724875416068,
			"remote_total":	50.753618763416988,
			"remote_user":	1.4886594923760939,
			"remote_system":	49.264979161870073
		},
		"sender_tcp_congestion":	"cubic",
		"receiver_tcp_congestion":	"reno"
	}
}
