{
	"start":	{
		"connected":	[{
				"socket":	5,
				"local_host":	"10.0.1.1",
				"local_port":	53844,
				"remote_host":	"10.0.0.1",
				"remote_port":	5201
			}],
		"version":	"iperf 3.9+",
		"system_info":	"Linux han-3 5.10.0 #9 SMP PREEMPT Tue Feb 23 15:01:43 PST 2021 x86_64",
		"timestamp":	{
			"time":	"Tue, 23 May 2023 04:03:16 GMT",
			"timesecs":	1684814596
		},
		"connecting_to":	{
			"host":	"10.0.0.1",
			"port":	5201
		},
		"cookie":	"on3tpwg2exgmr2bpmacpv7tn32uzgrlthi5z",
		"tcp_mss_default":	8948,
		"target_bitrate":	5000000000,
		"sock_bufsize":	0,
		"sndbuf_actual":	16384,
		"rcvbuf_actual":	131072,
		"test_start":	{
			"protocol":	"TCP",
			"num_streams":	1,
			"blksize":	131072,
			"omit":	0,
			"duration":	100,
			"bytes":	0,
			"blocks":	0,
			"reverse":	0,
			"tos":	0
		}
	},
	"intervals":	[{
			"streams":	[{
					"socket":	5,
					"start":	0,
					"end":	60.000016,
					"seconds":	60.000015258789062,
					"bytes":	37499568128,
					"bits_per_second":	4999941145.51588,
					"retransmits":	10,
					"snd_cwnd":	796372,
					"rtt":	472,
					"rttvar":	51,
					"pmtu":	9000,
					"omitted":	false,
					"sender":	true
				}],
			"sum":	{
				"start":	0,
				"end":	60.000016,
				"seconds":	60.000015258789062,
				"bytes":	37499568128,
				"bits_per_second":	4999941145.51588,
				"retransmits":	10,
				"omitted":	false,
				"sender":	true
			}
		}, {
			"streams":	[{
					"socket":	5,
					"start":	60.000016,
					"end":	100.000095,
					"seconds":	40.000080108642578,
					"bytes":	25000017920,
					"bits_per_second":	4999993570.4325542,
					"retransmits":	2,
					"snd_cwnd":	796372,
					"rtt":	509,
					"rttvar":	52,
					"pmtu":	9000,
					"omitted":	false,
					"sender":	true
				}],
			"sum":	{
				"start":	60.000016,
				"end":	100.000095,
				"seconds":	40.000080108642578,
				"bytes":	25000017920,
				"bits_per_second":	4999993570.4325542,
				"retransmits":	2,
				"omitted":	false,
				"sender":	true
			}
		}],
	"end":	{
		"streams":	[{
				"sender":	{
					"socket":	5,
					"start":	0,
					"end":	100.000095,
					"seconds":	100.000095,
					"bytes":	62499586048,
					"bits_per_second":	4999962133.8759727,
					"retransmits":	12,
					"max_snd_cwnd":	796372,
					"max_rtt":	509,
					"min_rtt":	472,
					"mean_rtt":	490,
					"sender":	true
				},
				"receiver":	{
					"socket":	5,
					"start":	0,
					"end":	100.00025,
					"seconds":	100.000095,
					"bytes":	62499586048,
					"bits_per_second":	4999954383.95404,
					"sender":	true
				}
			}],
		"sum_sent":	{
			"start":	0,
			"end":	100.000095,
			"seconds":	100.000095,
			"bytes":	62499586048,
			"bits_per_second":	4999962133.8759727,
			"retransmits":	12,
			"sender":	true
		},
		"sum_received":	{
			"start":	0,
			"end":	100.00025,
			"seconds":	100.00025,
			"bytes":	62499586048,
			"bits_per_second":	4999954383.95404,
			"sender":	true
		},
		"cpu_utilization_percent":	{
			"host_total":	21.93154005355246,
			"host_user":	5.4834287497783931,
			"host_system":	16.448112303749038,
			"remote_total":	40.3592482849218,
			"remote_user":	3.0256296815975907,
			"remote_system":	37.333619602821969
		},
		"sender_tcp_congestion":	"cubic",
		"receiver_tcp_congestion":	"reno"
	}
}
