{
	"start":	{
		"connected":	[{
				"socket":	5,
				"local_host":	"10.0.1.1",
				"local_port":	37662,
				"remote_host":	"10.0.0.1",
				"remote_port":	5201
			}],
		"version":	"iperf 3.9+",
		"system_info":	"Linux han-3 5.10.0 #9 SMP PREEMPT Tue Feb 23 15:01:43 PST 2021 x86_64",
		"timestamp":	{
			"time":	"Thu, 25 May 2023 21:00:00 GMT",
			"timesecs":	1685048400
		},
		"connecting_to":	{
			"host":	"10.0.0.1",
			"port":	5201
		},
		"cookie":	"qghza4tr4jblhscdmj2rwg22kwfziovglxau",
		"tcp_mss_default":	8948,
		"target_bitrate":	4000000000,
		"sock_bufsize":	0,
		"sndbuf_actual":	16384,
		"rcvbuf_actual":	131072,
		"test_start":	{
			"protocol":	"TCP",
			"num_streams":	1,
			"blksize":	131072,
			"omit":	0,
			"duration":	20,
			"bytes":	0,
			"blocks":	0,
			"reverse":	0,
			"tos":	0
		}
	},
	"intervals":	[{
			"streams":	[{
					"socket":	5,
					"start":	0,
					"end":	20.000071,
					"seconds":	20.000070571899414,
					"bytes":	9999613952,
					"bits_per_second":	3999831467.014802,
					"retransmits":	8,
					"snd_cwnd":	671100,
					"rtt":	476,
					"rttvar":	44,
					"pmtu":	9000,
					"omitted":	false,
					"sender":	true
				}],
			"sum":	{
				"start":	0,
				"end":	20.000071,
				"seconds":	20.000070571899414,
				"bytes":	9999613952,
				"bits_per_second":	3999831467.014802,
				"retransmits":	8,
				"omitted":	false,
				"sender":	true
			}
		}],
	"end":	{
		"streams":	[{
				"sender":	{
					"socket":	5,
					"start":	0,
					"end":	20.000071,
					"seconds":	20.000071,
					"bytes":	9999613952,
					"bits_per_second":	3999831381.3985963,
					"retransmits":	8,
					"max_snd_cwnd":	671100,
					"max_rtt":	476,
					"min_rtt":	476,
					"mean_rtt":	476,
					"sender":	true
				},
				"receiver":	{
					"socket":	5,
					"start":	0,
					"end":	20.000133,
					"seconds":	20.000071,
					"bytes":	9999613952,
					"bits_per_second":	3999818982.00377,
					"sender":	true
				}
			}],
		"sum_sent":	{
			"start":	0,
			"end":	20.000071,
			"seconds":	20.000071,
			"bytes":	9999613952,
			"bits_per_second":	3999831381.3985963,
			"retransmits":	8,
			"sender":	true
		},
		"sum_received":	{
			"start":	0,
			"end":	20.000133,
			"seconds":	20.000133,
			"bytes":	9999613952,
			"bits_per_second":	3999818982.00377,
			"sender":	true
		},
		"cpu_utilization_percent":	{
			"host_total":	17.745863242274169,
			"host_user":	1.2682590771698168,
			"host_system":	16.477604165104353,
			"remote_total":	36.074257662207224,
			"remote_user":	5.04538105637937,
			"remote_system":	31.028876605827854
		},
		"sender_tcp_congestion":	"cubic",
		"receiver_tcp_congestion":	"reno"
	}
}
