{
	"start":	{
		"connected":	[{
				"socket":	5,
				"local_host":	"10.0.1.1",
				"local_port":	32946,
				"remote_host":	"10.0.0.1",
				"remote_port":	5201
			}],
		"version":	"iperf 3.9+",
		"system_info":	"Linux han-3 5.10.0 #9 SMP PREEMPT Tue Feb 23 15:01:43 PST 2021 x86_64",
		"timestamp":	{
			"time":	"Thu, 25 May 2023 07:18:14 GMT",
			"timesecs":	1684999094
		},
		"connecting_to":	{
			"host":	"10.0.0.1",
			"port":	5201
		},
		"cookie":	"44nv5zlnx7ni3oa46vthpbve3ltmo5vo4hfv",
		"tcp_mss_default":	8948,
		"target_bitrate":	5000000000,
		"sock_bufsize":	0,
		"sndbuf_actual":	16384,
		"rcvbuf_actual":	131072,
		"test_start":	{
			"protocol":	"TCP",
			"num_streams":	1,
			"blksize":	131072,
			"omit":	0,
			"duration":	30,
			"bytes":	0,
			"blocks":	0,
			"reverse":	0,
			"tos":	0
		}
	},
	"intervals":	[{
			"streams":	[{
					"socket":	5,
					"start":	0,
					"end":	30.000076,
					"seconds":	30.000076293945312,
					"bytes":	18749587456,
					"bits_per_second":	4999877272.9212255,
					"retransmits":	11,
					"snd_cwnd":	796372,
					"rtt":	537,
					"rttvar":	87,
					"pmtu":	9000,
					"omitted":	false,
					"sender":	true
				}],
			"sum":	{
				"start":	0,
				"end":	30.000076,
				"seconds":	30.000076293945312,
				"bytes":	18749587456,
				"bits_per_second":	4999877272.9212255,
				"retransmits":	11,
				"omitted":	false,
				"sender":	true
			}
		}],
	"end":	{
		"streams":	[{
				"sender":	{
					"socket":	5,
					"start":	0,
					"end":	30.000076,
					"seconds":	30.000076,
					"bytes":	18749587456,
					"bits_per_second":	4999877321.9107847,
					"retransmits":	11,
					"max_snd_cwnd":	796372,
					"max_rtt":	537,
					"min_rtt":	537,
					"mean_rtt":	537,
					"sender":	true
				},
				"receiver":	{
					"socket":	5,
					"start":	0,
					"end":	30.000205,
					"seconds":	30.000076,
					"bytes":	18749587456,
					"bits_per_second":	4999855822.5852118,
					"sender":	true
				}
			}],
		"sum_sent":	{
			"start":	0,
			"end":	30.000076,
			"seconds":	30.000076,
			"bytes":	18749587456,
			"bits_per_second":	4999877321.9107847,
			"retransmits":	11,
			"sender":	true
		},
		"sum_received":	{
			"start":	0,
			"end":	30.000205,
			"seconds":	30.000205,
			"bytes":	18749587456,
			"bits_per_second":	4999855822.5852118,
			"sender":	true
		},
		"cpu_utilization_percent":	{
			"host_total":	14.98987458227673,
			"host_user":	1.363082510663628,
			"host_system":	13.626798737786693,
			"remote_total":	44.0186581887536,
			"remote_user":	2.272368543089256,
			"remote_system":	41.746286317790819
		},
		"sender_tcp_congestion":	"cubic",
		"receiver_tcp_congestion":	"reno"
	}
}
