{
	"start":	{
		"connected":	[{
				"socket":	5,
				"local_host":	"10.0.1.1",
				"local_port":	39708,
				"remote_host":	"10.0.0.1",
				"remote_port":	5201
			}],
		"version":	"iperf 3.9+",
		"system_info":	"Linux han-3 5.10.0 #9 SMP PREEMPT Tue Feb 23 15:01:43 PST 2021 x86_64",
		"timestamp":	{
			"time":	"Fri, 26 May 2023 04:03:47 GMT",
			"timesecs":	1685073827
		},
		"connecting_to":	{
			"host":	"10.0.0.1",
			"port":	5201
		},
		"cookie":	"lqx5ng7en6mf4zygygq5d6oss27u327z364e",
		"tcp_mss_default":	8948,
		"target_bitrate":	8000000000,
		"sock_bufsize":	0,
		"sndbuf_actual":	16384,
		"rcvbuf_actual":	131072,
		"test_start":	{
			"protocol":	"TCP",
			"num_streams":	1,
			"blksize":	131072,
			"omit":	0,
			"duration":	80,
			"bytes":	0,
			"blocks":	0,
			"reverse":	0,
			"tos":	0
		}
	},
	"intervals":	[{
			"streams":	[{
					"socket":	5,
					"start":	0,
					"end":	60.000093,
					"seconds":	60.000091552734375,
					"bytes":	59999911936,
					"bits_per_second":	7999976051.1386261,
					"retransmits":	40,
					"snd_cwnd":	1905924,
					"rtt":	517,
					"rttvar":	14,
					"pmtu":	9000,
					"omitted":	false,
					"sender":	true
				}],
			"sum":	{
				"start":	0,
				"end":	60.000093,
				"seconds":	60.000091552734375,
				"bytes":	59999911936,
				"bits_per_second":	7999976051.1386261,
				"retransmits":	40,
				"omitted":	false,
				"sender":	true
			}
		}, {
			"streams":	[{
					"socket":	5,
					"start":	60.000093,
					"end":	80.00004,
					"seconds":	19.999946594238281,
					"bytes":	19999358976,
					"bits_per_second":	7999764952.0770416,
					"retransmits":	0,
					"snd_cwnd":	1905924,
					"rtt":	781,
					"rttvar":	45,
					"pmtu":	9000,
					"omitted":	false,
					"sender":	true
				}],
			"sum":	{
				"start":	60.000093,
				"end":	80.00004,
				"seconds":	19.999946594238281,
				"bytes":	19999358976,
				"bits_per_second":	7999764952.0770416,
				"retransmits":	0,
				"omitted":	false,
				"sender":	true
			}
		}],
	"end":	{
		"streams":	[{
				"sender":	{
					"socket":	5,
					"start":	0,
					"end":	80.00004,
					"seconds":	80.00004,
					"bytes":	79999270912,
					"bits_per_second":	7999923091.2384548,
					"retransmits":	40,
					"max_snd_cwnd":	1905924,
					"max_rtt":	781,
					"min_rtt":	517,
					"mean_rtt":	649,
					"sender":	true
				},
				"receiver":	{
					"socket":	5,
					"start":	0,
					"end":	80.000184,
					"seconds":	80.00004,
					"bytes":	79999270912,
					"bits_per_second":	7999908691.41001,
					"sender":	true
				}
			}],
		"sum_sent":	{
			"start":	0,
			"end":	80.00004,
			"seconds":	80.00004,
			"bytes":	79999270912,
			"bits_per_second":	7999923091.2384548,
			"retransmits":	40,
			"sender":	true
		},
		"sum_received":	{
			"start":	0,
			"end":	80.000184,
			"seconds":	80.000184,
			"bytes":	79999270912,
			"bits_per_second":	7999908691.41001,
			"sender":	true
		},
		"cpu_utilization_percent":	{
			"host_total":	36.738592613799369,
			"host_user":	1.396213532458086,
			"host_system":	35.342379081341285,
			"remote_total":	51.301041682501946,
			"remote_user":	3.0752873174338147,
			"remote_system":	48.225753115942
		},
		"sender_tcp_congestion":	"cubic",
		"receiver_tcp_congestion":	"reno"
	}
}
