{
	"start":	{
		"connected":	[{
				"socket":	5,
				"local_host":	"10.0.1.1",
				"local_port":	42382,
				"remote_host":	"10.0.0.1",
				"remote_port":	5201
			}],
		"version":	"iperf 3.9+",
		"system_info":	"Linux han-3 5.10.0 #9 SMP PREEMPT Tue Feb 23 15:01:43 PST 2021 x86_64",
		"timestamp":	{
			"time":	"Fri, 26 May 2023 13:32:29 GMT",
			"timesecs":	1685107949
		},
		"connecting_to":	{
			"host":	"10.0.0.1",
			"port":	5201
		},
		"cookie":	"vj5clqkre2uvgma4wwbla5kdpzzphl6wzhov",
		"tcp_mss_default":	8948,
		"target_bitrate":	4000000000,
		"sock_bufsize":	0,
		"sndbuf_actual":	16384,
		"rcvbuf_actual":	131072,
		"test_start":	{
			"protocol":	"TCP",
			"num_streams":	1,
			"blksize":	131072,
			"omit":	0,
			"duration":	100,
			"bytes":	0,
			"blocks":	0,
			"reverse":	0,
			"tos":	0
		}
	},
	"intervals":	[{
			"streams":	[{
					"socket":	5,
					"start":	0,
					"end":	60.000064,
					"seconds":	60.000064849853516,
					"bytes":	29999628288,
					"bits_per_second":	3999946115.1346726,
					"retransmits":	12,
					"snd_cwnd":	1073760,
					"rtt":	472,
					"rttvar":	32,
					"pmtu":	9000,
					"omitted":	false,
					"sender":	true
				}],
			"sum":	{
				"start":	0,
				"end":	60.000064,
				"seconds":	60.000064849853516,
				"bytes":	29999628288,
				"bits_per_second":	3999946115.1346726,
				"retransmits":	12,
				"omitted":	false,
				"sender":	true
			}
		}, {
			"streams":	[{
					"socket":	5,
					"start":	60.000064,
					"end":	100.000082,
					"seconds":	40.000019073486328,
					"bytes":	20000014336,
					"bits_per_second":	4000000959.85091,
					"retransmits":	31,
					"snd_cwnd":	751632,
					"rtt":	456,
					"rttvar":	47,
					"pmtu":	9000,
					"omitted":	false,
					"sender":	true
				}],
			"sum":	{
				"start":	60.000064,
				"end":	100.000082,
				"seconds":	40.000019073486328,
				"bytes":	20000014336,
				"bits_per_second":	4000000959.85091,
				"retransmits":	31,
				"omitted":	false,
				"sender":	true
			}
		}],
	"end":	{
		"streams":	[{
				"sender":	{
					"socket":	5,
					"start":	0,
					"end":	100.000082,
					"seconds":	100.000082,
					"bytes":	49999642624,
					"bits_per_second":	3999968129.9461331,
					"retransmits":	43,
					"max_snd_cwnd":	1073760,
					"max_rtt":	472,
					"min_rtt":	456,
					"mean_rtt":	464,
					"sender":	true
				},
				"receiver":	{
					"socket":	5,
					"start":	0,
					"end":	100.000168,
					"seconds":	100.000082,
					"bytes":	49999642624,
					"bits_per_second":	3999964689.97932,
					"sender":	true
				}
			}],
		"sum_sent":	{
			"start":	0,
			"end":	100.000082,
			"seconds":	100.000082,
			"bytes":	49999642624,
			"bits_per_second":	3999968129.9461331,
			"retransmits":	43,
			"sender":	true
		},
		"sum_received":	{
			"start":	0,
			"end":	100.000168,
			"seconds":	100.000168,
			"bytes":	49999642624,
			"bits_per_second":	3999964689.97932,
			"sender":	true
		},
		"cpu_utilization_percent":	{
			"host_total":	25.18030767982799,
			"host_user":	0.58542497321764175,
			"host_system":	24.594882706610349,
			"remote_total":	38.476402309403049,
			"remote_user":	2.2419688953125467,
			"remote_system":	36.2344334140905
		},
		"sender_tcp_congestion":	"cubic",
		"receiver_tcp_congestion":	"reno"
	}
}
