{
	"start":	{
		"connected":	[{
				"socket":	5,
				"local_host":	"10.0.1.1",
				"local_port":	37254,
				"remote_host":	"10.0.0.1",
				"remote_port":	5201
			}],
		"version":	"iperf 3.9+",
		"system_info":	"Linux han-3 5.10.0 #9 SMP PREEMPT Tue Feb 23 15:01:43 PST 2021 x86_64",
		"timestamp":	{
			"time":	"Thu, 25 May 2023 19:30:35 GMT",
			"timesecs":	1685043035
		},
		"connecting_to":	{
			"host":	"10.0.0.1",
			"port":	5201
		},
		"cookie":	"kytp46dwt7ajqf4agodsjaweeoyrudtlrax7",
		"tcp_mss_default":	8948,
		"target_bitrate":	3000000000,
		"sock_bufsize":	0,
		"sndbuf_actual":	16384,
		"rcvbuf_actual":	131072,
		"test_start":	{
			"protocol":	"TCP",
			"num_streams":	1,
			"blksize":	131072,
			"omit":	0,
			"duration":	20,
			"bytes":	0,
			"blocks":	0,
			"reverse":	0,
			"tos":	0
		}
	},
	"intervals":	[{
			"streams":	[{
					"socket":	5,
					"start":	0,
					"end":	20.000075,
					"seconds":	20.00007438659668,
					"bytes":	7499677696,
					"bits_per_second":	2999859920.9314985,
					"retransmits":	10,
					"snd_cwnd":	545828,
					"rtt":	361,
					"rttvar":	55,
					"pmtu":	9000,
					"omitted":	false,
					"sender":	true
				}],
			"sum":	{
				"start":	0,
				"end":	20.000075,
				"seconds":	20.00007438659668,
				"bytes":	7499677696,
				"bits_per_second":	2999859920.9314985,
				"retransmits":	10,
				"omitted":	false,
				"sender":	true
			}
		}],
	"end":	{
		"streams":	[{
				"sender":	{
					"socket":	5,
					"start":	0,
					"end":	20.000075,
					"seconds":	20.000075,
					"bytes":	7499677696,
					"bits_per_second":	2999859828.9256415,
					"retransmits":	10,
					"max_snd_cwnd":	545828,
					"max_rtt":	361,
					"min_rtt":	361,
					"mean_rtt":	361,
					"sender":	true
				},
				"receiver":	{
					"socket":	5,
					"start":	0,
					"end":	20.000217,
					"seconds":	20.000075,
					"bytes":	7499677696,
					"bits_per_second":	2999838530.151948,
					"sender":	true
				}
			}],
		"sum_sent":	{
			"start":	0,
			"end":	20.000075,
			"seconds":	20.000075,
			"bytes":	7499677696,
			"bits_per_second":	2999859828.9256415,
			"retransmits":	10,
			"sender":	true
		},
		"sum_received":	{
			"start":	0,
			"end":	20.000217,
			"seconds":	20.000217,
			"bytes":	7499677696,
			"bits_per_second":	2999838530.151948,
			"sender":	true
		},
		"cpu_utilization_percent":	{
			"host_total":	14.435132784065912,
			"host_user":	0.842028956525217,
			"host_system":	13.593108826940767,
			"remote_total":	35.579163352871227,
			"remote_user":	1.9051410991246593,
			"remote_system":	33.674027240021843
		},
		"sender_tcp_congestion":	"cubic",
		"receiver_tcp_congestion":	"reno"
	}
}
