{
	"start":	{
		"connected":	[{
				"socket":	5,
				"local_host":	"10.0.1.1",
				"local_port":	54928,
				"remote_host":	"10.0.0.1",
				"remote_port":	5201
			}],
		"version":	"iperf 3.9+",
		"system_info":	"Linux han-3 5.10.0 #9 SMP PREEMPT Tue Feb 23 15:01:43 PST 2021 x86_64",
		"timestamp":	{
			"time":	"Tue, 23 May 2023 07:35:09 GMT",
			"timesecs":	1684827309
		},
		"connecting_to":	{
			"host":	"10.0.0.1",
			"port":	5201
		},
		"cookie":	"f4xlbcrpn2pycjjh7vx5wv7s7kfmktxhlllx",
		"tcp_mss_default":	8948,
		"target_bitrate":	8000000000,
		"sock_bufsize":	0,
		"sndbuf_actual":	16384,
		"rcvbuf_actual":	131072,
		"test_start":	{
			"protocol":	"TCP",
			"num_streams":	1,
			"blksize":	131072,
			"omit":	0,
			"duration":	50,
			"bytes":	0,
			"blocks":	0,
			"reverse":	0,
			"tos":	0
		}
	},
	"intervals":	[{
			"streams":	[{
					"socket":	5,
					"start":	0,
					"end":	50.000074,
					"seconds":	50.000072479248047,
					"bytes":	49999380480,
					"bits_per_second":	7999889280.28081,
					"retransmits":	105,
					"snd_cwnd":	1458524,
					"rtt":	628,
					"rttvar":	23,
					"pmtu":	9000,
					"omitted":	false,
					"sender":	true
				}],
			"sum":	{
				"start":	0,
				"end":	50.000074,
				"seconds":	50.000072479248047,
				"bytes":	49999380480,
				"bits_per_second":	7999889280.28081,
				"retransmits":	105,
				"omitted":	false,
				"sender":	true
			}
		}],
	"end":	{
		"streams":	[{
				"sender":	{
					"socket":	5,
					"start":	0,
					"end":	50.000074,
					"seconds":	50.000074,
					"bytes":	49999380480,
					"bits_per_second":	7999889036.9642258,
					"retransmits":	105,
					"max_snd_cwnd":	1458524,
					"max_rtt":	628,
					"min_rtt":	628,
					"mean_rtt":	628,
					"sender":	true
				},
				"receiver":	{
					"socket":	5,
					"start":	0,
					"end":	50.000176,
					"seconds":	50.000074,
					"bytes":	49999380480,
					"bits_per_second":	7999872717.2480345,
					"sender":	true
				}
			}],
		"sum_sent":	{
			"start":	0,
			"end":	50.000074,
			"seconds":	50.000074,
			"bytes":	49999380480,
			"bits_per_second":	7999889036.9642258,
			"retransmits":	105,
			"sender":	true
		},
		"sum_received":	{
			"start":	0,
			"end":	50.000176,
			"seconds":	50.000176,
			"bytes":	49999380480,
			"bits_per_second":	7999872717.2480345,
			"sender":	true
		},
		"cpu_utilization_percent":	{
			"host_total":	33.676291358348529,
			"host_user":	0,
			"host_system":	33.676291358348529,
			"remote_total":	54.709441601662135,
			"remote_user":	3.1954501380880678,
			"remote_system":	51.513991463574072
		},
		"sender_tcp_congestion":	"cubic",
		"receiver_tcp_congestion":	"reno"
	}
}
