{
	"start":	{
		"connected":	[{
				"socket":	5,
				"local_host":	"10.0.1.1",
				"local_port":	39912,
				"remote_host":	"10.0.0.1",
				"remote_port":	5201
			}],
		"version":	"iperf 3.9+",
		"system_info":	"Linux han-3 5.10.0 #9 SMP PREEMPT Tue Feb 23 15:01:43 PST 2021 x86_64",
		"timestamp":	{
			"time":	"Fri, 26 May 2023 04:44:49 GMT",
			"timesecs":	1685076289
		},
		"connecting_to":	{
			"host":	"10.0.0.1",
			"port":	5201
		},
		"cookie":	"rtk3sranjnknywveusommox3bwlzheldctso",
		"tcp_mss_default":	8948,
		"target_bitrate":	9000000000,
		"sock_bufsize":	0,
		"sndbuf_actual":	16384,
		"rcvbuf_actual":	131072,
		"test_start":	{
			"protocol":	"TCP",
			"num_streams":	1,
			"blksize":	131072,
			"omit":	0,
			"duration":	30,
			"bytes":	0,
			"blocks":	0,
			"reverse":	0,
			"tos":	0
		}
	},
	"intervals":	[{
			"streams":	[{
					"socket":	5,
					"start":	0,
					"end":	30.000105,
					"seconds":	30.0001049041748,
					"bytes":	33749336064,
					"bits_per_second":	8999791479.87671,
					"retransmits":	45,
					"snd_cwnd":	1574848,
					"rtt":	769,
					"rttvar":	54,
					"pmtu":	9000,
					"omitted":	false,
					"sender":	true
				}],
			"sum":	{
				"start":	0,
				"end":	30.000105,
				"seconds":	30.0001049041748,
				"bytes":	33749336064,
				"bits_per_second":	8999791479.87671,
				"retransmits":	45,
				"omitted":	false,
				"sender":	true
			}
		}],
	"end":	{
		"streams":	[{
				"sender":	{
					"socket":	5,
					"start":	0,
					"end":	30.000105,
					"seconds":	30.000105,
					"bytes":	33749336064,
					"bits_per_second":	8999791451.12992,
					"retransmits":	45,
					"max_snd_cwnd":	1574848,
					"max_rtt":	769,
					"min_rtt":	769,
					"mean_rtt":	769,
					"sender":	true
				},
				"receiver":	{
					"socket":	5,
					"start":	0,
					"end":	30.000575,
					"seconds":	30.000105,
					"bytes":	33749333412,
					"bits_per_second":	8999649749.913126,
					"sender":	true
				}
			}],
		"sum_sent":	{
			"start":	0,
			"end":	30.000105,
			"seconds":	30.000105,
			"bytes":	33749336064,
			"bits_per_second":	8999791451.12992,
			"retransmits":	45,
			"sender":	true
		},
		"sum_received":	{
			"start":	0,
			"end":	30.000575,
			"seconds":	30.000575,
			"bytes":	33749333412,
			"bits_per_second":	8999649749.913126,
			"sender":	true
		},
		"cpu_utilization_percent":	{
			"host_total":	52.386041733023468,
			"host_user":	1.8411404486135368,
			"host_system":	50.544911283760641,
			"remote_total":	52.099315982751449,
			"remote_user":	5.03775682586612,
			"remote_system":	47.06155915688533
		},
		"sender_tcp_congestion":	"cubic",
		"receiver_tcp_congestion":	"reno"
	}
}
