{
	"start":	{
		"connected":	[{
				"socket":	5,
				"local_host":	"10.0.1.1",
				"local_port":	43744,
				"remote_host":	"10.0.0.1",
				"remote_port":	5201
			}],
		"version":	"iperf 3.9+",
		"system_info":	"Linux han-3 5.10.0 #9 SMP PREEMPT Tue Feb 23 15:01:43 PST 2021 x86_64",
		"timestamp":	{
			"time":	"Fri, 26 May 2023 18:23:13 GMT",
			"timesecs":	1685125393
		},
		"connecting_to":	{
			"host":	"10.0.0.1",
			"port":	5201
		},
		"cookie":	"kcsinngmbnnxg2v43hglfucwaanctp73jphv",
		"tcp_mss_default":	8948,
		"target_bitrate":	8000000000,
		"sock_bufsize":	0,
		"sndbuf_actual":	16384,
		"rcvbuf_actual":	131072,
		"test_start":	{
			"protocol":	"TCP",
			"num_streams":	1,
			"blksize":	131072,
			"omit":	0,
			"duration":	10,
			"bytes":	0,
			"blocks":	0,
			"reverse":	0,
			"tos":	0
		}
	},
	"intervals":	[{
			"streams":	[{
					"socket":	5,
					"start":	0,
					"end":	10.000214,
					"seconds":	10.000213623046875,
					"bytes":	9999220736,
					"bits_per_second":	7999205707.3304224,
					"retransmits":	89,
					"snd_cwnd":	1315356,
					"rtt":	662,
					"rttvar":	61,
					"pmtu":	9000,
					"omitted":	false,
					"sender":	true
				}],
			"sum":	{
				"start":	0,
				"end":	10.000214,
				"seconds":	10.000213623046875,
				"bytes":	9999220736,
				"bits_per_second":	7999205707.3304224,
				"retransmits":	89,
				"omitted":	false,
				"sender":	true
			}
		}],
	"end":	{
		"streams":	[{
				"sender":	{
					"socket":	5,
					"start":	0,
					"end":	10.000214,
					"seconds":	10.000214,
					"bytes":	9999220736,
					"bits_per_second":	7999205405.8043156,
					"retransmits":	89,
					"max_snd_cwnd":	1315356,
					"max_rtt":	662,
					"min_rtt":	662,
					"mean_rtt":	662,
					"sender":	true
				},
				"receiver":	{
					"socket":	5,
					"start":	0,
					"end":	10.000398,
					"seconds":	10.000214,
					"bytes":	9999220736,
					"bits_per_second":	7999058226.2825937,
					"sender":	true
				}
			}],
		"sum_sent":	{
			"start":	0,
			"end":	10.000214,
			"seconds":	10.000214,
			"bytes":	9999220736,
			"bits_per_second":	7999205405.8043156,
			"retransmits":	89,
			"sender":	true
		},
		"sum_received":	{
			"start":	0,
			"end":	10.000398,
			"seconds":	10.000398,
			"bytes":	9999220736,
			"bits_per_second":	7999058226.2825937,
			"sender":	true
		},
		"cpu_utilization_percent":	{
			"host_total":	62.8463253451706,
			"host_user":	1.75559621287104,
			"host_system":	61.090759125401163,
			"remote_total":	53.5567023046269,
			"remote_user":	3.3829053500008781,
			"remote_system":	50.173787031026826
		},
		"sender_tcp_congestion":	"cubic",
		"receiver_tcp_congestion":	"reno"
	}
}
