{
	"start":	{
		"connected":	[{
				"socket":	5,
				"local_host":	"10.0.1.1",
				"local_port":	35002,
				"remote_host":	"10.0.0.1",
				"remote_port":	5201
			}],
		"version":	"iperf 3.9+",
		"system_info":	"Linux han-3 5.10.0 #9 SMP PREEMPT Tue Feb 23 15:01:43 PST 2021 x86_64",
		"timestamp":	{
			"time":	"Thu, 25 May 2023 14:34:17 GMT",
			"timesecs":	1685025257
		},
		"connecting_to":	{
			"host":	"10.0.0.1",
			"port":	5201
		},
		"cookie":	"vbbx753uffwcarv4lfvnscdrgwf355ukglkh",
		"tcp_mss_default":	8948,
		"target_bitrate":	9000000000,
		"sock_bufsize":	0,
		"sndbuf_actual":	16384,
		"rcvbuf_actual":	131072,
		"test_start":	{
			"protocol":	"TCP",
			"num_streams":	1,
			"blksize":	131072,
			"omit":	0,
			"duration":	100,
			"bytes":	0,
			"blocks":	0,
			"reverse":	0,
			"tos":	0
		}
	},
	"intervals":	[{
			"streams":	[{
					"socket":	5,
					"start":	0,
					"end":	60.000069,
					"seconds":	60.000068664550781,
					"bytes":	67499196416,
					"bits_per_second":	8999882555.9184532,
					"retransmits":	158,
					"snd_cwnd":	1682224,
					"rtt":	799,
					"rttvar":	25,
					"pmtu":	9000,
					"omitted":	false,
					"sender":	true
				}],
			"sum":	{
				"start":	0,
				"end":	60.000069,
				"seconds":	60.000068664550781,
				"bytes":	67499196416,
				"bits_per_second":	8999882555.9184532,
				"retransmits":	158,
				"omitted":	false,
				"sender":	true
			}
		}, {
			"streams":	[{
					"socket":	5,
					"start":	60.000069,
					"end":	100.000078,
					"seconds":	40.000007629394531,
					"bytes":	45000032256,
					"bits_per_second":	9000004734.58533,
					"retransmits":	0,
					"snd_cwnd":	1735912,
					"rtt":	681,
					"rttvar":	41,
					"pmtu":	9000,
					"omitted":	false,
					"sender":	true
				}],
			"sum":	{
				"start":	60.000069,
				"end":	100.000078,
				"seconds":	40.000007629394531,
				"bytes":	45000032256,
				"bits_per_second":	9000004734.58533,
				"retransmits":	0,
				"omitted":	false,
				"sender":	true
			}
		}],
	"end":	{
		"streams":	[{
				"sender":	{
					"socket":	5,
					"start":	0,
					"end":	100.000078,
					"seconds":	100.000078,
					"bytes":	112499228672,
					"bits_per_second":	8999931273.8136063,
					"retransmits":	158,
					"max_snd_cwnd":	1735912,
					"max_rtt":	799,
					"min_rtt":	681,
					"mean_rtt":	740,
					"sender":	true
				},
				"receiver":	{
					"socket":	5,
					"start":	0,
					"end":	100.000164,
					"seconds":	100.000078,
					"bytes":	112499214916,
					"bits_per_second":	8999922433.40721,
					"sender":	true
				}
			}],
		"sum_sent":	{
			"start":	0,
			"end":	100.000078,
			"seconds":	100.000078,
			"bytes":	112499228672,
			"bits_per_second":	8999931273.8136063,
			"retransmits":	158,
			"sender":	true
		},
		"sum_received":	{
			"start":	0,
			"end":	100.000164,
			"seconds":	100.000164,
			"bytes":	112499214916,
			"bits_per_second":	8999922433.40721,
			"sender":	true
		},
		"cpu_utilization_percent":	{
			"host_total":	30.3864123344259,
			"host_user":	2.5323016919393648,
			"host_system":	27.854111642460737,
			"remote_total":	52.983435994829328,
			"remote_user":	3.0473187753145039,
			"remote_system":	49.936117219514827
		},
		"sender_tcp_congestion":	"cubic",
		"receiver_tcp_congestion":	"reno"
	}
}
