{
	"start":	{
		"connected":	[{
				"socket":	5,
				"local_host":	"10.0.1.1",
				"local_port":	33226,
				"remote_host":	"10.0.0.1",
				"remote_port":	5201
			}],
		"version":	"iperf 3.9+",
		"system_info":	"Linux han-3 5.10.0 #9 SMP PREEMPT Tue Feb 23 15:01:43 PST 2021 x86_64",
		"timestamp":	{
			"time":	"Thu, 25 May 2023 08:21:17 GMT",
			"timesecs":	1685002877
		},
		"connecting_to":	{
			"host":	"10.0.0.1",
			"port":	5201
		},
		"cookie":	"cxvzwcg3ohbwnzhepvvps3pspkcci7xi4whq",
		"tcp_mss_default":	8948,
		"target_bitrate":	5000000000,
		"sock_bufsize":	0,
		"sndbuf_actual":	16384,
		"rcvbuf_actual":	131072,
		"test_start":	{
			"protocol":	"TCP",
			"num_streams":	1,
			"blksize":	131072,
			"omit":	0,
			"duration":	90,
			"bytes":	0,
			"blocks":	0,
			"reverse":	0,
			"tos":	0
		}
	},
	"intervals":	[{
			"streams":	[{
					"socket":	5,
					"start":	0,
					"end":	60.000058,
					"seconds":	60.000057220458984,
					"bytes":	37499568128,
					"bits_per_second":	4999937648.7545471,
					"retransmits":	12,
					"snd_cwnd":	796372,
					"rtt":	548,
					"rttvar":	31,
					"pmtu":	9000,
					"omitted":	false,
					"sender":	true
				}],
			"sum":	{
				"start":	0,
				"end":	60.000058,
				"seconds":	60.000057220458984,
				"bytes":	37499568128,
				"bits_per_second":	4999937648.7545471,
				"retransmits":	12,
				"omitted":	false,
				"sender":	true
			}
		}, {
			"streams":	[{
					"socket":	5,
					"start":	60.000058,
					"end":	90.000079,
					"seconds":	30.000020980834961,
					"bytes":	18749980672,
					"bits_per_second":	4999991349.06689,
					"retransmits":	2,
					"snd_cwnd":	796372,
					"rtt":	519,
					"rttvar":	35,
					"pmtu":	9000,
					"omitted":	false,
					"sender":	true
				}],
			"sum":	{
				"start":	60.000058,
				"end":	90.000079,
				"seconds":	30.000020980834961,
				"bytes":	18749980672,
				"bits_per_second":	4999991349.06689,
				"retransmits":	2,
				"omitted":	false,
				"sender":	true
			}
		}],
	"end":	{
		"streams":	[{
				"sender":	{
					"socket":	5,
					"start":	0,
					"end":	90.000079,
					"seconds":	90.000079,
					"bytes":	56249548800,
					"bits_per_second":	4999955504.4835014,
					"retransmits":	14,
					"max_snd_cwnd":	796372,
					"max_rtt":	548,
					"min_rtt":	519,
					"mean_rtt":	533,
					"sender":	true
				},
				"receiver":	{
					"socket":	5,
					"start":	0,
					"end":	90.000347,
					"seconds":	90.000079,
					"bytes":	56249548800,
					"bits_per_second":	4999940615.7845144,
					"sender":	true
				}
			}],
		"sum_sent":	{
			"start":	0,
			"end":	90.000079,
			"seconds":	90.000079,
			"bytes":	56249548800,
			"bits_per_second":	4999955504.4835014,
			"retransmits":	14,
			"sender":	true
		},
		"sum_received":	{
			"start":	0,
			"end":	90.000347,
			"seconds":	90.000347,
			"bytes":	56249548800,
			"bits_per_second":	4999940615.7845144,
			"sender":	true
		},
		"cpu_utilization_percent":	{
			"host_total":	15.457668531456831,
			"host_user":	0.606239113003613,
			"host_system":	14.851429418453218,
			"remote_total":	41.193179833831714,
			"remote_user":	1.75042348391061,
			"remote_system":	39.442757460400017
		},
		"sender_tcp_congestion":	"cubic",
		"receiver_tcp_congestion":	"reno"
	}
}
