{
	"start":	{
		"connected":	[{
				"socket":	5,
				"local_host":	"10.0.1.1",
				"local_port":	34686,
				"remote_host":	"10.0.0.1",
				"remote_port":	5201
			}],
		"version":	"iperf 3.9+",
		"system_info":	"Linux han-3 5.10.0 #9 SMP PREEMPT Tue Feb 23 15:01:43 PST 2021 x86_64",
		"timestamp":	{
			"time":	"Thu, 25 May 2023 13:23:33 GMT",
			"timesecs":	1685021013
		},
		"connecting_to":	{
			"host":	"10.0.0.1",
			"port":	5201
		},
		"cookie":	"nt7u5ub7cjne5phi5up3unnuzenh25ppvvia",
		"tcp_mss_default":	8948,
		"target_bitrate":	9000000000,
		"sock_bufsize":	0,
		"sndbuf_actual":	16384,
		"rcvbuf_actual":	131072,
		"test_start":	{
			"protocol":	"TCP",
			"num_streams":	1,
			"blksize":	131072,
			"omit":	0,
			"duration":	20,
			"bytes":	0,
			"blocks":	0,
			"reverse":	0,
			"tos":	0
		}
	},
	"intervals":	[{
			"streams":	[{
					"socket":	5,
					"start":	0,
					"end":	20.000072,
					"seconds":	20.000072479248047,
					"bytes":	22499688448,
					"bits_per_second":	8999842764.1081963,
					"retransmits":	20,
					"snd_cwnd":	1735912,
					"rtt":	486,
					"rttvar":	48,
					"pmtu":	9000,
					"omitted":	false,
					"sender":	true
				}],
			"sum":	{
				"start":	0,
				"end":	20.000072,
				"seconds":	20.000072479248047,
				"bytes":	22499688448,
				"bits_per_second":	8999842764.1081963,
				"retransmits":	20,
				"omitted":	false,
				"sender":	true
			}
		}],
	"end":	{
		"streams":	[{
				"sender":	{
					"socket":	5,
					"start":	0,
					"end":	20.000072,
					"seconds":	20.000072,
					"bytes":	22499688448,
					"bits_per_second":	8999842979.765274,
					"retransmits":	20,
					"max_snd_cwnd":	1735912,
					"max_rtt":	486,
					"min_rtt":	486,
					"mean_rtt":	486,
					"sender":	true
				},
				"receiver":	{
					"socket":	5,
					"start":	0,
					"end":	20.000586,
					"seconds":	20.000072,
					"bytes":	22499575768,
					"bits_per_second":	8999566619.898037,
					"sender":	true
				}
			}],
		"sum_sent":	{
			"start":	0,
			"end":	20.000072,
			"seconds":	20.000072,
			"bytes":	22499688448,
			"bits_per_second":	8999842979.765274,
			"retransmits":	20,
			"sender":	true
		},
		"sum_received":	{
			"start":	0,
			"end":	20.000586,
			"seconds":	20.000586,
			"bytes":	22499575768,
			"bits_per_second":	8999566619.898037,
			"sender":	true
		},
		"cpu_utilization_percent":	{
			"host_total":	33.8596210646344,
			"host_user":	2.1315595509177117,
			"host_system":	31.728061513716693,
			"remote_total":	55.917467178798915,
			"remote_user":	3.0046281331221323,
			"remote_system":	52.912849020854061
		},
		"sender_tcp_congestion":	"cubic",
		"receiver_tcp_congestion":	"reno"
	}
}
