{
	"start":	{
		"connected":	[{
				"socket":	5,
				"local_host":	"10.0.1.1",
				"local_port":	42054,
				"remote_host":	"10.0.0.1",
				"remote_port":	5201
			}],
		"version":	"iperf 3.9+",
		"system_info":	"Linux han-3 5.10.0 #9 SMP PREEMPT Tue Feb 23 15:01:43 PST 2021 x86_64",
		"timestamp":	{
			"time":	"Fri, 26 May 2023 12:19:24 GMT",
			"timesecs":	1685103564
		},
		"connecting_to":	{
			"host":	"10.0.0.1",
			"port":	5201
		},
		"cookie":	"thirth44rgj62agqqjwsjxyl7mkgo6u2xswx",
		"tcp_mss_default":	8948,
		"target_bitrate":	4000000000,
		"sock_bufsize":	0,
		"sndbuf_actual":	16384,
		"rcvbuf_actual":	131072,
		"test_start":	{
			"protocol":	"TCP",
			"num_streams":	1,
			"blksize":	131072,
			"omit":	0,
			"duration":	20,
			"bytes":	0,
			"blocks":	0,
			"reverse":	0,
			"tos":	0
		}
	},
	"intervals":	[{
			"streams":	[{
					"socket":	5,
					"start":	0,
					"end":	20.000276,
					"seconds":	20.000276565551758,
					"bytes":	9999613952,
					"bits_per_second":	3999790270.5898447,
					"retransmits":	11,
					"snd_cwnd":	1986456,
					"rtt":	436,
					"rttvar":	64,
					"pmtu":	9000,
					"omitted":	false,
					"sender":	true
				}],
			"sum":	{
				"start":	0,
				"end":	20.000276,
				"seconds":	20.000276565551758,
				"bytes":	9999613952,
				"bits_per_second":	3999790270.5898447,
				"retransmits":	11,
				"omitted":	false,
				"sender":	true
			}
		}],
	"end":	{
		"streams":	[{
				"sender":	{
					"socket":	5,
					"start":	0,
					"end":	20.000276,
					"seconds":	20.000276,
					"bytes":	9999613952,
					"bits_per_second":	3999790383.6927052,
					"retransmits":	11,
					"max_snd_cwnd":	1986456,
					"max_rtt":	436,
					"min_rtt":	436,
					"mean_rtt":	436,
					"sender":	true
				},
				"receiver":	{
					"socket":	5,
					"start":	0,
					"end":	20.000575,
					"seconds":	20.000276,
					"bytes":	9999613952,
					"bits_per_second":	3999730588.545579,
					"sender":	true
				}
			}],
		"sum_sent":	{
			"start":	0,
			"end":	20.000276,
			"seconds":	20.000276,
			"bytes":	9999613952,
			"bits_per_second":	3999790383.6927052,
			"retransmits":	11,
			"sender":	true
		},
		"sum_received":	{
			"start":	0,
			"end":	20.000575,
			"seconds":	20.000575,
			"bytes":	9999613952,
			"bits_per_second":	3999730588.545579,
			"sender":	true
		},
		"cpu_utilization_percent":	{
			"host_total":	33.019310793875086,
			"host_user":	1.1756335160638984,
			"host_system":	31.843677277811182,
			"remote_total":	37.6510242112008,
			"remote_user":	0,
			"remote_system":	37.651029192990862
		},
		"sender_tcp_congestion":	"cubic",
		"receiver_tcp_congestion":	"reno"
	}
}
