{
	"start":	{
		"connected":	[{
				"socket":	5,
				"local_host":	"10.0.1.1",
				"local_port":	33870,
				"remote_host":	"10.0.0.1",
				"remote_port":	5201
			}],
		"version":	"iperf 3.9+",
		"system_info":	"Linux han-3 5.10.0 #9 SMP PREEMPT Tue Feb 23 15:01:43 PST 2021 x86_64",
		"timestamp":	{
			"time":	"Thu, 25 May 2023 10:28:24 GMT",
			"timesecs":	1685010504
		},
		"connecting_to":	{
			"host":	"10.0.0.1",
			"port":	5201
		},
		"cookie":	"mxe3uifhg6xjpbd73evn5sejlfs5rxc47ij6",
		"tcp_mss_default":	8948,
		"target_bitrate":	7000000000,
		"sock_bufsize":	0,
		"sndbuf_actual":	16384,
		"rcvbuf_actual":	131072,
		"test_start":	{
			"protocol":	"TCP",
			"num_streams":	1,
			"blksize":	131072,
			"omit":	0,
			"duration":	40,
			"bytes":	0,
			"blocks":	0,
			"reverse":	0,
			"tos":	0
		}
	},
	"intervals":	[{
			"streams":	[{
					"socket":	5,
					"start":	0,
					"end":	40.000236,
					"seconds":	40.000236511230469,
					"bytes":	34999500800,
					"bits_per_second":	6999858771.3697224,
					"retransmits":	47,
					"snd_cwnd":	1360096,
					"rtt":	549,
					"rttvar":	87,
					"pmtu":	9000,
					"omitted":	false,
					"sender":	true
				}],
			"sum":	{
				"start":	0,
				"end":	40.000236,
				"seconds":	40.000236511230469,
				"bytes":	34999500800,
				"bits_per_second":	6999858771.3697224,
				"retransmits":	47,
				"omitted":	false,
				"sender":	true
			}
		}],
	"end":	{
		"streams":	[{
				"sender":	{
					"socket":	5,
					"start":	0,
					"end":	40.000236,
					"seconds":	40.000236,
					"bytes":	34999500800,
					"bits_per_second":	6999858860.83272,
					"retransmits":	47,
					"max_snd_cwnd":	1360096,
					"max_rtt":	549,
					"min_rtt":	549,
					"mean_rtt":	549,
					"sender":	true
				},
				"receiver":	{
					"socket":	5,
					"start":	0,
					"end":	40.000477,
					"seconds":	40.000236,
					"bytes":	34999500800,
					"bits_per_second":	6999816687.1860056,
					"sender":	true
				}
			}],
		"sum_sent":	{
			"start":	0,
			"end":	40.000236,
			"seconds":	40.000236,
			"bytes":	34999500800,
			"bits_per_second":	6999858860.83272,
			"retransmits":	47,
			"sender":	true
		},
		"sum_received":	{
			"start":	0,
			"end":	40.000477,
			"seconds":	40.000477,
			"bytes":	34999500800,
			"bits_per_second":	6999816687.1860056,
			"sender":	true
		},
		"cpu_utilization_percent":	{
			"host_total":	25.560308219830439,
			"host_user":	1.6969799630311793,
			"host_system":	23.863328256799264,
			"remote_total":	57.1722106686635,
			"remote_user":	1.667789840697385,
			"remote_system":	55.5044208279661
		},
		"sender_tcp_congestion":	"cubic",
		"receiver_tcp_congestion":	"reno"
	}
}
