{
	"start":	{
		"connected":	[{
				"socket":	5,
				"local_host":	"10.0.1.1",
				"local_port":	53076,
				"remote_host":	"10.0.0.1",
				"remote_port":	5201
			}],
		"version":	"iperf 3.9+",
		"system_info":	"Linux han-3 5.10.0 #9 SMP PREEMPT Tue Feb 23 15:01:43 PST 2021 x86_64",
		"timestamp":	{
			"time":	"Tue, 23 May 2023 01:11:57 GMT",
			"timesecs":	1684804317
		},
		"connecting_to":	{
			"host":	"10.0.0.1",
			"port":	5201
		},
		"cookie":	"egz6tselkvaess6bxja2rw46njrvhp7ynuhl",
		"tcp_mss_default":	8948,
		"target_bitrate":	4000000000,
		"sock_bufsize":	0,
		"sndbuf_actual":	16384,
		"rcvbuf_actual":	131072,
		"test_start":	{
			"protocol":	"TCP",
			"num_streams":	1,
			"blksize":	131072,
			"omit":	0,
			"duration":	30,
			"bytes":	0,
			"blocks":	0,
			"reverse":	0,
			"tos":	0
		}
	},
	"intervals":	[{
			"streams":	[{
					"socket":	5,
					"start":	0,
					"end":	30.000081,
					"seconds":	30.000080108642578,
					"bytes":	14999617536,
					"bits_per_second":	3999887328.7485209,
					"retransmits":	20,
					"snd_cwnd":	671100,
					"rtt":	538,
					"rttvar":	76,
					"pmtu":	9000,
					"omitted":	false,
					"sender":	true
				}],
			"sum":	{
				"start":	0,
				"end":	30.000081,
				"seconds":	30.000080108642578,
				"bytes":	14999617536,
				"bits_per_second":	3999887328.7485209,
				"retransmits":	20,
				"omitted":	false,
				"sender":	true
			}
		}],
	"end":	{
		"streams":	[{
				"sender":	{
					"socket":	5,
					"start":	0,
					"end":	30.000081,
					"seconds":	30.000081,
					"bytes":	14999617536,
					"bits_per_second":	3999887209.9045329,
					"retransmits":	20,
					"max_snd_cwnd":	671100,
					"max_rtt":	538,
					"min_rtt":	538,
					"mean_rtt":	538,
					"sender":	true
				},
				"receiver":	{
					"socket":	5,
					"start":	0,
					"end":	30.000323,
					"seconds":	30.000081,
					"bytes":	14999617536,
					"bits_per_second":	3999854944.4950972,
					"sender":	true
				}
			}],
		"sum_sent":	{
			"start":	0,
			"end":	30.000081,
			"seconds":	30.000081,
			"bytes":	14999617536,
			"bits_per_second":	3999887209.9045329,
			"retransmits":	20,
			"sender":	true
		},
		"sum_received":	{
			"start":	0,
			"end":	30.000323,
			"seconds":	30.000323,
			"bytes":	14999617536,
			"bits_per_second":	3999854944.4950972,
			"sender":	true
		},
		"cpu_utilization_percent":	{
			"host_total":	13.477469645091661,
			"host_user":	0,
			"host_system":	13.477469645091661,
			"remote_total":	40.624343004113136,
			"remote_user":	2.2511245506805335,
			"remote_system":	38.3732217810471
		},
		"sender_tcp_congestion":	"cubic",
		"receiver_tcp_congestion":	"reno"
	}
}
