{
	"start":	{
		"connected":	[{
				"socket":	5,
				"local_host":	"10.0.1.1",
				"local_port":	54060,
				"remote_host":	"10.0.0.1",
				"remote_port":	5201
			}],
		"version":	"iperf 3.9+",
		"system_info":	"Linux han-3 5.10.0 #9 SMP PREEMPT Tue Feb 23 15:01:43 PST 2021 x86_64",
		"timestamp":	{
			"time":	"Tue, 23 May 2023 04:32:29 GMT",
			"timesecs":	1684816349
		},
		"connecting_to":	{
			"host":	"10.0.0.1",
			"port":	5201
		},
		"cookie":	"ay223ecpo4xccc5qs3kocb6rn7fyqxjv3uv4",
		"tcp_mss_default":	8948,
		"target_bitrate":	6000000000,
		"sock_bufsize":	0,
		"sndbuf_actual":	16384,
		"rcvbuf_actual":	131072,
		"test_start":	{
			"protocol":	"TCP",
			"num_streams":	1,
			"blksize":	131072,
			"omit":	0,
			"duration":	50,
			"bytes":	0,
			"blocks":	0,
			"reverse":	0,
			"tos":	0
		}
	},
	"intervals":	[{
			"streams":	[{
					"socket":	5,
					"start":	0,
					"end":	50.000151,
					"seconds":	50.000152587890625,
					"bytes":	37499568128,
					"bits_per_second":	5999912590.19988,
					"retransmits":	37,
					"snd_cwnd":	2630712,
					"rtt":	582,
					"rttvar":	9,
					"pmtu":	9000,
					"omitted":	false,
					"sender":	true
				}],
			"sum":	{
				"start":	0,
				"end":	50.000151,
				"seconds":	50.000152587890625,
				"bytes":	37499568128,
				"bits_per_second":	5999912590.19988,
				"retransmits":	37,
				"omitted":	false,
				"sender":	true
			}
		}],
	"end":	{
		"streams":	[{
				"sender":	{
					"socket":	5,
					"start":	0,
					"end":	50.000151,
					"seconds":	50.000151,
					"bytes":	37499568128,
					"bits_per_second":	5999912780.7434015,
					"retransmits":	37,
					"max_snd_cwnd":	2630712,
					"max_rtt":	582,
					"min_rtt":	582,
					"mean_rtt":	582,
					"sender":	true
				},
				"receiver":	{
					"socket":	5,
					"start":	0,
					"end":	50.000279,
					"seconds":	50.000151,
					"bytes":	37499568128,
					"bits_per_second":	5999897421.05239,
					"sender":	true
				}
			}],
		"sum_sent":	{
			"start":	0,
			"end":	50.000151,
			"seconds":	50.000151,
			"bytes":	37499568128,
			"bits_per_second":	5999912780.7434015,
			"retransmits":	37,
			"sender":	true
		},
		"sum_received":	{
			"start":	0,
			"end":	50.000279,
			"seconds":	50.000279,
			"bytes":	37499568128,
			"bits_per_second":	5999897421.05239,
			"sender":	true
		},
		"cpu_utilization_percent":	{
			"host_total":	24.302967098849525,
			"host_user":	3.0384273601335421,
			"host_system":	21.264539738715982,
			"remote_total":	44.97813722582773,
			"remote_user":	2.513133638191352,
			"remote_system":	42.4650055855961
		},
		"sender_tcp_congestion":	"cubic",
		"receiver_tcp_congestion":	"reno"
	}
}
