{
	"start":	{
		"connected":	[{
				"socket":	5,
				"local_host":	"10.0.1.1",
				"local_port":	42096,
				"remote_host":	"10.0.0.1",
				"remote_port":	5201
			}],
		"version":	"iperf 3.9+",
		"system_info":	"Linux han-3 5.10.0 #9 SMP PREEMPT Tue Feb 23 15:01:43 PST 2021 x86_64",
		"timestamp":	{
			"time":	"Fri, 26 May 2023 12:23:44 GMT",
			"timesecs":	1685103824
		},
		"connecting_to":	{
			"host":	"10.0.0.1",
			"port":	5201
		},
		"cookie":	"ylyai7frnehs5d4l4ycmfl67ouo72v3x55ul",
		"tcp_mss_default":	8948,
		"target_bitrate":	4000000000,
		"sock_bufsize":	0,
		"sndbuf_actual":	16384,
		"rcvbuf_actual":	131072,
		"test_start":	{
			"protocol":	"TCP",
			"num_streams":	1,
			"blksize":	131072,
			"omit":	0,
			"duration":	30,
			"bytes":	0,
			"blocks":	0,
			"reverse":	0,
			"tos":	0
		}
	},
	"intervals":	[{
			"streams":	[{
					"socket":	5,
					"start":	0,
					"end":	30.000117,
					"seconds":	30.0001163482666,
					"bytes":	14999617536,
					"bits_per_second":	3999882496.9534955,
					"retransmits":	16,
					"snd_cwnd":	1109552,
					"rtt":	486,
					"rttvar":	55,
					"pmtu":	9000,
					"omitted":	false,
					"sender":	true
				}],
			"sum":	{
				"start":	0,
				"end":	30.000117,
				"seconds":	30.0001163482666,
				"bytes":	14999617536,
				"bits_per_second":	3999882496.9534955,
				"retransmits":	16,
				"omitted":	false,
				"sender":	true
			}
		}],
	"end":	{
		"streams":	[{
				"sender":	{
					"socket":	5,
					"start":	0,
					"end":	30.000117,
					"seconds":	30.000117,
					"bytes":	14999617536,
					"bits_per_second":	3999882410.0586009,
					"retransmits":	16,
					"max_snd_cwnd":	1109552,
					"max_rtt":	486,
					"min_rtt":	486,
					"mean_rtt":	486,
					"sender":	true
				},
				"receiver":	{
					"socket":	5,
					"start":	0,
					"end":	30.000225,
					"seconds":	30.000117,
					"bytes":	14999617536,
					"bits_per_second":	3999868010.58992,
					"sender":	true
				}
			}],
		"sum_sent":	{
			"start":	0,
			"end":	30.000117,
			"seconds":	30.000117,
			"bytes":	14999617536,
			"bits_per_second":	3999882410.0586009,
			"retransmits":	16,
			"sender":	true
		},
		"sum_received":	{
			"start":	0,
			"end":	30.000225,
			"seconds":	30.000225,
			"bytes":	14999617536,
			"bits_per_second":	3999868010.58992,
			"sender":	true
		},
		"cpu_utilization_percent":	{
			"host_total":	26.182665313398189,
			"host_user":	0.75715884680380652,
			"host_system":	25.425516465786778,
			"remote_total":	37.102084514146547,
			"remote_user":	1.062249701407505,
			"remote_system":	36.039838138192827
		},
		"sender_tcp_congestion":	"cubic",
		"receiver_tcp_congestion":	"reno"
	}
}
