{
	"start":	{
		"connected":	[{
				"socket":	5,
				"local_host":	"10.0.1.1",
				"local_port":	44444,
				"remote_host":	"10.0.0.1",
				"remote_port":	5201
			}],
		"version":	"iperf 3.9+",
		"system_info":	"Linux han-3 5.10.0 #9 SMP PREEMPT Tue Feb 23 15:01:43 PST 2021 x86_64",
		"timestamp":	{
			"time":	"Fri, 26 May 2023 20:32:05 GMT",
			"timesecs":	1685133125
		},
		"connecting_to":	{
			"host":	"10.0.0.1",
			"port":	5201
		},
		"cookie":	"agbsnprfudxxor7jnvrmzsp3h27fztfad3ko",
		"tcp_mss_default":	8948,
		"target_bitrate":	9000000000,
		"sock_bufsize":	0,
		"sndbuf_actual":	16384,
		"rcvbuf_actual":	131072,
		"test_start":	{
			"protocol":	"TCP",
			"num_streams":	1,
			"blksize":	131072,
			"omit":	0,
			"duration":	70,
			"bytes":	0,
			"blocks":	0,
			"reverse":	0,
			"tos":	0
		}
	},
	"intervals":	[{
			"streams":	[{
					"socket":	5,
					"start":	0,
					"end":	60.000069,
					"seconds":	60.000068664550781,
					"bytes":	67499065344,
					"bits_per_second":	8999865079.67179,
					"retransmits":	55,
					"snd_cwnd":	1870132,
					"rtt":	799,
					"rttvar":	40,
					"pmtu":	9000,
					"omitted":	false,
					"sender":	true
				}],
			"sum":	{
				"start":	0,
				"end":	60.000069,
				"seconds":	60.000068664550781,
				"bytes":	67499065344,
				"bits_per_second":	8999865079.67179,
				"retransmits":	55,
				"omitted":	false,
				"sender":	true
			}
		}, {
			"streams":	[{
					"socket":	5,
					"start":	60.000069,
					"end":	70.000086,
					"seconds":	10.000017166137695,
					"bytes":	11250171904,
					"bits_per_second":	9000122073.46652,
					"retransmits":	1,
					"snd_cwnd":	1870132,
					"rtt":	707,
					"rttvar":	17,
					"pmtu":	9000,
					"omitted":	false,
					"sender":	true
				}],
			"sum":	{
				"start":	60.000069,
				"end":	70.000086,
				"seconds":	10.000017166137695,
				"bytes":	11250171904,
				"bits_per_second":	9000122073.46652,
				"retransmits":	1,
				"omitted":	false,
				"sender":	true
			}
		}],
	"end":	{
		"streams":	[{
				"sender":	{
					"socket":	5,
					"start":	0,
					"end":	70.000086,
					"seconds":	70.000086,
					"bytes":	78749237248,
					"bits_per_second":	8999901771.32068,
					"retransmits":	56,
					"max_snd_cwnd":	1870132,
					"max_rtt":	799,
					"min_rtt":	707,
					"mean_rtt":	753,
					"sender":	true
				},
				"receiver":	{
					"socket":	5,
					"start":	0,
					"end":	70.000166,
					"seconds":	70.000086,
					"bytes":	78749237248,
					"bits_per_second":	8999891485.74305,
					"sender":	true
				}
			}],
		"sum_sent":	{
			"start":	0,
			"end":	70.000086,
			"seconds":	70.000086,
			"bytes":	78749237248,
			"bits_per_second":	8999901771.32068,
			"retransmits":	56,
			"sender":	true
		},
		"sum_received":	{
			"start":	0,
			"end":	70.000166,
			"seconds":	70.000166,
			"bytes":	78749237248,
			"bits_per_second":	8999891485.74305,
			"sender":	true
		},
		"cpu_utilization_percent":	{
			"host_total":	70.050421954324463,
			"host_user":	2.1027911319129835,
			"host_system":	67.9476322509371,
			"remote_total":	51.583792822395715,
			"remote_user":	1.2657285872217847,
			"remote_system":	50.318067089098939
		},
		"sender_tcp_congestion":	"cubic",
		"receiver_tcp_congestion":	"reno"
	}
}
