{
	"start":	{
		"connected":	[{
				"socket":	5,
				"local_host":	"10.0.1.1",
				"local_port":	42764,
				"remote_host":	"10.0.0.1",
				"remote_port":	5201
			}],
		"version":	"iperf 3.9+",
		"system_info":	"Linux han-3 5.10.0 #9 SMP PREEMPT Tue Feb 23 15:01:43 PST 2021 x86_64",
		"timestamp":	{
			"time":	"Fri, 26 May 2023 14:46:16 GMT",
			"timesecs":	1685112376
		},
		"connecting_to":	{
			"host":	"10.0.0.1",
			"port":	5201
		},
		"cookie":	"p3bo72p5oqweqp7hsrelu5h4tr7ueoqho6ck",
		"tcp_mss_default":	8948,
		"target_bitrate":	5000000000,
		"sock_bufsize":	0,
		"sndbuf_actual":	16384,
		"rcvbuf_actual":	131072,
		"test_start":	{
			"protocol":	"TCP",
			"num_streams":	1,
			"blksize":	131072,
			"omit":	0,
			"duration":	80,
			"bytes":	0,
			"blocks":	0,
			"reverse":	0,
			"tos":	0
		}
	},
	"intervals":	[{
			"streams":	[{
					"socket":	5,
					"start":	0,
					"end":	60.000067,
					"seconds":	60.000068664550781,
					"bytes":	37499568128,
					"bits_per_second":	4999936695.093215,
					"retransmits":	22,
					"snd_cwnd":	885852,
					"rtt":	400,
					"rttvar":	32,
					"pmtu":	9000,
					"omitted":	false,
					"sender":	true
				}],
			"sum":	{
				"start":	0,
				"end":	60.000067,
				"seconds":	60.000068664550781,
				"bytes":	37499568128,
				"bits_per_second":	4999936695.093215,
				"retransmits":	22,
				"omitted":	false,
				"sender":	true
			}
		}, {
			"streams":	[{
					"socket":	5,
					"start":	60.000067,
					"end":	80.000074,
					"seconds":	20.000007629394531,
					"bytes":	12499943424,
					"bits_per_second":	4999975462.2607279,
					"retransmits":	18,
					"snd_cwnd":	796372,
					"rtt":	426,
					"rttvar":	41,
					"pmtu":	9000,
					"omitted":	false,
					"sender":	true
				}],
			"sum":	{
				"start":	60.000067,
				"end":	80.000074,
				"seconds":	20.000007629394531,
				"bytes":	12499943424,
				"bits_per_second":	4999975462.2607279,
				"retransmits":	18,
				"omitted":	false,
				"sender":	true
			}
		}],
	"end":	{
		"streams":	[{
				"sender":	{
					"socket":	5,
					"start":	0,
					"end":	80.000074,
					"seconds":	80.000074,
					"bytes":	49999511552,
					"bits_per_second":	4999946530.24946,
					"retransmits":	40,
					"max_snd_cwnd":	885852,
					"max_rtt":	426,
					"min_rtt":	400,
					"mean_rtt":	413,
					"sender":	true
				},
				"receiver":	{
					"socket":	5,
					"start":	0,
					"end":	80.00019,
					"seconds":	80.000074,
					"bytes":	49999511552,
					"bits_per_second":	4999939280.34421,
					"sender":	true
				}
			}],
		"sum_sent":	{
			"start":	0,
			"end":	80.000074,
			"seconds":	80.000074,
			"bytes":	49999511552,
			"bits_per_second":	4999946530.24946,
			"retransmits":	40,
			"sender":	true
		},
		"sum_received":	{
			"start":	0,
			"end":	80.00019,
			"seconds":	80.00019,
			"bytes":	49999511552,
			"bits_per_second":	4999939280.34421,
			"sender":	true
		},
		"cpu_utilization_percent":	{
			"host_total":	30.706935534383557,
			"host_user":	0.78175765069092,
			"host_system":	29.92517663373037,
			"remote_total":	42.754080838698236,
			"remote_user":	4.0827032725014218,
			"remote_system":	38.671377566196817
		},
		"sender_tcp_congestion":	"cubic",
		"receiver_tcp_congestion":	"reno"
	}
}
