{
	"start":	{
		"connected":	[{
				"socket":	5,
				"local_host":	"10.0.1.1",
				"local_port":	54526,
				"remote_host":	"10.0.0.1",
				"remote_port":	5201
			}],
		"version":	"iperf 3.9+",
		"system_info":	"Linux han-3 5.10.0 #9 SMP PREEMPT Tue Feb 23 15:01:43 PST 2021 x86_64",
		"timestamp":	{
			"time":	"Tue, 23 May 2023 06:10:44 GMT",
			"timesecs":	1684822244
		},
		"connecting_to":	{
			"host":	"10.0.0.1",
			"port":	5201
		},
		"cookie":	"br3oaxpagcy4y4xzzaaifzylcbpqdqlf3wqd",
		"tcp_mss_default":	8948,
		"target_bitrate":	7000000000,
		"sock_bufsize":	0,
		"sndbuf_actual":	16384,
		"rcvbuf_actual":	131072,
		"test_start":	{
			"protocol":	"TCP",
			"num_streams":	1,
			"blksize":	131072,
			"omit":	0,
			"duration":	60,
			"bytes":	0,
			"blocks":	0,
			"reverse":	0,
			"tos":	0
		}
	},
	"intervals":	[{
			"streams":	[{
					"socket":	5,
					"start":	0,
					"end":	60.000105,
					"seconds":	60.000106811523438,
					"bytes":	52499447808,
					"bits_per_second":	6999913913.20885,
					"retransmits":	63,
					"snd_cwnd":	2344376,
					"rtt":	526,
					"rttvar":	39,
					"pmtu":	9000,
					"omitted":	false,
					"sender":	true
				}],
			"sum":	{
				"start":	0,
				"end":	60.000105,
				"seconds":	60.000106811523438,
				"bytes":	52499447808,
				"bits_per_second":	6999913913.20885,
				"retransmits":	63,
				"omitted":	false,
				"sender":	true
			}
		}],
	"end":	{
		"streams":	[{
				"sender":	{
					"socket":	5,
					"start":	0,
					"end":	60.000105,
					"seconds":	60.000105,
					"bytes":	52499447808,
					"bits_per_second":	6999914124.5502825,
					"retransmits":	63,
					"max_snd_cwnd":	2344376,
					"max_rtt":	526,
					"min_rtt":	526,
					"mean_rtt":	526,
					"sender":	true
				},
				"receiver":	{
					"socket":	5,
					"start":	0,
					"end":	60.000249,
					"seconds":	60.000105,
					"bytes":	52499447808,
					"bits_per_second":	6999897324.8261023,
					"sender":	true
				}
			}],
		"sum_sent":	{
			"start":	0,
			"end":	60.000105,
			"seconds":	60.000105,
			"bytes":	52499447808,
			"bits_per_second":	6999914124.5502825,
			"retransmits":	63,
			"sender":	true
		},
		"sum_received":	{
			"start":	0,
			"end":	60.000249,
			"seconds":	60.000249,
			"bytes":	52499447808,
			"bits_per_second":	6999897324.8261023,
			"sender":	true
		},
		"cpu_utilization_percent":	{
			"host_total":	28.193549173090286,
			"host_user":	14.098082873281664,
			"host_system":	14.095466299808621,
			"remote_total":	45.910997486169173,
			"remote_user":	3.1268766347152579,
			"remote_system":	42.784120851453913
		},
		"sender_tcp_congestion":	"cubic",
		"receiver_tcp_congestion":	"reno"
	}
}
