{
	"start":	{
		"connected":	[{
				"socket":	5,
				"local_host":	"10.0.1.1",
				"local_port":	56006,
				"remote_host":	"10.0.0.1",
				"remote_port":	5201
			}],
		"version":	"iperf 3.9+",
		"system_info":	"Linux han-3 5.10.0 #9 SMP PREEMPT Tue Feb 23 15:01:43 PST 2021 x86_64",
		"timestamp":	{
			"time":	"Tue, 23 May 2023 11:32:01 GMT",
			"timesecs":	1684841521
		},
		"connecting_to":	{
			"host":	"10.0.0.1",
			"port":	5201
		},
		"cookie":	"5eycicdezwuf7nlwrakueclrdcj4ndad57wb",
		"tcp_mss_default":	8948,
		"target_bitrate":	10000000000,
		"sock_bufsize":	0,
		"sndbuf_actual":	16384,
		"rcvbuf_actual":	131072,
		"test_start":	{
			"protocol":	"TCP",
			"num_streams":	1,
			"blksize":	131072,
			"omit":	0,
			"duration":	100,
			"bytes":	0,
			"blocks":	0,
			"reverse":	0,
			"tos":	0
		}
	},
	"intervals":	[{
			"streams":	[{
					"socket":	5,
					"start":	0,
					"end":	60.000017,
					"seconds":	60.000015258789062,
					"bytes":	74232496128,
					"bits_per_second":	9897663633.2939739,
					"retransmits":	1714,
					"snd_cwnd":	1252720,
					"rtt":	984,
					"rttvar":	45,
					"pmtu":	9000,
					"omitted":	false,
					"sender":	true
				}],
			"sum":	{
				"start":	0,
				"end":	60.000017,
				"seconds":	60.000015258789062,
				"bytes":	74232496128,
				"bits_per_second":	9897663633.2939739,
				"retransmits":	1714,
				"omitted":	false,
				"sender":	true
			}
		}, {
			"streams":	[{
					"socket":	5,
					"start":	60.000017,
					"end":	100.000064,
					"seconds":	40.000045776367188,
					"bytes":	49494097920,
					"bits_per_second":	9898808255.712965,
					"retransmits":	1561,
					"snd_cwnd":	1682224,
					"rtt":	1298,
					"rttvar":	12,
					"pmtu":	9000,
					"omitted":	false,
					"sender":	true
				}],
			"sum":	{
				"start":	60.000017,
				"end":	100.000064,
				"seconds":	40.000045776367188,
				"bytes":	49494097920,
				"bits_per_second":	9898808255.712965,
				"retransmits":	1561,
				"omitted":	false,
				"sender":	true
			}
		}],
	"end":	{
		"streams":	[{
				"sender":	{
					"socket":	5,
					"start":	0,
					"end":	100.000064,
					"seconds":	100.000064,
					"bytes":	123726594048,
					"bits_per_second":	9898121189.04244,
					"retransmits":	3275,
					"max_snd_cwnd":	1682224,
					"max_rtt":	1298,
					"min_rtt":	984,
					"mean_rtt":	1141,
					"sender":	true
				},
				"receiver":	{
					"socket":	5,
					"start":	0,
					"end":	100.001405,
					"seconds":	100.000064,
					"bytes":	123725477892,
					"bits_per_second":	9897899165.87672,
					"sender":	true
				}
			}],
		"sum_sent":	{
			"start":	0,
			"end":	100.000064,
			"seconds":	100.000064,
			"bytes":	123726594048,
			"bits_per_second":	9898121189.04244,
			"retransmits":	3275,
			"sender":	true
		},
		"sum_received":	{
			"start":	0,
			"end":	100.001405,
			"seconds":	100.001405,
			"bytes":	123725477892,
			"bits_per_second":	9897899165.87672,
			"sender":	true
		},
		"cpu_utilization_percent":	{
			"host_total":	28.68759127598458,
			"host_user":	2.7555343827187251,
			"host_system":	25.932056893265852,
			"remote_total":	52.4267313927502,
			"remote_user":	3.6796148818019354,
			"remote_system":	48.74711651094826
		},
		"sender_tcp_congestion":	"cubic",
		"receiver_tcp_congestion":	"reno"
	}
}
