{
	"start":	{
		"connected":	[{
				"socket":	5,
				"local_host":	"10.0.1.1",
				"local_port":	44302,
				"remote_host":	"10.0.0.1",
				"remote_port":	5201
			}],
		"version":	"iperf 3.9+",
		"system_info":	"Linux han-3 5.10.0 #9 SMP PREEMPT Tue Feb 23 15:01:43 PST 2021 x86_64",
		"timestamp":	{
			"time":	"Fri, 26 May 2023 20:04:13 GMT",
			"timesecs":	1685131453
		},
		"connecting_to":	{
			"host":	"10.0.0.1",
			"port":	5201
		},
		"cookie":	"3hpxb5wwgb4ewwflrxpavijpfy2rewdd2bax",
		"tcp_mss_default":	8948,
		"target_bitrate":	9000000000,
		"sock_bufsize":	0,
		"sndbuf_actual":	16384,
		"rcvbuf_actual":	131072,
		"test_start":	{
			"protocol":	"TCP",
			"num_streams":	1,
			"blksize":	131072,
			"omit":	0,
			"duration":	30,
			"bytes":	0,
			"blocks":	0,
			"reverse":	0,
			"tos":	0
		}
	},
	"intervals":	[{
			"streams":	[{
					"socket":	5,
					"start":	0,
					"end":	30.000106,
					"seconds":	30.000106811523438,
					"bytes":	33749336064,
					"bits_per_second":	8999790907.68742,
					"retransmits":	36,
					"snd_cwnd":	1548004,
					"rtt":	761,
					"rttvar":	22,
					"pmtu":	9000,
					"omitted":	false,
					"sender":	true
				}],
			"sum":	{
				"start":	0,
				"end":	30.000106,
				"seconds":	30.000106811523438,
				"bytes":	33749336064,
				"bits_per_second":	8999790907.68742,
				"retransmits":	36,
				"omitted":	false,
				"sender":	true
			}
		}],
	"end":	{
		"streams":	[{
				"sender":	{
					"socket":	5,
					"start":	0,
					"end":	30.000106,
					"seconds":	30.000106,
					"bytes":	33749336064,
					"bits_per_second":	8999791151.1379337,
					"retransmits":	36,
					"max_snd_cwnd":	1548004,
					"max_rtt":	761,
					"min_rtt":	761,
					"mean_rtt":	761,
					"sender":	true
				},
				"receiver":	{
					"socket":	5,
					"start":	0,
					"end":	30.0003,
					"seconds":	30.000106,
					"bytes":	33749336064,
					"bits_per_second":	8999732953.07047,
					"sender":	true
				}
			}],
		"sum_sent":	{
			"start":	0,
			"end":	30.000106,
			"seconds":	30.000106,
			"bytes":	33749336064,
			"bits_per_second":	8999791151.1379337,
			"retransmits":	36,
			"sender":	true
		},
		"sum_received":	{
			"start":	0,
			"end":	30.0003,
			"seconds":	30.0003,
			"bytes":	33749336064,
			"bits_per_second":	8999732953.07047,
			"sender":	true
		},
		"cpu_utilization_percent":	{
			"host_total":	72.902335658158961,
			"host_user":	2.3002841453557648,
			"host_system":	70.6020581789699,
			"remote_total":	50.986247544204325,
			"remote_user":	8.87478954776777,
			"remote_system":	42.11145467077165
		},
		"sender_tcp_congestion":	"cubic",
		"receiver_tcp_congestion":	"reno"
	}
}
