{
	"start":	{
		"connected":	[{
				"socket":	5,
				"local_host":	"10.0.1.1",
				"local_port":	38538,
				"remote_host":	"10.0.0.1",
				"remote_port":	5201
			}],
		"version":	"iperf 3.9+",
		"system_info":	"Linux han-3 5.10.0 #9 SMP PREEMPT Tue Feb 23 15:01:43 PST 2021 x86_64",
		"timestamp":	{
			"time":	"Fri, 26 May 2023 00:03:31 GMT",
			"timesecs":	1685059411
		},
		"connecting_to":	{
			"host":	"10.0.0.1",
			"port":	5201
		},
		"cookie":	"5s6whg3xvzo777xr5x5s4ay7zn3e4jguvosc",
		"tcp_mss_default":	8948,
		"target_bitrate":	6000000000,
		"sock_bufsize":	0,
		"sndbuf_actual":	16384,
		"rcvbuf_actual":	131072,
		"test_start":	{
			"protocol":	"TCP",
			"num_streams":	1,
			"blksize":	131072,
			"omit":	0,
			"duration":	20,
			"bytes":	0,
			"blocks":	0,
			"reverse":	0,
			"tos":	0
		}
	},
	"intervals":	[{
			"streams":	[{
					"socket":	5,
					"start":	0,
					"end":	20.000075,
					"seconds":	20.00007438659668,
					"bytes":	14999486464,
					"bits_per_second":	5999772270.4679976,
					"retransmits":	56,
					"snd_cwnd":	1261668,
					"rtt":	576,
					"rttvar":	17,
					"pmtu":	9000,
					"omitted":	false,
					"sender":	true
				}],
			"sum":	{
				"start":	0,
				"end":	20.000075,
				"seconds":	20.00007438659668,
				"bytes":	14999486464,
				"bits_per_second":	5999772270.4679976,
				"retransmits":	56,
				"omitted":	false,
				"sender":	true
			}
		}],
	"end":	{
		"streams":	[{
				"sender":	{
					"socket":	5,
					"start":	0,
					"end":	20.000075,
					"seconds":	20.000075,
					"bytes":	14999486464,
					"bits_per_second":	5999772086.4546757,
					"retransmits":	56,
					"max_snd_cwnd":	1261668,
					"max_rtt":	576,
					"min_rtt":	576,
					"mean_rtt":	576,
					"sender":	true
				},
				"receiver":	{
					"socket":	5,
					"start":	0,
					"end":	20.000143,
					"seconds":	20.000075,
					"bytes":	14999486464,
					"bits_per_second":	5999751687.3754349,
					"sender":	true
				}
			}],
		"sum_sent":	{
			"start":	0,
			"end":	20.000075,
			"seconds":	20.000075,
			"bytes":	14999486464,
			"bits_per_second":	5999772086.4546757,
			"retransmits":	56,
			"sender":	true
		},
		"sum_received":	{
			"start":	0,
			"end":	20.000143,
			"seconds":	20.000143,
			"bytes":	14999486464,
			"bits_per_second":	5999751687.3754349,
			"sender":	true
		},
		"cpu_utilization_percent":	{
			"host_total":	29.6698390630915,
			"host_user":	1.0089678476145834,
			"host_system":	28.660876214945972,
			"remote_total":	46.337198145771012,
			"remote_user":	7.8934188564039873,
			"remote_system":	38.443774306434314
		},
		"sender_tcp_congestion":	"cubic",
		"receiver_tcp_congestion":	"reno"
	}
}
