{
	"start":	{
		"connected":	[{
				"socket":	5,
				"local_host":	"10.0.1.1",
				"local_port":	38716,
				"remote_host":	"10.0.0.1",
				"remote_port":	5201
			}],
		"version":	"iperf 3.9+",
		"system_info":	"Linux han-3 5.10.0 #9 SMP PREEMPT Tue Feb 23 15:01:43 PST 2021 x86_64",
		"timestamp":	{
			"time":	"Fri, 26 May 2023 00:29:34 GMT",
			"timesecs":	1685060974
		},
		"connecting_to":	{
			"host":	"10.0.0.1",
			"port":	5201
		},
		"cookie":	"yrrsfcjwzbmjicgmzpgpgz3cq3vf6mhw3ucw",
		"tcp_mss_default":	8948,
		"target_bitrate":	6000000000,
		"sock_bufsize":	0,
		"sndbuf_actual":	16384,
		"rcvbuf_actual":	131072,
		"test_start":	{
			"protocol":	"TCP",
			"num_streams":	1,
			"blksize":	131072,
			"omit":	0,
			"duration":	60,
			"bytes":	0,
			"blocks":	0,
			"reverse":	0,
			"tos":	0
		}
	},
	"intervals":	[{
			"streams":	[{
					"socket":	5,
					"start":	0,
					"end":	60.000099,
					"seconds":	60.0000991821289,
					"bytes":	44999507968,
					"bits_per_second":	5999924477.6452837,
					"retransmits":	21,
					"snd_cwnd":	1422732,
					"rtt":	590,
					"rttvar":	90,
					"pmtu":	9000,
					"omitted":	false,
					"sender":	true
				}],
			"sum":	{
				"start":	0,
				"end":	60.000099,
				"seconds":	60.0000991821289,
				"bytes":	44999507968,
				"bits_per_second":	5999924477.6452837,
				"retransmits":	21,
				"omitted":	false,
				"sender":	true
			}
		}],
	"end":	{
		"streams":	[{
				"sender":	{
					"socket":	5,
					"start":	0,
					"end":	60.000099,
					"seconds":	60.000099,
					"bytes":	44999507968,
					"bits_per_second":	5999924495.8579149,
					"retransmits":	21,
					"max_snd_cwnd":	1422732,
					"max_rtt":	590,
					"min_rtt":	590,
					"mean_rtt":	590,
					"sender":	true
				},
				"receiver":	{
					"socket":	5,
					"start":	0,
					"end":	60.00019,
					"seconds":	60.000099,
					"bytes":	44999507968,
					"bits_per_second":	5999915396.0012455,
					"sender":	true
				}
			}],
		"sum_sent":	{
			"start":	0,
			"end":	60.000099,
			"seconds":	60.000099,
			"bytes":	44999507968,
			"bits_per_second":	5999924495.8579149,
			"retransmits":	21,
			"sender":	true
		},
		"sum_received":	{
			"start":	0,
			"end":	60.00019,
			"seconds":	60.00019,
			"bytes":	44999507968,
			"bits_per_second":	5999915396.0012455,
			"sender":	true
		},
		"cpu_utilization_percent":	{
			"host_total":	29.596484765459845,
			"host_user":	1.68406517416004,
			"host_system":	27.9124195912998,
			"remote_total":	47.339322759712559,
			"remote_user":	1.324884245872102,
			"remote_system":	46.014438513840453
		},
		"sender_tcp_congestion":	"cubic",
		"receiver_tcp_congestion":	"reno"
	}
}
