{
	"start":	{
		"connected":	[{
				"socket":	5,
				"local_host":	"10.0.1.1",
				"local_port":	37184,
				"remote_host":	"10.0.0.1",
				"remote_port":	5201
			}],
		"version":	"iperf 3.9+",
		"system_info":	"Linux han-3 5.10.0 #9 SMP PREEMPT Tue Feb 23 15:01:43 PST 2021 x86_64",
		"timestamp":	{
			"time":	"Thu, 25 May 2023 19:26:24 GMT",
			"timesecs":	1685042784
		},
		"connecting_to":	{
			"host":	"10.0.0.1",
			"port":	5201
		},
		"cookie":	"dqhsrvbii5pd7qtrqedingw5wz57hkfkri56",
		"tcp_mss_default":	8948,
		"target_bitrate":	3000000000,
		"sock_bufsize":	0,
		"sndbuf_actual":	16384,
		"rcvbuf_actual":	131072,
		"test_start":	{
			"protocol":	"TCP",
			"num_streams":	1,
			"blksize":	131072,
			"omit":	0,
			"duration":	10,
			"bytes":	0,
			"blocks":	0,
			"reverse":	0,
			"tos":	0
		}
	},
	"intervals":	[{
			"streams":	[{
					"socket":	5,
					"start":	0,
					"end":	10.000122,
					"seconds":	10.0001220703125,
					"bytes":	3749707776,
					"bits_per_second":	2999729603.0069947,
					"retransmits":	10,
					"snd_cwnd":	545828,
					"rtt":	315,
					"rttvar":	57,
					"pmtu":	9000,
					"omitted":	false,
					"sender":	true
				}],
			"sum":	{
				"start":	0,
				"end":	10.000122,
				"seconds":	10.0001220703125,
				"bytes":	3749707776,
				"bits_per_second":	2999729603.0069947,
				"retransmits":	10,
				"omitted":	false,
				"sender":	true
			}
		}],
	"end":	{
		"streams":	[{
				"sender":	{
					"socket":	5,
					"start":	0,
					"end":	10.000122,
					"seconds":	10.000122,
					"bytes":	3749707776,
					"bits_per_second":	2999729624.0985861,
					"retransmits":	10,
					"max_snd_cwnd":	545828,
					"max_rtt":	315,
					"min_rtt":	315,
					"mean_rtt":	315,
					"sender":	true
				},
				"receiver":	{
					"socket":	5,
					"start":	0,
					"end":	10.000249,
					"seconds":	10.000122,
					"bytes":	3749707776,
					"bits_per_second":	2999691528.4809408,
					"sender":	true
				}
			}],
		"sum_sent":	{
			"start":	0,
			"end":	10.000122,
			"seconds":	10.000122,
			"bytes":	3749707776,
			"bits_per_second":	2999729624.0985861,
			"retransmits":	10,
			"sender":	true
		},
		"sum_received":	{
			"start":	0,
			"end":	10.000249,
			"seconds":	10.000249,
			"bytes":	3749707776,
			"bits_per_second":	2999691528.4809408,
			"sender":	true
		},
		"cpu_utilization_percent":	{
			"host_total":	14.765632357637127,
			"host_user":	0.051907739391955622,
			"host_system":	14.713714620606613,
			"remote_total":	34.7169931057724,
			"remote_user":	1.8575950245303046,
			"remote_system":	32.8593980812421
		},
		"sender_tcp_congestion":	"cubic",
		"receiver_tcp_congestion":	"reno"
	}
}
