{
	"start":	{
		"connected":	[{
				"socket":	5,
				"local_host":	"10.0.1.1",
				"local_port":	42296,
				"remote_host":	"10.0.0.1",
				"remote_port":	5201
			}],
		"version":	"iperf 3.9+",
		"system_info":	"Linux han-3 5.10.0 #9 SMP PREEMPT Tue Feb 23 15:01:43 PST 2021 x86_64",
		"timestamp":	{
			"time":	"Fri, 26 May 2023 13:05:08 GMT",
			"timesecs":	1685106308
		},
		"connecting_to":	{
			"host":	"10.0.0.1",
			"port":	5201
		},
		"cookie":	"nbybhavf5p2g74tszwtbfetmq4mhlz4p6ajt",
		"tcp_mss_default":	8948,
		"target_bitrate":	4000000000,
		"sock_bufsize":	0,
		"sndbuf_actual":	16384,
		"rcvbuf_actual":	131072,
		"test_start":	{
			"protocol":	"TCP",
			"num_streams":	1,
			"blksize":	131072,
			"omit":	0,
			"duration":	80,
			"bytes":	0,
			"blocks":	0,
			"reverse":	0,
			"tos":	0
		}
	},
	"intervals":	[{
			"streams":	[{
					"socket":	5,
					"start":	0,
					"end":	60.000068,
					"seconds":	60.000068664550781,
					"bytes":	29999628288,
					"bits_per_second":	3999945860.8252387,
					"retransmits":	47,
					"snd_cwnd":	671100,
					"rtt":	380,
					"rttvar":	21,
					"pmtu":	9000,
					"omitted":	false,
					"sender":	true
				}],
			"sum":	{
				"start":	0,
				"end":	60.000068,
				"seconds":	60.000068664550781,
				"bytes":	29999628288,
				"bits_per_second":	3999945860.8252387,
				"retransmits":	47,
				"omitted":	false,
				"sender":	true
			}
		}, {
			"streams":	[{
					"socket":	5,
					"start":	60.000068,
					"end":	80.000079,
					"seconds":	20.0000114440918,
					"bytes":	10000007168,
					"bits_per_second":	4000000578.38131,
					"retransmits":	0,
					"snd_cwnd":	894800,
					"rtt":	434,
					"rttvar":	42,
					"pmtu":	9000,
					"omitted":	false,
					"sender":	true
				}],
			"sum":	{
				"start":	60.000068,
				"end":	80.000079,
				"seconds":	20.0000114440918,
				"bytes":	10000007168,
				"bits_per_second":	4000000578.38131,
				"retransmits":	0,
				"omitted":	false,
				"sender":	true
			}
		}],
	"end":	{
		"streams":	[{
				"sender":	{
					"socket":	5,
					"start":	0,
					"end":	80.000079,
					"seconds":	80.000079,
					"bytes":	39999635456,
					"bits_per_second":	3999959595.6398993,
					"retransmits":	47,
					"max_snd_cwnd":	894800,
					"max_rtt":	434,
					"min_rtt":	380,
					"mean_rtt":	407,
					"sender":	true
				},
				"receiver":	{
					"socket":	5,
					"start":	0,
					"end":	79.999944,
					"seconds":	80.000079,
					"bytes":	39999635456,
					"bits_per_second":	3999966345.5764418,
					"sender":	true
				}
			}],
		"sum_sent":	{
			"start":	0,
			"end":	80.000079,
			"seconds":	80.000079,
			"bytes":	39999635456,
			"bits_per_second":	3999959595.6398993,
			"retransmits":	47,
			"sender":	true
		},
		"sum_received":	{
			"start":	0,
			"end":	79.999944,
			"seconds":	79.999944,
			"bytes":	39999635456,
			"bits_per_second":	3999966345.5764418,
			"sender":	true
		},
		"cpu_utilization_percent":	{
			"host_total":	23.934584695984466,
			"host_user":	0.89318274676143949,
			"host_system":	23.041399449299306,
			"remote_total":	38.100583116303248,
			"remote_user":	4.0780287723595441,
			"remote_system":	34.022555592822087
		},
		"sender_tcp_congestion":	"cubic",
		"receiver_tcp_congestion":	"reno"
	}
}
