{
	"start":	{
		"connected":	[{
				"socket":	5,
				"local_host":	"10.0.1.1",
				"local_port":	41294,
				"remote_host":	"10.0.0.1",
				"remote_port":	5201
			}],
		"version":	"iperf 3.9+",
		"system_info":	"Linux han-3 5.10.0 #9 SMP PREEMPT Tue Feb 23 15:01:43 PST 2021 x86_64",
		"timestamp":	{
			"time":	"Fri, 26 May 2023 09:31:20 GMT",
			"timesecs":	1685093480
		},
		"connecting_to":	{
			"host":	"10.0.0.1",
			"port":	5201
		},
		"cookie":	"lrnpeeoop7zem4fkeejvc3qqqkc2ujjjlghh",
		"tcp_mss_default":	8948,
		"target_bitrate":	2000000000,
		"sock_bufsize":	0,
		"sndbuf_actual":	16384,
		"rcvbuf_actual":	131072,
		"test_start":	{
			"protocol":	"TCP",
			"num_streams":	1,
			"blksize":	131072,
			"omit":	0,
			"duration":	50,
			"bytes":	0,
			"blocks":	0,
			"reverse":	0,
			"tos":	0
		}
	},
	"intervals":	[{
			"streams":	[{
					"socket":	5,
					"start":	0,
					"end":	50.000113,
					"seconds":	50.000114440917969,
					"bytes":	12499812352,
					"bits_per_second":	1999965398.7624772,
					"retransmits":	31,
					"snd_cwnd":	411608,
					"rtt":	323,
					"rttvar":	46,
					"pmtu":	9000,
					"omitted":	false,
					"sender":	true
				}],
			"sum":	{
				"start":	0,
				"end":	50.000113,
				"seconds":	50.000114440917969,
				"bytes":	12499812352,
				"bits_per_second":	1999965398.7624772,
				"retransmits":	31,
				"omitted":	false,
				"sender":	true
			}
		}],
	"end":	{
		"streams":	[{
				"sender":	{
					"socket":	5,
					"start":	0,
					"end":	50.000113,
					"seconds":	50.000113,
					"bytes":	12499812352,
					"bits_per_second":	1999965456.3980687,
					"retransmits":	31,
					"max_snd_cwnd":	411608,
					"max_rtt":	323,
					"min_rtt":	323,
					"mean_rtt":	323,
					"sender":	true
				},
				"receiver":	{
					"socket":	5,
					"start":	0,
					"end":	50.000271,
					"seconds":	50.000113,
					"bytes":	12499812352,
					"bits_per_second":	1999959136.54148,
					"sender":	true
				}
			}],
		"sum_sent":	{
			"start":	0,
			"end":	50.000113,
			"seconds":	50.000113,
			"bytes":	12499812352,
			"bits_per_second":	1999965456.3980687,
			"retransmits":	31,
			"sender":	true
		},
		"sum_received":	{
			"start":	0,
			"end":	50.000271,
			"seconds":	50.000271,
			"bytes":	12499812352,
			"bits_per_second":	1999959136.54148,
			"sender":	true
		},
		"cpu_utilization_percent":	{
			"host_total":	15.270938216640658,
			"host_user":	0.694270730546592,
			"host_system":	14.576669485998231,
			"remote_total":	22.169800572804586,
			"remote_user":	0.0998175410277073,
			"remote_system":	22.069985028766741
		},
		"sender_tcp_congestion":	"cubic",
		"receiver_tcp_congestion":	"reno"
	}
}
