{
	"start":	{
		"connected":	[{
				"socket":	5,
				"local_host":	"10.0.1.1",
				"local_port":	59696,
				"remote_host":	"10.0.0.1",
				"remote_port":	5201
			}],
		"version":	"iperf 3.9+",
		"system_info":	"Linux han-3 5.10.0 #9 SMP PREEMPT Tue Feb 23 15:01:43 PST 2021 x86_64",
		"timestamp":	{
			"time":	"Thu, 25 May 2023 02:09:47 GMT",
			"timesecs":	1684980587
		},
		"connecting_to":	{
			"host":	"10.0.0.1",
			"port":	5201
		},
		"cookie":	"x5giyx3flil7ooal3rbwyoq7yph5xswphbcz",
		"tcp_mss_default":	8948,
		"target_bitrate":	1000000000,
		"sock_bufsize":	0,
		"sndbuf_actual":	16384,
		"rcvbuf_actual":	131072,
		"test_start":	{
			"protocol":	"TCP",
			"num_streams":	1,
			"blksize":	131072,
			"omit":	0,
			"duration":	90,
			"bytes":	0,
			"blocks":	0,
			"reverse":	0,
			"tos":	0
		}
	},
	"intervals":	[{
			"streams":	[{
					"socket":	5,
					"start":	0,
					"end":	60.000069,
					"seconds":	60.000068664550781,
					"bytes":	7499939840,
					"bits_per_second":	999990834.26797628,
					"retransmits":	8,
					"snd_cwnd":	161064,
					"rtt":	273,
					"rttvar":	14,
					"pmtu":	9000,
					"omitted":	false,
					"sender":	true
				}],
			"sum":	{
				"start":	0,
				"end":	60.000069,
				"seconds":	60.000068664550781,
				"bytes":	7499939840,
				"bits_per_second":	999990834.26797628,
				"retransmits":	8,
				"omitted":	false,
				"sender":	true
			}
		}, {
			"streams":	[{
					"socket":	5,
					"start":	60.000069,
					"end":	90.000085,
					"seconds":	30.000015258789062,
					"bytes":	3749969920,
					"bits_per_second":	999991470.044703,
					"retransmits":	0,
					"snd_cwnd":	161064,
					"rtt":	217,
					"rttvar":	41,
					"pmtu":	9000,
					"omitted":	false,
					"sender":	true
				}],
			"sum":	{
				"start":	60.000069,
				"end":	90.000085,
				"seconds":	30.000015258789062,
				"bytes":	3749969920,
				"bits_per_second":	999991470.044703,
				"retransmits":	0,
				"omitted":	false,
				"sender":	true
			}
		}],
	"end":	{
		"streams":	[{
				"sender":	{
					"socket":	5,
					"start":	0,
					"end":	90.000085,
					"seconds":	90.000085,
					"bytes":	11249909760,
					"bits_per_second":	999991034.23069,
					"retransmits":	8,
					"max_snd_cwnd":	161064,
					"max_rtt":	273,
					"min_rtt":	217,
					"mean_rtt":	245,
					"sender":	true
				},
				"receiver":	{
					"socket":	5,
					"start":	0,
					"end":	90.000199,
					"seconds":	90.000085,
					"bytes":	11249909760,
					"bits_per_second":	999989767.57818067,
					"sender":	true
				}
			}],
		"sum_sent":	{
			"start":	0,
			"end":	90.000085,
			"seconds":	90.000085,
			"bytes":	11249909760,
			"bits_per_second":	999991034.23069,
			"retransmits":	8,
			"sender":	true
		},
		"sum_received":	{
			"start":	0,
			"end":	90.000199,
			"seconds":	90.000199,
			"bytes":	11249909760,
			"bits_per_second":	999989767.57818067,
			"sender":	true
		},
		"cpu_utilization_percent":	{
			"host_total":	6.38565935959167,
			"host_user":	0,
			"host_system":	6.38566047067251,
			"remote_total":	13.823812287717896,
			"remote_user":	1.5595599818738588,
			"remote_system":	12.264252305844037
		},
		"sender_tcp_congestion":	"cubic",
		"receiver_tcp_congestion":	"reno"
	}
}
