{
	"start":	{
		"connected":	[{
				"socket":	5,
				"local_host":	"10.0.1.1",
				"local_port":	41148,
				"remote_host":	"10.0.0.1",
				"remote_port":	5201
			}],
		"version":	"iperf 3.9+",
		"system_info":	"Linux han-3 5.10.0 #9 SMP PREEMPT Tue Feb 23 15:01:43 PST 2021 x86_64",
		"timestamp":	{
			"time":	"Fri, 26 May 2023 09:13:27 GMT",
			"timesecs":	1685092407
		},
		"connecting_to":	{
			"host":	"10.0.0.1",
			"port":	5201
		},
		"cookie":	"msuhkr5hwq5rpdyvms5efazsoihxgtihx6sg",
		"tcp_mss_default":	8948,
		"target_bitrate":	2000000000,
		"sock_bufsize":	0,
		"sndbuf_actual":	16384,
		"rcvbuf_actual":	131072,
		"test_start":	{
			"protocol":	"TCP",
			"num_streams":	1,
			"blksize":	131072,
			"omit":	0,
			"duration":	10,
			"bytes":	0,
			"blocks":	0,
			"reverse":	0,
			"tos":	0
		}
	},
	"intervals":	[{
			"streams":	[{
					"socket":	5,
					"start":	0,
					"end":	10.000074,
					"seconds":	10.00007438659668,
					"bytes":	2499805184,
					"bits_per_second":	1999829271.1506579,
					"retransmits":	5,
					"snd_cwnd":	402660,
					"rtt":	358,
					"rttvar":	48,
					"pmtu":	9000,
					"omitted":	false,
					"sender":	true
				}],
			"sum":	{
				"start":	0,
				"end":	10.000074,
				"seconds":	10.00007438659668,
				"bytes":	2499805184,
				"bits_per_second":	1999829271.1506579,
				"retransmits":	5,
				"omitted":	false,
				"sender":	true
			}
		}],
	"end":	{
		"streams":	[{
				"sender":	{
					"socket":	5,
					"start":	0,
					"end":	10.000074,
					"seconds":	10.000074,
					"bytes":	2499805184,
					"bits_per_second":	1999829348.4628215,
					"retransmits":	5,
					"max_snd_cwnd":	402660,
					"max_rtt":	358,
					"min_rtt":	358,
					"mean_rtt":	358,
					"sender":	true
				},
				"receiver":	{
					"socket":	5,
					"start":	0,
					"end":	10.000166,
					"seconds":	10.000074,
					"bytes":	2499805184,
					"bits_per_second":	1999810950.3382244,
					"sender":	true
				}
			}],
		"sum_sent":	{
			"start":	0,
			"end":	10.000074,
			"seconds":	10.000074,
			"bytes":	2499805184,
			"bits_per_second":	1999829348.4628215,
			"retransmits":	5,
			"sender":	true
		},
		"sum_received":	{
			"start":	0,
			"end":	10.000166,
			"seconds":	10.000166,
			"bytes":	2499805184,
			"bits_per_second":	1999810950.3382244,
			"sender":	true
		},
		"cpu_utilization_percent":	{
			"host_total":	14.344396321217523,
			"host_user":	2.8732302500287186,
			"host_system":	11.471156073519264,
			"remote_total":	20.546925372737483,
			"remote_user":	1.07498878669845,
			"remote_system":	19.471926664958257
		},
		"sender_tcp_congestion":	"cubic",
		"receiver_tcp_congestion":	"reno"
	}
}
