{
	"start":	{
		"connected":	[{
				"socket":	5,
				"local_host":	"10.0.1.1",
				"local_port":	35452,
				"remote_host":	"10.0.0.1",
				"remote_port":	5201
			}],
		"version":	"iperf 3.9+",
		"system_info":	"Linux han-3 5.10.0 #9 SMP PREEMPT Tue Feb 23 15:01:43 PST 2021 x86_64",
		"timestamp":	{
			"time":	"Thu, 25 May 2023 16:09:21 GMT",
			"timesecs":	1685030961
		},
		"connecting_to":	{
			"host":	"10.0.0.1",
			"port":	5201
		},
		"cookie":	"siz2q652fk2mqqka7fjdbkkxiw5bezjvzc5x",
		"tcp_mss_default":	8948,
		"target_bitrate":	10000000000,
		"sock_bufsize":	0,
		"sndbuf_actual":	16384,
		"rcvbuf_actual":	131072,
		"test_start":	{
			"protocol":	"TCP",
			"num_streams":	1,
			"blksize":	131072,
			"omit":	0,
			"duration":	100,
			"bytes":	0,
			"blocks":	0,
			"reverse":	0,
			"tos":	0
		}
	},
	"intervals":	[{
			"streams":	[{
					"socket":	5,
					"start":	0,
					"end":	60.000022,
					"seconds":	60.0000228881836,
					"bytes":	74224631808,
					"bits_per_second":	9896613799.14144,
					"retransmits":	1708,
					"snd_cwnd":	1682224,
					"rtt":	1355,
					"rttvar":	34,
					"pmtu":	9000,
					"omitted":	false,
					"sender":	true
				}],
			"sum":	{
				"start":	0,
				"end":	60.000022,
				"seconds":	60.0000228881836,
				"bytes":	74224631808,
				"bits_per_second":	9896613799.14144,
				"retransmits":	1708,
				"omitted":	false,
				"sender":	true
			}
		}, {
			"streams":	[{
					"socket":	5,
					"start":	60.000022,
					"end":	100.000021,
					"seconds":	40,
					"bytes":	49491869696,
					"bits_per_second":	9898373939.2,
					"retransmits":	1457,
					"snd_cwnd":	1422732,
					"rtt":	1128,
					"rttvar":	25,
					"pmtu":	9000,
					"omitted":	false,
					"sender":	true
				}],
			"sum":	{
				"start":	60.000022,
				"end":	100.000021,
				"seconds":	40,
				"bytes":	49491869696,
				"bits_per_second":	9898373939.2,
				"retransmits":	1457,
				"omitted":	false,
				"sender":	true
			}
		}],
	"end":	{
		"streams":	[{
				"sender":	{
					"socket":	5,
					"start":	0,
					"end":	100.000021,
					"seconds":	100.000021,
					"bytes":	123716501504,
					"bits_per_second":	9897318041.88321,
					"retransmits":	3165,
					"max_snd_cwnd":	1682224,
					"max_rtt":	1355,
					"min_rtt":	1128,
					"mean_rtt":	1241,
					"sender":	true
				},
				"receiver":	{
					"socket":	5,
					"start":	0,
					"end":	100.001155,
					"seconds":	100.000021,
					"bytes":	123715057184,
					"bits_per_second":	9897090263.32746,
					"sender":	true
				}
			}],
		"sum_sent":	{
			"start":	0,
			"end":	100.000021,
			"seconds":	100.000021,
			"bytes":	123716501504,
			"bits_per_second":	9897318041.88321,
			"retransmits":	3165,
			"sender":	true
		},
		"sum_received":	{
			"start":	0,
			"end":	100.001155,
			"seconds":	100.001155,
			"bytes":	123715057184,
			"bits_per_second":	9897090263.32746,
			"sender":	true
		},
		"cpu_utilization_percent":	{
			"host_total":	35.866548984105933,
			"host_user":	1.9449031780811243,
			"host_system":	33.9216458060248,
			"remote_total":	50.536390275200574,
			"remote_user":	3.3561644301146187,
			"remote_system":	47.180225845085957
		},
		"sender_tcp_congestion":	"cubic",
		"receiver_tcp_congestion":	"reno"
	}
}
