{
	"start":	{
		"connected":	[{
				"socket":	5,
				"local_host":	"10.0.1.1",
				"local_port":	54156,
				"remote_host":	"10.0.0.1",
				"remote_port":	5201
			}],
		"version":	"iperf 3.9+",
		"system_info":	"Linux han-3 5.10.0 #9 SMP PREEMPT Tue Feb 23 15:01:43 PST 2021 x86_64",
		"timestamp":	{
			"time":	"Tue, 23 May 2023 04:55:30 GMT",
			"timesecs":	1684817730
		},
		"connecting_to":	{
			"host":	"10.0.0.1",
			"port":	5201
		},
		"cookie":	"gmprl2mljlwjibjdrganp6ehf24ipignh4jw",
		"tcp_mss_default":	8948,
		"target_bitrate":	6000000000,
		"sock_bufsize":	0,
		"sndbuf_actual":	16384,
		"rcvbuf_actual":	131072,
		"test_start":	{
			"protocol":	"TCP",
			"num_streams":	1,
			"blksize":	131072,
			"omit":	0,
			"duration":	70,
			"bytes":	0,
			"blocks":	0,
			"reverse":	0,
			"tos":	0
		}
	},
	"intervals":	[{
			"streams":	[{
					"socket":	5,
					"start":	0,
					"end":	60.00002,
					"seconds":	60.000019073486328,
					"bytes":	44999507968,
					"bits_per_second":	5999932488.4061623,
					"retransmits":	21,
					"snd_cwnd":	930592,
					"rtt":	542,
					"rttvar":	48,
					"pmtu":	9000,
					"omitted":	false,
					"sender":	true
				}],
			"sum":	{
				"start":	0,
				"end":	60.00002,
				"seconds":	60.000019073486328,
				"bytes":	44999507968,
				"bits_per_second":	5999932488.4061623,
				"retransmits":	21,
				"omitted":	false,
				"sender":	true
			}
		}, {
			"streams":	[{
					"socket":	5,
					"start":	60.00002,
					"end":	70.000033,
					"seconds":	10.00001335144043,
					"bytes":	7499939840,
					"bits_per_second":	5999943861.2106953,
					"retransmits":	0,
					"snd_cwnd":	930592,
					"rtt":	501,
					"rttvar":	32,
					"pmtu":	9000,
					"omitted":	false,
					"sender":	true
				}],
			"sum":	{
				"start":	60.00002,
				"end":	70.000033,
				"seconds":	10.00001335144043,
				"bytes":	7499939840,
				"bits_per_second":	5999943861.2106953,
				"retransmits":	0,
				"omitted":	false,
				"sender":	true
			}
		}],
	"end":	{
		"streams":	[{
				"sender":	{
					"socket":	5,
					"start":	0,
					"end":	70.000033,
					"seconds":	70.000033,
					"bytes":	52499447808,
					"bits_per_second":	5999934063.8025122,
					"retransmits":	21,
					"max_snd_cwnd":	930592,
					"max_rtt":	542,
					"min_rtt":	501,
					"mean_rtt":	521,
					"sender":	true
				},
				"receiver":	{
					"socket":	5,
					"start":	0,
					"end":	70.000173,
					"seconds":	70.000033,
					"bytes":	52499447808,
					"bits_per_second":	5999922063.9640417,
					"sender":	true
				}
			}],
		"sum_sent":	{
			"start":	0,
			"end":	70.000033,
			"seconds":	70.000033,
			"bytes":	52499447808,
			"bits_per_second":	5999934063.8025122,
			"retransmits":	21,
			"sender":	true
		},
		"sum_received":	{
			"start":	0,
			"end":	70.000173,
			"seconds":	70.000173,
			"bytes":	52499447808,
			"bits_per_second":	5999922063.9640417,
			"sender":	true
		},
		"cpu_utilization_percent":	{
			"host_total":	22.482903918081831,
			"host_user":	3.7460978326142134,
			"host_system":	18.736804656946042,
			"remote_total":	46.279976967583728,
			"remote_user":	3.8930402546779708,
			"remote_system":	42.386935285300254
		},
		"sender_tcp_congestion":	"cubic",
		"receiver_tcp_congestion":	"reno"
	}
}
