{
	"start":	{
		"connected":	[{
				"socket":	5,
				"local_host":	"10.0.1.1",
				"local_port":	43298,
				"remote_host":	"10.0.0.1",
				"remote_port":	5201
			}],
		"version":	"iperf 3.9+",
		"system_info":	"Linux han-3 5.10.0 #9 SMP PREEMPT Tue Feb 23 15:01:43 PST 2021 x86_64",
		"timestamp":	{
			"time":	"Fri, 26 May 2023 16:51:05 GMT",
			"timesecs":	1685119865
		},
		"connecting_to":	{
			"host":	"10.0.0.1",
			"port":	5201
		},
		"cookie":	"2omz3kr5bmqdi2tlyh2qqx6zz6tf2h2qnxqs",
		"tcp_mss_default":	8948,
		"target_bitrate":	7000000000,
		"sock_bufsize":	0,
		"sndbuf_actual":	16384,
		"rcvbuf_actual":	131072,
		"test_start":	{
			"protocol":	"TCP",
			"num_streams":	1,
			"blksize":	131072,
			"omit":	0,
			"duration":	10,
			"bytes":	0,
			"blocks":	0,
			"reverse":	0,
			"tos":	0
		}
	},
	"intervals":	[{
			"streams":	[{
					"socket":	5,
					"start":	0,
					"end":	10.000266,
					"seconds":	10.000266075134277,
					"bytes":	8749449216,
					"bits_per_second":	6999373136.8852749,
					"retransmits":	17,
					"snd_cwnd":	1628536,
					"rtt":	581,
					"rttvar":	33,
					"pmtu":	9000,
					"omitted":	false,
					"sender":	true
				}],
			"sum":	{
				"start":	0,
				"end":	10.000266,
				"seconds":	10.000266075134277,
				"bytes":	8749449216,
				"bits_per_second":	6999373136.8852749,
				"retransmits":	17,
				"omitted":	false,
				"sender":	true
			}
		}],
	"end":	{
		"streams":	[{
				"sender":	{
					"socket":	5,
					"start":	0,
					"end":	10.000266,
					"seconds":	10.000266,
					"bytes":	8749449216,
					"bits_per_second":	6999373189.47316,
					"retransmits":	17,
					"max_snd_cwnd":	1628536,
					"max_rtt":	581,
					"min_rtt":	581,
					"mean_rtt":	581,
					"sender":	true
				},
				"receiver":	{
					"socket":	5,
					"start":	0,
					"end":	10.000581,
					"seconds":	10.000266,
					"bytes":	8749449216,
					"bits_per_second":	6999152722.02685,
					"sender":	true
				}
			}],
		"sum_sent":	{
			"start":	0,
			"end":	10.000266,
			"seconds":	10.000266,
			"bytes":	8749449216,
			"bits_per_second":	6999373189.47316,
			"retransmits":	17,
			"sender":	true
		},
		"sum_received":	{
			"start":	0,
			"end":	10.000581,
			"seconds":	10.000581,
			"bytes":	8749449216,
			"bits_per_second":	6999152722.02685,
			"sender":	true
		},
		"cpu_utilization_percent":	{
			"host_total":	57.1410904501533,
			"host_user":	1.9015354887574647,
			"host_system":	55.239474981774642,
			"remote_total":	48.964653686436385,
			"remote_user":	8.8034517925412938,
			"remote_system":	40.1611919742669
		},
		"sender_tcp_congestion":	"cubic",
		"receiver_tcp_congestion":	"reno"
	}
}
