{
	"start":	{
		"connected":	[{
				"socket":	5,
				"local_host":	"10.0.1.1",
				"local_port":	39782,
				"remote_host":	"10.0.0.1",
				"remote_port":	5201
			}],
		"version":	"iperf 3.9+",
		"system_info":	"Linux han-3 5.10.0 #9 SMP PREEMPT Tue Feb 23 15:01:43 PST 2021 x86_64",
		"timestamp":	{
			"time":	"Fri, 26 May 2023 04:28:28 GMT",
			"timesecs":	1685075308
		},
		"connecting_to":	{
			"host":	"10.0.0.1",
			"port":	5201
		},
		"cookie":	"xea72qeqownjfrzfcfh4pdtj4t6k43mekoiw",
		"tcp_mss_default":	8948,
		"target_bitrate":	8000000000,
		"sock_bufsize":	0,
		"sndbuf_actual":	16384,
		"rcvbuf_actual":	131072,
		"test_start":	{
			"protocol":	"TCP",
			"num_streams":	1,
			"blksize":	131072,
			"omit":	0,
			"duration":	100,
			"bytes":	0,
			"blocks":	0,
			"reverse":	0,
			"tos":	0
		}
	},
	"intervals":	[{
			"streams":	[{
					"socket":	5,
					"start":	0,
					"end":	60.000067,
					"seconds":	60.000068664550781,
					"bytes":	59999518720,
					"bits_per_second":	7999926674.14381,
					"retransmits":	26,
					"snd_cwnd":	1583796,
					"rtt":	416,
					"rttvar":	17,
					"pmtu":	9000,
					"omitted":	false,
					"sender":	true
				}],
			"sum":	{
				"start":	0,
				"end":	60.000067,
				"seconds":	60.000068664550781,
				"bytes":	59999518720,
				"bits_per_second":	7999926674.14381,
				"retransmits":	26,
				"omitted":	false,
				"sender":	true
			}
		}, {
			"streams":	[{
					"socket":	5,
					"start":	60.000067,
					"end":	100.000094,
					"seconds":	40.000026702880859,
					"bytes":	40000028672,
					"bits_per_second":	8000000393.8235655,
					"retransmits":	31,
					"snd_cwnd":	1261668,
					"rtt":	563,
					"rttvar":	10,
					"pmtu":	9000,
					"omitted":	false,
					"sender":	true
				}],
			"sum":	{
				"start":	60.000067,
				"end":	100.000094,
				"seconds":	40.000026702880859,
				"bytes":	40000028672,
				"bits_per_second":	8000000393.8235655,
				"retransmits":	31,
				"omitted":	false,
				"sender":	true
			}
		}],
	"end":	{
		"streams":	[{
				"sender":	{
					"socket":	5,
					"start":	0,
					"end":	100.000094,
					"seconds":	100.000094,
					"bytes":	99999547392,
					"bits_per_second":	7999956271.4011049,
					"retransmits":	57,
					"max_snd_cwnd":	1583796,
					"max_rtt":	563,
					"min_rtt":	416,
					"mean_rtt":	489,
					"sender":	true
				},
				"receiver":	{
					"socket":	5,
					"start":	0,
					"end":	100.000223,
					"seconds":	100.000094,
					"bytes":	99999547392,
					"bits_per_second":	7999945951.4805279,
					"sender":	true
				}
			}],
		"sum_sent":	{
			"start":	0,
			"end":	100.000094,
			"seconds":	100.000094,
			"bytes":	99999547392,
			"bits_per_second":	7999956271.4011049,
			"retransmits":	57,
			"sender":	true
		},
		"sum_received":	{
			"start":	0,
			"end":	100.000223,
			"seconds":	100.000223,
			"bytes":	99999547392,
			"bits_per_second":	7999945951.4805279,
			"sender":	true
		},
		"cpu_utilization_percent":	{
			"host_total":	43.10206208278872,
			"host_user":	1.3032097950684924,
			"host_system":	41.798850287765049,
			"remote_total":	50.9108252541229,
			"remote_user":	3.0628485836394548,
			"remote_system":	47.847976670483447
		},
		"sender_tcp_congestion":	"cubic",
		"receiver_tcp_congestion":	"reno"
	}
}
