{
	"start":	{
		"connected":	[{
				"socket":	5,
				"local_host":	"10.0.1.1",
				"local_port":	48104,
				"remote_host":	"10.0.0.1",
				"remote_port":	5201
			}],
		"version":	"iperf 3.9+",
		"system_info":	"Linux han-3 5.10.0 #9 SMP PREEMPT Tue Feb 23 15:01:43 PST 2021 x86_64",
		"timestamp":	{
			"time":	"Fri, 12 May 2023 01:42:27 GMT",
			"timesecs":	1683855747
		},
		"connecting_to":	{
			"host":	"10.0.0.1",
			"port":	5201
		},
		"cookie":	"jnsws3hs2wpjd5wvtx66pnsu2b5kz2p2y6nw",
		"tcp_mss_default":	8948,
		"sock_bufsize":	0,
		"sndbuf_actual":	16384,
		"rcvbuf_actual":	131072,
		"test_start":	{
			"protocol":	"TCP",
			"num_streams":	1,
			"blksize":	131072,
			"omit":	0,
			"duration":	0,
			"bytes":	53687091200,
			"blocks":	0,
			"reverse":	0,
			"tos":	0
		}
	},
	"intervals":	[{
			"streams":	[{
					"socket":	5,
					"start":	0,
					"end":	45.070187,
					"seconds":	45.070186614990234,
					"bytes":	53687091200,
					"bits_per_second":	9529508570.0211067,
					"retransmits":	7,
					"snd_cwnd":	483192,
					"rtt":	307,
					"rttvar":	38,
					"pmtu":	9000,
					"omitted":	false,
					"sender":	true
				}],
			"sum":	{
				"start":	0,
				"end":	45.070187,
				"seconds":	45.070186614990234,
				"bytes":	53687091200,
				"bits_per_second":	9529508570.0211067,
				"retransmits":	7,
				"omitted":	false,
				"sender":	true
			}
		}],
	"end":	{
		"streams":	[{
				"sender":	{
					"socket":	5,
					"start":	0,
					"end":	45.070187,
					"seconds":	45.070187,
					"bytes":	53687091200,
					"bits_per_second":	9529508488.61577,
					"retransmits":	7,
					"max_snd_cwnd":	483192,
					"max_rtt":	307,
					"min_rtt":	307,
					"mean_rtt":	307,
					"sender":	true
				},
				"receiver":	{
					"socket":	5,
					"start":	0,
					"end":	45.070437,
					"seconds":	45.070187,
					"bytes":	53684743012,
					"bits_per_second":	9529038826.4041,
					"sender":	true
				}
			}],
		"sum_sent":	{
			"start":	0,
			"end":	45.070187,
			"seconds":	45.070187,
			"bytes":	53687091200,
			"bits_per_second":	9529508488.61577,
			"retransmits":	7,
			"sender":	true
		},
		"sum_received":	{
			"start":	0,
			"end":	45.070437,
			"seconds":	45.070437,
			"bytes":	53684743012,
			"bits_per_second":	9529038826.4041,
			"sender":	true
		},
		"cpu_utilization_percent":	{
			"host_total":	28.089109941355094,
			"host_user":	1.1844905637161072,
			"host_system":	26.904619377638987,
			"remote_total":	48.791054552570827,
			"remote_user":	3.5416502061530424,
			"remote_system":	45.249404346417784
		},
		"sender_tcp_congestion":	"bbr2",
		"receiver_tcp_congestion":	"cubic"
	}
}
