{
	"start":	{
		"connected":	[{
				"socket":	5,
				"local_host":	"10.0.1.1",
				"local_port":	48090,
				"remote_host":	"10.0.0.1",
				"remote_port":	5201
			}],
		"version":	"iperf 3.9+",
		"system_info":	"Linux han-3 5.10.0 #9 SMP PREEMPT Tue Feb 23 15:01:43 PST 2021 x86_64",
		"timestamp":	{
			"time":	"Fri, 12 May 2023 01:40:10 GMT",
			"timesecs":	1683855610
		},
		"connecting_to":	{
			"host":	"10.0.0.1",
			"port":	5201
		},
		"cookie":	"mb23uvkympn3zrxycdj7pnxdr5ctxausaxub",
		"tcp_mss_default":	8948,
		"sock_bufsize":	0,
		"sndbuf_actual":	16384,
		"rcvbuf_actual":	131072,
		"test_start":	{
			"protocol":	"TCP",
			"num_streams":	1,
			"blksize":	131072,
			"omit":	0,
			"duration":	0,
			"bytes":	53687091200,
			"blocks":	0,
			"reverse":	0,
			"tos":	0
		}
	},
	"intervals":	[{
			"streams":	[{
					"socket":	5,
					"start":	0,
					"end":	46.931128,
					"seconds":	46.9311294555664,
					"bytes":	53687091200,
					"bits_per_second":	9151638466.46052,
					"retransmits":	9,
					"snd_cwnd":	375816,
					"rtt":	263,
					"rttvar":	12,
					"pmtu":	9000,
					"omitted":	false,
					"sender":	true
				}],
			"sum":	{
				"start":	0,
				"end":	46.931128,
				"seconds":	46.9311294555664,
				"bytes":	53687091200,
				"bits_per_second":	9151638466.46052,
				"retransmits":	9,
				"omitted":	false,
				"sender":	true
			}
		}],
	"end":	{
		"streams":	[{
				"sender":	{
					"socket":	5,
					"start":	0,
					"end":	46.931128,
					"seconds":	46.931128,
					"bytes":	53687091200,
					"bits_per_second":	9151638750.2980957,
					"retransmits":	9,
					"max_snd_cwnd":	375816,
					"max_rtt":	263,
					"min_rtt":	263,
					"mean_rtt":	263,
					"sender":	true
				},
				"receiver":	{
					"socket":	5,
					"start":	0,
					"end":	46.931284,
					"seconds":	46.931128,
					"bytes":	53684796700,
					"bits_per_second":	9151217205.13762,
					"sender":	true
				}
			}],
		"sum_sent":	{
			"start":	0,
			"end":	46.931128,
			"seconds":	46.931128,
			"bytes":	53687091200,
			"bits_per_second":	9151638750.2980957,
			"retransmits":	9,
			"sender":	true
		},
		"sum_received":	{
			"start":	0,
			"end":	46.931284,
			"seconds":	46.931284,
			"bytes":	53684796700,
			"bits_per_second":	9151217205.13762,
			"sender":	true
		},
		"cpu_utilization_percent":	{
			"host_total":	27.779154680088112,
			"host_user":	1.3086684674730693,
			"host_system":	26.470488343309817,
			"remote_total":	41.725852801920823,
			"remote_user":	3.783994116143826,
			"remote_system":	37.941858685777
		},
		"sender_tcp_congestion":	"bbr2",
		"receiver_tcp_congestion":	"cubic"
	}
}
