{
	"start":	{
		"connected":	[{
				"socket":	5,
				"local_host":	"10.0.1.1",
				"local_port":	47942,
				"remote_host":	"10.0.0.1",
				"remote_port":	5201
			}],
		"version":	"iperf 3.9+",
		"system_info":	"Linux han-3 5.10.0 #9 SMP PREEMPT Tue Feb 23 15:01:43 PST 2021 x86_64",
		"timestamp":	{
			"time":	"Fri, 12 May 2023 01:10:56 GMT",
			"timesecs":	1683853856
		},
		"connecting_to":	{
			"host":	"10.0.0.1",
			"port":	5201
		},
		"cookie":	"zijw27zeomhb3pvcu7cijva7x2qxlozzuxry",
		"tcp_mss_default":	2948,
		"sock_bufsize":	0,
		"sndbuf_actual":	16384,
		"rcvbuf_actual":	131072,
		"test_start":	{
			"protocol":	"TCP",
			"num_streams":	1,
			"blksize":	131072,
			"omit":	0,
			"duration":	0,
			"bytes":	53687091200,
			"blocks":	0,
			"reverse":	0,
			"tos":	0
		}
	},
	"intervals":	[{
			"streams":	[{
					"socket":	5,
					"start":	0,
					"end":	57.289671,
					"seconds":	57.2896728515625,
					"bytes":	53687091200,
					"bits_per_second":	7496931091.1030283,
					"retransmits":	147,
					"snd_cwnd":	221100,
					"rtt":	283,
					"rttvar":	37,
					"pmtu":	3000,
					"omitted":	false,
					"sender":	true
				}],
			"sum":	{
				"start":	0,
				"end":	57.289671,
				"seconds":	57.2896728515625,
				"bytes":	53687091200,
				"bits_per_second":	7496931091.1030283,
				"retransmits":	147,
				"omitted":	false,
				"sender":	true
			}
		}],
	"end":	{
		"streams":	[{
				"sender":	{
					"socket":	5,
					"start":	0,
					"end":	57.289671,
					"seconds":	57.289671,
					"bytes":	53687091200,
					"bits_per_second":	7496931333.39865,
					"retransmits":	147,
					"max_snd_cwnd":	221100,
					"max_rtt":	283,
					"min_rtt":	283,
					"mean_rtt":	283,
					"sender":	true
				},
				"receiver":	{
					"socket":	5,
					"start":	0,
					"end":	57.289954,
					"seconds":	57.289671,
					"bytes":	53683999776,
					"bits_per_second":	7496462612.0663319,
					"sender":	true
				}
			}],
		"sum_sent":	{
			"start":	0,
			"end":	57.289671,
			"seconds":	57.289671,
			"bytes":	53687091200,
			"bits_per_second":	7496931333.39865,
			"retransmits":	147,
			"sender":	true
		},
		"sum_received":	{
			"start":	0,
			"end":	57.289954,
			"seconds":	57.289954,
			"bytes":	53683999776,
			"bits_per_second":	7496462612.0663319,
			"sender":	true
		},
		"cpu_utilization_percent":	{
			"host_total":	30.725009390056261,
			"host_user":	1.1284614328889857,
			"host_system":	29.596549702612,
			"remote_total":	54.755219323090962,
			"remote_user":	2.9796106486240466,
			"remote_system":	51.7756104184836
		},
		"sender_tcp_congestion":	"bbr2",
		"receiver_tcp_congestion":	"cubic"
	}
}
