{
	"start":	{
		"connected":	[{
				"socket":	5,
				"local_host":	"10.0.1.1",
				"local_port":	48236,
				"remote_host":	"10.0.0.1",
				"remote_port":	5201
			}],
		"version":	"iperf 3.9+",
		"system_info":	"Linux han-3 5.10.0 #9 SMP PREEMPT Tue Feb 23 15:01:43 PST 2021 x86_64",
		"timestamp":	{
			"time":	"Fri, 12 May 2023 02:06:42 GMT",
			"timesecs":	1683857202
		},
		"connecting_to":	{
			"host":	"10.0.0.1",
			"port":	5201
		},
		"cookie":	"fsrl5oiugfdqf2tkakibveolmzfpiwdz6sjz",
		"tcp_mss_default":	2948,
		"sock_bufsize":	0,
		"sndbuf_actual":	16384,
		"rcvbuf_actual":	131072,
		"test_start":	{
			"protocol":	"TCP",
			"num_streams":	1,
			"blksize":	131072,
			"omit":	0,
			"duration":	0,
			"bytes":	53687091200,
			"blocks":	0,
			"reverse":	0,
			"tos":	0
		}
	},
	"intervals":	[{
			"streams":	[{
					"socket":	5,
					"start":	0,
					"end":	44.974331,
					"seconds":	44.9743309020996,
					"bytes":	53687222272,
					"bits_per_second":	9549842533.75405,
					"retransmits":	200,
					"snd_cwnd":	512952,
					"rtt":	370,
					"rttvar":	13,
					"pmtu":	3000,
					"omitted":	false,
					"sender":	true
				}],
			"sum":	{
				"start":	0,
				"end":	44.974331,
				"seconds":	44.9743309020996,
				"bytes":	53687222272,
				"bits_per_second":	9549842533.75405,
				"retransmits":	200,
				"omitted":	false,
				"sender":	true
			}
		}],
	"end":	{
		"streams":	[{
				"sender":	{
					"socket":	5,
					"start":	0,
					"end":	44.974331,
					"seconds":	44.974331,
					"bytes":	53687222272,
					"bits_per_second":	9549842512.9658966,
					"retransmits":	200,
					"max_snd_cwnd":	512952,
					"max_rtt":	370,
					"min_rtt":	370,
					"mean_rtt":	370,
					"sender":	true
				},
				"receiver":	{
					"socket":	5,
					"start":	0,
					"end":	44.974832,
					"seconds":	44.974331,
					"bytes":	53684138332,
					"bits_per_second":	9549187569.08308,
					"sender":	true
				}
			}],
		"sum_sent":	{
			"start":	0,
			"end":	44.974331,
			"seconds":	44.974331,
			"bytes":	53687222272,
			"bits_per_second":	9549842512.9658966,
			"retransmits":	200,
			"sender":	true
		},
		"sum_received":	{
			"start":	0,
			"end":	44.974832,
			"seconds":	44.974832,
			"bytes":	53684138332,
			"bits_per_second":	9549187569.08308,
			"sender":	true
		},
		"cpu_utilization_percent":	{
			"host_total":	32.182549948188864,
			"host_user":	1.3687143913106266,
			"host_system":	30.813831110047822,
			"remote_total":	56.982358802904066,
			"remote_user":	2.8639280635472373,
			"remote_system":	54.1184329607476
		},
		"sender_tcp_congestion":	"bbr",
		"receiver_tcp_congestion":	"cubic"
	}
}
