{
	"start":	{
		"connected":	[{
				"socket":	5,
				"local_host":	"10.0.1.1",
				"local_port":	48146,
				"remote_host":	"10.0.0.1",
				"remote_port":	5201
			}],
		"version":	"iperf 3.9+",
		"system_info":	"Linux han-3 5.10.0 #9 SMP PREEMPT Tue Feb 23 15:01:43 PST 2021 x86_64",
		"timestamp":	{
			"time":	"Fri, 12 May 2023 01:50:22 GMT",
			"timesecs":	1683856222
		},
		"connecting_to":	{
			"host":	"10.0.0.1",
			"port":	5201
		},
		"cookie":	"vjtykelqf3lf2nxm5cwfni3t22j3dccebwkm",
		"tcp_mss_default":	1448,
		"sock_bufsize":	0,
		"sndbuf_actual":	16384,
		"rcvbuf_actual":	131072,
		"test_start":	{
			"protocol":	"TCP",
			"num_streams":	1,
			"blksize":	131072,
			"omit":	0,
			"duration":	0,
			"bytes":	53687091200,
			"blocks":	0,
			"reverse":	0,
			"tos":	0
		}
	},
	"intervals":	[{
			"streams":	[{
					"socket":	5,
					"start":	0,
					"end":	46.638982,
					"seconds":	46.638980865478516,
					"bytes":	53687091200,
					"bits_per_second":	9208964724.9969635,
					"retransmits":	5402,
					"snd_cwnd":	5792,
					"rtt":	76,
					"rttvar":	8,
					"pmtu":	1500,
					"omitted":	false,
					"sender":	true
				}],
			"sum":	{
				"start":	0,
				"end":	46.638982,
				"seconds":	46.638980865478516,
				"bytes":	53687091200,
				"bits_per_second":	9208964724.9969635,
				"retransmits":	5402,
				"omitted":	false,
				"sender":	true
			}
		}],
	"end":	{
		"streams":	[{
				"sender":	{
					"socket":	5,
					"start":	0,
					"end":	46.638982,
					"seconds":	46.638982,
					"bytes":	53687091200,
					"bits_per_second":	9208964500.98332,
					"retransmits":	5402,
					"max_snd_cwnd":	5792,
					"max_rtt":	76,
					"min_rtt":	76,
					"mean_rtt":	76,
					"sender":	true
				},
				"receiver":	{
					"socket":	5,
					"start":	0,
					"end":	46.639094,
					"seconds":	46.638982,
					"bytes":	53684103256,
					"bits_per_second":	9208429864.6110058,
					"sender":	true
				}
			}],
		"sum_sent":	{
			"start":	0,
			"end":	46.638982,
			"seconds":	46.638982,
			"bytes":	53687091200,
			"bits_per_second":	9208964500.98332,
			"retransmits":	5402,
			"sender":	true
		},
		"sum_received":	{
			"start":	0,
			"end":	46.639094,
			"seconds":	46.639094,
			"bytes":	53684103256,
			"bits_per_second":	9208429864.6110058,
			"sender":	true
		},
		"cpu_utilization_percent":	{
			"host_total":	36.173318617764529,
			"host_user":	1.1731453790766944,
			"host_system":	35.000177526774166,
			"remote_total":	83.614527514422349,
			"remote_user":	1.570298166888874,
			"remote_system":	82.0442057878136
		},
		"sender_tcp_congestion":	"bbr",
		"receiver_tcp_congestion":	"cubic"
	}
}
