{
	"start":	{
		"connected":	[{
				"socket":	5,
				"local_host":	"10.0.1.1",
				"local_port":	48160,
				"remote_host":	"10.0.0.1",
				"remote_port":	5201
			}],
		"version":	"iperf 3.9+",
		"system_info":	"Linux han-3 5.10.0 #9 SMP PREEMPT Tue Feb 23 15:01:43 PST 2021 x86_64",
		"timestamp":	{
			"time":	"Fri, 12 May 2023 01:52:42 GMT",
			"timesecs":	1683856362
		},
		"connecting_to":	{
			"host":	"10.0.0.1",
			"port":	5201
		},
		"cookie":	"thjanxckisrijq53bbu72jwejcopprw7iihi",
		"tcp_mss_default":	1448,
		"sock_bufsize":	0,
		"sndbuf_actual":	16384,
		"rcvbuf_actual":	131072,
		"test_start":	{
			"protocol":	"TCP",
			"num_streams":	1,
			"blksize":	131072,
			"omit":	0,
			"duration":	0,
			"bytes":	53687091200,
			"blocks":	0,
			"reverse":	0,
			"tos":	0
		}
	},
	"intervals":	[{
			"streams":	[{
					"socket":	5,
					"start":	0,
					"end":	46.636833,
					"seconds":	46.636833190917969,
					"bytes":	53687091200,
					"bits_per_second":	9209388807.37811,
					"retransmits":	2245,
					"snd_cwnd":	509696,
					"rtt":	340,
					"rttvar":	21,
					"pmtu":	1500,
					"omitted":	false,
					"sender":	true
				}],
			"sum":	{
				"start":	0,
				"end":	46.636833,
				"seconds":	46.636833190917969,
				"bytes":	53687091200,
				"bits_per_second":	9209388807.37811,
				"retransmits":	2245,
				"omitted":	false,
				"sender":	true
			}
		}],
	"end":	{
		"streams":	[{
				"sender":	{
					"socket":	5,
					"start":	0,
					"end":	46.636833,
					"seconds":	46.636833,
					"bytes":	53687091200,
					"bits_per_second":	9209388845.07874,
					"retransmits":	2245,
					"max_snd_cwnd":	509696,
					"max_rtt":	340,
					"min_rtt":	340,
					"mean_rtt":	340,
					"sender":	true
				},
				"receiver":	{
					"socket":	5,
					"start":	0,
					"end":	46.637454,
					"seconds":	46.636833,
					"bytes":	53684062792,
					"bits_per_second":	9208746736.81801,
					"sender":	true
				}
			}],
		"sum_sent":	{
			"start":	0,
			"end":	46.636833,
			"seconds":	46.636833,
			"bytes":	53687091200,
			"bits_per_second":	9209388845.07874,
			"retransmits":	2245,
			"sender":	true
		},
		"sum_received":	{
			"start":	0,
			"end":	46.637454,
			"seconds":	46.637454,
			"bytes":	53684062792,
			"bits_per_second":	9208746736.81801,
			"sender":	true
		},
		"cpu_utilization_percent":	{
			"host_total":	37.9171157246127,
			"host_user":	1.0343413329829494,
			"host_system":	36.882772247472765,
			"remote_total":	67.49250978254,
			"remote_user":	2.2434982127382437,
			"remote_system":	65.2489880038691
		},
		"sender_tcp_congestion":	"bbr",
		"receiver_tcp_congestion":	"cubic"
	}
}
