{
	"start":	{
		"connected":	[{
				"socket":	5,
				"local_host":	"10.0.1.1",
				"local_port":	48400,
				"remote_host":	"10.0.0.1",
				"remote_port":	5201
			}],
		"version":	"iperf 3.9+",
		"system_info":	"Linux han-3 5.10.0 #9 SMP PREEMPT Tue Feb 23 15:01:43 PST 2021 x86_64",
		"timestamp":	{
			"time":	"Fri, 12 May 2023 02:34:17 GMT",
			"timesecs":	1683858857
		},
		"connecting_to":	{
			"host":	"10.0.0.1",
			"port":	5201
		},
		"cookie":	"mrtps6hh7tzxlwxuxh3bdslrip5ggc5wdc5n",
		"tcp_mss_default":	5948,
		"sock_bufsize":	0,
		"sndbuf_actual":	16384,
		"rcvbuf_actual":	131072,
		"test_start":	{
			"protocol":	"TCP",
			"num_streams":	1,
			"blksize":	131072,
			"omit":	0,
			"duration":	0,
			"bytes":	53687091200,
			"blocks":	0,
			"reverse":	0,
			"tos":	0
		}
	},
	"intervals":	[{
			"streams":	[{
					"socket":	5,
					"start":	0,
					"end":	44.286277,
					"seconds":	44.2862777709961,
					"bytes":	53687091200,
					"bits_per_second":	9698189850.61069,
					"retransmits":	11,
					"snd_cwnd":	571008,
					"rtt":	386,
					"rttvar":	11,
					"pmtu":	6000,
					"omitted":	false,
					"sender":	true
				}],
			"sum":	{
				"start":	0,
				"end":	44.286277,
				"seconds":	44.2862777709961,
				"bytes":	53687091200,
				"bits_per_second":	9698189850.61069,
				"retransmits":	11,
				"omitted":	false,
				"sender":	true
			}
		}],
	"end":	{
		"streams":	[{
				"sender":	{
					"socket":	5,
					"start":	0,
					"end":	44.286277,
					"seconds":	44.286277,
					"bytes":	53687091200,
					"bits_per_second":	9698190019.45004,
					"retransmits":	11,
					"max_snd_cwnd":	571008,
					"max_rtt":	386,
					"min_rtt":	386,
					"mean_rtt":	386,
					"sender":	true
				},
				"receiver":	{
					"socket":	5,
					"start":	0,
					"end":	44.286728,
					"seconds":	44.286277,
					"bytes":	53684512668,
					"bits_per_second":	9697625467.928,
					"sender":	true
				}
			}],
		"sum_sent":	{
			"start":	0,
			"end":	44.286277,
			"seconds":	44.286277,
			"bytes":	53687091200,
			"bits_per_second":	9698190019.45004,
			"retransmits":	11,
			"sender":	true
		},
		"sum_received":	{
			"start":	0,
			"end":	44.286728,
			"seconds":	44.286728,
			"bytes":	53684512668,
			"bits_per_second":	9697625467.928,
			"sender":	true
		},
		"cpu_utilization_percent":	{
			"host_total":	31.752774052327581,
			"host_user":	1.3109420066058746,
			"host_system":	30.441832045721711,
			"remote_total":	44.939764746103151,
			"remote_user":	3.8773441065269614,
			"remote_system":	41.0624183838572
		},
		"sender_tcp_congestion":	"bbr",
		"receiver_tcp_congestion":	"cubic"
	}
}
