{
	"start":	{
		"connected":	[{
				"socket":	5,
				"local_host":	"10.0.1.1",
				"local_port":	48336,
				"remote_host":	"10.0.0.1",
				"remote_port":	5201
			}],
		"version":	"iperf 3.9+",
		"system_info":	"Linux han-3 5.10.0 #9 SMP PREEMPT Tue Feb 23 15:01:43 PST 2021 x86_64",
		"timestamp":	{
			"time":	"Fri, 12 May 2023 02:23:11 GMT",
			"timesecs":	1683858191
		},
		"connecting_to":	{
			"host":	"10.0.0.1",
			"port":	5201
		},
		"cookie":	"swyyjcxenjhpcmeb5eqsmbw7oglb6ksjdsho",
		"tcp_mss_default":	5948,
		"sock_bufsize":	0,
		"sndbuf_actual":	16384,
		"rcvbuf_actual":	131072,
		"test_start":	{
			"protocol":	"TCP",
			"num_streams":	1,
			"blksize":	131072,
			"omit":	0,
			"duration":	0,
			"bytes":	53687091200,
			"blocks":	0,
			"reverse":	0,
			"tos":	0
		}
	},
	"intervals":	[{
			"streams":	[{
					"socket":	5,
					"start":	0,
					"end":	44.284485,
					"seconds":	44.28448486328125,
					"bytes":	53687091200,
					"bits_per_second":	9698582492.85225,
					"retransmits":	4,
					"snd_cwnd":	582904,
					"rtt":	440,
					"rttvar":	31,
					"pmtu":	6000,
					"omitted":	false,
					"sender":	true
				}],
			"sum":	{
				"start":	0,
				"end":	44.284485,
				"seconds":	44.28448486328125,
				"bytes":	53687091200,
				"bits_per_second":	9698582492.85225,
				"retransmits":	4,
				"omitted":	false,
				"sender":	true
			}
		}],
	"end":	{
		"streams":	[{
				"sender":	{
					"socket":	5,
					"start":	0,
					"end":	44.284485,
					"seconds":	44.284485,
					"bytes":	53687091200,
					"bits_per_second":	9698582462.90998,
					"retransmits":	4,
					"max_snd_cwnd":	582904,
					"max_rtt":	440,
					"min_rtt":	440,
					"mean_rtt":	440,
					"sender":	true
				},
				"receiver":	{
					"socket":	5,
					"start":	0,
					"end":	44.284976,
					"seconds":	44.284485,
					"bytes":	53684417500,
					"bits_per_second":	9697991932.975193,
					"sender":	true
				}
			}],
		"sum_sent":	{
			"start":	0,
			"end":	44.284485,
			"seconds":	44.284485,
			"bytes":	53687091200,
			"bits_per_second":	9698582462.90998,
			"retransmits":	4,
			"sender":	true
		},
		"sum_received":	{
			"start":	0,
			"end":	44.284976,
			"seconds":	44.284976,
			"bytes":	53684417500,
			"bits_per_second":	9697991932.975193,
			"sender":	true
		},
		"cpu_utilization_percent":	{
			"host_total":	35.2441566558099,
			"host_user":	1.458949193040461,
			"host_system":	33.785209720785275,
			"remote_total":	43.789731944700058,
			"remote_user":	3.76933594243379,
			"remote_system":	40.020398257712728
		},
		"sender_tcp_congestion":	"bbr",
		"receiver_tcp_congestion":	"cubic"
	}
}
