{
	"start":	{
		"connected":	[{
				"socket":	5,
				"local_host":	"10.0.1.1",
				"local_port":	48378,
				"remote_host":	"10.0.0.1",
				"remote_port":	5201
			}],
		"version":	"iperf 3.9+",
		"system_info":	"Linux han-3 5.10.0 #9 SMP PREEMPT Tue Feb 23 15:01:43 PST 2021 x86_64",
		"timestamp":	{
			"time":	"Fri, 12 May 2023 02:30:35 GMT",
			"timesecs":	1683858635
		},
		"connecting_to":	{
			"host":	"10.0.0.1",
			"port":	5201
		},
		"cookie":	"d4gyt32iudd4ywlbesuig6syyaqvpwlzvufj",
		"tcp_mss_default":	5948,
		"sock_bufsize":	0,
		"sndbuf_actual":	16384,
		"rcvbuf_actual":	131072,
		"test_start":	{
			"protocol":	"TCP",
			"num_streams":	1,
			"blksize":	131072,
			"omit":	0,
			"duration":	0,
			"bytes":	53687091200,
			"blocks":	0,
			"reverse":	0,
			"tos":	0
		}
	},
	"intervals":	[{
			"streams":	[{
					"socket":	5,
					"start":	0,
					"end":	44.290148,
					"seconds":	44.2901496887207,
					"bytes":	53687091200,
					"bits_per_second":	9697342018.90447,
					"retransmits":	53,
					"snd_cwnd":	630488,
					"rtt":	518,
					"rttvar":	14,
					"pmtu":	6000,
					"omitted":	false,
					"sender":	true
				}],
			"sum":	{
				"start":	0,
				"end":	44.290148,
				"seconds":	44.2901496887207,
				"bytes":	53687091200,
				"bits_per_second":	9697342018.90447,
				"retransmits":	53,
				"omitted":	false,
				"sender":	true
			}
		}],
	"end":	{
		"streams":	[{
				"sender":	{
					"socket":	5,
					"start":	0,
					"end":	44.290148,
					"seconds":	44.290148,
					"bytes":	53687091200,
					"bits_per_second":	9697342388.6504059,
					"retransmits":	53,
					"max_snd_cwnd":	630488,
					"max_rtt":	518,
					"min_rtt":	518,
					"mean_rtt":	518,
					"sender":	true
				},
				"receiver":	{
					"socket":	5,
					"start":	0,
					"end":	44.290815,
					"seconds":	44.290148,
					"bytes":	53684566200,
					"bits_per_second":	9696740274.47903,
					"sender":	true
				}
			}],
		"sum_sent":	{
			"start":	0,
			"end":	44.290148,
			"seconds":	44.290148,
			"bytes":	53687091200,
			"bits_per_second":	9697342388.6504059,
			"retransmits":	53,
			"sender":	true
		},
		"sum_received":	{
			"start":	0,
			"end":	44.290815,
			"seconds":	44.290815,
			"bytes":	53684566200,
			"bits_per_second":	9696740274.47903,
			"sender":	true
		},
		"cpu_utilization_percent":	{
			"host_total":	28.488286601090824,
			"host_user":	1.1955326245181859,
			"host_system":	27.292749461107451,
			"remote_total":	47.69321000093484,
			"remote_user":	3.6289874514129745,
			"remote_system":	44.064222549521865
		},
		"sender_tcp_congestion":	"bbr",
		"receiver_tcp_congestion":	"cubic"
	}
}
