{
	"start":	{
		"connected":	[{
				"socket":	5,
				"local_host":	"10.0.1.1",
				"local_port":	47264,
				"remote_host":	"10.0.0.1",
				"remote_port":	5201
			}],
		"version":	"iperf 3.9+",
		"system_info":	"Linux han-3 5.10.0 #9 SMP PREEMPT Tue Feb 23 15:01:43 PST 2021 x86_64",
		"timestamp":	{
			"time":	"Thu, 11 May 2023 23:02:47 GMT",
			"timesecs":	1683846167
		},
		"connecting_to":	{
			"host":	"10.0.0.1",
			"port":	5201
		},
		"cookie":	"cbu3kdysf732zwozcvytqz6d3syuau7cbgud",
		"tcp_mss_default":	2948,
		"sock_bufsize":	0,
		"sndbuf_actual":	16384,
		"rcvbuf_actual":	131072,
		"test_start":	{
			"protocol":	"TCP",
			"num_streams":	1,
			"blksize":	131072,
			"omit":	0,
			"duration":	0,
			"bytes":	53687091200,
			"blocks":	0,
			"reverse":	0,
			"tos":	0
		}
	},
	"intervals":	[{
			"streams":	[{
					"socket":	5,
					"start":	0,
					"end":	44.307811,
					"seconds":	44.307811737060547,
					"bytes":	53687091200,
					"bits_per_second":	9693476449.4531441,
					"retransmits":	1587,
					"snd_cwnd":	1403248,
					"rtt":	1121,
					"rttvar":	7,
					"pmtu":	3000,
					"omitted":	false,
					"sender":	true
				}],
			"sum":	{
				"start":	0,
				"end":	44.307811,
				"seconds":	44.307811737060547,
				"bytes":	53687091200,
				"bits_per_second":	9693476449.4531441,
				"retransmits":	1587,
				"omitted":	false,
				"sender":	true
			}
		}],
	"end":	{
		"streams":	[{
				"sender":	{
					"socket":	5,
					"start":	0,
					"end":	44.307811,
					"seconds":	44.307811,
					"bytes":	53687091200,
					"bits_per_second":	9693476610.70415,
					"retransmits":	1587,
					"max_snd_cwnd":	1403248,
					"max_rtt":	1121,
					"min_rtt":	1121,
					"mean_rtt":	1121,
					"sender":	true
				},
				"receiver":	{
					"socket":	5,
					"start":	0,
					"end":	44.309063,
					"seconds":	44.307811,
					"bytes":	53686140000,
					"bits_per_second":	9693030972.0158157,
					"sender":	true
				}
			}],
		"sum_sent":	{
			"start":	0,
			"end":	44.307811,
			"seconds":	44.307811,
			"bytes":	53687091200,
			"bits_per_second":	9693476610.70415,
			"retransmits":	1587,
			"sender":	true
		},
		"sum_received":	{
			"start":	0,
			"end":	44.309063,
			"seconds":	44.309063,
			"bytes":	53686140000,
			"bits_per_second":	9693030972.0158157,
			"sender":	true
		},
		"cpu_utilization_percent":	{
			"host_total":	45.146477782956,
			"host_user":	1.2754615550407418,
			"host_system":	43.871016227915263,
			"remote_total":	60.765352998324659,
			"remote_user":	2.4408569704624981,
			"remote_system":	58.324496027862175
		},
		"sender_tcp_congestion":	"cubic",
		"receiver_tcp_congestion":	"cubic"
	}
}
