{
	"start":	{
		"connected":	[{
				"socket":	5,
				"local_host":	"10.0.1.1",
				"local_port":	47182,
				"remote_host":	"10.0.0.1",
				"remote_port":	5201
			}],
		"version":	"iperf 3.9+",
		"system_info":	"Linux han-3 5.10.0 #9 SMP PREEMPT Tue Feb 23 15:01:43 PST 2021 x86_64",
		"timestamp":	{
			"time":	"Thu, 11 May 2023 22:48:37 GMT",
			"timesecs":	1683845317
		},
		"connecting_to":	{
			"host":	"10.0.0.1",
			"port":	5201
		},
		"cookie":	"fvnpx2nxipxn3bmqw2vyuvp6phbgwvnu4j5n",
		"tcp_mss_default":	1448,
		"sock_bufsize":	0,
		"sndbuf_actual":	16384,
		"rcvbuf_actual":	131072,
		"test_start":	{
			"protocol":	"TCP",
			"num_streams":	1,
			"blksize":	131072,
			"omit":	0,
			"duration":	0,
			"bytes":	53687091200,
			"blocks":	0,
			"reverse":	0,
			"tos":	0
		}
	},
	"intervals":	[{
			"streams":	[{
					"socket":	5,
					"start":	0,
					"end":	46.601538,
					"seconds":	46.6015396118164,
					"bytes":	53687091200,
					"bits_per_second":	9216363518.8373833,
					"retransmits":	9506,
					"snd_cwnd":	1139576,
					"rtt":	1189,
					"rttvar":	17,
					"pmtu":	1500,
					"omitted":	false,
					"sender":	true
				}],
			"sum":	{
				"start":	0,
				"end":	46.601538,
				"seconds":	46.6015396118164,
				"bytes":	53687091200,
				"bits_per_second":	9216363518.8373833,
				"retransmits":	9506,
				"omitted":	false,
				"sender":	true
			}
		}],
	"end":	{
		"streams":	[{
				"sender":	{
					"socket":	5,
					"start":	0,
					"end":	46.601538,
					"seconds":	46.601538,
					"bytes":	53687091200,
					"bits_per_second":	9216363837.60553,
					"retransmits":	9506,
					"max_snd_cwnd":	1139576,
					"max_rtt":	1189,
					"min_rtt":	1189,
					"mean_rtt":	1189,
					"sender":	true
				},
				"receiver":	{
					"socket":	5,
					"start":	0,
					"end":	46.602665,
					"seconds":	46.601538,
					"bytes":	53685488328,
					"bits_per_second":	9215865801.3227348,
					"sender":	true
				}
			}],
		"sum_sent":	{
			"start":	0,
			"end":	46.601538,
			"seconds":	46.601538,
			"bytes":	53687091200,
			"bits_per_second":	9216363837.60553,
			"retransmits":	9506,
			"sender":	true
		},
		"sum_received":	{
			"start":	0,
			"end":	46.602665,
			"seconds":	46.602665,
			"bytes":	53685488328,
			"bits_per_second":	9215865801.3227348,
			"sender":	true
		},
		"cpu_utilization_percent":	{
			"host_total":	47.203903182775029,
			"host_user":	1.0475390660740258,
			"host_system":	46.156364116701013,
			"remote_total":	82.070214245227149,
			"remote_user":	1.1052601931337371,
			"remote_system":	80.9649304738952
		},
		"sender_tcp_congestion":	"cubic",
		"receiver_tcp_congestion":	"cubic"
	}
}
