{
	"start":	{
		"connected":	[{
				"socket":	5,
				"local_host":	"10.0.1.1",
				"local_port":	47220,
				"remote_host":	"10.0.0.1",
				"remote_port":	5201
			}],
		"version":	"iperf 3.9+",
		"system_info":	"Linux han-3 5.10.0 #9 SMP PREEMPT Tue Feb 23 15:01:43 PST 2021 x86_64",
		"timestamp":	{
			"time":	"Thu, 11 May 2023 22:55:23 GMT",
			"timesecs":	1683845723
		},
		"connecting_to":	{
			"host":	"10.0.0.1",
			"port":	5201
		},
		"cookie":	"fxzxybzhe3vn3kyrx2mq2spcpewbq433ysgj",
		"tcp_mss_default":	2948,
		"sock_bufsize":	0,
		"sndbuf_actual":	16384,
		"rcvbuf_actual":	131072,
		"test_start":	{
			"protocol":	"TCP",
			"num_streams":	1,
			"blksize":	131072,
			"omit":	0,
			"duration":	0,
			"bytes":	53687091200,
			"blocks":	0,
			"reverse":	0,
			"tos":	0
		}
	},
	"intervals":	[{
			"streams":	[{
					"socket":	5,
					"start":	0,
					"end":	44.282202,
					"seconds":	44.2822036743164,
					"bytes":	53687091200,
					"bits_per_second":	9699082113.4113369,
					"retransmits":	2308,
					"snd_cwnd":	1282380,
					"rtt":	975,
					"rttvar":	17,
					"pmtu":	3000,
					"omitted":	false,
					"sender":	true
				}],
			"sum":	{
				"start":	0,
				"end":	44.282202,
				"seconds":	44.2822036743164,
				"bytes":	53687091200,
				"bits_per_second":	9699082113.4113369,
				"retransmits":	2308,
				"omitted":	false,
				"sender":	true
			}
		}],
	"end":	{
		"streams":	[{
				"sender":	{
					"socket":	5,
					"start":	0,
					"end":	44.282202,
					"seconds":	44.282202,
					"bytes":	53687091200,
					"bits_per_second":	9699082480.13502,
					"retransmits":	2308,
					"max_snd_cwnd":	1282380,
					"max_rtt":	975,
					"min_rtt":	975,
					"mean_rtt":	975,
					"sender":	true
				},
				"receiver":	{
					"socket":	5,
					"start":	0,
					"end":	44.283774,
					"seconds":	44.282202,
					"bytes":	53685020304,
					"bits_per_second":	9698364065.17656,
					"sender":	true
				}
			}],
		"sum_sent":	{
			"start":	0,
			"end":	44.282202,
			"seconds":	44.282202,
			"bytes":	53687091200,
			"bits_per_second":	9699082480.13502,
			"retransmits":	2308,
			"sender":	true
		},
		"sum_received":	{
			"start":	0,
			"end":	44.283774,
			"seconds":	44.283774,
			"bytes":	53685020304,
			"bits_per_second":	9698364065.17656,
			"sender":	true
		},
		"cpu_utilization_percent":	{
			"host_total":	37.0224166293023,
			"host_user":	1.243781588842213,
			"host_system":	35.7786372985802,
			"remote_total":	61.832536537159,
			"remote_user":	2.5402565662402652,
			"remote_system":	59.292275459538757
		},
		"sender_tcp_congestion":	"cubic",
		"receiver_tcp_congestion":	"cubic"
	}
}
