{
	"start":	{
		"connected":	[{
				"socket":	5,
				"local_host":	"10.0.1.1",
				"local_port":	47366,
				"remote_host":	"10.0.0.1",
				"remote_port":	5201
			}],
		"version":	"iperf 3.9+",
		"system_info":	"Linux han-3 5.10.0 #9 SMP PREEMPT Tue Feb 23 15:01:43 PST 2021 x86_64",
		"timestamp":	{
			"time":	"Thu, 11 May 2023 23:20:20 GMT",
			"timesecs":	1683847220
		},
		"connecting_to":	{
			"host":	"10.0.0.1",
			"port":	5201
		},
		"cookie":	"vs54jyoygheto53dbwzbzc2coqig3ckc2uiu",
		"tcp_mss_default":	8948,
		"sock_bufsize":	0,
		"sndbuf_actual":	16384,
		"rcvbuf_actual":	131072,
		"test_start":	{
			"protocol":	"TCP",
			"num_streams":	1,
			"blksize":	131072,
			"omit":	0,
			"duration":	0,
			"bytes":	53687091200,
			"blocks":	0,
			"reverse":	0,
			"tos":	0
		}
	},
	"intervals":	[{
			"streams":	[{
					"socket":	5,
					"start":	0,
					"end":	43.395319,
					"seconds":	43.395320892333984,
					"bytes":	53687091200,
					"bits_per_second":	9897305072.7197857,
					"retransmits":	1408,
					"snd_cwnd":	1548004,
					"rtt":	1233,
					"rttvar":	40,
					"pmtu":	9000,
					"omitted":	false,
					"sender":	true
				}],
			"sum":	{
				"start":	0,
				"end":	43.395319,
				"seconds":	43.395320892333984,
				"bytes":	53687091200,
				"bits_per_second":	9897305072.7197857,
				"retransmits":	1408,
				"omitted":	false,
				"sender":	true
			}
		}],
	"end":	{
		"streams":	[{
				"sender":	{
					"socket":	5,
					"start":	0,
					"end":	43.395319,
					"seconds":	43.395319,
					"bytes":	53687091200,
					"bits_per_second":	9897305504.31027,
					"retransmits":	1408,
					"max_snd_cwnd":	1548004,
					"max_rtt":	1233,
					"min_rtt":	1233,
					"mean_rtt":	1233,
					"sender":	true
				},
				"receiver":	{
					"socket":	5,
					"start":	0,
					"end":	43.396561,
					"seconds":	43.395319,
					"bytes":	53685614860,
					"bits_per_second":	9896750087.6394329,
					"sender":	true
				}
			}],
		"sum_sent":	{
			"start":	0,
			"end":	43.395319,
			"seconds":	43.395319,
			"bytes":	53687091200,
			"bits_per_second":	9897305504.31027,
			"retransmits":	1408,
			"sender":	true
		},
		"sum_received":	{
			"start":	0,
			"end":	43.396561,
			"seconds":	43.396561,
			"bytes":	53685614860,
			"bits_per_second":	9896750087.6394329,
			"sender":	true
		},
		"cpu_utilization_percent":	{
			"host_total":	36.586216974179472,
			"host_user":	1.4572350630381676,
			"host_system":	35.128979606866253,
			"remote_total":	49.928852765839089,
			"remote_user":	3.61143365204216,
			"remote_system":	46.317414510362227
		},
		"sender_tcp_congestion":	"cubic",
		"receiver_tcp_congestion":	"cubic"
	}
}
