{
	"start":	{
		"connected":	[{
				"socket":	5,
				"local_host":	"10.0.1.1",
				"local_port":	47228,
				"remote_host":	"10.0.0.1",
				"remote_port":	5201
			}],
		"version":	"iperf 3.9+",
		"system_info":	"Linux han-3 5.10.0 #9 SMP PREEMPT Tue Feb 23 15:01:43 PST 2021 x86_64",
		"timestamp":	{
			"time":	"Thu, 11 May 2023 22:56:52 GMT",
			"timesecs":	1683845812
		},
		"connecting_to":	{
			"host":	"10.0.0.1",
			"port":	5201
		},
		"cookie":	"5m3xxlo3f5ackwjw6zxdslsohqdslcwc54vx",
		"tcp_mss_default":	2948,
		"sock_bufsize":	0,
		"sndbuf_actual":	16384,
		"rcvbuf_actual":	131072,
		"test_start":	{
			"protocol":	"TCP",
			"num_streams":	1,
			"blksize":	131072,
			"omit":	0,
			"duration":	0,
			"bytes":	53687091200,
			"blocks":	0,
			"reverse":	0,
			"tos":	0
		}
	},
	"intervals":	[{
			"streams":	[{
					"socket":	5,
					"start":	0,
					"end":	44.324223,
					"seconds":	44.324222564697266,
					"bytes":	53687091200,
					"bits_per_second":	9689887486.98504,
					"retransmits":	1714,
					"snd_cwnd":	1134980,
					"rtt":	865,
					"rttvar":	16,
					"pmtu":	3000,
					"omitted":	false,
					"sender":	true
				}],
			"sum":	{
				"start":	0,
				"end":	44.324223,
				"seconds":	44.324222564697266,
				"bytes":	53687091200,
				"bits_per_second":	9689887486.98504,
				"retransmits":	1714,
				"omitted":	false,
				"sender":	true
			}
		}],
	"end":	{
		"streams":	[{
				"sender":	{
					"socket":	5,
					"start":	0,
					"end":	44.324223,
					"seconds":	44.324223,
					"bytes":	53687091200,
					"bits_per_second":	9689887391.82185,
					"retransmits":	1714,
					"max_snd_cwnd":	1134980,
					"max_rtt":	865,
					"min_rtt":	865,
					"mean_rtt":	865,
					"sender":	true
				},
				"receiver":	{
					"socket":	5,
					"start":	0,
					"end":	44.325116,
					"seconds":	44.324223,
					"bytes":	53685545232,
					"bits_per_second":	9689413150.23293,
					"sender":	true
				}
			}],
		"sum_sent":	{
			"start":	0,
			"end":	44.324223,
			"seconds":	44.324223,
			"bytes":	53687091200,
			"bits_per_second":	9689887391.82185,
			"retransmits":	1714,
			"sender":	true
		},
		"sum_received":	{
			"start":	0,
			"end":	44.325116,
			"seconds":	44.325116,
			"bytes":	53685545232,
			"bits_per_second":	9689413150.23293,
			"sender":	true
		},
		"cpu_utilization_percent":	{
			"host_total":	35.549215259808641,
			"host_user":	1.2771959974378924,
			"host_system":	34.272017006358887,
			"remote_total":	58.6740121565989,
			"remote_user":	2.3275448727537986,
			"remote_system":	56.346446998579736
		},
		"sender_tcp_congestion":	"cubic",
		"receiver_tcp_congestion":	"cubic"
	}
}
