{
	"start":	{
		"connected":	[{
				"socket":	5,
				"local_host":	"10.0.1.1",
				"local_port":	47190,
				"remote_host":	"10.0.0.1",
				"remote_port":	5201
			}],
		"version":	"iperf 3.9+",
		"system_info":	"Linux han-3 5.10.0 #9 SMP PREEMPT Tue Feb 23 15:01:43 PST 2021 x86_64",
		"timestamp":	{
			"time":	"Thu, 11 May 2023 22:50:13 GMT",
			"timesecs":	1683845413
		},
		"connecting_to":	{
			"host":	"10.0.0.1",
			"port":	5201
		},
		"cookie":	"b6ozv4goeumw6dnmmwwvuatajmvghsmogx2c",
		"tcp_mss_default":	2948,
		"sock_bufsize":	0,
		"sndbuf_actual":	16384,
		"rcvbuf_actual":	131072,
		"test_start":	{
			"protocol":	"TCP",
			"num_streams":	1,
			"blksize":	131072,
			"omit":	0,
			"duration":	0,
			"bytes":	53687091200,
			"blocks":	0,
			"reverse":	0,
			"tos":	0
		}
	},
	"intervals":	[{
			"streams":	[{
					"socket":	5,
					"start":	0,
					"end":	44.267937,
					"seconds":	44.267936706542969,
					"bytes":	53687091200,
					"bits_per_second":	9702207998.69624,
					"retransmits":	2948,
					"snd_cwnd":	1479896,
					"rtt":	1189,
					"rttvar":	10,
					"pmtu":	3000,
					"omitted":	false,
					"sender":	true
				}],
			"sum":	{
				"start":	0,
				"end":	44.267937,
				"seconds":	44.267936706542969,
				"bytes":	53687091200,
				"bits_per_second":	9702207998.69624,
				"retransmits":	2948,
				"omitted":	false,
				"sender":	true
			}
		}],
	"end":	{
		"streams":	[{
				"sender":	{
					"socket":	5,
					"start":	0,
					"end":	44.267937,
					"seconds":	44.267937,
					"bytes":	53687091200,
					"bits_per_second":	9702207934.37923,
					"retransmits":	2948,
					"max_snd_cwnd":	1479896,
					"max_rtt":	1189,
					"min_rtt":	1189,
					"mean_rtt":	1189,
					"sender":	true
				},
				"receiver":	{
					"socket":	5,
					"start":	0,
					"end":	44.269408,
					"seconds":	44.267937,
					"bytes":	53685221572,
					"bits_per_second":	9701547682.22787,
					"sender":	true
				}
			}],
		"sum_sent":	{
			"start":	0,
			"end":	44.267937,
			"seconds":	44.267937,
			"bytes":	53687091200,
			"bits_per_second":	9702207934.37923,
			"retransmits":	2948,
			"sender":	true
		},
		"sum_received":	{
			"start":	0,
			"end":	44.269408,
			"seconds":	44.269408,
			"bytes":	53685221572,
			"bits_per_second":	9701547682.22787,
			"sender":	true
		},
		"cpu_utilization_percent":	{
			"host_total":	34.79488041613363,
			"host_user":	1.2920372632771855,
			"host_system":	33.50283863516465,
			"remote_total":	55.653274912439741,
			"remote_user":	2.1875270511047025,
			"remote_system":	53.4657217748855
		},
		"sender_tcp_congestion":	"cubic",
		"receiver_tcp_congestion":	"cubic"
	}
}
