{
	"start":	{
		"connected":	[{
				"socket":	5,
				"local_host":	"10.0.1.1",
				"local_port":	47194,
				"remote_host":	"10.0.0.1",
				"remote_port":	5201
			}],
		"version":	"iperf 3.9+",
		"system_info":	"Linux han-3 5.10.0 #9 SMP PREEMPT Tue Feb 23 15:01:43 PST 2021 x86_64",
		"timestamp":	{
			"time":	"Thu, 11 May 2023 22:50:57 GMT",
			"timesecs":	1683845457
		},
		"connecting_to":	{
			"host":	"10.0.0.1",
			"port":	5201
		},
		"cookie":	"g72ep2nf64rrnlvxy53ljlihgyra2lwf6yi6",
		"tcp_mss_default":	2948,
		"sock_bufsize":	0,
		"sndbuf_actual":	16384,
		"rcvbuf_actual":	131072,
		"test_start":	{
			"protocol":	"TCP",
			"num_streams":	1,
			"blksize":	131072,
			"omit":	0,
			"duration":	0,
			"bytes":	53687091200,
			"blocks":	0,
			"reverse":	0,
			"tos":	0
		}
	},
	"intervals":	[{
			"streams":	[{
					"socket":	5,
					"start":	0,
					"end":	44.292225,
					"seconds":	44.2922248840332,
					"bytes":	53687091200,
					"bits_per_second":	9696887675.53486,
					"retransmits":	1690,
					"snd_cwnd":	1367872,
					"rtt":	1140,
					"rttvar":	21,
					"pmtu":	3000,
					"omitted":	false,
					"sender":	true
				}],
			"sum":	{
				"start":	0,
				"end":	44.292225,
				"seconds":	44.2922248840332,
				"bytes":	53687091200,
				"bits_per_second":	9696887675.53486,
				"retransmits":	1690,
				"omitted":	false,
				"sender":	true
			}
		}],
	"end":	{
		"streams":	[{
				"sender":	{
					"socket":	5,
					"start":	0,
					"end":	44.292225,
					"seconds":	44.292225,
					"bytes":	53687091200,
					"bits_per_second":	9696887650.14627,
					"retransmits":	1690,
					"max_snd_cwnd":	1367872,
					"max_rtt":	1140,
					"min_rtt":	1140,
					"mean_rtt":	1140,
					"sender":	true
				},
				"receiver":	{
					"socket":	5,
					"start":	0,
					"end":	44.293317,
					"seconds":	44.292225,
					"bytes":	53685870560,
					"bits_per_second":	9696428119.8448067,
					"sender":	true
				}
			}],
		"sum_sent":	{
			"start":	0,
			"end":	44.292225,
			"seconds":	44.292225,
			"bytes":	53687091200,
			"bits_per_second":	9696887650.14627,
			"retransmits":	1690,
			"sender":	true
		},
		"sum_received":	{
			"start":	0,
			"end":	44.293317,
			"seconds":	44.293317,
			"bytes":	53685870560,
			"bits_per_second":	9696428119.8448067,
			"sender":	true
		},
		"cpu_utilization_percent":	{
			"host_total":	40.893261366571529,
			"host_user":	1.2451162775051809,
			"host_system":	39.6481428314414,
			"remote_total":	58.094197438628427,
			"remote_user":	2.3457563641046972,
			"remote_system":	55.748416267837165
		},
		"sender_tcp_congestion":	"cubic",
		"receiver_tcp_congestion":	"cubic"
	}
}
