{
	"start":	{
		"connected":	[{
				"socket":	5,
				"local_host":	"10.0.1.1",
				"local_port":	47470,
				"remote_host":	"10.0.0.1",
				"remote_port":	5201
			}],
		"version":	"iperf 3.9+",
		"system_info":	"Linux han-3 5.10.0 #9 SMP PREEMPT Tue Feb 23 15:01:43 PST 2021 x86_64",
		"timestamp":	{
			"time":	"Thu, 11 May 2023 23:38:00 GMT",
			"timesecs":	1683848280
		},
		"connecting_to":	{
			"host":	"10.0.0.1",
			"port":	5201
		},
		"cookie":	"wxvzwjsr3pauauucwjp276vkvzxmqaeba5bj",
		"tcp_mss_default":	1448,
		"sock_bufsize":	0,
		"sndbuf_actual":	16384,
		"rcvbuf_actual":	131072,
		"test_start":	{
			"protocol":	"TCP",
			"num_streams":	1,
			"blksize":	131072,
			"omit":	0,
			"duration":	0,
			"bytes":	53687091200,
			"blocks":	0,
			"reverse":	0,
			"tos":	0
		}
	},
	"intervals":	[{
			"streams":	[{
					"socket":	5,
					"start":	0,
					"end":	46.259366,
					"seconds":	46.2593650817871,
					"bytes":	53687091200,
					"bits_per_second":	9284535765.69079,
					"retransmits":	14105,
					"snd_cwnd":	641464,
					"rtt":	528,
					"rttvar":	8,
					"pmtu":	1500,
					"omitted":	false,
					"sender":	true
				}],
			"sum":	{
				"start":	0,
				"end":	46.259366,
				"seconds":	46.2593650817871,
				"bytes":	53687091200,
				"bits_per_second":	9284535765.69079,
				"retransmits":	14105,
				"omitted":	false,
				"sender":	true
			}
		}],
	"end":	{
		"streams":	[{
				"sender":	{
					"socket":	5,
					"start":	0,
					"end":	46.259366,
					"seconds":	46.259366,
					"bytes":	53687091200,
					"bits_per_second":	9284535581.3998833,
					"retransmits":	14105,
					"max_snd_cwnd":	641464,
					"max_rtt":	528,
					"min_rtt":	528,
					"mean_rtt":	528,
					"sender":	true
				},
				"receiver":	{
					"socket":	5,
					"start":	0,
					"end":	46.259953,
					"seconds":	46.259366,
					"bytes":	53684529808,
					"bits_per_second":	9283974812.1663666,
					"sender":	true
				}
			}],
		"sum_sent":	{
			"start":	0,
			"end":	46.259366,
			"seconds":	46.259366,
			"bytes":	53687091200,
			"bits_per_second":	9284535581.3998833,
			"retransmits":	14105,
			"sender":	true
		},
		"sum_received":	{
			"start":	0,
			"end":	46.259953,
			"seconds":	46.259953,
			"bytes":	53684529808,
			"bits_per_second":	9283974812.1663666,
			"sender":	true
		},
		"cpu_utilization_percent":	{
			"host_total":	57.21450325397953,
			"host_user":	0.95697485693721873,
			"host_system":	56.257524073793711,
			"remote_total":	81.361159093455768,
			"remote_user":	1.2189114734324893,
			"remote_system":	80.142249779471726
		},
		"sender_tcp_congestion":	"dctcp",
		"receiver_tcp_congestion":	"cubic"
	}
}
