{
	"start":	{
		"connected":	[{
				"socket":	5,
				"local_host":	"10.0.1.1",
				"local_port":	47688,
				"remote_host":	"10.0.0.1",
				"remote_port":	5201
			}],
		"version":	"iperf 3.9+",
		"system_info":	"Linux han-3 5.10.0 #9 SMP PREEMPT Tue Feb 23 15:01:43 PST 2021 x86_64",
		"timestamp":	{
			"time":	"Fri, 12 May 2023 00:16:12 GMT",
			"timesecs":	1683850572
		},
		"connecting_to":	{
			"host":	"10.0.0.1",
			"port":	5201
		},
		"cookie":	"sap2nwntwpas75xdycfokxfogqivkh24fhdy",
		"tcp_mss_default":	5948,
		"sock_bufsize":	0,
		"sndbuf_actual":	16384,
		"rcvbuf_actual":	131072,
		"test_start":	{
			"protocol":	"TCP",
			"num_streams":	1,
			"blksize":	131072,
			"omit":	0,
			"duration":	0,
			"bytes":	53687091200,
			"blocks":	0,
			"reverse":	0,
			"tos":	0
		}
	},
	"intervals":	[{
			"streams":	[{
					"socket":	5,
					"start":	0,
					"end":	43.603332,
					"seconds":	43.60333251953125,
					"bytes":	53687091200,
					"bits_per_second":	9850089540.9224834,
					"retransmits":	1824,
					"snd_cwnd":	1498896,
					"rtt":	1125,
					"rttvar":	33,
					"pmtu":	6000,
					"omitted":	false,
					"sender":	true
				}],
			"sum":	{
				"start":	0,
				"end":	43.603332,
				"seconds":	43.60333251953125,
				"bytes":	53687091200,
				"bits_per_second":	9850089540.9224834,
				"retransmits":	1824,
				"omitted":	false,
				"sender":	true
			}
		}],
	"end":	{
		"streams":	[{
				"sender":	{
					"socket":	5,
					"start":	0,
					"end":	43.603332,
					"seconds":	43.603332,
					"bytes":	53687091200,
					"bits_per_second":	9850089658.28575,
					"retransmits":	1824,
					"max_snd_cwnd":	1498896,
					"max_rtt":	1125,
					"min_rtt":	1125,
					"mean_rtt":	1125,
					"sender":	true
				},
				"receiver":	{
					"socket":	5,
					"start":	0,
					"end":	43.604471,
					"seconds":	43.603332,
					"bytes":	53685572704,
					"bits_per_second":	9849553767.82349,
					"sender":	true
				}
			}],
		"sum_sent":	{
			"start":	0,
			"end":	43.603332,
			"seconds":	43.603332,
			"bytes":	53687091200,
			"bits_per_second":	9850089658.28575,
			"retransmits":	1824,
			"sender":	true
		},
		"sum_received":	{
			"start":	0,
			"end":	43.604471,
			"seconds":	43.604471,
			"bytes":	53685572704,
			"bits_per_second":	9849553767.82349,
			"sender":	true
		},
		"cpu_utilization_percent":	{
			"host_total":	33.104428601939155,
			"host_user":	1.2214704129942209,
			"host_system":	31.882955895655034,
			"remote_total":	54.8584042864694,
			"remote_user":	3.38946968516504,
			"remote_system":	51.468934601304362
		},
		"sender_tcp_congestion":	"dctcp",
		"receiver_tcp_congestion":	"cubic"
	}
}
