{
	"start":	{
		"connected":	[{
				"socket":	5,
				"local_host":	"10.0.1.1",
				"local_port":	47658,
				"remote_host":	"10.0.0.1",
				"remote_port":	5201
			}],
		"version":	"iperf 3.9+",
		"system_info":	"Linux han-3 5.10.0 #9 SMP PREEMPT Tue Feb 23 15:01:43 PST 2021 x86_64",
		"timestamp":	{
			"time":	"Fri, 12 May 2023 00:11:06 GMT",
			"timesecs":	1683850266
		},
		"connecting_to":	{
			"host":	"10.0.0.1",
			"port":	5201
		},
		"cookie":	"72zyqy5ekotrfdkyoyvqi4eyaaeoresfe7tm",
		"tcp_mss_default":	5948,
		"sock_bufsize":	0,
		"sndbuf_actual":	16384,
		"rcvbuf_actual":	131072,
		"test_start":	{
			"protocol":	"TCP",
			"num_streams":	1,
			"blksize":	131072,
			"omit":	0,
			"duration":	0,
			"bytes":	53687091200,
			"blocks":	0,
			"reverse":	0,
			"tos":	0
		}
	},
	"intervals":	[{
			"streams":	[{
					"socket":	5,
					"start":	0,
					"end":	43.604075,
					"seconds":	43.604076385498047,
					"bytes":	53687091200,
					"bits_per_second":	9849921502.81718,
					"retransmits":	1484,
					"snd_cwnd":	1653544,
					"rtt":	1352,
					"rttvar":	14,
					"pmtu":	6000,
					"omitted":	false,
					"sender":	true
				}],
			"sum":	{
				"start":	0,
				"end":	43.604075,
				"seconds":	43.604076385498047,
				"bytes":	53687091200,
				"bits_per_second":	9849921502.81718,
				"retransmits":	1484,
				"omitted":	false,
				"sender":	true
			}
		}],
	"end":	{
		"streams":	[{
				"sender":	{
					"socket":	5,
					"start":	0,
					"end":	43.604075,
					"seconds":	43.604075,
					"bytes":	53687091200,
					"bits_per_second":	9849921815.79359,
					"retransmits":	1484,
					"max_snd_cwnd":	1653544,
					"max_rtt":	1352,
					"min_rtt":	1352,
					"mean_rtt":	1352,
					"sender":	true
				},
				"receiver":	{
					"socket":	5,
					"start":	0,
					"end":	43.605419,
					"seconds":	43.604075,
					"bytes":	53685604500,
					"bits_per_second":	9849345467.8190346,
					"sender":	true
				}
			}],
		"sum_sent":	{
			"start":	0,
			"end":	43.604075,
			"seconds":	43.604075,
			"bytes":	53687091200,
			"bits_per_second":	9849921815.79359,
			"retransmits":	1484,
			"sender":	true
		},
		"sum_received":	{
			"start":	0,
			"end":	43.605419,
			"seconds":	43.605419,
			"bytes":	53685604500,
			"bits_per_second":	9849345467.8190346,
			"sender":	true
		},
		"cpu_utilization_percent":	{
			"host_total":	34.459988872736062,
			"host_user":	1.3758780905750845,
			"host_system":	33.084106195679,
			"remote_total":	54.847136258818182,
			"remote_user":	3.3462453511260417,
			"remote_system":	51.500888616675368
		},
		"sender_tcp_congestion":	"dctcp",
		"receiver_tcp_congestion":	"cubic"
	}
}
