{
	"start":	{
		"connected":	[{
				"socket":	5,
				"local_host":	"10.0.1.1",
				"local_port":	47724,
				"remote_host":	"10.0.0.1",
				"remote_port":	5201
			}],
		"version":	"iperf 3.9+",
		"system_info":	"Linux han-3 5.10.0 #9 SMP PREEMPT Tue Feb 23 15:01:43 PST 2021 x86_64",
		"timestamp":	{
			"time":	"Fri, 12 May 2023 00:22:04 GMT",
			"timesecs":	1683850924
		},
		"connecting_to":	{
			"host":	"10.0.0.1",
			"port":	5201
		},
		"cookie":	"5yae2rgxgp3g3xztrlfzusgf2mmvaz5xvnuf",
		"tcp_mss_default":	8948,
		"sock_bufsize":	0,
		"sndbuf_actual":	16384,
		"rcvbuf_actual":	131072,
		"test_start":	{
			"protocol":	"TCP",
			"num_streams":	1,
			"blksize":	131072,
			"omit":	0,
			"duration":	0,
			"bytes":	53687091200,
			"blocks":	0,
			"reverse":	0,
			"tos":	0
		}
	},
	"intervals":	[{
			"streams":	[{
					"socket":	5,
					"start":	0,
					"end":	43.389572,
					"seconds":	43.389572143554688,
					"bytes":	53687091200,
					"bits_per_second":	9898616381.35097,
					"retransmits":	1819,
					"snd_cwnd":	1342200,
					"rtt":	1105,
					"rttvar":	38,
					"pmtu":	9000,
					"omitted":	false,
					"sender":	true
				}],
			"sum":	{
				"start":	0,
				"end":	43.389572,
				"seconds":	43.389572143554688,
				"bytes":	53687091200,
				"bits_per_second":	9898616381.35097,
				"retransmits":	1819,
				"omitted":	false,
				"sender":	true
			}
		}],
	"end":	{
		"streams":	[{
				"sender":	{
					"socket":	5,
					"start":	0,
					"end":	43.389572,
					"seconds":	43.389572,
					"bytes":	53687091200,
					"bits_per_second":	9898616414.100605,
					"retransmits":	1819,
					"max_snd_cwnd":	1342200,
					"max_rtt":	1105,
					"min_rtt":	1105,
					"mean_rtt":	1105,
					"sender":	true
				},
				"receiver":	{
					"socket":	5,
					"start":	0,
					"end":	43.390385,
					"seconds":	43.389572,
					"bytes":	53685187952,
					"bits_per_second":	9898080038.1467,
					"sender":	true
				}
			}],
		"sum_sent":	{
			"start":	0,
			"end":	43.389572,
			"seconds":	43.389572,
			"bytes":	53687091200,
			"bits_per_second":	9898616414.100605,
			"retransmits":	1819,
			"sender":	true
		},
		"sum_received":	{
			"start":	0,
			"end":	43.390385,
			"seconds":	43.390385,
			"bytes":	53685187952,
			"bits_per_second":	9898080038.1467,
			"sender":	true
		},
		"cpu_utilization_percent":	{
			"host_total":	26.916352062330663,
			"host_user":	1.1870190696146425,
			"host_system":	25.72933529729865,
			"remote_total":	45.0920369700625,
			"remote_user":	3.5243209481211,
			"remote_system":	41.5677160219414
		},
		"sender_tcp_congestion":	"dctcp",
		"receiver_tcp_congestion":	"cubic"
	}
}
