{
	"start":	{
		"connected":	[{
				"socket":	5,
				"local_host":	"10.0.1.1",
				"local_port":	47552,
				"remote_host":	"10.0.0.1",
				"remote_port":	5201
			}],
		"version":	"iperf 3.9+",
		"system_info":	"Linux han-3 5.10.0 #9 SMP PREEMPT Tue Feb 23 15:01:43 PST 2021 x86_64",
		"timestamp":	{
			"time":	"Thu, 11 May 2023 23:52:42 GMT",
			"timesecs":	1683849162
		},
		"connecting_to":	{
			"host":	"10.0.0.1",
			"port":	5201
		},
		"cookie":	"ym4drmuiyasrqkbv7x55iucj2v7jrdm3rndt",
		"tcp_mss_default":	2948,
		"sock_bufsize":	0,
		"sndbuf_actual":	16384,
		"rcvbuf_actual":	131072,
		"test_start":	{
			"protocol":	"TCP",
			"num_streams":	1,
			"blksize":	131072,
			"omit":	0,
			"duration":	0,
			"bytes":	53687091200,
			"blocks":	0,
			"reverse":	0,
			"tos":	0
		}
	},
	"intervals":	[{
			"streams":	[{
					"socket":	5,
					"start":	0,
					"end":	44.263024,
					"seconds":	44.263023376464844,
					"bytes":	53687222272,
					"bits_per_second":	9703308662.92267,
					"retransmits":	1926,
					"snd_cwnd":	1096656,
					"rtt":	928,
					"rttvar":	38,
					"pmtu":	3000,
					"omitted":	false,
					"sender":	true
				}],
			"sum":	{
				"start":	0,
				"end":	44.263024,
				"seconds":	44.263023376464844,
				"bytes":	53687222272,
				"bits_per_second":	9703308662.92267,
				"retransmits":	1926,
				"omitted":	false,
				"sender":	true
			}
		}],
	"end":	{
		"streams":	[{
				"sender":	{
					"socket":	5,
					"start":	0,
					"end":	44.263024,
					"seconds":	44.263024,
					"bytes":	53687222272,
					"bits_per_second":	9703308526.2317371,
					"retransmits":	1926,
					"max_snd_cwnd":	1096656,
					"max_rtt":	928,
					"min_rtt":	928,
					"mean_rtt":	928,
					"sender":	true
				},
				"receiver":	{
					"socket":	5,
					"start":	0,
					"end":	44.264273,
					"seconds":	44.263024,
					"bytes":	53684623096,
					"bits_per_second":	9702564973.0653,
					"sender":	true
				}
			}],
		"sum_sent":	{
			"start":	0,
			"end":	44.263024,
			"seconds":	44.263024,
			"bytes":	53687222272,
			"bits_per_second":	9703308526.2317371,
			"retransmits":	1926,
			"sender":	true
		},
		"sum_received":	{
			"start":	0,
			"end":	44.264273,
			"seconds":	44.264273,
			"bytes":	53684623096,
			"bits_per_second":	9702564973.0653,
			"sender":	true
		},
		"cpu_utilization_percent":	{
			"host_total":	35.2289076485597,
			"host_user":	1.1795915754167035,
			"host_system":	34.049318332243466,
			"remote_total":	58.0091464836717,
			"remote_user":	2.3050439567975678,
			"remote_system":	55.704100270254962
		},
		"sender_tcp_congestion":	"dctcp",
		"receiver_tcp_congestion":	"cubic"
	}
}
