{
	"start":	{
		"connected":	[{
				"socket":	5,
				"local_host":	"10.0.1.1",
				"local_port":	47448,
				"remote_host":	"10.0.0.1",
				"remote_port":	5201
			}],
		"version":	"iperf 3.9+",
		"system_info":	"Linux han-3 5.10.0 #9 SMP PREEMPT Tue Feb 23 15:01:43 PST 2021 x86_64",
		"timestamp":	{
			"time":	"Thu, 11 May 2023 23:34:07 GMT",
			"timesecs":	1683848047
		},
		"connecting_to":	{
			"host":	"10.0.0.1",
			"port":	5201
		},
		"cookie":	"npjncxjy6xi7hko5wayo64fp3govoih5txf4",
		"tcp_mss_default":	1448,
		"sock_bufsize":	0,
		"sndbuf_actual":	16384,
		"rcvbuf_actual":	131072,
		"test_start":	{
			"protocol":	"TCP",
			"num_streams":	1,
			"blksize":	131072,
			"omit":	0,
			"duration":	0,
			"bytes":	53687091200,
			"blocks":	0,
			"reverse":	0,
			"tos":	0
		}
	},
	"intervals":	[{
			"streams":	[{
					"socket":	5,
					"start":	0,
					"end":	47.08901,
					"seconds":	47.089008331298828,
					"bytes":	53687091200,
					"bits_per_second":	9120955076.7822132,
					"retransmits":	11158,
					"snd_cwnd":	421368,
					"rtt":	415,
					"rttvar":	34,
					"pmtu":	1500,
					"omitted":	false,
					"sender":	true
				}],
			"sum":	{
				"start":	0,
				"end":	47.08901,
				"seconds":	47.089008331298828,
				"bytes":	53687091200,
				"bits_per_second":	9120955076.7822132,
				"retransmits":	11158,
				"omitted":	false,
				"sender":	true
			}
		}],
	"end":	{
		"streams":	[{
				"sender":	{
					"socket":	5,
					"start":	0,
					"end":	47.08901,
					"seconds":	47.08901,
					"bytes":	53687091200,
					"bits_per_second":	9120954753.5613937,
					"retransmits":	11158,
					"max_snd_cwnd":	421368,
					"max_rtt":	415,
					"min_rtt":	415,
					"mean_rtt":	415,
					"sender":	true
				},
				"receiver":	{
					"socket":	5,
					"start":	0,
					"end":	47.089648,
					"seconds":	47.08901,
					"bytes":	53684477168,
					"bits_per_second":	9120387082.61315,
					"sender":	true
				}
			}],
		"sum_sent":	{
			"start":	0,
			"end":	47.08901,
			"seconds":	47.08901,
			"bytes":	53687091200,
			"bits_per_second":	9120954753.5613937,
			"retransmits":	11158,
			"sender":	true
		},
		"sum_received":	{
			"start":	0,
			"end":	47.089648,
			"seconds":	47.089648,
			"bytes":	53684477168,
			"bits_per_second":	9120387082.61315,
			"sender":	true
		},
		"cpu_utilization_percent":	{
			"host_total":	44.736429302937857,
			"host_user":	1.0100849871302631,
			"host_system":	43.726337945228863,
			"remote_total":	79.41254166385157,
			"remote_user":	0.89343468443952978,
			"remote_system":	78.519109027367
		},
		"sender_tcp_congestion":	"dctcp",
		"receiver_tcp_congestion":	"cubic"
	}
}
