{
	"start":	{
		"connected":	[{
				"socket":	5,
				"local_host":	"10.0.1.1",
				"local_port":	47744,
				"remote_host":	"10.0.0.1",
				"remote_port":	5201
			}],
		"version":	"iperf 3.9+",
		"system_info":	"Linux han-3 5.10.0 #9 SMP PREEMPT Tue Feb 23 15:01:43 PST 2021 x86_64",
		"timestamp":	{
			"time":	"Fri, 12 May 2023 00:25:42 GMT",
			"timesecs":	1683851142
		},
		"connecting_to":	{
			"host":	"10.0.0.1",
			"port":	5201
		},
		"cookie":	"tw5xfzyq3b75zxev77awtssssw34rj77mlfb",
		"tcp_mss_default":	8948,
		"sock_bufsize":	0,
		"sndbuf_actual":	16384,
		"rcvbuf_actual":	131072,
		"test_start":	{
			"protocol":	"TCP",
			"num_streams":	1,
			"blksize":	131072,
			"omit":	0,
			"duration":	0,
			"bytes":	53687091200,
			"blocks":	0,
			"reverse":	0,
			"tos":	0
		}
	},
	"intervals":	[{
			"streams":	[{
					"socket":	5,
					"start":	0,
					"end":	43.386456,
					"seconds":	43.386455535888672,
					"bytes":	53687091200,
					"bits_per_second":	9899327435.1422,
					"retransmits":	1900,
					"snd_cwnd":	921644,
					"rtt":	704,
					"rttvar":	27,
					"pmtu":	9000,
					"omitted":	false,
					"sender":	true
				}],
			"sum":	{
				"start":	0,
				"end":	43.386456,
				"seconds":	43.386455535888672,
				"bytes":	53687091200,
				"bits_per_second":	9899327435.1422,
				"retransmits":	1900,
				"omitted":	false,
				"sender":	true
			}
		}],
	"end":	{
		"streams":	[{
				"sender":	{
					"socket":	5,
					"start":	0,
					"end":	43.386456,
					"seconds":	43.386456,
					"bytes":	53687091200,
					"bits_per_second":	9899327329.247633,
					"retransmits":	1900,
					"max_snd_cwnd":	921644,
					"max_rtt":	704,
					"min_rtt":	704,
					"mean_rtt":	704,
					"sender":	true
				},
				"receiver":	{
					"socket":	5,
					"start":	0,
					"end":	43.387049,
					"seconds":	43.386456,
					"bytes":	53684776748,
					"bits_per_second":	9898765274.0337334,
					"sender":	true
				}
			}],
		"sum_sent":	{
			"start":	0,
			"end":	43.386456,
			"seconds":	43.386456,
			"bytes":	53687091200,
			"bits_per_second":	9899327329.247633,
			"retransmits":	1900,
			"sender":	true
		},
		"sum_received":	{
			"start":	0,
			"end":	43.387049,
			"seconds":	43.387049,
			"bytes":	53684776748,
			"bits_per_second":	9898765274.0337334,
			"sender":	true
		},
		"cpu_utilization_percent":	{
			"host_total":	27.280050304414953,
			"host_user":	1.1622835720790214,
			"host_system":	26.117764427585037,
			"remote_total":	50.3699691450792,
			"remote_user":	3.2874858090091523,
			"remote_system":	47.082481033412463
		},
		"sender_tcp_congestion":	"dctcp",
		"receiver_tcp_congestion":	"cubic"
	}
}
