{
	"start":	{
		"connected":	[{
				"socket":	5,
				"local_host":	"10.0.1.1",
				"local_port":	47740,
				"remote_host":	"10.0.0.1",
				"remote_port":	5201
			}],
		"version":	"iperf 3.9+",
		"system_info":	"Linux han-3 5.10.0 #9 SMP PREEMPT Tue Feb 23 15:01:43 PST 2021 x86_64",
		"timestamp":	{
			"time":	"Fri, 12 May 2023 00:24:58 GMT",
			"timesecs":	1683851098
		},
		"connecting_to":	{
			"host":	"10.0.0.1",
			"port":	5201
		},
		"cookie":	"kbkbimlmdbbmkyc5wkg6e7ybapqup7bh7hlo",
		"tcp_mss_default":	8948,
		"sock_bufsize":	0,
		"sndbuf_actual":	16384,
		"rcvbuf_actual":	131072,
		"test_start":	{
			"protocol":	"TCP",
			"num_streams":	1,
			"blksize":	131072,
			"omit":	0,
			"duration":	0,
			"bytes":	53687091200,
			"blocks":	0,
			"reverse":	0,
			"tos":	0
		}
	},
	"intervals":	[{
			"streams":	[{
					"socket":	5,
					"start":	0,
					"end":	43.387299,
					"seconds":	43.387298583984375,
					"bytes":	53687091200,
					"bits_per_second":	9899135083.70721,
					"retransmits":	2023,
					"snd_cwnd":	1369044,
					"rtt":	1062,
					"rttvar":	32,
					"pmtu":	9000,
					"omitted":	false,
					"sender":	true
				}],
			"sum":	{
				"start":	0,
				"end":	43.387299,
				"seconds":	43.387298583984375,
				"bytes":	53687091200,
				"bits_per_second":	9899135083.70721,
				"retransmits":	2023,
				"omitted":	false,
				"sender":	true
			}
		}],
	"end":	{
		"streams":	[{
				"sender":	{
					"socket":	5,
					"start":	0,
					"end":	43.387299,
					"seconds":	43.387299,
					"bytes":	53687091200,
					"bits_per_second":	9899134988.7901535,
					"retransmits":	2023,
					"max_snd_cwnd":	1369044,
					"max_rtt":	1062,
					"min_rtt":	1062,
					"mean_rtt":	1062,
					"sender":	true
				},
				"receiver":	{
					"socket":	5,
					"start":	0,
					"end":	43.388438,
					"seconds":	43.387299,
					"bytes":	53685298352,
					"bits_per_second":	9898544557.33115,
					"sender":	true
				}
			}],
		"sum_sent":	{
			"start":	0,
			"end":	43.387299,
			"seconds":	43.387299,
			"bytes":	53687091200,
			"bits_per_second":	9899134988.7901535,
			"retransmits":	2023,
			"sender":	true
		},
		"sum_received":	{
			"start":	0,
			"end":	43.388438,
			"seconds":	43.388438,
			"bytes":	53685298352,
			"bits_per_second":	9898544557.33115,
			"sender":	true
		},
		"cpu_utilization_percent":	{
			"host_total":	30.535080806574825,
			"host_user":	1.20314308443364,
			"host_system":	29.331933112715465,
			"remote_total":	46.721599794692665,
			"remote_user":	3.5641342397021623,
			"remote_system":	43.157405690569142
		},
		"sender_tcp_congestion":	"dctcp",
		"receiver_tcp_congestion":	"cubic"
	}
}
