{
	"start":	{
		"connected":	[{
				"socket":	5,
				"local_host":	"10.0.1.1",
				"local_port":	49950,
				"remote_host":	"10.0.0.1",
				"remote_port":	5201
			}],
		"version":	"iperf 3.9+",
		"system_info":	"Linux han-3 5.10.0 #9 SMP PREEMPT Tue Feb 23 15:01:43 PST 2021 x86_64",
		"timestamp":	{
			"time":	"Fri, 12 May 2023 07:10:24 GMT",
			"timesecs":	1683875424
		},
		"connecting_to":	{
			"host":	"10.0.0.1",
			"port":	5201
		},
		"cookie":	"keohx7uu7pzbvoa6nkwa2yhoup3nvkqfslg5",
		"tcp_mss_default":	1448,
		"sock_bufsize":	0,
		"sndbuf_actual":	16384,
		"rcvbuf_actual":	131072,
		"test_start":	{
			"protocol":	"TCP",
			"num_streams":	1,
			"blksize":	131072,
			"omit":	0,
			"duration":	0,
			"bytes":	53687091200,
			"blocks":	0,
			"reverse":	0,
			"tos":	0
		}
	},
	"intervals":	[{
			"streams":	[{
					"socket":	5,
					"start":	0,
					"end":	45.979597,
					"seconds":	45.979595184326172,
					"bytes":	53687091200,
					"bits_per_second":	9341028947.2581,
					"retransmits":	35989,
					"snd_cwnd":	1100480,
					"rtt":	892,
					"rttvar":	11,
					"pmtu":	1500,
					"omitted":	false,
					"sender":	true
				}],
			"sum":	{
				"start":	0,
				"end":	45.979597,
				"seconds":	45.979595184326172,
				"bytes":	53687091200,
				"bits_per_second":	9341028947.2581,
				"retransmits":	35989,
				"omitted":	false,
				"sender":	true
			}
		}],
	"end":	{
		"streams":	[{
				"sender":	{
					"socket":	5,
					"start":	0,
					"end":	45.979597,
					"seconds":	45.979597,
					"bytes":	53687091200,
					"bits_per_second":	9341028578.39315,
					"retransmits":	35989,
					"max_snd_cwnd":	1100480,
					"max_rtt":	892,
					"min_rtt":	892,
					"mean_rtt":	892,
					"sender":	true
				},
				"receiver":	{
					"socket":	5,
					"start":	0,
					"end":	45.980627,
					"seconds":	45.979597,
					"bytes":	53685329272,
					"bits_per_second":	9340512781.0893059,
					"sender":	true
				}
			}],
		"sum_sent":	{
			"start":	0,
			"end":	45.979597,
			"seconds":	45.979597,
			"bytes":	53687091200,
			"bits_per_second":	9341028578.39315,
			"retransmits":	35989,
			"sender":	true
		},
		"sum_received":	{
			"start":	0,
			"end":	45.980627,
			"seconds":	45.980627,
			"bytes":	53685329272,
			"bits_per_second":	9340512781.0893059,
			"sender":	true
		},
		"cpu_utilization_percent":	{
			"host_total":	50.747216765325767,
			"host_user":	0.96567603063575247,
			"host_system":	49.781538559905627,
			"remote_total":	83.4348486563696,
			"remote_user":	1.0006437482890964,
			"remote_system":	82.434207080483873
		},
		"sender_tcp_congestion":	"highspeed",
		"receiver_tcp_congestion":	"cubic"
	}
}
