{
	"start":	{
		"connected":	[{
				"socket":	5,
				"local_host":	"10.0.1.1",
				"local_port":	50054,
				"remote_host":	"10.0.0.1",
				"remote_port":	5201
			}],
		"version":	"iperf 3.9+",
		"system_info":	"Linux han-3 5.10.0 #9 SMP PREEMPT Tue Feb 23 15:01:43 PST 2021 x86_64",
		"timestamp":	{
			"time":	"Fri, 12 May 2023 07:28:11 GMT",
			"timesecs":	1683876491
		},
		"connecting_to":	{
			"host":	"10.0.0.1",
			"port":	5201
		},
		"cookie":	"vypa4nkbuq4wxxllhcvtnxnphk6eyqyh37o5",
		"tcp_mss_default":	5948,
		"sock_bufsize":	0,
		"sndbuf_actual":	16384,
		"rcvbuf_actual":	131072,
		"test_start":	{
			"protocol":	"TCP",
			"num_streams":	1,
			"blksize":	131072,
			"omit":	0,
			"duration":	0,
			"bytes":	53687091200,
			"blocks":	0,
			"reverse":	0,
			"tos":	0
		}
	},
	"intervals":	[{
			"streams":	[{
					"socket":	5,
					"start":	0,
					"end":	43.609812,
					"seconds":	43.609813690185547,
					"bytes":	53687091200,
					"bits_per_second":	9848625647.6867,
					"retransmits":	3826,
					"snd_cwnd":	1623804,
					"rtt":	1340,
					"rttvar":	19,
					"pmtu":	6000,
					"omitted":	false,
					"sender":	true
				}],
			"sum":	{
				"start":	0,
				"end":	43.609812,
				"seconds":	43.609813690185547,
				"bytes":	53687091200,
				"bits_per_second":	9848625647.6867,
				"retransmits":	3826,
				"omitted":	false,
				"sender":	true
			}
		}],
	"end":	{
		"streams":	[{
				"sender":	{
					"socket":	5,
					"start":	0,
					"end":	43.609812,
					"seconds":	43.609812,
					"bytes":	53687091200,
					"bits_per_second":	9848626029.3899,
					"retransmits":	3826,
					"max_snd_cwnd":	1623804,
					"max_rtt":	1340,
					"min_rtt":	1340,
					"mean_rtt":	1340,
					"sender":	true
				},
				"receiver":	{
					"socket":	5,
					"start":	0,
					"end":	43.611118,
					"seconds":	43.609812,
					"bytes":	53685359332,
					"bits_per_second":	9848013404.65521,
					"sender":	true
				}
			}],
		"sum_sent":	{
			"start":	0,
			"end":	43.609812,
			"seconds":	43.609812,
			"bytes":	53687091200,
			"bits_per_second":	9848626029.3899,
			"retransmits":	3826,
			"sender":	true
		},
		"sum_received":	{
			"start":	0,
			"end":	43.611118,
			"seconds":	43.611118,
			"bytes":	53685359332,
			"bits_per_second":	9848013404.65521,
			"sender":	true
		},
		"cpu_utilization_percent":	{
			"host_total":	38.87209504183955,
			"host_user":	1.4427980168761483,
			"host_system":	37.429294732027181,
			"remote_total":	54.152036046787387,
			"remote_user":	3.2697989603607827,
			"remote_system":	50.882239376844964
		},
		"sender_tcp_congestion":	"highspeed",
		"receiver_tcp_congestion":	"cubic"
	}
}
