{
	"start":	{
		"connected":	[{
				"socket":	5,
				"local_host":	"10.0.1.1",
				"local_port":	49980,
				"remote_host":	"10.0.0.1",
				"remote_port":	5201
			}],
		"version":	"iperf 3.9+",
		"system_info":	"Linux han-3 5.10.0 #9 SMP PREEMPT Tue Feb 23 15:01:43 PST 2021 x86_64",
		"timestamp":	{
			"time":	"Fri, 12 May 2023 07:15:37 GMT",
			"timesecs":	1683875737
		},
		"connecting_to":	{
			"host":	"10.0.0.1",
			"port":	5201
		},
		"cookie":	"42gbgv3ky2iho5ukzu3whiw4ihu4jyapy7eq",
		"tcp_mss_default":	2948,
		"sock_bufsize":	0,
		"sndbuf_actual":	16384,
		"rcvbuf_actual":	131072,
		"test_start":	{
			"protocol":	"TCP",
			"num_streams":	1,
			"blksize":	131072,
			"omit":	0,
			"duration":	0,
			"bytes":	53687091200,
			"blocks":	0,
			"reverse":	0,
			"tos":	0
		}
	},
	"intervals":	[{
			"streams":	[{
					"socket":	5,
					"start":	0,
					"end":	44.280784,
					"seconds":	44.2807846069336,
					"bytes":	53687091200,
					"bits_per_second":	9699392940.13206,
					"retransmits":	6371,
					"snd_cwnd":	1541804,
					"rtt":	1187,
					"rttvar":	23,
					"pmtu":	3000,
					"omitted":	false,
					"sender":	true
				}],
			"sum":	{
				"start":	0,
				"end":	44.280784,
				"seconds":	44.2807846069336,
				"bytes":	53687091200,
				"bits_per_second":	9699392940.13206,
				"retransmits":	6371,
				"omitted":	false,
				"sender":	true
			}
		}],
	"end":	{
		"streams":	[{
				"sender":	{
					"socket":	5,
					"start":	0,
					"end":	44.280784,
					"seconds":	44.280784,
					"bytes":	53687091200,
					"bits_per_second":	9699393073.0765743,
					"retransmits":	6371,
					"max_snd_cwnd":	1541804,
					"max_rtt":	1187,
					"min_rtt":	1187,
					"mean_rtt":	1187,
					"sender":	true
				},
				"receiver":	{
					"socket":	5,
					"start":	0,
					"end":	44.282516,
					"seconds":	44.280784,
					"bytes":	53685063308,
					"bits_per_second":	9698647350.20928,
					"sender":	true
				}
			}],
		"sum_sent":	{
			"start":	0,
			"end":	44.280784,
			"seconds":	44.280784,
			"bytes":	53687091200,
			"bits_per_second":	9699393073.0765743,
			"retransmits":	6371,
			"sender":	true
		},
		"sum_received":	{
			"start":	0,
			"end":	44.282516,
			"seconds":	44.282516,
			"bytes":	53685063308,
			"bits_per_second":	9698647350.20928,
			"sender":	true
		},
		"cpu_utilization_percent":	{
			"host_total":	35.224615885170117,
			"host_user":	1.2730184196133896,
			"host_system":	33.951599723750626,
			"remote_total":	57.990868898371353,
			"remote_user":	2.2287149868546217,
			"remote_system":	55.762153911516734
		},
		"sender_tcp_congestion":	"highspeed",
		"receiver_tcp_congestion":	"cubic"
	}
}
