{
	"start":	{
		"connected":	[{
				"socket":	5,
				"local_host":	"10.0.1.1",
				"local_port":	48860,
				"remote_host":	"10.0.0.1",
				"remote_port":	5201
			}],
		"version":	"iperf 3.9+",
		"system_info":	"Linux han-3 5.10.0 #9 SMP PREEMPT Tue Feb 23 15:01:43 PST 2021 x86_64",
		"timestamp":	{
			"time":	"Fri, 12 May 2023 03:55:03 GMT",
			"timesecs":	1683863703
		},
		"connecting_to":	{
			"host":	"10.0.0.1",
			"port":	5201
		},
		"cookie":	"k25l2kqr4jpj47mrxzogklzdy7yl4excbh4u",
		"tcp_mss_default":	1448,
		"sock_bufsize":	0,
		"sndbuf_actual":	16384,
		"rcvbuf_actual":	131072,
		"test_start":	{
			"protocol":	"TCP",
			"num_streams":	1,
			"blksize":	131072,
			"omit":	0,
			"duration":	0,
			"bytes":	53687091200,
			"blocks":	0,
			"reverse":	0,
			"tos":	0
		}
	},
	"intervals":	[{
			"streams":	[{
					"socket":	5,
					"start":	0,
					"end":	54.609319,
					"seconds":	54.609317779541016,
					"bytes":	53687222272,
					"bits_per_second":	7864917483.677268,
					"retransmits":	3758709,
					"snd_cwnd":	14480000,
					"rtt":	610,
					"rttvar":	22,
					"pmtu":	1500,
					"omitted":	false,
					"sender":	true
				}],
			"sum":	{
				"start":	0,
				"end":	54.609319,
				"seconds":	54.609317779541016,
				"bytes":	53687222272,
				"bits_per_second":	7864917483.677268,
				"retransmits":	3758709,
				"omitted":	false,
				"sender":	true
			}
		}],
	"end":	{
		"streams":	[{
				"sender":	{
					"socket":	5,
					"start":	0,
					"end":	54.609319,
					"seconds":	54.609319,
					"bytes":	53687222272,
					"bits_per_second":	7864917307.9049015,
					"retransmits":	3758709,
					"max_snd_cwnd":	14480000,
					"max_rtt":	610,
					"min_rtt":	610,
					"mean_rtt":	610,
					"sender":	true
				},
				"receiver":	{
					"socket":	5,
					"start":	0,
					"end":	54.60984,
					"seconds":	54.609319,
					"bytes":	53685773088,
					"bits_per_second":	7864629977.015132,
					"sender":	true
				}
			}],
		"sum_sent":	{
			"start":	0,
			"end":	54.609319,
			"seconds":	54.609319,
			"bytes":	53687222272,
			"bits_per_second":	7864917307.9049015,
			"retransmits":	3758709,
			"sender":	true
		},
		"sum_received":	{
			"start":	0,
			"end":	54.60984,
			"seconds":	54.60984,
			"bytes":	53685773088,
			"bits_per_second":	7864629977.015132,
			"sender":	true
		},
		"cpu_utilization_percent":	{
			"host_total":	61.9872778543864,
			"host_user":	0.821590350969039,
			"host_system":	61.165689334553164,
			"remote_total":	80.8687544811517,
			"remote_user":	0.5135435526047416,
			"remote_system":	80.35519446213263
		},
		"sender_tcp_congestion":	"none",
		"receiver_tcp_congestion":	"cubic"
	}
}
