{
	"start":	{
		"connected":	[{
				"socket":	5,
				"local_host":	"10.0.1.1",
				"local_port":	46876,
				"remote_host":	"10.0.0.1",
				"remote_port":	5201
			}],
		"version":	"iperf 3.9+",
		"system_info":	"Linux han-3 5.10.0 #9 SMP PREEMPT Tue Feb 23 15:01:43 PST 2021 x86_64",
		"timestamp":	{
			"time":	"Thu, 11 May 2023 21:55:42 GMT",
			"timesecs":	1683842142
		},
		"connecting_to":	{
			"host":	"10.0.0.1",
			"port":	5201
		},
		"cookie":	"lfa4r5v5bmlyjkfdotocc5gjs4lglvpzuc2f",
		"tcp_mss_default":	2948,
		"sock_bufsize":	0,
		"sndbuf_actual":	16384,
		"rcvbuf_actual":	131072,
		"test_start":	{
			"protocol":	"TCP",
			"num_streams":	1,
			"blksize":	131072,
			"omit":	0,
			"duration":	0,
			"bytes":	53687091200,
			"blocks":	0,
			"reverse":	0,
			"tos":	0
		}
	},
	"intervals":	[{
			"streams":	[{
					"socket":	5,
					"start":	0,
					"end":	44.268653,
					"seconds":	44.2686538696289,
					"bytes":	53687091200,
					"bits_per_second":	9702050820.53922,
					"retransmits":	2448,
					"snd_cwnd":	1544752,
					"rtt":	1270,
					"rttvar":	16,
					"pmtu":	3000,
					"omitted":	false,
					"sender":	true
				}],
			"sum":	{
				"start":	0,
				"end":	44.268653,
				"seconds":	44.2686538696289,
				"bytes":	53687091200,
				"bits_per_second":	9702050820.53922,
				"retransmits":	2448,
				"omitted":	false,
				"sender":	true
			}
		}],
	"end":	{
		"streams":	[{
				"sender":	{
					"socket":	5,
					"start":	0,
					"end":	44.268653,
					"seconds":	44.268653,
					"bytes":	53687091200,
					"bits_per_second":	9702051011.1297035,
					"retransmits":	2448,
					"max_snd_cwnd":	1544752,
					"max_rtt":	1270,
					"min_rtt":	1270,
					"mean_rtt":	1270,
					"sender":	true
				},
				"receiver":	{
					"socket":	5,
					"start":	0,
					"end":	44.269907,
					"seconds":	44.268653,
					"bytes":	53685210664,
					"bits_per_second":	9701436357.47868,
					"sender":	true
				}
			}],
		"sum_sent":	{
			"start":	0,
			"end":	44.268653,
			"seconds":	44.268653,
			"bytes":	53687091200,
			"bits_per_second":	9702051011.1297035,
			"retransmits":	2448,
			"sender":	true
		},
		"sum_received":	{
			"start":	0,
			"end":	44.269907,
			"seconds":	44.269907,
			"bytes":	53685210664,
			"bits_per_second":	9701436357.47868,
			"sender":	true
		},
		"cpu_utilization_percent":	{
			"host_total":	39.5324172986377,
			"host_user":	1.2694347537890873,
			"host_system":	38.2629825448486,
			"remote_total":	58.1565550406101,
			"remote_user":	2.1243992053192979,
			"remote_system":	56.032131014775267
		},
		"sender_tcp_congestion":	"reno",
		"receiver_tcp_congestion":	"cubic"
	}
}
