{
	"start":	{
		"connected":	[{
				"socket":	5,
				"local_host":	"10.0.1.1",
				"local_port":	46820,
				"remote_host":	"10.0.0.1",
				"remote_port":	5201
			}],
		"version":	"iperf 3.9+",
		"system_info":	"Linux han-3 5.10.0 #9 SMP PREEMPT Tue Feb 23 15:01:43 PST 2021 x86_64",
		"timestamp":	{
			"time":	"Thu, 11 May 2023 21:45:50 GMT",
			"timesecs":	1683841550
		},
		"connecting_to":	{
			"host":	"10.0.0.1",
			"port":	5201
		},
		"cookie":	"6zoe42iwxh2onxonvb7yss2gq7tkt2wukqmg",
		"tcp_mss_default":	1448,
		"sock_bufsize":	0,
		"sndbuf_actual":	16384,
		"rcvbuf_actual":	131072,
		"test_start":	{
			"protocol":	"TCP",
			"num_streams":	1,
			"blksize":	131072,
			"omit":	0,
			"duration":	0,
			"bytes":	53687091200,
			"blocks":	0,
			"reverse":	0,
			"tos":	0
		}
	},
	"intervals":	[{
			"streams":	[{
					"socket":	5,
					"start":	0,
					"end":	46.304701,
					"seconds":	46.304702758789062,
					"bytes":	53687091200,
					"bits_per_second":	9275445127.83807,
					"retransmits":	10466,
					"snd_cwnd":	852872,
					"rtt":	663,
					"rttvar":	13,
					"pmtu":	1500,
					"omitted":	false,
					"sender":	true
				}],
			"sum":	{
				"start":	0,
				"end":	46.304701,
				"seconds":	46.304702758789062,
				"bytes":	53687091200,
				"bits_per_second":	9275445127.83807,
				"retransmits":	10466,
				"omitted":	false,
				"sender":	true
			}
		}],
	"end":	{
		"streams":	[{
				"sender":	{
					"socket":	5,
					"start":	0,
					"end":	46.304701,
					"seconds":	46.304701,
					"bytes":	53687091200,
					"bits_per_second":	9275445480.14682,
					"retransmits":	10466,
					"max_snd_cwnd":	852872,
					"max_rtt":	663,
					"min_rtt":	663,
					"mean_rtt":	663,
					"sender":	true
				},
				"receiver":	{
					"socket":	5,
					"start":	0,
					"end":	46.305402,
					"seconds":	46.304701,
					"bytes":	53684584464,
					"bits_per_second":	9274871983.87782,
					"sender":	true
				}
			}],
		"sum_sent":	{
			"start":	0,
			"end":	46.304701,
			"seconds":	46.304701,
			"bytes":	53687091200,
			"bits_per_second":	9275445480.14682,
			"retransmits":	10466,
			"sender":	true
		},
		"sum_received":	{
			"start":	0,
			"end":	46.305402,
			"seconds":	46.305402,
			"bytes":	53684584464,
			"bits_per_second":	9274871983.87782,
			"sender":	true
		},
		"cpu_utilization_percent":	{
			"host_total":	48.711661404602843,
			"host_user":	1.0161395727282783,
			"host_system":	47.695519672370388,
			"remote_total":	81.527395428869369,
			"remote_user":	1.1844241885661224,
			"remote_system":	80.342971240303257
		},
		"sender_tcp_congestion":	"reno",
		"receiver_tcp_congestion":	"cubic"
	}
}
