{
	"start":	{
		"connected":	[{
				"socket":	5,
				"local_host":	"10.0.1.1",
				"local_port":	47048,
				"remote_host":	"10.0.0.1",
				"remote_port":	5201
			}],
		"version":	"iperf 3.9+",
		"system_info":	"Linux han-3 5.10.0 #9 SMP PREEMPT Tue Feb 23 15:01:43 PST 2021 x86_64",
		"timestamp":	{
			"time":	"Thu, 11 May 2023 22:25:01 GMT",
			"timesecs":	1683843901
		},
		"connecting_to":	{
			"host":	"10.0.0.1",
			"port":	5201
		},
		"cookie":	"qstkhtjcaipxsouwrlnispo7ebbkzzr4zrh3",
		"tcp_mss_default":	8948,
		"sock_bufsize":	0,
		"sndbuf_actual":	16384,
		"rcvbuf_actual":	131072,
		"test_start":	{
			"protocol":	"TCP",
			"num_streams":	1,
			"blksize":	131072,
			"omit":	0,
			"duration":	0,
			"bytes":	53687091200,
			"blocks":	0,
			"reverse":	0,
			"tos":	0
		}
	},
	"intervals":	[{
			"streams":	[{
					"socket":	5,
					"start":	0,
					"end":	43.389413,
					"seconds":	43.389411926269531,
					"bytes":	53687091200,
					"bits_per_second":	9898652932.421217,
					"retransmits":	2277,
					"snd_cwnd":	1342200,
					"rtt":	1072,
					"rttvar":	42,
					"pmtu":	9000,
					"omitted":	false,
					"sender":	true
				}],
			"sum":	{
				"start":	0,
				"end":	43.389413,
				"seconds":	43.389411926269531,
				"bytes":	53687091200,
				"bits_per_second":	9898652932.421217,
				"retransmits":	2277,
				"omitted":	false,
				"sender":	true
			}
		}],
	"end":	{
		"streams":	[{
				"sender":	{
					"socket":	5,
					"start":	0,
					"end":	43.389413,
					"seconds":	43.389413,
					"bytes":	53687091200,
					"bits_per_second":	9898652687.46549,
					"retransmits":	2277,
					"max_snd_cwnd":	1342200,
					"max_rtt":	1072,
					"min_rtt":	1072,
					"mean_rtt":	1072,
					"sender":	true
				},
				"receiver":	{
					"socket":	5,
					"start":	0,
					"end":	43.390493,
					"seconds":	43.389413,
					"bytes":	53685384628,
					"bits_per_second":	9898091663.16686,
					"sender":	true
				}
			}],
		"sum_sent":	{
			"start":	0,
			"end":	43.389413,
			"seconds":	43.389413,
			"bytes":	53687091200,
			"bits_per_second":	9898652687.46549,
			"retransmits":	2277,
			"sender":	true
		},
		"sum_received":	{
			"start":	0,
			"end":	43.390493,
			"seconds":	43.390493,
			"bytes":	53685384628,
			"bits_per_second":	9898091663.16686,
			"sender":	true
		},
		"cpu_utilization_percent":	{
			"host_total":	32.787938556342866,
			"host_user":	1.3804948081300732,
			"host_system":	31.407448357390479,
			"remote_total":	48.337864222047038,
			"remote_user":	3.49761819012836,
			"remote_system":	44.840246031918682
		},
		"sender_tcp_congestion":	"reno",
		"receiver_tcp_congestion":	"cubic"
	}
}
