{
	"start":	{
		"connected":	[{
				"socket":	5,
				"local_host":	"10.0.1.1",
				"local_port":	49564,
				"remote_host":	"10.0.0.1",
				"remote_port":	5201
			}],
		"version":	"iperf 3.9+",
		"system_info":	"Linux han-3 5.10.0 #9 SMP PREEMPT Tue Feb 23 15:01:43 PST 2021 x86_64",
		"timestamp":	{
			"time":	"Fri, 12 May 2023 06:03:13 GMT",
			"timesecs":	1683871393
		},
		"connecting_to":	{
			"host":	"10.0.0.1",
			"port":	5201
		},
		"cookie":	"fhjkgy6wilwop4yhj5nt5ayq7zs5vi7crrfq",
		"tcp_mss_default":	1448,
		"sock_bufsize":	0,
		"sndbuf_actual":	16384,
		"rcvbuf_actual":	131072,
		"test_start":	{
			"protocol":	"TCP",
			"num_streams":	1,
			"blksize":	131072,
			"omit":	0,
			"duration":	0,
			"bytes":	53687091200,
			"blocks":	0,
			"reverse":	0,
			"tos":	0
		}
	},
	"intervals":	[{
			"streams":	[{
					"socket":	5,
					"start":	0,
					"end":	47.048273,
					"seconds":	47.048271179199219,
					"bytes":	53687091200,
					"bits_per_second":	9128852534.54089,
					"retransmits":	289168,
					"snd_cwnd":	1322024,
					"rtt":	1015,
					"rttvar":	59,
					"pmtu":	1500,
					"omitted":	false,
					"sender":	true
				}],
			"sum":	{
				"start":	0,
				"end":	47.048273,
				"seconds":	47.048271179199219,
				"bytes":	53687091200,
				"bits_per_second":	9128852534.54089,
				"retransmits":	289168,
				"omitted":	false,
				"sender":	true
			}
		}],
	"end":	{
		"streams":	[{
				"sender":	{
					"socket":	5,
					"start":	0,
					"end":	47.048273,
					"seconds":	47.048273,
					"bytes":	53687091200,
					"bits_per_second":	9128852181.24797,
					"retransmits":	289168,
					"max_snd_cwnd":	1322024,
					"max_rtt":	1015,
					"min_rtt":	1015,
					"mean_rtt":	1015,
					"sender":	true
				},
				"receiver":	{
					"socket":	5,
					"start":	0,
					"end":	47.049787,
					"seconds":	47.048273,
					"bytes":	53683980888,
					"bits_per_second":	9128029572.24865,
					"sender":	true
				}
			}],
		"sum_sent":	{
			"start":	0,
			"end":	47.048273,
			"seconds":	47.048273,
			"bytes":	53687091200,
			"bits_per_second":	9128852181.24797,
			"retransmits":	289168,
			"sender":	true
		},
		"sum_received":	{
			"start":	0,
			"end":	47.049787,
			"seconds":	47.049787,
			"bytes":	53683980888,
			"bits_per_second":	9128029572.24865,
			"sender":	true
		},
		"cpu_utilization_percent":	{
			"host_total":	43.932821046344934,
			"host_user":	0.93230139137882839,
			"host_system":	43.000517529587924,
			"remote_total":	83.415622651048466,
			"remote_user":	0.743919183296135,
			"remote_system":	82.671703467752323
		},
		"sender_tcp_congestion":	"scalable",
		"receiver_tcp_congestion":	"cubic"
	}
}
