{
	"start":	{
		"connected":	[{
				"socket":	5,
				"local_host":	"10.0.1.1",
				"local_port":	49804,
				"remote_host":	"10.0.0.1",
				"remote_port":	5201
			}],
		"version":	"iperf 3.9+",
		"system_info":	"Linux han-3 5.10.0 #9 SMP PREEMPT Tue Feb 23 15:01:43 PST 2021 x86_64",
		"timestamp":	{
			"time":	"Fri, 12 May 2023 06:44:53 GMT",
			"timesecs":	1683873893
		},
		"connecting_to":	{
			"host":	"10.0.0.1",
			"port":	5201
		},
		"cookie":	"ac264gtzlliijngkp4stbimrmp3le23lullx",
		"tcp_mss_default":	8948,
		"sock_bufsize":	0,
		"sndbuf_actual":	16384,
		"rcvbuf_actual":	131072,
		"test_start":	{
			"protocol":	"TCP",
			"num_streams":	1,
			"blksize":	131072,
			"omit":	0,
			"duration":	0,
			"bytes":	53687091200,
			"blocks":	0,
			"reverse":	0,
			"tos":	0
		}
	},
	"intervals":	[{
			"streams":	[{
					"socket":	5,
					"start":	0,
					"end":	43.409621,
					"seconds":	43.409622192382812,
					"bytes":	53687091200,
					"bits_per_second":	9894044405.559576,
					"retransmits":	9561,
					"snd_cwnd":	1592744,
					"rtt":	1261,
					"rttvar":	17,
					"pmtu":	9000,
					"omitted":	false,
					"sender":	true
				}],
			"sum":	{
				"start":	0,
				"end":	43.409621,
				"seconds":	43.409622192382812,
				"bytes":	53687091200,
				"bits_per_second":	9894044405.559576,
				"retransmits":	9561,
				"omitted":	false,
				"sender":	true
			}
		}],
	"end":	{
		"streams":	[{
				"sender":	{
					"socket":	5,
					"start":	0,
					"end":	43.409621,
					"seconds":	43.409621,
					"bytes":	53687091200,
					"bits_per_second":	9894044677.33086,
					"retransmits":	9561,
					"max_snd_cwnd":	1592744,
					"max_rtt":	1261,
					"min_rtt":	1261,
					"mean_rtt":	1261,
					"sender":	true
				},
				"receiver":	{
					"socket":	5,
					"start":	0,
					"end":	43.410926,
					"seconds":	43.409621,
					"bytes":	53685599456,
					"bits_per_second":	9893472340.30437,
					"sender":	true
				}
			}],
		"sum_sent":	{
			"start":	0,
			"end":	43.409621,
			"seconds":	43.409621,
			"bytes":	53687091200,
			"bits_per_second":	9894044677.33086,
			"retransmits":	9561,
			"sender":	true
		},
		"sum_received":	{
			"start":	0,
			"end":	43.410926,
			"seconds":	43.410926,
			"bytes":	53685599456,
			"bits_per_second":	9893472340.30437,
			"sender":	true
		},
		"cpu_utilization_percent":	{
			"host_total":	29.292277071831681,
			"host_user":	1.3124035459789851,
			"host_system":	27.9798735258527,
			"remote_total":	47.070518008856716,
			"remote_user":	3.1591473703288768,
			"remote_system":	43.911372939738023
		},
		"sender_tcp_congestion":	"scalable",
		"receiver_tcp_congestion":	"cubic"
	}
}
