{
	"start":	{
		"connected":	[{
				"socket":	5,
				"local_host":	"10.0.1.1",
				"local_port":	49856,
				"remote_host":	"10.0.0.1",
				"remote_port":	5201
			}],
		"version":	"iperf 3.9+",
		"system_info":	"Linux han-3 5.10.0 #9 SMP PREEMPT Tue Feb 23 15:01:43 PST 2021 x86_64",
		"timestamp":	{
			"time":	"Fri, 12 May 2023 06:53:35 GMT",
			"timesecs":	1683874415
		},
		"connecting_to":	{
			"host":	"10.0.0.1",
			"port":	5201
		},
		"cookie":	"orurf54463yffpbi5vc2ozj3xy4egt74dgtj",
		"tcp_mss_default":	8948,
		"sock_bufsize":	0,
		"sndbuf_actual":	16384,
		"rcvbuf_actual":	131072,
		"test_start":	{
			"protocol":	"TCP",
			"num_streams":	1,
			"blksize":	131072,
			"omit":	0,
			"duration":	0,
			"bytes":	53687091200,
			"blocks":	0,
			"reverse":	0,
			"tos":	0
		}
	},
	"intervals":	[{
			"streams":	[{
					"socket":	5,
					"start":	0,
					"end":	43.417851,
					"seconds":	43.417850494384766,
					"bytes":	53687091200,
					"bits_per_second":	9892169343.0112762,
					"retransmits":	11403,
					"snd_cwnd":	1548004,
					"rtt":	1298,
					"rttvar":	20,
					"pmtu":	9000,
					"omitted":	false,
					"sender":	true
				}],
			"sum":	{
				"start":	0,
				"end":	43.417851,
				"seconds":	43.417850494384766,
				"bytes":	53687091200,
				"bits_per_second":	9892169343.0112762,
				"retransmits":	11403,
				"omitted":	false,
				"sender":	true
			}
		}],
	"end":	{
		"streams":	[{
				"sender":	{
					"socket":	5,
					"start":	0,
					"end":	43.417851,
					"seconds":	43.417851,
					"bytes":	53687091200,
					"bits_per_second":	9892169227.813694,
					"retransmits":	11403,
					"max_snd_cwnd":	1548004,
					"max_rtt":	1298,
					"min_rtt":	1298,
					"mean_rtt":	1298,
					"sender":	true
				},
				"receiver":	{
					"socket":	5,
					"start":	0,
					"end":	43.418995,
					"seconds":	43.417851,
					"bytes":	53685913040,
					"bits_per_second":	9891691512.4359741,
					"sender":	true
				}
			}],
		"sum_sent":	{
			"start":	0,
			"end":	43.417851,
			"seconds":	43.417851,
			"bytes":	53687091200,
			"bits_per_second":	9892169227.813694,
			"retransmits":	11403,
			"sender":	true
		},
		"sum_received":	{
			"start":	0,
			"end":	43.418995,
			"seconds":	43.418995,
			"bytes":	53685913040,
			"bits_per_second":	9891691512.4359741,
			"sender":	true
		},
		"cpu_utilization_percent":	{
			"host_total":	33.363609595589885,
			"host_user":	1.3627427170630781,
			"host_system":	32.0008668785268,
			"remote_total":	45.590027437915381,
			"remote_user":	3.2570047978683645,
			"remote_system":	42.333024940399589
		},
		"sender_tcp_congestion":	"scalable",
		"receiver_tcp_congestion":	"cubic"
	}
}
