{
	"start":	{
		"connected":	[{
				"socket":	5,
				"local_host":	"10.0.1.1",
				"local_port":	49646,
				"remote_host":	"10.0.0.1",
				"remote_port":	5201
			}],
		"version":	"iperf 3.9+",
		"system_info":	"Linux han-3 5.10.0 #9 SMP PREEMPT Tue Feb 23 15:01:43 PST 2021 x86_64",
		"timestamp":	{
			"time":	"Fri, 12 May 2023 06:17:46 GMT",
			"timesecs":	1683872266
		},
		"connecting_to":	{
			"host":	"10.0.0.1",
			"port":	5201
		},
		"cookie":	"umlnwvv7xyeytjtqt3r632np7dpaua227vgb",
		"tcp_mss_default":	2948,
		"sock_bufsize":	0,
		"sndbuf_actual":	16384,
		"rcvbuf_actual":	131072,
		"test_start":	{
			"protocol":	"TCP",
			"num_streams":	1,
			"blksize":	131072,
			"omit":	0,
			"duration":	0,
			"bytes":	53687091200,
			"blocks":	0,
			"reverse":	0,
			"tos":	0
		}
	},
	"intervals":	[{
			"streams":	[{
					"socket":	5,
					"start":	0,
					"end":	44.298506,
					"seconds":	44.298507690429688,
					"bytes":	53687091200,
					"bits_per_second":	9695512377.1085644,
					"retransmits":	28496,
					"snd_cwnd":	1503480,
					"rtt":	991,
					"rttvar":	45,
					"pmtu":	3000,
					"omitted":	false,
					"sender":	true
				}],
			"sum":	{
				"start":	0,
				"end":	44.298506,
				"seconds":	44.298507690429688,
				"bytes":	53687091200,
				"bits_per_second":	9695512377.1085644,
				"retransmits":	28496,
				"omitted":	false,
				"sender":	true
			}
		}],
	"end":	{
		"streams":	[{
				"sender":	{
					"socket":	5,
					"start":	0,
					"end":	44.298506,
					"seconds":	44.298506,
					"bytes":	53687091200,
					"bits_per_second":	9695512747.08903,
					"retransmits":	28496,
					"max_snd_cwnd":	1503480,
					"max_rtt":	991,
					"min_rtt":	991,
					"mean_rtt":	991,
					"sender":	true
				},
				"receiver":	{
					"socket":	5,
					"start":	0,
					"end":	44.299481,
					"seconds":	44.298506,
					"bytes":	53687091200,
					"bits_per_second":	9695299355.76446,
					"sender":	true
				}
			}],
		"sum_sent":	{
			"start":	0,
			"end":	44.298506,
			"seconds":	44.298506,
			"bytes":	53687091200,
			"bits_per_second":	9695512747.08903,
			"retransmits":	28496,
			"sender":	true
		},
		"sum_received":	{
			"start":	0,
			"end":	44.299481,
			"seconds":	44.299481,
			"bytes":	53687091200,
			"bits_per_second":	9695299355.76446,
			"sender":	true
		},
		"cpu_utilization_percent":	{
			"host_total":	37.51418182071,
			"host_user":	1.2640361396843058,
			"host_system":	36.2501456810257,
			"remote_total":	56.8974478258375,
			"remote_user":	2.195280410977638,
			"remote_system":	54.702169670084146
		},
		"sender_tcp_congestion":	"scalable",
		"receiver_tcp_congestion":	"cubic"
	}
}
