{
	"start":	{
		"connected":	[{
				"socket":	5,
				"local_host":	"10.0.1.1",
				"local_port":	49756,
				"remote_host":	"10.0.0.1",
				"remote_port":	5201
			}],
		"version":	"iperf 3.9+",
		"system_info":	"Linux han-3 5.10.0 #9 SMP PREEMPT Tue Feb 23 15:01:43 PST 2021 x86_64",
		"timestamp":	{
			"time":	"Fri, 12 May 2023 06:36:52 GMT",
			"timesecs":	1683873412
		},
		"connecting_to":	{
			"host":	"10.0.0.1",
			"port":	5201
		},
		"cookie":	"blv5vidqcbyu7tnthrwpm4sl3ane62j34drv",
		"tcp_mss_default":	5948,
		"sock_bufsize":	0,
		"sndbuf_actual":	16384,
		"rcvbuf_actual":	131072,
		"test_start":	{
			"protocol":	"TCP",
			"num_streams":	1,
			"blksize":	131072,
			"omit":	0,
			"duration":	0,
			"bytes":	53687091200,
			"blocks":	0,
			"reverse":	0,
			"tos":	0
		}
	},
	"intervals":	[{
			"streams":	[{
					"socket":	5,
					"start":	0,
					"end":	43.622393,
					"seconds":	43.622394561767578,
					"bytes":	53687091200,
					"bits_per_second":	9845785264.99387,
					"retransmits":	12374,
					"snd_cwnd":	1748712,
					"rtt":	1420,
					"rttvar":	24,
					"pmtu":	6000,
					"omitted":	false,
					"sender":	true
				}],
			"sum":	{
				"start":	0,
				"end":	43.622393,
				"seconds":	43.622394561767578,
				"bytes":	53687091200,
				"bits_per_second":	9845785264.99387,
				"retransmits":	12374,
				"omitted":	false,
				"sender":	true
			}
		}],
	"end":	{
		"streams":	[{
				"sender":	{
					"socket":	5,
					"start":	0,
					"end":	43.622393,
					"seconds":	43.622393,
					"bytes":	53687091200,
					"bits_per_second":	9845785617.49237,
					"retransmits":	12374,
					"max_snd_cwnd":	1748712,
					"max_rtt":	1420,
					"min_rtt":	1420,
					"mean_rtt":	1420,
					"sender":	true
				},
				"receiver":	{
					"socket":	5,
					"start":	0,
					"end":	43.623703,
					"seconds":	43.622393,
					"bytes":	53685542608,
					"bits_per_second":	9845205962.0890045,
					"sender":	true
				}
			}],
		"sum_sent":	{
			"start":	0,
			"end":	43.622393,
			"seconds":	43.622393,
			"bytes":	53687091200,
			"bits_per_second":	9845785617.49237,
			"retransmits":	12374,
			"sender":	true
		},
		"sum_received":	{
			"start":	0,
			"end":	43.623703,
			"seconds":	43.623703,
			"bytes":	53685542608,
			"bits_per_second":	9845205962.0890045,
			"sender":	true
		},
		"cpu_utilization_percent":	{
			"host_total":	31.504846676431942,
			"host_user":	1.3249829448437589,
			"host_system":	30.1798614393055,
			"remote_total":	60.816232027797376,
			"remote_user":	2.21764781408678,
			"remote_system":	58.598581923809547
		},
		"sender_tcp_congestion":	"scalable",
		"receiver_tcp_congestion":	"cubic"
	}
}
