{
	"start":	{
		"connected":	[{
				"socket":	5,
				"local_host":	"10.0.1.1",
				"local_port":	38714,
				"remote_host":	"10.0.0.1",
				"remote_port":	5201
			}],
		"version":	"iperf 3.9+",
		"system_info":	"Linux han-3 5.10.0 #9 SMP PREEMPT Tue Feb 23 15:01:43 PST 2021 x86_64",
		"timestamp":	{
			"time":	"Thu, 11 May 2023 20:28:18 GMT",
			"timesecs":	1683836898
		},
		"connecting_to":	{
			"host":	"10.0.0.1",
			"port":	5201
		},
		"cookie":	"zpplsskhrbktbi6zgmo4gpglnuzjeoln6l7s",
		"sock_bufsize":	0,
		"sndbuf_actual":	212992,
		"rcvbuf_actual":	212992,
		"test_start":	{
			"protocol":	"UDP",
			"num_streams":	1,
			"blksize":	2948,
			"omit":	0,
			"duration":	0,
			"bytes":	53687091200,
			"blocks":	0,
			"reverse":	0,
			"tos":	0
		}
	},
	"intervals":	[{
			"streams":	[{
					"socket":	5,
					"start":	0,
					"end":	60.000033,
					"seconds":	60.0000343322754,
					"bytes":	41092113040,
					"bits_per_second":	5478945270.255702,
					"packets":	13938980,
					"omitted":	false,
					"sender":	true
				}],
			"sum":	{
				"start":	0,
				"end":	60.000033,
				"seconds":	60.0000343322754,
				"bytes":	41092113040,
				"bits_per_second":	5478945270.255702,
				"packets":	13938980,
				"omitted":	false,
				"sender":	true
			}
		}, {
			"streams":	[{
					"socket":	5,
					"start":	60.000033,
					"end":	78.392207,
					"seconds":	18.392173767089844,
					"bytes":	12594979188,
					"bits_per_second":	5478408087.0470715,
					"packets":	4272381,
					"omitted":	false,
					"sender":	true
				}],
			"sum":	{
				"start":	60.000033,
				"end":	78.392207,
				"seconds":	18.392173767089844,
				"bytes":	12594979188,
				"bits_per_second":	5478408087.0470715,
				"packets":	4272381,
				"omitted":	false,
				"sender":	true
			}
		}],
	"end":	{
		"streams":	[{
				"udp":	{
					"socket":	5,
					"start":	0,
					"end":	78.392207,
					"seconds":	78.392207,
					"bytes":	53687092228,
					"bits_per_second":	5478819314.578042,
					"jitter_ms":	0.0057403537772300539,
					"lost_packets":	44945,
					"packets":	18211361,
					"lost_percent":	0.24679649148682517,
					"out_of_order":	0,
					"sender":	true
				}
			}],
		"sum":	{
			"start":	0,
			"end":	78.392272,
			"seconds":	78.392272,
			"bytes":	53687092228,
			"bits_per_second":	5478819314.578042,
			"jitter_ms":	0.0057403537772300539,
			"lost_packets":	44945,
			"packets":	18211361,
			"lost_percent":	0.24679649148682517,
			"sender":	true
		},
		"cpu_utilization_percent":	{
			"host_total":	62.132705824820789,
			"host_user":	13.802158093554976,
			"host_system":	48.3305451800172,
			"remote_total":	64.013517177961347,
			"remote_user":	19.00524435837584,
			"remote_system":	45.008271544755267
		}
	}
}
