{
	"start":	{
		"connected":	[{
				"socket":	5,
				"local_host":	"10.0.1.1",
				"local_port":	38063,
				"remote_host":	"10.0.0.1",
				"remote_port":	5201
			}],
		"version":	"iperf 3.9+",
		"system_info":	"Linux han-3 5.10.0 #9 SMP PREEMPT Tue Feb 23 15:01:43 PST 2021 x86_64",
		"timestamp":	{
			"time":	"Thu, 11 May 2023 20:47:19 GMT",
			"timesecs":	1683838039
		},
		"connecting_to":	{
			"host":	"10.0.0.1",
			"port":	5201
		},
		"cookie":	"yohzhhajjdravvgwba2nasegalfksuqi4wk7",
		"sock_bufsize":	0,
		"sndbuf_actual":	212992,
		"rcvbuf_actual":	212992,
		"test_start":	{
			"protocol":	"UDP",
			"num_streams":	1,
			"blksize":	2948,
			"omit":	0,
			"duration":	0,
			"bytes":	53687091200,
			"blocks":	0,
			"reverse":	0,
			"tos":	0
		}
	},
	"intervals":	[{
			"streams":	[{
					"socket":	5,
					"start":	0,
					"end":	59.489074,
					"seconds":	59.48907470703125,
					"bytes":	53687092228,
					"bits_per_second":	7219758248.706398,
					"packets":	18211361,
					"omitted":	false,
					"sender":	true
				}],
			"sum":	{
				"start":	0,
				"end":	59.489074,
				"seconds":	59.48907470703125,
				"bytes":	53687092228,
				"bits_per_second":	7219758248.706398,
				"packets":	18211361,
				"omitted":	false,
				"sender":	true
			}
		}],
	"end":	{
		"streams":	[{
				"udp":	{
					"socket":	5,
					"start":	0,
					"end":	59.489074,
					"seconds":	59.489074,
					"bytes":	53687092228,
					"bits_per_second":	7219758334.51366,
					"jitter_ms":	0.00414077686661263,
					"lost_packets":	146597,
					"packets":	18211361,
					"lost_percent":	0.80497553148279255,
					"out_of_order":	0,
					"sender":	true
				}
			}],
		"sum":	{
			"start":	0,
			"end":	59.489201,
			"seconds":	59.489201,
			"bytes":	53687092228,
			"bits_per_second":	7219758334.51366,
			"jitter_ms":	0.00414077686661263,
			"lost_packets":	146597,
			"packets":	18211361,
			"lost_percent":	0.80497553148279255,
			"sender":	true
		},
		"cpu_utilization_percent":	{
			"host_total":	64.945722144081628,
			"host_user":	14.621611918364675,
			"host_system":	50.324110225716957,
			"remote_total":	80.382708274552,
			"remote_user":	23.693445219897487,
			"remote_system":	56.689263054654518
		}
	}
}
