{
	"start":	{
		"connected":	[{
				"socket":	5,
				"local_host":	"10.0.1.1",
				"local_port":	51989,
				"remote_host":	"10.0.0.1",
				"remote_port":	5201
			}],
		"version":	"iperf 3.9+",
		"system_info":	"Linux han-3 5.10.0 #9 SMP PREEMPT Tue Feb 23 15:01:43 PST 2021 x86_64",
		"timestamp":	{
			"time":	"Thu, 11 May 2023 20:19:37 GMT",
			"timesecs":	1683836377
		},
		"connecting_to":	{
			"host":	"10.0.0.1",
			"port":	5201
		},
		"cookie":	"2q7qh6youihjgnzwjro6oti77726gzjjgfjj",
		"sock_bufsize":	0,
		"sndbuf_actual":	212992,
		"rcvbuf_actual":	212992,
		"test_start":	{
			"protocol":	"UDP",
			"num_streams":	1,
			"blksize":	1448,
			"omit":	0,
			"duration":	0,
			"bytes":	53687091200,
			"blocks":	0,
			"reverse":	0,
			"tos":	0
		}
	},
	"intervals":	[{
			"streams":	[{
					"socket":	5,
					"start":	0,
					"end":	60.000006,
					"seconds":	60.000007629394531,
					"bytes":	36509075600,
					"bits_per_second":	4867876127.6842079,
					"packets":	25213450,
					"omitted":	false,
					"sender":	true
				}],
			"sum":	{
				"start":	0,
				"end":	60.000006,
				"seconds":	60.000007629394531,
				"bytes":	36509075600,
				"bits_per_second":	4867876127.6842079,
				"packets":	25213450,
				"omitted":	false,
				"sender":	true
			}
		}, {
			"streams":	[{
					"socket":	5,
					"start":	60.000006,
					"end":	86.225027,
					"seconds":	26.225021362304688,
					"bytes":	17178016408,
					"bits_per_second":	5240191394.5256367,
					"packets":	11863271,
					"omitted":	false,
					"sender":	true
				}],
			"sum":	{
				"start":	60.000006,
				"end":	86.225027,
				"seconds":	26.225021362304688,
				"bytes":	17178016408,
				"bits_per_second":	5240191394.5256367,
				"packets":	11863271,
				"omitted":	false,
				"sender":	true
			}
		}],
	"end":	{
		"streams":	[{
				"udp":	{
					"socket":	5,
					"start":	0,
					"end":	86.225027,
					"seconds":	86.225027,
					"bytes":	53687092008,
					"bits_per_second":	4981114544.203042,
					"jitter_ms":	0.0014876424300883549,
					"lost_packets":	10480134,
					"packets":	37076721,
					"lost_percent":	28.266075632740016,
					"out_of_order":	0,
					"sender":	true
				}
			}],
		"sum":	{
			"start":	0,
			"end":	86.225318,
			"seconds":	86.225318,
			"bytes":	53687092008,
			"bits_per_second":	4981114544.203042,
			"jitter_ms":	0.0014876424300883549,
			"lost_packets":	10480134,
			"packets":	37076721,
			"lost_percent":	28.266075632740016,
			"sender":	true
		},
		"cpu_utilization_percent":	{
			"host_total":	86.856963209386365,
			"host_user":	20.819576684164623,
			"host_system":	66.0373853654771,
			"remote_total":	99.7470842904723,
			"remote_user":	23.30170068000794,
			"remote_system":	76.445383610464347
		}
	}
}
