{
	"start":	{
		"connected":	[{
				"socket":	5,
				"local_host":	"10.0.1.1",
				"local_port":	38967,
				"remote_host":	"10.0.0.1",
				"remote_port":	5201
			}],
		"version":	"iperf 3.9+",
		"system_info":	"Linux han-3 5.10.0 #9 SMP PREEMPT Tue Feb 23 15:01:43 PST 2021 x86_64",
		"timestamp":	{
			"time":	"Thu, 11 May 2023 20:38:34 GMT",
			"timesecs":	1683837514
		},
		"connecting_to":	{
			"host":	"10.0.0.1",
			"port":	5201
		},
		"cookie":	"lwun2f2b2pvbqlkxx76aja5q3xfycdxfcfeq",
		"sock_bufsize":	0,
		"sndbuf_actual":	212992,
		"rcvbuf_actual":	212992,
		"test_start":	{
			"protocol":	"UDP",
			"num_streams":	1,
			"blksize":	2948,
			"omit":	0,
			"duration":	0,
			"bytes":	53687091200,
			"blocks":	0,
			"reverse":	0,
			"tos":	0
		}
	},
	"intervals":	[{
			"streams":	[{
					"socket":	5,
					"start":	0,
					"end":	60.000031,
					"seconds":	60.000030517578125,
					"bytes":	41092643680,
					"bits_per_second":	5479016370.5614977,
					"packets":	13939160,
					"omitted":	false,
					"sender":	true
				}],
			"sum":	{
				"start":	0,
				"end":	60.000031,
				"seconds":	60.000030517578125,
				"bytes":	41092643680,
				"bits_per_second":	5479016370.5614977,
				"packets":	13939160,
				"omitted":	false,
				"sender":	true
			}
		}, {
			"streams":	[{
					"socket":	5,
					"start":	60.000031,
					"end":	78.388249,
					"seconds":	18.388217926025391,
					"bytes":	12594448548,
					"bits_per_second":	5479355791.26445,
					"packets":	4272201,
					"omitted":	false,
					"sender":	true
				}],
			"sum":	{
				"start":	60.000031,
				"end":	78.388249,
				"seconds":	18.388217926025391,
				"bytes":	12594448548,
				"bits_per_second":	5479355791.26445,
				"packets":	4272201,
				"omitted":	false,
				"sender":	true
			}
		}],
	"end":	{
		"streams":	[{
				"udp":	{
					"socket":	5,
					"start":	0,
					"end":	78.388249,
					"seconds":	78.388249,
					"bytes":	53687092228,
					"bits_per_second":	5479095952.55789,
					"jitter_ms":	0.0026517576791047536,
					"lost_packets":	25626,
					"packets":	18211361,
					"lost_percent":	0.14071435956928205,
					"out_of_order":	0,
					"sender":	true
				}
			}],
		"sum":	{
			"start":	0,
			"end":	78.388342,
			"seconds":	78.388342,
			"bytes":	53687092228,
			"bits_per_second":	5479095952.55789,
			"jitter_ms":	0.0026517576791047536,
			"lost_packets":	25626,
			"packets":	18211361,
			"lost_percent":	0.14071435956928205,
			"sender":	true
		},
		"cpu_utilization_percent":	{
			"host_total":	62.809952104738819,
			"host_user":	14.138784532506781,
			"host_system":	48.671165020852555,
			"remote_total":	60.3490879158974,
			"remote_user":	18.877511493525063,
			"remote_system":	41.471577697433084
		}
	}
}
