{
	"start":	{
		"connected":	[{
				"socket":	5,
				"local_host":	"10.0.1.1",
				"local_port":	48830,
				"remote_host":	"10.0.0.1",
				"remote_port":	5201
			}],
		"version":	"iperf 3.9+",
		"system_info":	"Linux han-3 5.10.0 #9 SMP PREEMPT Tue Feb 23 15:01:43 PST 2021 x86_64",
		"timestamp":	{
			"time":	"Fri, 12 May 2023 03:48:45 GMT",
			"timesecs":	1683863325
		},
		"connecting_to":	{
			"host":	"10.0.0.1",
			"port":	5201
		},
		"cookie":	"ltjm6j5kfo3o3bll3t3sekp34dyjig7vfa6m",
		"tcp_mss_default":	8948,
		"sock_bufsize":	0,
		"sndbuf_actual":	16384,
		"rcvbuf_actual":	131072,
		"test_start":	{
			"protocol":	"TCP",
			"num_streams":	1,
			"blksize":	131072,
			"omit":	0,
			"duration":	0,
			"bytes":	53687091200,
			"blocks":	0,
			"reverse":	0,
			"tos":	0
		}
	},
	"intervals":	[{
			"streams":	[{
					"socket":	5,
					"start":	0,
					"end":	43.395145,
					"seconds":	43.395145416259766,
					"bytes":	53687091200,
					"bits_per_second":	9897345094.2526741,
					"retransmits":	1726,
					"snd_cwnd":	1709068,
					"rtt":	1313,
					"rttvar":	28,
					"pmtu":	9000,
					"omitted":	false,
					"sender":	true
				}],
			"sum":	{
				"start":	0,
				"end":	43.395145,
				"seconds":	43.395145416259766,
				"bytes":	53687091200,
				"bits_per_second":	9897345094.2526741,
				"retransmits":	1726,
				"omitted":	false,
				"sender":	true
			}
		}],
	"end":	{
		"streams":	[{
				"sender":	{
					"socket":	5,
					"start":	0,
					"end":	43.395145,
					"seconds":	43.395145,
					"bytes":	53687091200,
					"bits_per_second":	9897345189.1910954,
					"retransmits":	1726,
					"max_snd_cwnd":	1709068,
					"max_rtt":	1313,
					"min_rtt":	1313,
					"mean_rtt":	1313,
					"sender":	true
				},
				"receiver":	{
					"socket":	5,
					"start":	0,
					"end":	43.396635,
					"seconds":	43.395145,
					"bytes":	53685284672,
					"bits_per_second":	9896672342.82105,
					"sender":	true
				}
			}],
		"sum_sent":	{
			"start":	0,
			"end":	43.395145,
			"seconds":	43.395145,
			"bytes":	53687091200,
			"bits_per_second":	9897345189.1910954,
			"retransmits":	1726,
			"sender":	true
		},
		"sum_received":	{
			"start":	0,
			"end":	43.396635,
			"seconds":	43.396635,
			"bytes":	53685284672,
			"bits_per_second":	9896672342.82105,
			"sender":	true
		},
		"cpu_utilization_percent":	{
			"host_total":	29.143243419988114,
			"host_user":	1.2618655111569552,
			"host_system":	27.881377908831155,
			"remote_total":	48.567244233416012,
			"remote_user":	3.5209420615628542,
			"remote_system":	45.046302171853156
		},
		"sender_tcp_congestion":	"vegas",
		"receiver_tcp_congestion":	"cubic"
	}
}
