{
	"start":	{
		"connected":	[{
				"socket":	5,
				"local_host":	"10.0.1.1",
				"local_port":	48744,
				"remote_host":	"10.0.0.1",
				"remote_port":	5201
			}],
		"version":	"iperf 3.9+",
		"system_info":	"Linux han-3 5.10.0 #9 SMP PREEMPT Tue Feb 23 15:01:43 PST 2021 x86_64",
		"timestamp":	{
			"time":	"Fri, 12 May 2023 03:34:14 GMT",
			"timesecs":	1683862454
		},
		"connecting_to":	{
			"host":	"10.0.0.1",
			"port":	5201
		},
		"cookie":	"nt2c4e4mvnunk6th45i3jh4dbni7widiohhn",
		"tcp_mss_default":	5948,
		"sock_bufsize":	0,
		"sndbuf_actual":	16384,
		"rcvbuf_actual":	131072,
		"test_start":	{
			"protocol":	"TCP",
			"num_streams":	1,
			"blksize":	131072,
			"omit":	0,
			"duration":	0,
			"bytes":	53687091200,
			"blocks":	0,
			"reverse":	0,
			"tos":	0
		}
	},
	"intervals":	[{
			"streams":	[{
					"socket":	5,
					"start":	0,
					"end":	43.603565,
					"seconds":	43.603565216064453,
					"bytes":	53687091200,
					"bits_per_second":	9850036974.5399742,
					"retransmits":	1786,
					"snd_cwnd":	1671388,
					"rtt":	1336,
					"rttvar":	38,
					"pmtu":	6000,
					"omitted":	false,
					"sender":	true
				}],
			"sum":	{
				"start":	0,
				"end":	43.603565,
				"seconds":	43.603565216064453,
				"bytes":	53687091200,
				"bits_per_second":	9850036974.5399742,
				"retransmits":	1786,
				"omitted":	false,
				"sender":	true
			}
		}],
	"end":	{
		"streams":	[{
				"sender":	{
					"socket":	5,
					"start":	0,
					"end":	43.603565,
					"seconds":	43.603565,
					"bytes":	53687091200,
					"bits_per_second":	9850037023.34889,
					"retransmits":	1786,
					"max_snd_cwnd":	1671388,
					"max_rtt":	1336,
					"min_rtt":	1336,
					"mean_rtt":	1336,
					"sender":	true
				},
				"receiver":	{
					"socket":	5,
					"start":	0,
					"end":	43.604875,
					"seconds":	43.603565,
					"bytes":	53685552168,
					"bits_per_second":	9849458743.8675156,
					"sender":	true
				}
			}],
		"sum_sent":	{
			"start":	0,
			"end":	43.603565,
			"seconds":	43.603565,
			"bytes":	53687091200,
			"bits_per_second":	9850037023.34889,
			"retransmits":	1786,
			"sender":	true
		},
		"sum_received":	{
			"start":	0,
			"end":	43.604875,
			"seconds":	43.604875,
			"bytes":	53685552168,
			"bits_per_second":	9849458743.8675156,
			"sender":	true
		},
		"cpu_utilization_percent":	{
			"host_total":	28.500751403766621,
			"host_user":	1.0170753527570708,
			"host_system":	27.483673757732273,
			"remote_total":	54.062125910600876,
			"remote_user":	3.4546355968767219,
			"remote_system":	50.607490313724156
		},
		"sender_tcp_congestion":	"vegas",
		"receiver_tcp_congestion":	"cubic"
	}
}
