{
	"start":	{
		"connected":	[{
				"socket":	5,
				"local_host":	"10.0.1.1",
				"local_port":	48714,
				"remote_host":	"10.0.0.1",
				"remote_port":	5201
			}],
		"version":	"iperf 3.9+",
		"system_info":	"Linux han-3 5.10.0 #9 SMP PREEMPT Tue Feb 23 15:01:43 PST 2021 x86_64",
		"timestamp":	{
			"time":	"Fri, 12 May 2023 03:29:08 GMT",
			"timesecs":	1683862148
		},
		"connecting_to":	{
			"host":	"10.0.0.1",
			"port":	5201
		},
		"cookie":	"d3kjlsn3jy2fqyf7gj6qo5dfpyb75aj3fnkh",
		"tcp_mss_default":	5948,
		"sock_bufsize":	0,
		"sndbuf_actual":	16384,
		"rcvbuf_actual":	131072,
		"test_start":	{
			"protocol":	"TCP",
			"num_streams":	1,
			"blksize":	131072,
			"omit":	0,
			"duration":	0,
			"bytes":	53687091200,
			"blocks":	0,
			"reverse":	0,
			"tos":	0
		}
	},
	"intervals":	[{
			"streams":	[{
					"socket":	5,
					"start":	0,
					"end":	43.60259,
					"seconds":	43.602588653564453,
					"bytes":	53687091200,
					"bits_per_second":	9850257584.7612934,
					"retransmits":	1340,
					"snd_cwnd":	1582168,
					"rtt":	1217,
					"rttvar":	16,
					"pmtu":	6000,
					"omitted":	false,
					"sender":	true
				}],
			"sum":	{
				"start":	0,
				"end":	43.60259,
				"seconds":	43.602588653564453,
				"bytes":	53687091200,
				"bits_per_second":	9850257584.7612934,
				"retransmits":	1340,
				"omitted":	false,
				"sender":	true
			}
		}],
	"end":	{
		"streams":	[{
				"sender":	{
					"socket":	5,
					"start":	0,
					"end":	43.60259,
					"seconds":	43.60259,
					"bytes":	53687091200,
					"bits_per_second":	9850257280.58815,
					"retransmits":	1340,
					"max_snd_cwnd":	1582168,
					"max_rtt":	1217,
					"min_rtt":	1217,
					"mean_rtt":	1217,
					"sender":	true
				},
				"receiver":	{
					"socket":	5,
					"start":	0,
					"end":	43.604214,
					"seconds":	43.60259,
					"bytes":	53685973968,
					"bits_per_second":	9849685439.668745,
					"sender":	true
				}
			}],
		"sum_sent":	{
			"start":	0,
			"end":	43.60259,
			"seconds":	43.60259,
			"bytes":	53687091200,
			"bits_per_second":	9850257280.58815,
			"retransmits":	1340,
			"sender":	true
		},
		"sum_received":	{
			"start":	0,
			"end":	43.604214,
			"seconds":	43.604214,
			"bytes":	53685973968,
			"bits_per_second":	9849685439.668745,
			"sender":	true
		},
		"cpu_utilization_percent":	{
			"host_total":	30.540068684764076,
			"host_user":	1.1967785902159425,
			"host_system":	29.343292387908406,
			"remote_total":	55.2059048988125,
			"remote_user":	3.1974245136268875,
			"remote_system":	52.008480385185621
		},
		"sender_tcp_congestion":	"vegas",
		"receiver_tcp_congestion":	"cubic"
	}
}
