{
	"start":	{
		"connected":	[{
				"socket":	5,
				"local_host":	"10.0.1.1",
				"local_port":	48804,
				"remote_host":	"10.0.0.1",
				"remote_port":	5201
			}],
		"version":	"iperf 3.9+",
		"system_info":	"Linux han-3 5.10.0 #9 SMP PREEMPT Tue Feb 23 15:01:43 PST 2021 x86_64",
		"timestamp":	{
			"time":	"Fri, 12 May 2023 03:44:24 GMT",
			"timesecs":	1683863064
		},
		"connecting_to":	{
			"host":	"10.0.0.1",
			"port":	5201
		},
		"cookie":	"a4br6lzbyo72hgcv3zgduvjsllvykhjp5pkr",
		"tcp_mss_default":	8948,
		"sock_bufsize":	0,
		"sndbuf_actual":	16384,
		"rcvbuf_actual":	131072,
		"test_start":	{
			"protocol":	"TCP",
			"num_streams":	1,
			"blksize":	131072,
			"omit":	0,
			"duration":	0,
			"bytes":	53687091200,
			"blocks":	0,
			"reverse":	0,
			"tos":	0
		}
	},
	"intervals":	[{
			"streams":	[{
					"socket":	5,
					"start":	0,
					"end":	43.385621,
					"seconds":	43.3856201171875,
					"bytes":	53687091200,
					"bits_per_second":	9899518053.21441,
					"retransmits":	1277,
					"snd_cwnd":	966384,
					"rtt":	757,
					"rttvar":	29,
					"pmtu":	9000,
					"omitted":	false,
					"sender":	true
				}],
			"sum":	{
				"start":	0,
				"end":	43.385621,
				"seconds":	43.3856201171875,
				"bytes":	53687091200,
				"bits_per_second":	9899518053.21441,
				"retransmits":	1277,
				"omitted":	false,
				"sender":	true
			}
		}],
	"end":	{
		"streams":	[{
				"sender":	{
					"socket":	5,
					"start":	0,
					"end":	43.385621,
					"seconds":	43.385621,
					"bytes":	53687091200,
					"bits_per_second":	9899517851.77859,
					"retransmits":	1277,
					"max_snd_cwnd":	966384,
					"max_rtt":	757,
					"min_rtt":	757,
					"mean_rtt":	757,
					"sender":	true
				},
				"receiver":	{
					"socket":	5,
					"start":	0,
					"end":	43.386532,
					"seconds":	43.385621,
					"bytes":	53685085320,
					"bits_per_second":	9898940126.39683,
					"sender":	true
				}
			}],
		"sum_sent":	{
			"start":	0,
			"end":	43.385621,
			"seconds":	43.385621,
			"bytes":	53687091200,
			"bits_per_second":	9899517851.77859,
			"retransmits":	1277,
			"sender":	true
		},
		"sum_received":	{
			"start":	0,
			"end":	43.386532,
			"seconds":	43.386532,
			"bytes":	53685085320,
			"bits_per_second":	9898940126.39683,
			"sender":	true
		},
		"cpu_utilization_percent":	{
			"host_total":	30.258181985049276,
			"host_user":	1.30532990099574,
			"host_system":	28.952852084053539,
			"remote_total":	47.868167098104827,
			"remote_user":	3.4614010418205319,
			"remote_system":	44.4067660562843
		},
		"sender_tcp_congestion":	"vegas",
		"receiver_tcp_congestion":	"cubic"
	}
}
