{
	"start":	{
		"connected":	[{
				"socket":	5,
				"local_host":	"10.0.1.1",
				"local_port":	48602,
				"remote_host":	"10.0.0.1",
				"remote_port":	5201
			}],
		"version":	"iperf 3.9+",
		"system_info":	"Linux han-3 5.10.0 #9 SMP PREEMPT Tue Feb 23 15:01:43 PST 2021 x86_64",
		"timestamp":	{
			"time":	"Fri, 12 May 2023 03:10:00 GMT",
			"timesecs":	1683861000
		},
		"connecting_to":	{
			"host":	"10.0.0.1",
			"port":	5201
		},
		"cookie":	"3pbiw33y6euidketzqzg7x5dqc25ofx3iiiv",
		"tcp_mss_default":	2948,
		"sock_bufsize":	0,
		"sndbuf_actual":	16384,
		"rcvbuf_actual":	131072,
		"test_start":	{
			"protocol":	"TCP",
			"num_streams":	1,
			"blksize":	131072,
			"omit":	0,
			"duration":	0,
			"bytes":	53687091200,
			"blocks":	0,
			"reverse":	0,
			"tos":	0
		}
	},
	"intervals":	[{
			"streams":	[{
					"socket":	5,
					"start":	0,
					"end":	44.268648,
					"seconds":	44.268646240234375,
					"bytes":	53687091200,
					"bits_per_second":	9702052492.6204758,
					"retransmits":	2514,
					"snd_cwnd":	1188044,
					"rtt":	1045,
					"rttvar":	16,
					"pmtu":	3000,
					"omitted":	false,
					"sender":	true
				}],
			"sum":	{
				"start":	0,
				"end":	44.268648,
				"seconds":	44.268646240234375,
				"bytes":	53687091200,
				"bits_per_second":	9702052492.6204758,
				"retransmits":	2514,
				"omitted":	false,
				"sender":	true
			}
		}],
	"end":	{
		"streams":	[{
				"sender":	{
					"socket":	5,
					"start":	0,
					"end":	44.268648,
					"seconds":	44.268648,
					"bytes":	53687091200,
					"bits_per_second":	9702052106.94485,
					"retransmits":	2514,
					"max_snd_cwnd":	1188044,
					"max_rtt":	1045,
					"min_rtt":	1045,
					"mean_rtt":	1045,
					"sender":	true
				},
				"receiver":	{
					"socket":	5,
					"start":	0,
					"end":	44.269537,
					"seconds":	44.268648,
					"bytes":	53685191812,
					"bits_per_second":	9701514034.26695,
					"sender":	true
				}
			}],
		"sum_sent":	{
			"start":	0,
			"end":	44.268648,
			"seconds":	44.268648,
			"bytes":	53687091200,
			"bits_per_second":	9702052106.94485,
			"retransmits":	2514,
			"sender":	true
		},
		"sum_received":	{
			"start":	0,
			"end":	44.269537,
			"seconds":	44.269537,
			"bytes":	53685191812,
			"bits_per_second":	9701514034.26695,
			"sender":	true
		},
		"cpu_utilization_percent":	{
			"host_total":	35.915440924591877,
			"host_user":	1.3287182859589,
			"host_system":	34.5867248974859,
			"remote_total":	58.278356316787317,
			"remote_user":	2.1776915371963366,
			"remote_system":	56.10063995400315
		},
		"sender_tcp_congestion":	"vegas",
		"receiver_tcp_congestion":	"cubic"
	}
}
