{
	"start":	{
		"connected":	[{
				"socket":	5,
				"local_host":	"10.0.1.1",
				"local_port":	48498,
				"remote_host":	"10.0.0.1",
				"remote_port":	5201
			}],
		"version":	"iperf 3.9+",
		"system_info":	"Linux han-3 5.10.0 #9 SMP PREEMPT Tue Feb 23 15:01:43 PST 2021 x86_64",
		"timestamp":	{
			"time":	"Fri, 12 May 2023 02:51:21 GMT",
			"timesecs":	1683859881
		},
		"connecting_to":	{
			"host":	"10.0.0.1",
			"port":	5201
		},
		"cookie":	"bqm4duu54vhctmrgsx4lwxitpaqbpglzymnr",
		"tcp_mss_default":	1448,
		"sock_bufsize":	0,
		"sndbuf_actual":	16384,
		"rcvbuf_actual":	131072,
		"test_start":	{
			"protocol":	"TCP",
			"num_streams":	1,
			"blksize":	131072,
			"omit":	0,
			"duration":	0,
			"bytes":	53687091200,
			"blocks":	0,
			"reverse":	0,
			"tos":	0
		}
	},
	"intervals":	[{
			"streams":	[{
					"socket":	5,
					"start":	0,
					"end":	47.136201,
					"seconds":	47.136199951171875,
					"bytes":	53687091200,
					"bits_per_second":	9111823397.83252,
					"retransmits":	6548,
					"snd_cwnd":	399648,
					"rtt":	308,
					"rttvar":	34,
					"pmtu":	1500,
					"omitted":	false,
					"sender":	true
				}],
			"sum":	{
				"start":	0,
				"end":	47.136201,
				"seconds":	47.136199951171875,
				"bytes":	53687091200,
				"bits_per_second":	9111823397.83252,
				"retransmits":	6548,
				"omitted":	false,
				"sender":	true
			}
		}],
	"end":	{
		"streams":	[{
				"sender":	{
					"socket":	5,
					"start":	0,
					"end":	47.136201,
					"seconds":	47.136201,
					"bytes":	53687091200,
					"bits_per_second":	9111823195.08524,
					"retransmits":	6548,
					"max_snd_cwnd":	399648,
					"max_rtt":	308,
					"min_rtt":	308,
					"mean_rtt":	308,
					"sender":	true
				},
				"receiver":	{
					"socket":	5,
					"start":	0,
					"end":	47.136464,
					"seconds":	47.136201,
					"bytes":	53684677248,
					"bits_per_second":	9111362659.3628235,
					"sender":	true
				}
			}],
		"sum_sent":	{
			"start":	0,
			"end":	47.136201,
			"seconds":	47.136201,
			"bytes":	53687091200,
			"bits_per_second":	9111823195.08524,
			"retransmits":	6548,
			"sender":	true
		},
		"sum_received":	{
			"start":	0,
			"end":	47.136464,
			"seconds":	47.136464,
			"bytes":	53684677248,
			"bits_per_second":	9111362659.3628235,
			"sender":	true
		},
		"cpu_utilization_percent":	{
			"host_total":	45.933408412138427,
			"host_user":	1.098713806980377,
			"host_system":	44.834692483728524,
			"remote_total":	81.78806257671954,
			"remote_user":	1.1122923534240543,
			"remote_system":	80.675746907908
		},
		"sender_tcp_congestion":	"vegas",
		"receiver_tcp_congestion":	"cubic"
	}
}
