{
	"start":	{
		"connected":	[{
				"socket":	5,
				"local_host":	"10.0.1.1",
				"local_port":	48792,
				"remote_host":	"10.0.0.1",
				"remote_port":	5201
			}],
		"version":	"iperf 3.9+",
		"system_info":	"Linux han-3 5.10.0 #9 SMP PREEMPT Tue Feb 23 15:01:43 PST 2021 x86_64",
		"timestamp":	{
			"time":	"Fri, 12 May 2023 03:42:14 GMT",
			"timesecs":	1683862934
		},
		"connecting_to":	{
			"host":	"10.0.0.1",
			"port":	5201
		},
		"cookie":	"jhl2emnknpgxdknjjj6ero6enflmgfbxxylv",
		"tcp_mss_default":	8948,
		"sock_bufsize":	0,
		"sndbuf_actual":	16384,
		"rcvbuf_actual":	131072,
		"test_start":	{
			"protocol":	"TCP",
			"num_streams":	1,
			"blksize":	131072,
			"omit":	0,
			"duration":	0,
			"bytes":	53687091200,
			"blocks":	0,
			"reverse":	0,
			"tos":	0
		}
	},
	"intervals":	[{
			"streams":	[{
					"socket":	5,
					"start":	0,
					"end":	43.385865,
					"seconds":	43.3858642578125,
					"bytes":	53687091200,
					"bits_per_second":	9899462346.7172356,
					"retransmits":	1419,
					"snd_cwnd":	1735912,
					"rtt":	1379,
					"rttvar":	11,
					"pmtu":	9000,
					"omitted":	false,
					"sender":	true
				}],
			"sum":	{
				"start":	0,
				"end":	43.385865,
				"seconds":	43.3858642578125,
				"bytes":	53687091200,
				"bits_per_second":	9899462346.7172356,
				"retransmits":	1419,
				"omitted":	false,
				"sender":	true
			}
		}],
	"end":	{
		"streams":	[{
				"sender":	{
					"socket":	5,
					"start":	0,
					"end":	43.385865,
					"seconds":	43.385865,
					"bytes":	53687091200,
					"bits_per_second":	9899462177.37044,
					"retransmits":	1419,
					"max_snd_cwnd":	1735912,
					"max_rtt":	1379,
					"min_rtt":	1379,
					"mean_rtt":	1379,
					"sender":	true
				},
				"receiver":	{
					"socket":	5,
					"start":	0,
					"end":	43.387184,
					"seconds":	43.385865,
					"bytes":	53685744524,
					"bits_per_second":	9898912918.43232,
					"sender":	true
				}
			}],
		"sum_sent":	{
			"start":	0,
			"end":	43.385865,
			"seconds":	43.385865,
			"bytes":	53687091200,
			"bits_per_second":	9899462177.37044,
			"retransmits":	1419,
			"sender":	true
		},
		"sum_received":	{
			"start":	0,
			"end":	43.387184,
			"seconds":	43.387184,
			"bytes":	53685744524,
			"bits_per_second":	9898912918.43232,
			"sender":	true
		},
		"cpu_utilization_percent":	{
			"host_total":	29.171930825086307,
			"host_user":	1.2210704071508476,
			"host_system":	27.950858113137549,
			"remote_total":	47.967247201006252,
			"remote_user":	3.3669178890687137,
			"remote_system":	44.600327009475485
		},
		"sender_tcp_congestion":	"vegas",
		"receiver_tcp_congestion":	"cubic"
	}
}
