{
	"start":	{
		"connected":	[{
				"socket":	5,
				"local_host":	"10.0.1.1",
				"local_port":	48766,
				"remote_host":	"10.0.0.1",
				"remote_port":	5201
			}],
		"version":	"iperf 3.9+",
		"system_info":	"Linux han-3 5.10.0 #9 SMP PREEMPT Tue Feb 23 15:01:43 PST 2021 x86_64",
		"timestamp":	{
			"time":	"Fri, 12 May 2023 03:37:53 GMT",
			"timesecs":	1683862673
		},
		"connecting_to":	{
			"host":	"10.0.0.1",
			"port":	5201
		},
		"cookie":	"husui3bf7deviowwh5yri7fs7tdomnb2hgzx",
		"tcp_mss_default":	8948,
		"sock_bufsize":	0,
		"sndbuf_actual":	16384,
		"rcvbuf_actual":	131072,
		"test_start":	{
			"protocol":	"TCP",
			"num_streams":	1,
			"blksize":	131072,
			"omit":	0,
			"duration":	0,
			"bytes":	53687091200,
			"blocks":	0,
			"reverse":	0,
			"tos":	0
		}
	},
	"intervals":	[{
			"streams":	[{
					"socket":	5,
					"start":	0,
					"end":	43.386388,
					"seconds":	43.3863868713379,
					"bytes":	53687091200,
					"bits_per_second":	9899343102.10413,
					"retransmits":	1318,
					"snd_cwnd":	1190084,
					"rtt":	930,
					"rttvar":	27,
					"pmtu":	9000,
					"omitted":	false,
					"sender":	true
				}],
			"sum":	{
				"start":	0,
				"end":	43.386388,
				"seconds":	43.3863868713379,
				"bytes":	53687091200,
				"bits_per_second":	9899343102.10413,
				"retransmits":	1318,
				"omitted":	false,
				"sender":	true
			}
		}],
	"end":	{
		"streams":	[{
				"sender":	{
					"socket":	5,
					"start":	0,
					"end":	43.386388,
					"seconds":	43.386388,
					"bytes":	53687091200,
					"bits_per_second":	9899342844.5806561,
					"retransmits":	1318,
					"max_snd_cwnd":	1190084,
					"max_rtt":	930,
					"min_rtt":	930,
					"mean_rtt":	930,
					"sender":	true
				},
				"receiver":	{
					"socket":	5,
					"start":	0,
					"end":	43.387242,
					"seconds":	43.386388,
					"bytes":	53684801692,
					"bits_per_second":	9898725840.5593052,
					"sender":	true
				}
			}],
		"sum_sent":	{
			"start":	0,
			"end":	43.386388,
			"seconds":	43.386388,
			"bytes":	53687091200,
			"bits_per_second":	9899342844.5806561,
			"retransmits":	1318,
			"sender":	true
		},
		"sum_received":	{
			"start":	0,
			"end":	43.387242,
			"seconds":	43.387242,
			"bytes":	53684801692,
			"bits_per_second":	9898725840.5593052,
			"sender":	true
		},
		"cpu_utilization_percent":	{
			"host_total":	30.301873875395422,
			"host_user":	1.3665276562148236,
			"host_system":	28.9353462191806,
			"remote_total":	44.9163899891578,
			"remote_user":	3.5796291820980319,
			"remote_system":	41.336760807059761
		},
		"sender_tcp_congestion":	"vegas",
		"receiver_tcp_congestion":	"cubic"
	}
}
