{
	"start":	{
		"connected":	[{
				"socket":	5,
				"local_host":	"10.0.1.1",
				"local_port":	49336,
				"remote_host":	"10.0.0.1",
				"remote_port":	5201
			}],
		"version":	"iperf 3.9+",
		"system_info":	"Linux han-3 5.10.0 #9 SMP PREEMPT Tue Feb 23 15:01:43 PST 2021 x86_64",
		"timestamp":	{
			"time":	"Fri, 12 May 2023 05:24:03 GMT",
			"timesecs":	1683869043
		},
		"connecting_to":	{
			"host":	"10.0.0.1",
			"port":	5201
		},
		"cookie":	"fuemxzpovef32cylapmhbf2w4p3rx3ojxl53",
		"tcp_mss_default":	2948,
		"sock_bufsize":	0,
		"sndbuf_actual":	16384,
		"rcvbuf_actual":	131072,
		"test_start":	{
			"protocol":	"TCP",
			"num_streams":	1,
			"blksize":	131072,
			"omit":	0,
			"duration":	0,
			"bytes":	53687091200,
			"blocks":	0,
			"reverse":	0,
			"tos":	0
		}
	},
	"intervals":	[{
			"streams":	[{
					"socket":	5,
					"start":	0,
					"end":	44.272552,
					"seconds":	44.272552490234375,
					"bytes":	53687091200,
					"bits_per_second":	9701196462.4072266,
					"retransmits":	2358,
					"snd_cwnd":	1518220,
					"rtt":	1258,
					"rttvar":	47,
					"pmtu":	3000,
					"omitted":	false,
					"sender":	true
				}],
			"sum":	{
				"start":	0,
				"end":	44.272552,
				"seconds":	44.272552490234375,
				"bytes":	53687091200,
				"bits_per_second":	9701196462.4072266,
				"retransmits":	2358,
				"omitted":	false,
				"sender":	true
			}
		}],
	"end":	{
		"streams":	[{
				"sender":	{
					"socket":	5,
					"start":	0,
					"end":	44.272552,
					"seconds":	44.272552,
					"bytes":	53687091200,
					"bits_per_second":	9701196569.82954,
					"retransmits":	2358,
					"max_snd_cwnd":	1518220,
					"max_rtt":	1258,
					"min_rtt":	1258,
					"mean_rtt":	1258,
					"sender":	true
				},
				"receiver":	{
					"socket":	5,
					"start":	0,
					"end":	44.27426,
					"seconds":	44.272552,
					"bytes":	53686124480,
					"bits_per_second":	9700647641.3157444,
					"sender":	true
				}
			}],
		"sum_sent":	{
			"start":	0,
			"end":	44.272552,
			"seconds":	44.272552,
			"bytes":	53687091200,
			"bits_per_second":	9701196569.82954,
			"retransmits":	2358,
			"sender":	true
		},
		"sum_received":	{
			"start":	0,
			"end":	44.27426,
			"seconds":	44.27426,
			"bytes":	53686124480,
			"bits_per_second":	9700647641.3157444,
			"sender":	true
		},
		"cpu_utilization_percent":	{
			"host_total":	37.677712856728078,
			"host_user":	1.256183350726463,
			"host_system":	36.42152724739806,
			"remote_total":	58.290856220102874,
			"remote_user":	2.2616414485952734,
			"remote_system":	56.0292147715076
		},
		"sender_tcp_congestion":	"westwood",
		"receiver_tcp_congestion":	"cubic"
	}
}
