{
	"start":	{
		"connected":	[{
				"socket":	5,
				"local_host":	"10.0.1.1",
				"local_port":	49284,
				"remote_host":	"10.0.0.1",
				"remote_port":	5201
			}],
		"version":	"iperf 3.9+",
		"system_info":	"Linux han-3 5.10.0 #9 SMP PREEMPT Tue Feb 23 15:01:43 PST 2021 x86_64",
		"timestamp":	{
			"time":	"Fri, 12 May 2023 05:15:11 GMT",
			"timesecs":	1683868511
		},
		"connecting_to":	{
			"host":	"10.0.0.1",
			"port":	5201
		},
		"cookie":	"uhwnfcbdcteohsch4ewhudwwxcwyp53sy4z7",
		"tcp_mss_default":	2948,
		"sock_bufsize":	0,
		"sndbuf_actual":	16384,
		"rcvbuf_actual":	131072,
		"test_start":	{
			"protocol":	"TCP",
			"num_streams":	1,
			"blksize":	131072,
			"omit":	0,
			"duration":	0,
			"bytes":	53687091200,
			"blocks":	0,
			"reverse":	0,
			"tos":	0
		}
	},
	"intervals":	[{
			"streams":	[{
					"socket":	5,
					"start":	0,
					"end":	44.270434,
					"seconds":	44.270435333251953,
					"bytes":	53687091200,
					"bits_per_second":	9701660405.3450737,
					"retransmits":	2422,
					"snd_cwnd":	1400300,
					"rtt":	1031,
					"rttvar":	39,
					"pmtu":	3000,
					"omitted":	false,
					"sender":	true
				}],
			"sum":	{
				"start":	0,
				"end":	44.270434,
				"seconds":	44.270435333251953,
				"bytes":	53687091200,
				"bits_per_second":	9701660405.3450737,
				"retransmits":	2422,
				"omitted":	false,
				"sender":	true
			}
		}],
	"end":	{
		"streams":	[{
				"sender":	{
					"socket":	5,
					"start":	0,
					"end":	44.270434,
					"seconds":	44.270434,
					"bytes":	53687091200,
					"bits_per_second":	9701660697.52106,
					"retransmits":	2422,
					"max_snd_cwnd":	1400300,
					"max_rtt":	1031,
					"min_rtt":	1031,
					"mean_rtt":	1031,
					"sender":	true
				},
				"receiver":	{
					"socket":	5,
					"start":	0,
					"end":	44.271518,
					"seconds":	44.270434,
					"bytes":	53685581820,
					"bits_per_second":	9701150400.12859,
					"sender":	true
				}
			}],
		"sum_sent":	{
			"start":	0,
			"end":	44.270434,
			"seconds":	44.270434,
			"bytes":	53687091200,
			"bits_per_second":	9701660697.52106,
			"retransmits":	2422,
			"sender":	true
		},
		"sum_received":	{
			"start":	0,
			"end":	44.271518,
			"seconds":	44.271518,
			"bytes":	53685581820,
			"bits_per_second":	9701150400.12859,
			"sender":	true
		},
		"cpu_utilization_percent":	{
			"host_total":	34.6701265837138,
			"host_user":	1.3154915840988046,
			"host_system":	33.354639517146367,
			"remote_total":	57.981283981191822,
			"remote_user":	2.37798725101371,
			"remote_system":	55.603274163683444
		},
		"sender_tcp_congestion":	"westwood",
		"receiver_tcp_congestion":	"cubic"
	}
}
