{
	"start":	{
		"connected":	[{
				"socket":	5,
				"local_host":	"10.0.1.1",
				"local_port":	49498,
				"remote_host":	"10.0.0.1",
				"remote_port":	5201
			}],
		"version":	"iperf 3.9+",
		"system_info":	"Linux han-3 5.10.0 #9 SMP PREEMPT Tue Feb 23 15:01:43 PST 2021 x86_64",
		"timestamp":	{
			"time":	"Fri, 12 May 2023 05:51:48 GMT",
			"timesecs":	1683870708
		},
		"connecting_to":	{
			"host":	"10.0.0.1",
			"port":	5201
		},
		"cookie":	"d45rwg33z7sxat3i7dil5fkqqspturv4uuah",
		"tcp_mss_default":	8948,
		"sock_bufsize":	0,
		"sndbuf_actual":	16384,
		"rcvbuf_actual":	131072,
		"test_start":	{
			"protocol":	"TCP",
			"num_streams":	1,
			"blksize":	131072,
			"omit":	0,
			"duration":	0,
			"bytes":	53687091200,
			"blocks":	0,
			"reverse":	0,
			"tos":	0
		}
	},
	"intervals":	[{
			"streams":	[{
					"socket":	5,
					"start":	0,
					"end":	43.390319,
					"seconds":	43.39031982421875,
					"bytes":	53687222272,
					"bits_per_second":	9898469979.38631,
					"retransmits":	2751,
					"snd_cwnd":	1655380,
					"rtt":	1332,
					"rttvar":	17,
					"pmtu":	9000,
					"omitted":	false,
					"sender":	true
				}],
			"sum":	{
				"start":	0,
				"end":	43.390319,
				"seconds":	43.39031982421875,
				"bytes":	53687222272,
				"bits_per_second":	9898469979.38631,
				"retransmits":	2751,
				"omitted":	false,
				"sender":	true
			}
		}],
	"end":	{
		"streams":	[{
				"sender":	{
					"socket":	5,
					"start":	0,
					"end":	43.390319,
					"seconds":	43.390319,
					"bytes":	53687222272,
					"bits_per_second":	9898470167.41223,
					"retransmits":	2751,
					"max_snd_cwnd":	1655380,
					"max_rtt":	1332,
					"min_rtt":	1332,
					"mean_rtt":	1332,
					"sender":	true
				},
				"receiver":	{
					"socket":	5,
					"start":	0,
					"end":	43.391618,
					"seconds":	43.390319,
					"bytes":	53685262608,
					"bits_per_second":	9897812542.1365948,
					"sender":	true
				}
			}],
		"sum_sent":	{
			"start":	0,
			"end":	43.390319,
			"seconds":	43.390319,
			"bytes":	53687222272,
			"bits_per_second":	9898470167.41223,
			"retransmits":	2751,
			"sender":	true
		},
		"sum_received":	{
			"start":	0,
			"end":	43.391618,
			"seconds":	43.391618,
			"bytes":	53685262608,
			"bits_per_second":	9897812542.1365948,
			"sender":	true
		},
		"cpu_utilization_percent":	{
			"host_total":	37.095349193773245,
			"host_user":	1.5593425702782462,
			"host_system":	35.5360043189332,
			"remote_total":	43.043530243752222,
			"remote_user":	3.3004511675852855,
			"remote_system":	39.743079076166936
		},
		"sender_tcp_congestion":	"westwood",
		"receiver_tcp_congestion":	"cubic"
	}
}
