{
	"start":	{
		"connected":	[{
				"socket":	5,
				"local_host":	"10.0.1.1",
				"local_port":	49482,
				"remote_host":	"10.0.0.1",
				"remote_port":	5201
			}],
		"version":	"iperf 3.9+",
		"system_info":	"Linux han-3 5.10.0 #9 SMP PREEMPT Tue Feb 23 15:01:43 PST 2021 x86_64",
		"timestamp":	{
			"time":	"Fri, 12 May 2023 05:48:54 GMT",
			"timesecs":	1683870534
		},
		"connecting_to":	{
			"host":	"10.0.0.1",
			"port":	5201
		},
		"cookie":	"m67fuzonikrxfgppbmzjj6xb3qaxz7d4uz5i",
		"tcp_mss_default":	8948,
		"sock_bufsize":	0,
		"sndbuf_actual":	16384,
		"rcvbuf_actual":	131072,
		"test_start":	{
			"protocol":	"TCP",
			"num_streams":	1,
			"blksize":	131072,
			"omit":	0,
			"duration":	0,
			"bytes":	53687091200,
			"blocks":	0,
			"reverse":	0,
			"tos":	0
		}
	},
	"intervals":	[{
			"streams":	[{
					"socket":	5,
					"start":	0,
					"end":	43.388636,
					"seconds":	43.3886375427246,
					"bytes":	53687091200,
					"bits_per_second":	9898829599.7327957,
					"retransmits":	2671,
					"snd_cwnd":	1351148,
					"rtt":	1052,
					"rttvar":	7,
					"pmtu":	9000,
					"omitted":	false,
					"sender":	true
				}],
			"sum":	{
				"start":	0,
				"end":	43.388636,
				"seconds":	43.3886375427246,
				"bytes":	53687091200,
				"bits_per_second":	9898829599.7327957,
				"retransmits":	2671,
				"omitted":	false,
				"sender":	true
			}
		}],
	"end":	{
		"streams":	[{
				"sender":	{
					"socket":	5,
					"start":	0,
					"end":	43.388636,
					"seconds":	43.388636,
					"bytes":	53687091200,
					"bits_per_second":	9898829951.6951866,
					"retransmits":	2671,
					"max_snd_cwnd":	1351148,
					"max_rtt":	1052,
					"min_rtt":	1052,
					"mean_rtt":	1052,
					"sender":	true
				},
				"receiver":	{
					"socket":	5,
					"start":	0,
					"end":	43.389861,
					"seconds":	43.388636,
					"bytes":	53685078508,
					"bits_per_second":	9898179394.12159,
					"sender":	true
				}
			}],
		"sum_sent":	{
			"start":	0,
			"end":	43.388636,
			"seconds":	43.388636,
			"bytes":	53687091200,
			"bits_per_second":	9898829951.6951866,
			"retransmits":	2671,
			"sender":	true
		},
		"sum_received":	{
			"start":	0,
			"end":	43.389861,
			"seconds":	43.389861,
			"bytes":	53685078508,
			"bits_per_second":	9898179394.12159,
			"sender":	true
		},
		"cpu_utilization_percent":	{
			"host_total":	28.270808897977545,
			"host_user":	1.2326700498531384,
			"host_system":	27.038141152757809,
			"remote_total":	47.135806230829367,
			"remote_user":	3.3144072195134573,
			"remote_system":	43.821396708934323
		},
		"sender_tcp_congestion":	"westwood",
		"receiver_tcp_congestion":	"cubic"
	}
}
