{
	"start":	{
		"connected":	[{
				"socket":	5,
				"local_host":	"10.0.1.1",
				"local_port":	49220,
				"remote_host":	"10.0.0.1",
				"remote_port":	5201
			}],
		"version":	"iperf 3.9+",
		"system_info":	"Linux han-3 5.10.0 #9 SMP PREEMPT Tue Feb 23 15:01:43 PST 2021 x86_64",
		"timestamp":	{
			"time":	"Fri, 12 May 2023 05:03:44 GMT",
			"timesecs":	1683867824
		},
		"connecting_to":	{
			"host":	"10.0.0.1",
			"port":	5201
		},
		"cookie":	"wcndaf55mr6jzeo5icf4qv5jx4lf3kl76277",
		"tcp_mss_default":	1448,
		"sock_bufsize":	0,
		"sndbuf_actual":	16384,
		"rcvbuf_actual":	131072,
		"test_start":	{
			"protocol":	"TCP",
			"num_streams":	1,
			"blksize":	131072,
			"omit":	0,
			"duration":	0,
			"bytes":	53687091200,
			"blocks":	0,
			"reverse":	0,
			"tos":	0
		}
	},
	"intervals":	[{
			"streams":	[{
					"socket":	5,
					"start":	0,
					"end":	46.305736,
					"seconds":	46.305736541748047,
					"bytes":	53687091200,
					"bits_per_second":	9275238052.04517,
					"retransmits":	57254,
					"snd_cwnd":	1272792,
					"rtt":	1138,
					"rttvar":	67,
					"pmtu":	1500,
					"omitted":	false,
					"sender":	true
				}],
			"sum":	{
				"start":	0,
				"end":	46.305736,
				"seconds":	46.305736541748047,
				"bytes":	53687091200,
				"bits_per_second":	9275238052.04517,
				"retransmits":	57254,
				"omitted":	false,
				"sender":	true
			}
		}],
	"end":	{
		"streams":	[{
				"sender":	{
					"socket":	5,
					"start":	0,
					"end":	46.305736,
					"seconds":	46.305736,
					"bytes":	53687091200,
					"bits_per_second":	9275238160.5596333,
					"retransmits":	57254,
					"max_snd_cwnd":	1272792,
					"max_rtt":	1138,
					"min_rtt":	1138,
					"mean_rtt":	1138,
					"sender":	true
				},
				"receiver":	{
					"socket":	5,
					"start":	0,
					"end":	46.307502,
					"seconds":	46.305736,
					"bytes":	53684988688,
					"bits_per_second":	9274521210.4941444,
					"sender":	true
				}
			}],
		"sum_sent":	{
			"start":	0,
			"end":	46.305736,
			"seconds":	46.305736,
			"bytes":	53687091200,
			"bits_per_second":	9275238160.5596333,
			"retransmits":	57254,
			"sender":	true
		},
		"sum_received":	{
			"start":	0,
			"end":	46.307502,
			"seconds":	46.307502,
			"bytes":	53684988688,
			"bits_per_second":	9274521210.4941444,
			"sender":	true
		},
		"cpu_utilization_percent":	{
			"host_total":	46.50362745214268,
			"host_user":	1.00616688782657,
			"host_system":	45.497460564316114,
			"remote_total":	85.900728743744466,
			"remote_user":	0.87986154373659764,
			"remote_system":	85.020867200007871
		},
		"sender_tcp_congestion":	"westwood",
		"receiver_tcp_congestion":	"cubic"
	}
}
