{
	"start":	{
		"connected":	[{
				"socket":	5,
				"local_host":	"10.0.1.1",
				"local_port":	40540,
				"remote_host":	"10.0.0.1",
				"remote_port":	5201
			}],
		"version":	"iperf 3.9+",
		"system_info":	"Linux han-3 5.10.0 #9 SMP PREEMPT Tue Feb 23 15:01:43 PST 2021 x86_64",
		"timestamp":	{
			"time":	"Sat, 20 May 2023 14:49:43 GMT",
			"timesecs":	1684594183
		},
		"connecting_to":	{
			"host":	"10.0.0.1",
			"port":	5201
		},
		"cookie":	"uwxwglwzcwudmlb5sw4656cuqm2tiasayylb",
		"tcp_mss_default":	1448,
		"target_bitrate":	5000000000,
		"sock_bufsize":	0,
		"sndbuf_actual":	16384,
		"rcvbuf_actual":	131072,
		"test_start":	{
			"protocol":	"TCP",
			"num_streams":	1,
			"blksize":	131072,
			"omit":	0,
			"duration":	40,
			"bytes":	0,
			"blocks":	0,
			"reverse":	0,
			"tos":	0
		}
	},
	"intervals":	[{
			"streams":	[{
					"socket":	5,
					"start":	0,
					"end":	40.000081,
					"seconds":	40.000080108642578,
					"bytes":	24999624704,
					"bits_per_second":	4999914927.3900537,
					"retransmits":	2926,
					"snd_cwnd":	409784,
					"rtt":	571,
					"rttvar":	46,
					"pmtu":	1500,
					"omitted":	false,
					"sender":	true
				}],
			"sum":	{
				"start":	0,
				"end":	40.000081,
				"seconds":	40.000080108642578,
				"bytes":	24999624704,
				"bits_per_second":	4999914927.3900537,
				"retransmits":	2926,
				"omitted":	false,
				"sender":	true
			}
		}],
	"end":	{
		"streams":	[{
				"sender":	{
					"socket":	5,
					"start":	0,
					"end":	40.000081,
					"seconds":	40.000081,
					"bytes":	24999624704,
					"bits_per_second":	4999914815.972497,
					"retransmits":	2926,
					"max_snd_cwnd":	409784,
					"max_rtt":	571,
					"min_rtt":	571,
					"mean_rtt":	571,
					"sender":	true
				},
				"receiver":	{
					"socket":	5,
					"start":	0,
					"end":	40.000239,
					"seconds":	40.000081,
					"bytes":	24999624704,
					"bits_per_second":	4999895066.4269781,
					"sender":	true
				}
			}],
		"sum_sent":	{
			"start":	0,
			"end":	40.000081,
			"seconds":	40.000081,
			"bytes":	24999624704,
			"bits_per_second":	4999914815.972497,
			"retransmits":	2926,
			"sender":	true
		},
		"sum_received":	{
			"start":	0,
			"end":	40.000239,
			"seconds":	40.000239,
			"bytes":	24999624704,
			"bits_per_second":	4999895066.4269781,
			"sender":	true
		},
		"cpu_utilization_percent":	{
			"host_total":	37.666229424529284,
			"host_user":	1.30211195151952,
			"host_system":	36.364117473009763,
			"remote_total":	66.0666571373821,
			"remote_user":	0,
			"remote_system":	66.0666571373821
		},
		"sender_tcp_congestion":	"cubic",
		"receiver_tcp_congestion":	"reno"
	}
}
