{
	"start":	{
		"connected":	[{
				"socket":	5,
				"local_host":	"10.0.1.1",
				"local_port":	41862,
				"remote_host":	"10.0.0.1",
				"remote_port":	5201
			}],
		"version":	"iperf 3.9+",
		"system_info":	"Linux han-3 5.10.0 #9 SMP PREEMPT Tue Feb 23 15:01:43 PST 2021 x86_64",
		"timestamp":	{
			"time":	"Sat, 20 May 2023 19:38:56 GMT",
			"timesecs":	1684611536
		},
		"connecting_to":	{
			"host":	"10.0.0.1",
			"port":	5201
		},
		"cookie":	"xdf4b37wgqayo4qsukzs5kzgzl2y3dhg2zem",
		"tcp_mss_default":	1448,
		"target_bitrate":	10000000000,
		"sock_bufsize":	0,
		"sndbuf_actual":	16384,
		"rcvbuf_actual":	131072,
		"test_start":	{
			"protocol":	"TCP",
			"num_streams":	1,
			"blksize":	131072,
			"omit":	0,
			"duration":	90,
			"bytes":	0,
			"blocks":	0,
			"reverse":	0,
			"tos":	0
		}
	},
	"intervals":	[{
			"streams":	[{
					"socket":	5,
					"start":	0,
					"end":	60.000069,
					"seconds":	60.000068664550781,
					"bytes":	56614191104,
					"bits_per_second":	7548550175.2365532,
					"retransmits":	23201,
					"snd_cwnd":	871696,
					"rtt":	783,
					"rttvar":	15,
					"pmtu":	1500,
					"omitted":	false,
					"sender":	true
				}],
			"sum":	{
				"start":	0,
				"end":	60.000069,
				"seconds":	60.000068664550781,
				"bytes":	56614191104,
				"bits_per_second":	7548550175.2365532,
				"retransmits":	23201,
				"omitted":	false,
				"sender":	true
			}
		}, {
			"streams":	[{
					"socket":	5,
					"start":	60.000069,
					"end":	90.000167,
					"seconds":	30.000097274780273,
					"bytes":	27734310912,
					"bits_per_second":	7395792262.3977575,
					"retransmits":	13073,
					"snd_cwnd":	279464,
					"rtt":	332,
					"rttvar":	23,
					"pmtu":	1500,
					"omitted":	false,
					"sender":	true
				}],
			"sum":	{
				"start":	60.000069,
				"end":	90.000167,
				"seconds":	30.000097274780273,
				"bytes":	27734310912,
				"bits_per_second":	7395792262.3977575,
				"retransmits":	13073,
				"omitted":	false,
				"sender":	true
			}
		}],
	"end":	{
		"streams":	[{
				"sender":	{
					"socket":	5,
					"start":	0,
					"end":	90.000167,
					"seconds":	90.000167,
					"bytes":	84348502016,
					"bits_per_second":	7497630711.3741245,
					"retransmits":	36274,
					"max_snd_cwnd":	871696,
					"max_rtt":	783,
					"min_rtt":	332,
					"mean_rtt":	557,
					"sender":	true
				},
				"receiver":	{
					"socket":	5,
					"start":	0,
					"end":	90.000665,
					"seconds":	90.000167,
					"bytes":	84343976504,
					"bits_per_second":	7497186960.0296841,
					"sender":	true
				}
			}],
		"sum_sent":	{
			"start":	0,
			"end":	90.000167,
			"seconds":	90.000167,
			"bytes":	84348502016,
			"bits_per_second":	7497630711.3741245,
			"retransmits":	36274,
			"sender":	true
		},
		"sum_received":	{
			"start":	0,
			"end":	90.000665,
			"seconds":	90.000665,
			"bytes":	84343976504,
			"bits_per_second":	7497186960.0296841,
			"sender":	true
		},
		"cpu_utilization_percent":	{
			"host_total":	38.834563980575474,
			"host_user":	1.5829226262415987,
			"host_system":	37.251641354333877,
			"remote_total":	91.8868588674412,
			"remote_user":	0.94466121373834433,
			"remote_system":	90.942196543090631
		},
		"sender_tcp_congestion":	"cubic",
		"receiver_tcp_congestion":	"reno"
	}
}
