{
	"start":	{
		"connected":	[{
				"socket":	5,
				"local_host":	"10.0.1.1",
				"local_port":	40086,
				"remote_host":	"10.0.0.1",
				"remote_port":	5201
			}],
		"version":	"iperf 3.9+",
		"system_info":	"Linux han-3 5.10.0 #9 SMP PREEMPT Tue Feb 23 15:01:43 PST 2021 x86_64",
		"timestamp":	{
			"time":	"Sat, 20 May 2023 13:22:58 GMT",
			"timesecs":	1684588978
		},
		"connecting_to":	{
			"host":	"10.0.0.1",
			"port":	5201
		},
		"cookie":	"3yh4ajtpipq32qzh2cxt6npr65xhkuwka64x",
		"tcp_mss_default":	1448,
		"target_bitrate":	1000000000,
		"sock_bufsize":	0,
		"sndbuf_actual":	16384,
		"rcvbuf_actual":	131072,
		"test_start":	{
			"protocol":	"TCP",
			"num_streams":	1,
			"blksize":	131072,
			"omit":	0,
			"duration":	90,
			"bytes":	0,
			"blocks":	0,
			"reverse":	0,
			"tos":	0
		}
	},
	"intervals":	[{
			"streams":	[{
					"socket":	5,
					"start":	0,
					"end":	60.000072,
					"seconds":	60.000072479248047,
					"bytes":	7499939840,
					"bits_per_second":	999990770.690348,
					"retransmits":	66,
					"snd_cwnd":	301184,
					"rtt":	376,
					"rttvar":	24,
					"pmtu":	1500,
					"omitted":	false,
					"sender":	true
				}],
			"sum":	{
				"start":	0,
				"end":	60.000072,
				"seconds":	60.000072479248047,
				"bytes":	7499939840,
				"bits_per_second":	999990770.690348,
				"retransmits":	66,
				"omitted":	false,
				"sender":	true
			}
		}, {
			"streams":	[{
					"socket":	5,
					"start":	60.000072,
					"end":	90.000097,
					"seconds":	30.000024795532227,
					"bytes":	3749969920,
					"bits_per_second":	999991152.15623868,
					"retransmits":	0,
					"snd_cwnd":	301184,
					"rtt":	381,
					"rttvar":	20,
					"pmtu":	1500,
					"omitted":	false,
					"sender":	true
				}],
			"sum":	{
				"start":	60.000072,
				"end":	90.000097,
				"seconds":	30.000024795532227,
				"bytes":	3749969920,
				"bits_per_second":	999991152.15623868,
				"retransmits":	0,
				"omitted":	false,
				"sender":	true
			}
		}],
	"end":	{
		"streams":	[{
				"sender":	{
					"socket":	5,
					"start":	0,
					"end":	90.000097,
					"seconds":	90.000097,
					"bytes":	11249909760,
					"bits_per_second":	999990900.89869571,
					"retransmits":	66,
					"max_snd_cwnd":	301184,
					"max_rtt":	381,
					"min_rtt":	376,
					"mean_rtt":	378,
					"sender":	true
				},
				"receiver":	{
					"socket":	5,
					"start":	0,
					"end":	90.000248,
					"seconds":	90.000097,
					"bytes":	11249909760,
					"bits_per_second":	999989223.14080739,
					"sender":	true
				}
			}],
		"sum_sent":	{
			"start":	0,
			"end":	90.000097,
			"seconds":	90.000097,
			"bytes":	11249909760,
			"bits_per_second":	999990900.89869571,
			"retransmits":	66,
			"sender":	true
		},
		"sum_received":	{
			"start":	0,
			"end":	90.000248,
			"seconds":	90.000248,
			"bytes":	11249909760,
			"bits_per_second":	999989223.14080739,
			"sender":	true
		},
		"cpu_utilization_percent":	{
			"host_total":	7.8535634742328675,
			"host_user":	1.5701489330107277,
			"host_system":	6.283416763381525,
			"remote_total":	30.712833138890893,
			"remote_user":	0,
			"remote_system":	30.712833138890893
		},
		"sender_tcp_congestion":	"cubic",
		"receiver_tcp_congestion":	"reno"
	}
}
