{
	"start":	{
		"connected":	[{
				"socket":	5,
				"local_host":	"10.0.1.1",
				"local_port":	41344,
				"remote_host":	"10.0.0.1",
				"remote_port":	5201
			}],
		"version":	"iperf 3.9+",
		"system_info":	"Linux han-3 5.10.0 #9 SMP PREEMPT Tue Feb 23 15:01:43 PST 2021 x86_64",
		"timestamp":	{
			"time":	"Sat, 20 May 2023 17:43:51 GMT",
			"timesecs":	1684604631
		},
		"connecting_to":	{
			"host":	"10.0.0.1",
			"port":	5201
		},
		"cookie":	"nukue2r4dloyzxfcu7rhkviyetko43mb5y7m",
		"tcp_mss_default":	1448,
		"target_bitrate":	10000000000,
		"sock_bufsize":	0,
		"sndbuf_actual":	16384,
		"rcvbuf_actual":	131072,
		"test_start":	{
			"protocol":	"TCP",
			"num_streams":	1,
			"blksize":	131072,
			"omit":	0,
			"duration":	30,
			"bytes":	0,
			"blocks":	0,
			"reverse":	0,
			"tos":	0
		}
	},
	"intervals":	[{
			"streams":	[{
					"socket":	5,
					"start":	0,
					"end":	30.00004,
					"seconds":	30.000040054321289,
					"bytes":	32811909120,
					"bits_per_second":	8749830749.7156,
					"retransmits":	3756,
					"snd_cwnd":	511144,
					"rtt":	573,
					"rttvar":	18,
					"pmtu":	1500,
					"omitted":	false,
					"sender":	true
				}],
			"sum":	{
				"start":	0,
				"end":	30.00004,
				"seconds":	30.000040054321289,
				"bytes":	32811909120,
				"bits_per_second":	8749830749.7156,
				"retransmits":	3756,
				"omitted":	false,
				"sender":	true
			}
		}],
	"end":	{
		"streams":	[{
				"sender":	{
					"socket":	5,
					"start":	0,
					"end":	30.00004,
					"seconds":	30.00004,
					"bytes":	32811909120,
					"bits_per_second":	8749830765.55898,
					"retransmits":	3756,
					"max_snd_cwnd":	511144,
					"max_rtt":	573,
					"min_rtt":	573,
					"mean_rtt":	573,
					"sender":	true
				},
				"receiver":	{
					"socket":	5,
					"start":	0,
					"end":	30.000487,
					"seconds":	30.00004,
					"bytes":	32809361344,
					"bits_per_second":	8749020999.2924442,
					"sender":	true
				}
			}],
		"sum_sent":	{
			"start":	0,
			"end":	30.00004,
			"seconds":	30.00004,
			"bytes":	32811909120,
			"bits_per_second":	8749830765.55898,
			"retransmits":	3756,
			"sender":	true
		},
		"sum_received":	{
			"start":	0,
			"end":	30.000487,
			"seconds":	30.000487,
			"bytes":	32809361344,
			"bits_per_second":	8749020999.2924442,
			"sender":	true
		},
		"cpu_utilization_percent":	{
			"host_total":	55.1665490450954,
			"host_user":	1.6443565661185278,
			"host_system":	53.522195812134314,
			"remote_total":	82.644679000648566,
			"remote_user":	1.4647387263977871,
			"remote_system":	81.1799402742508
		},
		"sender_tcp_congestion":	"cubic",
		"receiver_tcp_congestion":	"reno"
	}
}
