{
	"start":	{
		"connected":	[{
				"socket":	5,
				"local_host":	"10.0.1.1",
				"local_port":	41236,
				"remote_host":	"10.0.0.1",
				"remote_port":	5201
			}],
		"version":	"iperf 3.9+",
		"system_info":	"Linux han-3 5.10.0 #9 SMP PREEMPT Tue Feb 23 15:01:43 PST 2021 x86_64",
		"timestamp":	{
			"time":	"Sat, 20 May 2023 17:33:50 GMT",
			"timesecs":	1684604030
		},
		"connecting_to":	{
			"host":	"10.0.0.1",
			"port":	5201
		},
		"cookie":	"d6kf7vm2cenozwg5jyuweyg2damk4n5qqsst",
		"tcp_mss_default":	1448,
		"target_bitrate":	10000000000,
		"sock_bufsize":	0,
		"sndbuf_actual":	16384,
		"rcvbuf_actual":	131072,
		"test_start":	{
			"protocol":	"TCP",
			"num_streams":	1,
			"blksize":	131072,
			"omit":	0,
			"duration":	20,
			"bytes":	0,
			"blocks":	0,
			"reverse":	0,
			"tos":	0
		}
	},
	"intervals":	[{
			"streams":	[{
					"socket":	5,
					"start":	0,
					"end":	20.000126,
					"seconds":	20.000125885009766,
					"bytes":	22167683072,
					"bits_per_second":	8867017417.57129,
					"retransmits":	3090,
					"snd_cwnd":	1004912,
					"rtt":	825,
					"rttvar":	22,
					"pmtu":	1500,
					"omitted":	false,
					"sender":	true
				}],
			"sum":	{
				"start":	0,
				"end":	20.000126,
				"seconds":	20.000125885009766,
				"bytes":	22167683072,
				"bits_per_second":	8867017417.57129,
				"retransmits":	3090,
				"omitted":	false,
				"sender":	true
			}
		}],
	"end":	{
		"streams":	[{
				"sender":	{
					"socket":	5,
					"start":	0,
					"end":	20.000126,
					"seconds":	20.000126,
					"bytes":	22167683072,
					"bits_per_second":	8867017366.59059,
					"retransmits":	3090,
					"max_snd_cwnd":	1004912,
					"max_rtt":	825,
					"min_rtt":	825,
					"mean_rtt":	825,
					"sender":	true
				},
				"receiver":	{
					"socket":	5,
					"start":	0,
					"end":	20.001099,
					"seconds":	20.000126,
					"bytes":	22166072688,
					"bits_per_second":	8865941891.69305,
					"sender":	true
				}
			}],
		"sum_sent":	{
			"start":	0,
			"end":	20.000126,
			"seconds":	20.000126,
			"bytes":	22167683072,
			"bits_per_second":	8867017366.59059,
			"retransmits":	3090,
			"sender":	true
		},
		"sum_received":	{
			"start":	0,
			"end":	20.001099,
			"seconds":	20.001099,
			"bytes":	22166072688,
			"bits_per_second":	8865941891.69305,
			"sender":	true
		},
		"cpu_utilization_percent":	{
			"host_total":	40.113425545875067,
			"host_user":	1.9609096921158056,
			"host_system":	38.152515853759255,
			"remote_total":	82.5052911168367,
			"remote_user":	0.2474468786340174,
			"remote_system":	82.257849228057054
		},
		"sender_tcp_congestion":	"cubic",
		"receiver_tcp_congestion":	"reno"
	}
}
