{
	"start":	{
		"connected":	[{
				"socket":	5,
				"local_host":	"10.0.1.1",
				"local_port":	40652,
				"remote_host":	"10.0.0.1",
				"remote_port":	5201
			}],
		"version":	"iperf 3.9+",
		"system_info":	"Linux han-3 5.10.0 #9 SMP PREEMPT Tue Feb 23 15:01:43 PST 2021 x86_64",
		"timestamp":	{
			"time":	"Sat, 20 May 2023 15:08:54 GMT",
			"timesecs":	1684595334
		},
		"connecting_to":	{
			"host":	"10.0.0.1",
			"port":	5201
		},
		"cookie":	"x3asekcz4so5hsshkzsxskl7irpoidumgjkn",
		"tcp_mss_default":	1448,
		"target_bitrate":	5000000000,
		"sock_bufsize":	0,
		"sndbuf_actual":	16384,
		"rcvbuf_actual":	131072,
		"test_start":	{
			"protocol":	"TCP",
			"num_streams":	1,
			"blksize":	131072,
			"omit":	0,
			"duration":	50,
			"bytes":	0,
			"blocks":	0,
			"reverse":	0,
			"tos":	0
		}
	},
	"intervals":	[{
			"streams":	[{
					"socket":	5,
					"start":	0,
					"end":	50.000178,
					"seconds":	50.000179290771484,
					"bytes":	31249530880,
					"bits_per_second":	4999907012.05629,
					"retransmits":	5768,
					"snd_cwnd":	351864,
					"rtt":	750,
					"rttvar":	13,
					"pmtu":	1500,
					"omitted":	false,
					"sender":	true
				}],
			"sum":	{
				"start":	0,
				"end":	50.000178,
				"seconds":	50.000179290771484,
				"bytes":	31249530880,
				"bits_per_second":	4999907012.05629,
				"retransmits":	5768,
				"omitted":	false,
				"sender":	true
			}
		}],
	"end":	{
		"streams":	[{
				"sender":	{
					"socket":	5,
					"start":	0,
					"end":	50.000178,
					"seconds":	50.000178,
					"bytes":	31249530880,
					"bits_per_second":	4999907141.130578,
					"retransmits":	5768,
					"max_snd_cwnd":	351864,
					"max_rtt":	750,
					"min_rtt":	750,
					"mean_rtt":	750,
					"sender":	true
				},
				"receiver":	{
					"socket":	5,
					"start":	0,
					"end":	50.000547,
					"seconds":	50.000178,
					"bytes":	31249530880,
					"bits_per_second":	4999870242.21955,
					"sender":	true
				}
			}],
		"sum_sent":	{
			"start":	0,
			"end":	50.000178,
			"seconds":	50.000178,
			"bytes":	31249530880,
			"bits_per_second":	4999907141.130578,
			"retransmits":	5768,
			"sender":	true
		},
		"sum_received":	{
			"start":	0,
			"end":	50.000547,
			"seconds":	50.000547,
			"bytes":	31249530880,
			"bits_per_second":	4999870242.21955,
			"sender":	true
		},
		"cpu_utilization_percent":	{
			"host_total":	27.213241481881518,
			"host_user":	1.3048056020903385,
			"host_system":	25.908435879791181,
			"remote_total":	66.711990633539628,
			"remote_user":	0,
			"remote_system":	66.711988635745
		},
		"sender_tcp_congestion":	"cubic",
		"receiver_tcp_congestion":	"reno"
	}
}
