{
	"start":	{
		"connected":	[{
				"socket":	5,
				"local_host":	"10.0.1.1",
				"local_port":	41408,
				"remote_host":	"10.0.0.1",
				"remote_port":	5201
			}],
		"version":	"iperf 3.9+",
		"system_info":	"Linux han-3 5.10.0 #9 SMP PREEMPT Tue Feb 23 15:01:43 PST 2021 x86_64",
		"timestamp":	{
			"time":	"Sat, 20 May 2023 17:51:52 GMT",
			"timesecs":	1684605112
		},
		"connecting_to":	{
			"host":	"10.0.0.1",
			"port":	5201
		},
		"cookie":	"mkj36zuolzluj2ketxe3v2qiigrrbmpqqiyc",
		"tcp_mss_default":	1448,
		"target_bitrate":	10000000000,
		"sock_bufsize":	0,
		"sndbuf_actual":	16384,
		"rcvbuf_actual":	131072,
		"test_start":	{
			"protocol":	"TCP",
			"num_streams":	1,
			"blksize":	131072,
			"omit":	0,
			"duration":	40,
			"bytes":	0,
			"blocks":	0,
			"reverse":	0,
			"tos":	0
		}
	},
	"intervals":	[{
			"streams":	[{
					"socket":	5,
					"start":	0,
					"end":	40.000125,
					"seconds":	40.000125885009766,
					"bytes":	45197164544,
					"bits_per_second":	9039404460.66203,
					"retransmits":	5253,
					"snd_cwnd":	645808,
					"rtt":	501,
					"rttvar":	13,
					"pmtu":	1500,
					"omitted":	false,
					"sender":	true
				}],
			"sum":	{
				"start":	0,
				"end":	40.000125,
				"seconds":	40.000125885009766,
				"bytes":	45197164544,
				"bits_per_second":	9039404460.66203,
				"retransmits":	5253,
				"omitted":	false,
				"sender":	true
			}
		}],
	"end":	{
		"streams":	[{
				"sender":	{
					"socket":	5,
					"start":	0,
					"end":	40.000125,
					"seconds":	40.000125,
					"bytes":	45197164544,
					"bits_per_second":	9039404660.6604366,
					"retransmits":	5253,
					"max_snd_cwnd":	645808,
					"max_rtt":	501,
					"min_rtt":	501,
					"mean_rtt":	501,
					"sender":	true
				},
				"receiver":	{
					"socket":	5,
					"start":	0,
					"end":	40.000639,
					"seconds":	40.000125,
					"bytes":	45195054224,
					"bits_per_second":	9038866448.90848,
					"sender":	true
				}
			}],
		"sum_sent":	{
			"start":	0,
			"end":	40.000125,
			"seconds":	40.000125,
			"bytes":	45197164544,
			"bits_per_second":	9039404660.6604366,
			"retransmits":	5253,
			"sender":	true
		},
		"sum_received":	{
			"start":	0,
			"end":	40.000639,
			"seconds":	40.000639,
			"bytes":	45195054224,
			"bits_per_second":	9038866448.90848,
			"sender":	true
		},
		"cpu_utilization_percent":	{
			"host_total":	53.517071088033518,
			"host_user":	1.8019651943329205,
			"host_system":	51.715103393828656,
			"remote_total":	81.7168700329873,
			"remote_user":	1.2397021284109973,
			"remote_system":	80.4771679045763
		},
		"sender_tcp_congestion":	"cubic",
		"receiver_tcp_congestion":	"reno"
	}
}
