{
	"start":	{
		"connected":	[{
				"socket":	5,
				"local_host":	"10.0.1.1",
				"local_port":	39546,
				"remote_host":	"10.0.0.1",
				"remote_port":	5201
			}],
		"version":	"iperf 3.9+",
		"system_info":	"Linux han-3 5.10.0 #9 SMP PREEMPT Tue Feb 23 15:01:43 PST 2021 x86_64",
		"timestamp":	{
			"time":	"Sat, 20 May 2023 11:31:31 GMT",
			"timesecs":	1684582291
		},
		"connecting_to":	{
			"host":	"10.0.0.1",
			"port":	5201
		},
		"cookie":	"how54x572lhl34c5pnf4wu2bmjxxcujojlen",
		"tcp_mss_default":	1448,
		"target_bitrate":	1000000000,
		"sock_bufsize":	0,
		"sndbuf_actual":	16384,
		"rcvbuf_actual":	131072,
		"test_start":	{
			"protocol":	"TCP",
			"num_streams":	1,
			"blksize":	131072,
			"omit":	0,
			"duration":	20,
			"bytes":	0,
			"blocks":	0,
			"reverse":	0,
			"tos":	0
		}
	},
	"intervals":	[{
			"streams":	[{
					"socket":	5,
					"start":	0,
					"end":	20.000078,
					"seconds":	20.000078201293945,
					"bytes":	2499936256,
					"bits_per_second":	999970592.450288,
					"retransmits":	145,
					"snd_cwnd":	163624,
					"rtt":	371,
					"rttvar":	27,
					"pmtu":	1500,
					"omitted":	false,
					"sender":	true
				}],
			"sum":	{
				"start":	0,
				"end":	20.000078,
				"seconds":	20.000078201293945,
				"bytes":	2499936256,
				"bits_per_second":	999970592.450288,
				"retransmits":	145,
				"omitted":	false,
				"sender":	true
			}
		}],
	"end":	{
		"streams":	[{
				"sender":	{
					"socket":	5,
					"start":	0,
					"end":	20.000078,
					"seconds":	20.000078,
					"bytes":	2499936256,
					"bits_per_second":	999970602.51465023,
					"retransmits":	145,
					"max_snd_cwnd":	163624,
					"max_rtt":	371,
					"min_rtt":	371,
					"mean_rtt":	371,
					"sender":	true
				},
				"receiver":	{
					"socket":	5,
					"start":	0,
					"end":	20.000211,
					"seconds":	20.000078,
					"bytes":	2499936256,
					"bits_per_second":	999963952.780298,
					"sender":	true
				}
			}],
		"sum_sent":	{
			"start":	0,
			"end":	20.000078,
			"seconds":	20.000078,
			"bytes":	2499936256,
			"bits_per_second":	999970602.51465023,
			"retransmits":	145,
			"sender":	true
		},
		"sum_received":	{
			"start":	0,
			"end":	20.000211,
			"seconds":	20.000211,
			"bytes":	2499936256,
			"bits_per_second":	999963952.780298,
			"sender":	true
		},
		"cpu_utilization_percent":	{
			"host_total":	7.6064304837751076,
			"host_user":	3.0415023193272472,
			"host_system":	4.56492816444786,
			"remote_total":	32.538379776613027,
			"remote_user":	0.011365983109390703,
			"remote_system":	32.527013793503642
		},
		"sender_tcp_congestion":	"cubic",
		"receiver_tcp_congestion":	"reno"
	}
}
