{
	"start":	{
		"connected":	[{
				"socket":	5,
				"local_host":	"10.0.1.1",
				"local_port":	40444,
				"remote_host":	"10.0.0.1",
				"remote_port":	5201
			}],
		"version":	"iperf 3.9+",
		"system_info":	"Linux han-3 5.10.0 #9 SMP PREEMPT Tue Feb 23 15:01:43 PST 2021 x86_64",
		"timestamp":	{
			"time":	"Sat, 20 May 2023 14:37:22 GMT",
			"timesecs":	1684593442
		},
		"connecting_to":	{
			"host":	"10.0.0.1",
			"port":	5201
		},
		"cookie":	"6pni3ldvc5q4qmpc5bdqcwxmlywudyohf3ts",
		"tcp_mss_default":	1448,
		"target_bitrate":	5000000000,
		"sock_bufsize":	0,
		"sndbuf_actual":	16384,
		"rcvbuf_actual":	131072,
		"test_start":	{
			"protocol":	"TCP",
			"num_streams":	1,
			"blksize":	131072,
			"omit":	0,
			"duration":	30,
			"bytes":	0,
			"blocks":	0,
			"reverse":	0,
			"tos":	0
		}
	},
	"intervals":	[{
			"streams":	[{
					"socket":	5,
					"start":	0,
					"end":	30.000119,
					"seconds":	30.000118255615234,
					"bytes":	18749587456,
					"bits_per_second":	4999870279.5088,
					"retransmits":	3470,
					"snd_cwnd":	466256,
					"rtt":	481,
					"rttvar":	80,
					"pmtu":	1500,
					"omitted":	false,
					"sender":	true
				}],
			"sum":	{
				"start":	0,
				"end":	30.000119,
				"seconds":	30.000118255615234,
				"bytes":	18749587456,
				"bits_per_second":	4999870279.5088,
				"retransmits":	3470,
				"omitted":	false,
				"sender":	true
			}
		}],
	"end":	{
		"streams":	[{
				"sender":	{
					"socket":	5,
					"start":	0,
					"end":	30.000119,
					"seconds":	30.000119,
					"bytes":	18749587456,
					"bits_per_second":	4999870155.4483833,
					"retransmits":	3470,
					"max_snd_cwnd":	466256,
					"max_rtt":	481,
					"min_rtt":	481,
					"mean_rtt":	481,
					"sender":	true
				},
				"receiver":	{
					"socket":	5,
					"start":	0,
					"end":	30.000293,
					"seconds":	30.000119,
					"bytes":	18749587456,
					"bits_per_second":	4999841156.484705,
					"sender":	true
				}
			}],
		"sum_sent":	{
			"start":	0,
			"end":	30.000119,
			"seconds":	30.000119,
			"bytes":	18749587456,
			"bits_per_second":	4999870155.4483833,
			"retransmits":	3470,
			"sender":	true
		},
		"sum_received":	{
			"start":	0,
			"end":	30.000293,
			"seconds":	30.000293,
			"bytes":	18749587456,
			"bits_per_second":	4999841156.484705,
			"sender":	true
		},
		"cpu_utilization_percent":	{
			"host_total":	39.9444280234111,
			"host_user":	2.0754597367150618,
			"host_system":	37.868964953604028,
			"remote_total":	64.663074965391658,
			"remote_user":	0,
			"remote_system":	64.6630383516075
		},
		"sender_tcp_congestion":	"cubic",
		"receiver_tcp_congestion":	"reno"
	}
}
