{
	"start":	{
		"connected":	[{
				"socket":	5,
				"local_host":	"10.0.1.1",
				"local_port":	41606,
				"remote_host":	"10.0.0.1",
				"remote_port":	5201
			}],
		"version":	"iperf 3.9+",
		"system_info":	"Linux han-3 5.10.0 #9 SMP PREEMPT Tue Feb 23 15:01:43 PST 2021 x86_64",
		"timestamp":	{
			"time":	"Sat, 20 May 2023 18:28:54 GMT",
			"timesecs":	1684607334
		},
		"connecting_to":	{
			"host":	"10.0.0.1",
			"port":	5201
		},
		"cookie":	"f7f4owduanfocyaqij3b4ohmhlqxdsy24fn3",
		"tcp_mss_default":	1448,
		"target_bitrate":	10000000000,
		"sock_bufsize":	0,
		"sndbuf_actual":	16384,
		"rcvbuf_actual":	131072,
		"test_start":	{
			"protocol":	"TCP",
			"num_streams":	1,
			"blksize":	131072,
			"omit":	0,
			"duration":	60,
			"bytes":	0,
			"blocks":	0,
			"reverse":	0,
			"tos":	0
		}
	},
	"intervals":	[{
			"streams":	[{
					"socket":	5,
					"start":	0,
					"end":	60.000137,
					"seconds":	60.000137329101562,
					"bytes":	58732314624,
					"bits_per_second":	7830957359.5610237,
					"retransmits":	23771,
					"snd_cwnd":	325800,
					"rtt":	251,
					"rttvar":	20,
					"pmtu":	1500,
					"omitted":	false,
					"sender":	true
				}],
			"sum":	{
				"start":	0,
				"end":	60.000137,
				"seconds":	60.000137329101562,
				"bytes":	58732314624,
				"bits_per_second":	7830957359.5610237,
				"retransmits":	23771,
				"omitted":	false,
				"sender":	true
			}
		}],
	"end":	{
		"streams":	[{
				"sender":	{
					"socket":	5,
					"start":	0,
					"end":	60.000137,
					"seconds":	60.000137,
					"bytes":	58732314624,
					"bits_per_second":	7830957402.51393,
					"retransmits":	23771,
					"max_snd_cwnd":	325800,
					"max_rtt":	251,
					"min_rtt":	251,
					"mean_rtt":	251,
					"sender":	true
				},
				"receiver":	{
					"socket":	5,
					"start":	0,
					"end":	60.000494,
					"seconds":	60.000137,
					"bytes":	58729673352,
					"bits_per_second":	7830558642.000514,
					"sender":	true
				}
			}],
		"sum_sent":	{
			"start":	0,
			"end":	60.000137,
			"seconds":	60.000137,
			"bytes":	58732314624,
			"bits_per_second":	7830957402.51393,
			"retransmits":	23771,
			"sender":	true
		},
		"sum_received":	{
			"start":	0,
			"end":	60.000494,
			"seconds":	60.000494,
			"bytes":	58729673352,
			"bits_per_second":	7830558642.000514,
			"sender":	true
		},
		"cpu_utilization_percent":	{
			"host_total":	41.906230619066747,
			"host_user":	1.7566907483481589,
			"host_system":	40.149541537313226,
			"remote_total":	89.655945979693257,
			"remote_user":	0.91019764482989218,
			"remote_system":	88.745731681748453
		},
		"sender_tcp_congestion":	"cubic",
		"receiver_tcp_congestion":	"reno"
	}
}
