{
	"start":	{
		"connected":	[{
				"socket":	5,
				"local_host":	"10.0.1.1",
				"local_port":	40304,
				"remote_host":	"10.0.0.1",
				"remote_port":	5201
			}],
		"version":	"iperf 3.9+",
		"system_info":	"Linux han-3 5.10.0 #9 SMP PREEMPT Tue Feb 23 15:01:43 PST 2021 x86_64",
		"timestamp":	{
			"time":	"Sat, 20 May 2023 14:27:40 GMT",
			"timesecs":	1684592860
		},
		"connecting_to":	{
			"host":	"10.0.0.1",
			"port":	5201
		},
		"cookie":	"yq5unronhkewro5mypxonwhr7jzvyv32aifu",
		"tcp_mss_default":	1448,
		"target_bitrate":	5000000000,
		"sock_bufsize":	0,
		"sndbuf_actual":	16384,
		"rcvbuf_actual":	131072,
		"test_start":	{
			"protocol":	"TCP",
			"num_streams":	1,
			"blksize":	131072,
			"omit":	0,
			"duration":	10,
			"bytes":	0,
			"blocks":	0,
			"reverse":	0,
			"tos":	0
		}
	},
	"intervals":	[{
			"streams":	[{
					"socket":	5,
					"start":	0,
					"end":	10.000069,
					"seconds":	10.000068664550781,
					"bytes":	6249644032,
					"bits_per_second":	4999680895.5157261,
					"retransmits":	667,
					"snd_cwnd":	364896,
					"rtt":	308,
					"rttvar":	21,
					"pmtu":	1500,
					"omitted":	false,
					"sender":	true
				}],
			"sum":	{
				"start":	0,
				"end":	10.000069,
				"seconds":	10.000068664550781,
				"bytes":	6249644032,
				"bits_per_second":	4999680895.5157261,
				"retransmits":	667,
				"omitted":	false,
				"sender":	true
			}
		}],
	"end":	{
		"streams":	[{
				"sender":	{
					"socket":	5,
					"start":	0,
					"end":	10.000069,
					"seconds":	10.000069,
					"bytes":	6249644032,
					"bits_per_second":	4999680727.8029785,
					"retransmits":	667,
					"max_snd_cwnd":	364896,
					"max_rtt":	308,
					"min_rtt":	308,
					"mean_rtt":	308,
					"sender":	true
				},
				"receiver":	{
					"socket":	5,
					"start":	0,
					"end":	10.000187,
					"seconds":	10.000069,
					"bytes":	6249644032,
					"bits_per_second":	4999621732.6736,
					"sender":	true
				}
			}],
		"sum_sent":	{
			"start":	0,
			"end":	10.000069,
			"seconds":	10.000069,
			"bytes":	6249644032,
			"bits_per_second":	4999680727.8029785,
			"retransmits":	667,
			"sender":	true
		},
		"sum_received":	{
			"start":	0,
			"end":	10.000187,
			"seconds":	10.000187,
			"bytes":	6249644032,
			"bits_per_second":	4999621732.6736,
			"sender":	true
		},
		"cpu_utilization_percent":	{
			"host_total":	36.205564918702585,
			"host_user":	1.811051592889767,
			"host_system":	34.394493329770036,
			"remote_total":	67.496422508244649,
			"remote_user":	0,
			"remote_system":	67.496432459543
		},
		"sender_tcp_congestion":	"cubic",
		"receiver_tcp_congestion":	"reno"
	}
}
