{
	"start":	{
		"connected":	[{
				"socket":	5,
				"local_host":	"10.0.1.1",
				"local_port":	41220,
				"remote_host":	"10.0.0.1",
				"remote_port":	5201
			}],
		"version":	"iperf 3.9+",
		"system_info":	"Linux han-3 5.10.0 #9 SMP PREEMPT Tue Feb 23 15:01:43 PST 2021 x86_64",
		"timestamp":	{
			"time":	"Sat, 20 May 2023 17:32:50 GMT",
			"timesecs":	1684603970
		},
		"connecting_to":	{
			"host":	"10.0.0.1",
			"port":	5201
		},
		"cookie":	"ntqbs6kd3c6n5rjufu2cmoilakeosngzw7r7",
		"tcp_mss_default":	1448,
		"target_bitrate":	10000000000,
		"sock_bufsize":	0,
		"sndbuf_actual":	16384,
		"rcvbuf_actual":	131072,
		"test_start":	{
			"protocol":	"TCP",
			"num_streams":	1,
			"blksize":	131072,
			"omit":	0,
			"duration":	10,
			"bytes":	0,
			"blocks":	0,
			"reverse":	0,
			"tos":	0
		}
	},
	"intervals":	[{
			"streams":	[{
					"socket":	5,
					"start":	0,
					"end":	10.000063,
					"seconds":	10.000062942504883,
					"bytes":	11634737152,
					"bits_per_second":	9307731136.40875,
					"retransmits":	917,
					"snd_cwnd":	974504,
					"rtt":	768,
					"rttvar":	4,
					"pmtu":	1500,
					"omitted":	false,
					"sender":	true
				}],
			"sum":	{
				"start":	0,
				"end":	10.000063,
				"seconds":	10.000062942504883,
				"bytes":	11634737152,
				"bits_per_second":	9307731136.40875,
				"retransmits":	917,
				"omitted":	false,
				"sender":	true
			}
		}],
	"end":	{
		"streams":	[{
				"sender":	{
					"socket":	5,
					"start":	0,
					"end":	10.000063,
					"seconds":	10.000063,
					"bytes":	11634737152,
					"bits_per_second":	9307731082.8941765,
					"retransmits":	917,
					"max_snd_cwnd":	974504,
					"max_rtt":	768,
					"min_rtt":	768,
					"mean_rtt":	768,
					"sender":	true
				},
				"receiver":	{
					"socket":	5,
					"start":	0,
					"end":	10.000864,
					"seconds":	10.000063,
					"bytes":	11633001448,
					"bits_per_second":	9305597154.8058243,
					"sender":	true
				}
			}],
		"sum_sent":	{
			"start":	0,
			"end":	10.000063,
			"seconds":	10.000063,
			"bytes":	11634737152,
			"bits_per_second":	9307731082.8941765,
			"retransmits":	917,
			"sender":	true
		},
		"sum_received":	{
			"start":	0,
			"end":	10.000864,
			"seconds":	10.000864,
			"bytes":	11633001448,
			"bits_per_second":	9305597154.8058243,
			"sender":	true
		},
		"cpu_utilization_percent":	{
			"host_total":	32.644000859840929,
			"host_user":	1.6615426146162959,
			"host_system":	30.982438248923948,
			"remote_total":	80.315662466279974,
			"remote_user":	2.5416662184607453,
			"remote_system":	77.773996247819227
		},
		"sender_tcp_congestion":	"cubic",
		"receiver_tcp_congestion":	"reno"
	}
}
