{
	"start":	{
		"connected":	[{
				"socket":	5,
				"local_host":	"10.0.1.1",
				"local_port":	41664,
				"remote_host":	"10.0.0.1",
				"remote_port":	5201
			}],
		"version":	"iperf 3.9+",
		"system_info":	"Linux han-3 5.10.0 #9 SMP PREEMPT Tue Feb 23 15:01:43 PST 2021 x86_64",
		"timestamp":	{
			"time":	"Sat, 20 May 2023 18:42:14 GMT",
			"timesecs":	1684608134
		},
		"connecting_to":	{
			"host":	"10.0.0.1",
			"port":	5201
		},
		"cookie":	"mv725l52s5kqarkqqeuc4jcfu6nqiqzjvfkr",
		"tcp_mss_default":	1448,
		"target_bitrate":	10000000000,
		"sock_bufsize":	0,
		"sndbuf_actual":	16384,
		"rcvbuf_actual":	131072,
		"test_start":	{
			"protocol":	"TCP",
			"num_streams":	1,
			"blksize":	131072,
			"omit":	0,
			"duration":	70,
			"bytes":	0,
			"blocks":	0,
			"reverse":	0,
			"tos":	0
		}
	},
	"intervals":	[{
			"streams":	[{
					"socket":	5,
					"start":	0,
					"end":	60.000444,
					"seconds":	60.000442504882812,
					"bytes":	55184326656,
					"bits_per_second":	7357855956.01354,
					"retransmits":	26026,
					"snd_cwnd":	700832,
					"rtt":	858,
					"rttvar":	28,
					"pmtu":	1500,
					"omitted":	false,
					"sender":	true
				}],
			"sum":	{
				"start":	0,
				"end":	60.000444,
				"seconds":	60.000442504882812,
				"bytes":	55184326656,
				"bits_per_second":	7357855956.01354,
				"retransmits":	26026,
				"omitted":	false,
				"sender":	true
			}
		}, {
			"streams":	[{
					"socket":	5,
					"start":	60.000444,
					"end":	70.000098,
					"seconds":	9.9996538162231445,
					"bytes":	9590669312,
					"bits_per_second":	7672801069.52533,
					"retransmits":	4282,
					"snd_cwnd":	328696,
					"rtt":	451,
					"rttvar":	27,
					"pmtu":	1500,
					"omitted":	false,
					"sender":	true
				}],
			"sum":	{
				"start":	60.000444,
				"end":	70.000098,
				"seconds":	9.9996538162231445,
				"bytes":	9590669312,
				"bits_per_second":	7672801069.52533,
				"retransmits":	4282,
				"omitted":	false,
				"sender":	true
			}
		}],
	"end":	{
		"streams":	[{
				"sender":	{
					"socket":	5,
					"start":	0,
					"end":	70.000098,
					"seconds":	70.000098,
					"bytes":	64774995968,
					"bits_per_second":	7402846318.072298,
					"retransmits":	30308,
					"max_snd_cwnd":	700832,
					"max_rtt":	858,
					"min_rtt":	451,
					"mean_rtt":	654,
					"sender":	true
				},
				"receiver":	{
					"socket":	5,
					"start":	0,
					"end":	70.00026,
					"seconds":	70.000098,
					"bytes":	64772346912,
					"bits_per_second":	7402526437.7018032,
					"sender":	true
				}
			}],
		"sum_sent":	{
			"start":	0,
			"end":	70.000098,
			"seconds":	70.000098,
			"bytes":	64774995968,
			"bits_per_second":	7402846318.072298,
			"retransmits":	30308,
			"sender":	true
		},
		"sum_received":	{
			"start":	0,
			"end":	70.00026,
			"seconds":	70.00026,
			"bytes":	64772346912,
			"bits_per_second":	7402526437.7018032,
			"sender":	true
		},
		"cpu_utilization_percent":	{
			"host_total":	41.911062618138,
			"host_user":	1.6260910543964144,
			"host_system":	40.284972992265,
			"remote_total":	90.9107099005941,
			"remote_user":	0.911389674537914,
			"remote_system":	89.9993187982596
		},
		"sender_tcp_congestion":	"cubic",
		"receiver_tcp_congestion":	"reno"
	}
}
