{
	"start":	{
		"connected":	[{
				"socket":	5,
				"local_host":	"10.0.1.1",
				"local_port":	40340,
				"remote_host":	"10.0.0.1",
				"remote_port":	5201
			}],
		"version":	"iperf 3.9+",
		"system_info":	"Linux han-3 5.10.0 #9 SMP PREEMPT Tue Feb 23 15:01:43 PST 2021 x86_64",
		"timestamp":	{
			"time":	"Sat, 20 May 2023 14:29:11 GMT",
			"timesecs":	1684592951
		},
		"connecting_to":	{
			"host":	"10.0.0.1",
			"port":	5201
		},
		"cookie":	"abu7s67sjomw3afa6apvpkr47yiz34iy7rgt",
		"tcp_mss_default":	1448,
		"target_bitrate":	5000000000,
		"sock_bufsize":	0,
		"sndbuf_actual":	16384,
		"rcvbuf_actual":	131072,
		"test_start":	{
			"protocol":	"TCP",
			"num_streams":	1,
			"blksize":	131072,
			"omit":	0,
			"duration":	10,
			"bytes":	0,
			"blocks":	0,
			"reverse":	0,
			"tos":	0
		}
	},
	"intervals":	[{
			"streams":	[{
					"socket":	5,
					"start":	0,
					"end":	10.00007,
					"seconds":	10.0000696182251,
					"bytes":	6249644032,
					"bits_per_second":	4999680418.71232,
					"retransmits":	703,
					"snd_cwnd":	508248,
					"rtt":	683,
					"rttvar":	41,
					"pmtu":	1500,
					"omitted":	false,
					"sender":	true
				}],
			"sum":	{
				"start":	0,
				"end":	10.00007,
				"seconds":	10.0000696182251,
				"bytes":	6249644032,
				"bits_per_second":	4999680418.71232,
				"retransmits":	703,
				"omitted":	false,
				"sender":	true
			}
		}],
	"end":	{
		"streams":	[{
				"sender":	{
					"socket":	5,
					"start":	0,
					"end":	10.00007,
					"seconds":	10.00007,
					"bytes":	6249644032,
					"bits_per_second":	4999680227.8384056,
					"retransmits":	703,
					"max_snd_cwnd":	508248,
					"max_rtt":	683,
					"min_rtt":	683,
					"mean_rtt":	683,
					"sender":	true
				},
				"receiver":	{
					"socket":	5,
					"start":	0,
					"end":	10.000124,
					"seconds":	10.00007,
					"bytes":	6249644032,
					"bits_per_second":	4999653229.89995,
					"sender":	true
				}
			}],
		"sum_sent":	{
			"start":	0,
			"end":	10.00007,
			"seconds":	10.00007,
			"bytes":	6249644032,
			"bits_per_second":	4999680227.8384056,
			"retransmits":	703,
			"sender":	true
		},
		"sum_received":	{
			"start":	0,
			"end":	10.000124,
			"seconds":	10.000124,
			"bytes":	6249644032,
			"bits_per_second":	4999653229.89995,
			"sender":	true
		},
		"cpu_utilization_percent":	{
			"host_total":	37.5470137648425,
			"host_user":	2.62016317368233,
			"host_system":	34.926850591160161,
			"remote_total":	63.9207043895066,
			"remote_user":	0,
			"remote_system":	63.9207043895066
		},
		"sender_tcp_congestion":	"cubic",
		"receiver_tcp_congestion":	"reno"
	}
}
