{
	"start":	{
		"connected":	[{
				"socket":	5,
				"local_host":	"10.0.1.1",
				"local_port":	39684,
				"remote_host":	"10.0.0.1",
				"remote_port":	5201
			}],
		"version":	"iperf 3.9+",
		"system_info":	"Linux han-3 5.10.0 #9 SMP PREEMPT Tue Feb 23 15:01:43 PST 2021 x86_64",
		"timestamp":	{
			"time":	"Sat, 20 May 2023 11:48:53 GMT",
			"timesecs":	1684583333
		},
		"connecting_to":	{
			"host":	"10.0.0.1",
			"port":	5201
		},
		"cookie":	"nq2wrip3o5quptzii3czqvrqzm6ufwkk2fle",
		"tcp_mss_default":	1448,
		"target_bitrate":	1000000000,
		"sock_bufsize":	0,
		"sndbuf_actual":	16384,
		"rcvbuf_actual":	131072,
		"test_start":	{
			"protocol":	"TCP",
			"num_streams":	1,
			"blksize":	131072,
			"omit":	0,
			"duration":	40,
			"bytes":	0,
			"blocks":	0,
			"reverse":	0,
			"tos":	0
		}
	},
	"intervals":	[{
			"streams":	[{
					"socket":	5,
					"start":	0,
					"end":	40.000145,
					"seconds":	40.0001449584961,
					"bytes":	5000003584,
					"bits_per_second":	999997092.848133,
					"retransmits":	48,
					"snd_cwnd":	186792,
					"rtt":	408,
					"rttvar":	49,
					"pmtu":	1500,
					"omitted":	false,
					"sender":	true
				}],
			"sum":	{
				"start":	0,
				"end":	40.000145,
				"seconds":	40.0001449584961,
				"bytes":	5000003584,
				"bits_per_second":	999997092.848133,
				"retransmits":	48,
				"omitted":	false,
				"sender":	true
			}
		}],
	"end":	{
		"streams":	[{
				"sender":	{
					"socket":	5,
					"start":	0,
					"end":	40.000145,
					"seconds":	40.000145,
					"bytes":	5000003584,
					"bits_per_second":	999997091.810542,
					"retransmits":	48,
					"max_snd_cwnd":	186792,
					"max_rtt":	408,
					"min_rtt":	408,
					"mean_rtt":	408,
					"sender":	true
				},
				"receiver":	{
					"socket":	5,
					"start":	0,
					"end":	40.000286,
					"seconds":	40.000145,
					"bytes":	5000003584,
					"bits_per_second":	999993566.845997,
					"sender":	true
				}
			}],
		"sum_sent":	{
			"start":	0,
			"end":	40.000145,
			"seconds":	40.000145,
			"bytes":	5000003584,
			"bits_per_second":	999997091.810542,
			"retransmits":	48,
			"sender":	true
		},
		"sum_received":	{
			"start":	0,
			"end":	40.000286,
			"seconds":	40.000286,
			"bytes":	5000003584,
			"bits_per_second":	999993566.845997,
			"sender":	true
		},
		"cpu_utilization_percent":	{
			"host_total":	7.9021033737975728,
			"host_user":	2.1377142371457714,
			"host_system":	5.7643866368017918,
			"remote_total":	35.546431541903516,
			"remote_user":	2.2745204239498653,
			"remote_system":	33.2719136148255
		},
		"sender_tcp_congestion":	"cubic",
		"receiver_tcp_congestion":	"reno"
	}
}
