{
	"start":	{
		"connected":	[{
				"socket":	5,
				"local_host":	"10.0.1.1",
				"local_port":	40884,
				"remote_host":	"10.0.0.1",
				"remote_port":	5201
			}],
		"version":	"iperf 3.9+",
		"system_info":	"Linux han-3 5.10.0 #9 SMP PREEMPT Tue Feb 23 15:01:43 PST 2021 x86_64",
		"timestamp":	{
			"time":	"Sat, 20 May 2023 16:03:47 GMT",
			"timesecs":	1684598627
		},
		"connecting_to":	{
			"host":	"10.0.0.1",
			"port":	5201
		},
		"cookie":	"qktbysme36uznuuikcl6qexmva7p4yvgdkvu",
		"tcp_mss_default":	1448,
		"target_bitrate":	5000000000,
		"sock_bufsize":	0,
		"sndbuf_actual":	16384,
		"rcvbuf_actual":	131072,
		"test_start":	{
			"protocol":	"TCP",
			"num_streams":	1,
			"blksize":	131072,
			"omit":	0,
			"duration":	80,
			"bytes":	0,
			"blocks":	0,
			"reverse":	0,
			"tos":	0
		}
	},
	"intervals":	[{
			"streams":	[{
					"socket":	5,
					"start":	0,
					"end":	60.00007,
					"seconds":	60.000068664550781,
					"bytes":	37499568128,
					"bits_per_second":	4999936695.093215,
					"retransmits":	7417,
					"snd_cwnd":	476392,
					"rtt":	568,
					"rttvar":	27,
					"pmtu":	1500,
					"omitted":	false,
					"sender":	true
				}],
			"sum":	{
				"start":	0,
				"end":	60.00007,
				"seconds":	60.000068664550781,
				"bytes":	37499568128,
				"bits_per_second":	4999936695.093215,
				"retransmits":	7417,
				"omitted":	false,
				"sender":	true
			}
		}, {
			"streams":	[{
					"socket":	5,
					"start":	60.00007,
					"end":	80.000079,
					"seconds":	20.000009536743164,
					"bytes":	12499943424,
					"bits_per_second":	4999974985.426137,
					"retransmits":	2053,
					"snd_cwnd":	519832,
					"rtt":	630,
					"rttvar":	34,
					"pmtu":	1500,
					"omitted":	false,
					"sender":	true
				}],
			"sum":	{
				"start":	60.00007,
				"end":	80.000079,
				"seconds":	20.000009536743164,
				"bytes":	12499943424,
				"bits_per_second":	4999974985.426137,
				"retransmits":	2053,
				"omitted":	false,
				"sender":	true
			}
		}],
	"end":	{
		"streams":	[{
				"sender":	{
					"socket":	5,
					"start":	0,
					"end":	80.000079,
					"seconds":	80.000079,
					"bytes":	49999511552,
					"bits_per_second":	4999946217.75311,
					"retransmits":	9470,
					"max_snd_cwnd":	519832,
					"max_rtt":	630,
					"min_rtt":	568,
					"mean_rtt":	599,
					"sender":	true
				},
				"receiver":	{
					"socket":	5,
					"start":	0,
					"end":	80.000479,
					"seconds":	80.000079,
					"bytes":	49999511552,
					"bits_per_second":	4999921218.1717062,
					"sender":	true
				}
			}],
		"sum_sent":	{
			"start":	0,
			"end":	80.000079,
			"seconds":	80.000079,
			"bytes":	49999511552,
			"bits_per_second":	4999946217.75311,
			"retransmits":	9470,
			"sender":	true
		},
		"sum_received":	{
			"start":	0,
			"end":	80.000479,
			"seconds":	80.000479,
			"bytes":	49999511552,
			"bits_per_second":	4999921218.1717062,
			"sender":	true
		},
		"cpu_utilization_percent":	{
			"host_total":	24.49217910516715,
			"host_user":	0.423761826596381,
			"host_system":	24.068418528542971,
			"remote_total":	68.554029544245452,
			"remote_user":	0,
			"remote_system":	68.5540320427313
		},
		"sender_tcp_congestion":	"cubic",
		"receiver_tcp_congestion":	"reno"
	}
}
