{
	"start":	{
		"connected":	[{
				"socket":	5,
				"local_host":	"10.0.1.1",
				"local_port":	40836,
				"remote_host":	"10.0.0.1",
				"remote_port":	5201
			}],
		"version":	"iperf 3.9+",
		"system_info":	"Linux han-3 5.10.0 #9 SMP PREEMPT Tue Feb 23 15:01:43 PST 2021 x86_64",
		"timestamp":	{
			"time":	"Sat, 20 May 2023 15:50:26 GMT",
			"timesecs":	1684597826
		},
		"connecting_to":	{
			"host":	"10.0.0.1",
			"port":	5201
		},
		"cookie":	"74dhyimu2vlbqt3gzeuehqnmut7sgpudjwby",
		"tcp_mss_default":	1448,
		"target_bitrate":	5000000000,
		"sock_bufsize":	0,
		"sndbuf_actual":	16384,
		"rcvbuf_actual":	131072,
		"test_start":	{
			"protocol":	"TCP",
			"num_streams":	1,
			"blksize":	131072,
			"omit":	0,
			"duration":	70,
			"bytes":	0,
			"blocks":	0,
			"reverse":	0,
			"tos":	0
		}
	},
	"intervals":	[{
			"streams":	[{
					"socket":	5,
					"start":	0,
					"end":	60.000096,
					"seconds":	60.000095367431641,
					"bytes":	37499568128,
					"bits_per_second":	4999934469.8848543,
					"retransmits":	5428,
					"snd_cwnd":	459016,
					"rtt":	670,
					"rttvar":	28,
					"pmtu":	1500,
					"omitted":	false,
					"sender":	true
				}],
			"sum":	{
				"start":	0,
				"end":	60.000096,
				"seconds":	60.000095367431641,
				"bytes":	37499568128,
				"bits_per_second":	4999934469.8848543,
				"retransmits":	5428,
				"omitted":	false,
				"sender":	true
			}
		}, {
			"streams":	[{
					"socket":	5,
					"start":	60.000096,
					"end":	70.000128,
					"seconds":	10.000032424926758,
					"bytes":	6250037248,
					"bits_per_second":	5000013585.89257,
					"retransmits":	1571,
					"snd_cwnd":	456120,
					"rtt":	440,
					"rttvar":	51,
					"pmtu":	1500,
					"omitted":	false,
					"sender":	true
				}],
			"sum":	{
				"start":	60.000096,
				"end":	70.000128,
				"seconds":	10.000032424926758,
				"bytes":	6250037248,
				"bits_per_second":	5000013585.89257,
				"retransmits":	1571,
				"omitted":	false,
				"sender":	true
			}
		}],
	"end":	{
		"streams":	[{
				"sender":	{
					"socket":	5,
					"start":	0,
					"end":	70.000128,
					"seconds":	70.000128,
					"bytes":	43749605376,
					"bits_per_second":	4999945757.35633,
					"retransmits":	6999,
					"max_snd_cwnd":	459016,
					"max_rtt":	670,
					"min_rtt":	440,
					"mean_rtt":	555,
					"sender":	true
				},
				"receiver":	{
					"socket":	5,
					"start":	0,
					"end":	70.00063,
					"seconds":	70.000128,
					"bytes":	43749605376,
					"bits_per_second":	4999909900.9251776,
					"sender":	true
				}
			}],
		"sum_sent":	{
			"start":	0,
			"end":	70.000128,
			"seconds":	70.000128,
			"bytes":	43749605376,
			"bits_per_second":	4999945757.35633,
			"retransmits":	6999,
			"sender":	true
		},
		"sum_received":	{
			"start":	0,
			"end":	70.00063,
			"seconds":	70.00063,
			"bytes":	43749605376,
			"bits_per_second":	4999909900.9251776,
			"sender":	true
		},
		"cpu_utilization_percent":	{
			"host_total":	26.348096304141755,
			"host_user":	1.2397420164987136,
			"host_system":	25.108352859118671,
			"remote_total":	67.3491238123686,
			"remote_user":	2.4668577556953046,
			"remote_system":	64.882251781099143
		},
		"sender_tcp_congestion":	"cubic",
		"receiver_tcp_congestion":	"reno"
	}
}
