{
	"start":	{
		"connected":	[{
				"socket":	5,
				"local_host":	"10.0.1.1",
				"local_port":	41142,
				"remote_host":	"10.0.0.1",
				"remote_port":	5201
			}],
		"version":	"iperf 3.9+",
		"system_info":	"Linux han-3 5.10.0 #9 SMP PREEMPT Tue Feb 23 15:01:43 PST 2021 x86_64",
		"timestamp":	{
			"time":	"Sat, 20 May 2023 17:28:09 GMT",
			"timesecs":	1684603689
		},
		"connecting_to":	{
			"host":	"10.0.0.1",
			"port":	5201
		},
		"cookie":	"7au246wi7mgprgx6i4iezovnp7t4237rlofh",
		"tcp_mss_default":	1448,
		"target_bitrate":	5000000000,
		"sock_bufsize":	0,
		"sndbuf_actual":	16384,
		"rcvbuf_actual":	131072,
		"test_start":	{
			"protocol":	"TCP",
			"num_streams":	1,
			"blksize":	131072,
			"omit":	0,
			"duration":	100,
			"bytes":	0,
			"blocks":	0,
			"reverse":	0,
			"tos":	0
		}
	},
	"intervals":	[{
			"streams":	[{
					"socket":	5,
					"start":	0,
					"end":	60.00006,
					"seconds":	60.00006103515625,
					"bytes":	37499568128,
					"bits_per_second":	4999937330.8673964,
					"retransmits":	10185,
					"snd_cwnd":	350416,
					"rtt":	587,
					"rttvar":	85,
					"pmtu":	1500,
					"omitted":	false,
					"sender":	true
				}],
			"sum":	{
				"start":	0,
				"end":	60.00006,
				"seconds":	60.00006103515625,
				"bytes":	37499568128,
				"bits_per_second":	4999937330.8673964,
				"retransmits":	10185,
				"omitted":	false,
				"sender":	true
			}
		}, {
			"streams":	[{
					"socket":	5,
					"start":	60.00006,
					"end":	100.000101,
					"seconds":	40.000041961669922,
					"bytes":	25000017920,
					"bits_per_second":	4999998338.7930021,
					"retransmits":	8011,
					"snd_cwnd":	421368,
					"rtt":	550,
					"rttvar":	19,
					"pmtu":	1500,
					"omitted":	false,
					"sender":	true
				}],
			"sum":	{
				"start":	60.00006,
				"end":	100.000101,
				"seconds":	40.000041961669922,
				"bytes":	25000017920,
				"bits_per_second":	4999998338.7930021,
				"retransmits":	8011,
				"omitted":	false,
				"sender":	true
			}
		}],
	"end":	{
		"streams":	[{
				"sender":	{
					"socket":	5,
					"start":	0,
					"end":	100.000101,
					"seconds":	100.000101,
					"bytes":	62499586048,
					"bits_per_second":	4999961833.8785477,
					"retransmits":	18196,
					"max_snd_cwnd":	421368,
					"max_rtt":	587,
					"min_rtt":	550,
					"mean_rtt":	568,
					"sender":	true
				},
				"receiver":	{
					"socket":	5,
					"start":	0,
					"end":	100.000229,
					"seconds":	100.000101,
					"bytes":	62499586048,
					"bits_per_second":	4999955433.9420557,
					"sender":	true
				}
			}],
		"sum_sent":	{
			"start":	0,
			"end":	100.000101,
			"seconds":	100.000101,
			"bytes":	62499586048,
			"bits_per_second":	4999961833.8785477,
			"retransmits":	18196,
			"sender":	true
		},
		"sum_received":	{
			"start":	0,
			"end":	100.000229,
			"seconds":	100.000229,
			"bytes":	62499586048,
			"bits_per_second":	4999955433.9420557,
			"sender":	true
		},
		"cpu_utilization_percent":	{
			"host_total":	17.968513052689687,
			"host_user":	0.37547578582421587,
			"host_system":	17.59303626689001,
			"remote_total":	73.9693815904751,
			"remote_user":	0,
			"remote_system":	73.9693815904751
		},
		"sender_tcp_congestion":	"cubic",
		"receiver_tcp_congestion":	"reno"
	}
}
