{
	"start":	{
		"connected":	[{
				"socket":	5,
				"local_host":	"10.0.1.1",
				"local_port":	41624,
				"remote_host":	"10.0.0.1",
				"remote_port":	5201
			}],
		"version":	"iperf 3.9+",
		"system_info":	"Linux han-3 5.10.0 #9 SMP PREEMPT Tue Feb 23 15:01:43 PST 2021 x86_64",
		"timestamp":	{
			"time":	"Sat, 20 May 2023 18:32:54 GMT",
			"timesecs":	1684607574
		},
		"connecting_to":	{
			"host":	"10.0.0.1",
			"port":	5201
		},
		"cookie":	"it6crvvbqj36pq7zu7ing47cayeqhoc2cwr6",
		"tcp_mss_default":	1448,
		"target_bitrate":	10000000000,
		"sock_bufsize":	0,
		"sndbuf_actual":	16384,
		"rcvbuf_actual":	131072,
		"test_start":	{
			"protocol":	"TCP",
			"num_streams":	1,
			"blksize":	131072,
			"omit":	0,
			"duration":	60,
			"bytes":	0,
			"blocks":	0,
			"reverse":	0,
			"tos":	0
		}
	},
	"intervals":	[{
			"streams":	[{
					"socket":	5,
					"start":	0,
					"end":	60.00008,
					"seconds":	60.000080108642578,
					"bytes":	57413074944,
					"bits_per_second":	7655066438.5836458,
					"retransmits":	23847,
					"snd_cwnd":	396752,
					"rtt":	277,
					"rttvar":	18,
					"pmtu":	1500,
					"omitted":	false,
					"sender":	true
				}],
			"sum":	{
				"start":	0,
				"end":	60.00008,
				"seconds":	60.000080108642578,
				"bytes":	57413074944,
				"bits_per_second":	7655066438.5836458,
				"retransmits":	23847,
				"omitted":	false,
				"sender":	true
			}
		}],
	"end":	{
		"streams":	[{
				"sender":	{
					"socket":	5,
					"start":	0,
					"end":	60.00008,
					"seconds":	60.00008,
					"bytes":	57413074944,
					"bits_per_second":	7655066452.44473,
					"retransmits":	23847,
					"max_snd_cwnd":	396752,
					"max_rtt":	277,
					"min_rtt":	277,
					"mean_rtt":	277,
					"sender":	true
				},
				"receiver":	{
					"socket":	5,
					"start":	0,
					"end":	60.000539,
					"seconds":	60.00008,
					"bytes":	57405869544,
					"bits_per_second":	7654047180.34283,
					"sender":	true
				}
			}],
		"sum_sent":	{
			"start":	0,
			"end":	60.00008,
			"seconds":	60.00008,
			"bytes":	57413074944,
			"bits_per_second":	7655066452.44473,
			"retransmits":	23847,
			"sender":	true
		},
		"sum_received":	{
			"start":	0,
			"end":	60.000539,
			"seconds":	60.000539,
			"bytes":	57405869544,
			"bits_per_second":	7654047180.34283,
			"sender":	true
		},
		"cpu_utilization_percent":	{
			"host_total":	36.449085745011232,
			"host_user":	1.4687034283035052,
			"host_system":	34.9803839833121,
			"remote_total":	91.995334982716443,
			"remote_user":	1.2463224058231941,
			"remote_system":	90.748992591099835
		},
		"sender_tcp_congestion":	"cubic",
		"receiver_tcp_congestion":	"reno"
	}
}
