{
	"start":	{
		"connected":	[{
				"socket":	5,
				"local_host":	"10.0.1.1",
				"local_port":	40192,
				"remote_host":	"10.0.0.1",
				"remote_port":	5201
			}],
		"version":	"iperf 3.9+",
		"system_info":	"Linux han-3 5.10.0 #9 SMP PREEMPT Tue Feb 23 15:01:43 PST 2021 x86_64",
		"timestamp":	{
			"time":	"Sat, 20 May 2023 13:57:59 GMT",
			"timesecs":	1684591079
		},
		"connecting_to":	{
			"host":	"10.0.0.1",
			"port":	5201
		},
		"cookie":	"z64uls4d6nlgtidlbzapgvpfp7r7mrfrxhx7",
		"tcp_mss_default":	1448,
		"target_bitrate":	1000000000,
		"sock_bufsize":	0,
		"sndbuf_actual":	16384,
		"rcvbuf_actual":	131072,
		"test_start":	{
			"protocol":	"TCP",
			"num_streams":	1,
			"blksize":	131072,
			"omit":	0,
			"duration":	100,
			"bytes":	0,
			"blocks":	0,
			"reverse":	0,
			"tos":	0
		}
	},
	"intervals":	[{
			"streams":	[{
					"socket":	5,
					"start":	0,
					"end":	60.000073,
					"seconds":	60.000072479248047,
					"bytes":	7499939840,
					"bits_per_second":	999990770.690348,
					"retransmits":	53,
					"snd_cwnd":	144800,
					"rtt":	367,
					"rttvar":	27,
					"pmtu":	1500,
					"omitted":	false,
					"sender":	true
				}],
			"sum":	{
				"start":	0,
				"end":	60.000073,
				"seconds":	60.000072479248047,
				"bytes":	7499939840,
				"bits_per_second":	999990770.690348,
				"retransmits":	53,
				"omitted":	false,
				"sender":	true
			}
		}, {
			"streams":	[{
					"socket":	5,
					"start":	60.000073,
					"end":	100.000088,
					"seconds":	40.000015258789062,
					"bytes":	5000003584,
					"bits_per_second":	1000000335.3301455,
					"retransmits":	0,
					"snd_cwnd":	144800,
					"rtt":	428,
					"rttvar":	26,
					"pmtu":	1500,
					"omitted":	false,
					"sender":	true
				}],
			"sum":	{
				"start":	60.000073,
				"end":	100.000088,
				"seconds":	40.000015258789062,
				"bytes":	5000003584,
				"bits_per_second":	1000000335.3301455,
				"retransmits":	0,
				"omitted":	false,
				"sender":	true
			}
		}],
	"end":	{
		"streams":	[{
				"sender":	{
					"socket":	5,
					"start":	0,
					"end":	100.000088,
					"seconds":	100.000088,
					"bytes":	12499943424,
					"bits_per_second":	999994593.92475724,
					"retransmits":	53,
					"max_snd_cwnd":	144800,
					"max_rtt":	428,
					"min_rtt":	367,
					"mean_rtt":	397,
					"sender":	true
				},
				"receiver":	{
					"socket":	5,
					"start":	0,
					"end":	100.000284,
					"seconds":	100.000088,
					"bytes":	12499943424,
					"bits_per_second":	999992633.94091964,
					"sender":	true
				}
			}],
		"sum_sent":	{
			"start":	0,
			"end":	100.000088,
			"seconds":	100.000088,
			"bytes":	12499943424,
			"bits_per_second":	999994593.92475724,
			"retransmits":	53,
			"sender":	true
		},
		"sum_received":	{
			"start":	0,
			"end":	100.000284,
			"seconds":	100.000284,
			"bytes":	12499943424,
			"bits_per_second":	999992633.94091964,
			"sender":	true
		},
		"cpu_utilization_percent":	{
			"host_total":	7.6507283097529886,
			"host_user":	3.0600919294443618,
			"host_system":	4.5906373802808282,
			"remote_total":	32.471034411589287,
			"remote_user":	0,
			"remote_system":	32.471034411589287
		},
		"sender_tcp_congestion":	"cubic",
		"receiver_tcp_congestion":	"reno"
	}
}
