{
	"start":	{
		"connected":	[{
				"socket":	5,
				"local_host":	"10.0.1.1",
				"local_port":	41442,
				"remote_host":	"10.0.0.1",
				"remote_port":	5201
			}],
		"version":	"iperf 3.9+",
		"system_info":	"Linux han-3 5.10.0 #9 SMP PREEMPT Tue Feb 23 15:01:43 PST 2021 x86_64",
		"timestamp":	{
			"time":	"Sat, 20 May 2023 17:57:12 GMT",
			"timesecs":	1684605432
		},
		"connecting_to":	{
			"host":	"10.0.0.1",
			"port":	5201
		},
		"cookie":	"rreapfry423wtl72gu5kugqlma47pdvylwa2",
		"tcp_mss_default":	1448,
		"target_bitrate":	10000000000,
		"sock_bufsize":	0,
		"sndbuf_actual":	16384,
		"rcvbuf_actual":	131072,
		"test_start":	{
			"protocol":	"TCP",
			"num_streams":	1,
			"blksize":	131072,
			"omit":	0,
			"duration":	40,
			"bytes":	0,
			"blocks":	0,
			"reverse":	0,
			"tos":	0
		}
	},
	"intervals":	[{
			"streams":	[{
					"socket":	5,
					"start":	0,
					"end":	40.000078,
					"seconds":	40.000076293945312,
					"bytes":	44377047040,
					"bits_per_second":	8875392479.53229,
					"retransmits":	4289,
					"snd_cwnd":	999120,
					"rtt":	799,
					"rttvar":	15,
					"pmtu":	1500,
					"omitted":	false,
					"sender":	true
				}],
			"sum":	{
				"start":	0,
				"end":	40.000078,
				"seconds":	40.000076293945312,
				"bytes":	44377047040,
				"bits_per_second":	8875392479.53229,
				"retransmits":	4289,
				"omitted":	false,
				"sender":	true
			}
		}],
	"end":	{
		"streams":	[{
				"sender":	{
					"socket":	5,
					"start":	0,
					"end":	40.000078,
					"seconds":	40.000078,
					"bytes":	44377047040,
					"bits_per_second":	8875392100.9854031,
					"retransmits":	4289,
					"max_snd_cwnd":	999120,
					"max_rtt":	799,
					"min_rtt":	799,
					"mean_rtt":	799,
					"sender":	true
				},
				"receiver":	{
					"socket":	5,
					"start":	0,
					"end":	40.001189,
					"seconds":	40.000078,
					"bytes":	44375329200,
					"bits_per_second":	8874802036.5094662,
					"sender":	true
				}
			}],
		"sum_sent":	{
			"start":	0,
			"end":	40.000078,
			"seconds":	40.000078,
			"bytes":	44377047040,
			"bits_per_second":	8875392100.9854031,
			"retransmits":	4289,
			"sender":	true
		},
		"sum_received":	{
			"start":	0,
			"end":	40.001189,
			"seconds":	40.001189,
			"bytes":	44375329200,
			"bits_per_second":	8874802036.5094662,
			"sender":	true
		},
		"cpu_utilization_percent":	{
			"host_total":	55.806178941264264,
			"host_user":	1.5113882592611361,
			"host_system":	54.294790682003125,
			"remote_total":	81.821502067311968,
			"remote_user":	1.4996824082383315,
			"remote_system":	80.3217946862597
		},
		"sender_tcp_congestion":	"cubic",
		"receiver_tcp_congestion":	"reno"
	}
}
