{
	"start":	{
		"connected":	[{
				"socket":	5,
				"local_host":	"10.0.1.1",
				"local_port":	39516,
				"remote_host":	"10.0.0.1",
				"remote_port":	5201
			}],
		"version":	"iperf 3.9+",
		"system_info":	"Linux han-3 5.10.0 #9 SMP PREEMPT Tue Feb 23 15:01:43 PST 2021 x86_64",
		"timestamp":	{
			"time":	"Sat, 20 May 2023 11:29:11 GMT",
			"timesecs":	1684582151
		},
		"connecting_to":	{
			"host":	"10.0.0.1",
			"port":	5201
		},
		"cookie":	"ty5xyfvugezsd7q7b3otk2wbmqoctuktz4xm",
		"tcp_mss_default":	1448,
		"target_bitrate":	1000000000,
		"sock_bufsize":	0,
		"sndbuf_actual":	16384,
		"rcvbuf_actual":	131072,
		"test_start":	{
			"protocol":	"TCP",
			"num_streams":	1,
			"blksize":	131072,
			"omit":	0,
			"duration":	20,
			"bytes":	0,
			"blocks":	0,
			"reverse":	0,
			"tos":	0
		}
	},
	"intervals":	[{
			"streams":	[{
					"socket":	5,
					"start":	0,
					"end":	20.000122,
					"seconds":	20.0001220703125,
					"bytes":	2499936256,
					"bits_per_second":	999968399.07725167,
					"retransmits":	18,
					"snd_cwnd":	139008,
					"rtt":	423,
					"rttvar":	27,
					"pmtu":	1500,
					"omitted":	false,
					"sender":	true
				}],
			"sum":	{
				"start":	0,
				"end":	20.000122,
				"seconds":	20.0001220703125,
				"bytes":	2499936256,
				"bits_per_second":	999968399.07725167,
				"retransmits":	18,
				"omitted":	false,
				"sender":	true
			}
		}],
	"end":	{
		"streams":	[{
				"sender":	{
					"socket":	5,
					"start":	0,
					"end":	20.000122,
					"seconds":	20.000122,
					"bytes":	2499936256,
					"bits_per_second":	999968402.592744,
					"retransmits":	18,
					"max_snd_cwnd":	139008,
					"max_rtt":	423,
					"min_rtt":	423,
					"mean_rtt":	423,
					"sender":	true
				},
				"receiver":	{
					"socket":	5,
					"start":	0,
					"end":	20.00029,
					"seconds":	20.000122,
					"bytes":	2499936256,
					"bits_per_second":	999960002.979957,
					"sender":	true
				}
			}],
		"sum_sent":	{
			"start":	0,
			"end":	20.000122,
			"seconds":	20.000122,
			"bytes":	2499936256,
			"bits_per_second":	999968402.592744,
			"retransmits":	18,
			"sender":	true
		},
		"sum_received":	{
			"start":	0,
			"end":	20.00029,
			"seconds":	20.00029,
			"bytes":	2499936256,
			"bits_per_second":	999960002.979957,
			"sender":	true
		},
		"cpu_utilization_percent":	{
			"host_total":	8.9279601683522234,
			"host_user":	0.7827237546823318,
			"host_system":	8.14523141431656,
			"remote_total":	30.420279188283256,
			"remote_user":	0,
			"remote_system":	30.4202692098606
		},
		"sender_tcp_congestion":	"cubic",
		"receiver_tcp_congestion":	"reno"
	}
}
