{
	"start":	{
		"connected":	[{
				"socket":	5,
				"local_host":	"10.0.1.1",
				"local_port":	41012,
				"remote_host":	"10.0.0.1",
				"remote_port":	5201
			}],
		"version":	"iperf 3.9+",
		"system_info":	"Linux han-3 5.10.0 #9 SMP PREEMPT Tue Feb 23 15:01:43 PST 2021 x86_64",
		"timestamp":	{
			"time":	"Sat, 20 May 2023 16:42:58 GMT",
			"timesecs":	1684600978
		},
		"connecting_to":	{
			"host":	"10.0.0.1",
			"port":	5201
		},
		"cookie":	"ohqp7siu5bnlazy3etivmezt7z6g7tvohue5",
		"tcp_mss_default":	1448,
		"target_bitrate":	5000000000,
		"sock_bufsize":	0,
		"sndbuf_actual":	16384,
		"rcvbuf_actual":	131072,
		"test_start":	{
			"protocol":	"TCP",
			"num_streams":	1,
			"blksize":	131072,
			"omit":	0,
			"duration":	90,
			"bytes":	0,
			"blocks":	0,
			"reverse":	0,
			"tos":	0
		}
	},
	"intervals":	[{
			"streams":	[{
					"socket":	5,
					"start":	0,
					"end":	60.000063,
					"seconds":	60.000064849853516,
					"bytes":	37499568128,
					"bits_per_second":	4999937012.9802856,
					"retransmits":	5181,
					"snd_cwnd":	408336,
					"rtt":	507,
					"rttvar":	57,
					"pmtu":	1500,
					"omitted":	false,
					"sender":	true
				}],
			"sum":	{
				"start":	0,
				"end":	60.000063,
				"seconds":	60.000064849853516,
				"bytes":	37499568128,
				"bits_per_second":	4999937012.9802856,
				"retransmits":	5181,
				"omitted":	false,
				"sender":	true
			}
		}, {
			"streams":	[{
					"socket":	5,
					"start":	60.000063,
					"end":	90.000087,
					"seconds":	30.000024795532227,
					"bytes":	18749980672,
					"bits_per_second":	4999990713.2856379,
					"retransmits":	2911,
					"snd_cwnd":	443088,
					"rtt":	624,
					"rttvar":	33,
					"pmtu":	1500,
					"omitted":	false,
					"sender":	true
				}],
			"sum":	{
				"start":	60.000063,
				"end":	90.000087,
				"seconds":	30.000024795532227,
				"bytes":	18749980672,
				"bits_per_second":	4999990713.2856379,
				"retransmits":	2911,
				"omitted":	false,
				"sender":	true
			}
		}],
	"end":	{
		"streams":	[{
				"sender":	{
					"socket":	5,
					"start":	0,
					"end":	90.000087,
					"seconds":	90.000087,
					"bytes":	56249548800,
					"bits_per_second":	4999955060.0434427,
					"retransmits":	8092,
					"max_snd_cwnd":	443088,
					"max_rtt":	624,
					"min_rtt":	507,
					"mean_rtt":	565,
					"sender":	true
				},
				"receiver":	{
					"socket":	5,
					"start":	0,
					"end":	90.000186,
					"seconds":	90.000087,
					"bytes":	56249548800,
					"bits_per_second":	4999949560.1042423,
					"sender":	true
				}
			}],
		"sum_sent":	{
			"start":	0,
			"end":	90.000087,
			"seconds":	90.000087,
			"bytes":	56249548800,
			"bits_per_second":	4999955060.0434427,
			"retransmits":	8092,
			"sender":	true
		},
		"sum_received":	{
			"start":	0,
			"end":	90.000186,
			"seconds":	90.000186,
			"bytes":	56249548800,
			"bits_per_second":	4999949560.1042423,
			"sender":	true
		},
		"cpu_utilization_percent":	{
			"host_total":	27.337002833984549,
			"host_user":	0.73198832629249122,
			"host_system":	26.605013396608783,
			"remote_total":	66.348889931189632,
			"remote_user":	2.3994329198842421,
			"remote_system":	63.9494570113054
		},
		"sender_tcp_congestion":	"cubic",
		"receiver_tcp_congestion":	"reno"
	}
}
