{
	"start":	{
		"connected":	[{
				"socket":	5,
				"local_host":	"10.0.1.1",
				"local_port":	39456,
				"remote_host":	"10.0.0.1",
				"remote_port":	5201
			}],
		"version":	"iperf 3.9+",
		"system_info":	"Linux han-3 5.10.0 #9 SMP PREEMPT Tue Feb 23 15:01:43 PST 2021 x86_64",
		"timestamp":	{
			"time":	"Sat, 20 May 2023 11:25:10 GMT",
			"timesecs":	1684581910
		},
		"connecting_to":	{
			"host":	"10.0.0.1",
			"port":	5201
		},
		"cookie":	"nutoelbswmwusotbg5o6eexvlfvz6gqtgj7p",
		"tcp_mss_default":	1448,
		"target_bitrate":	1000000000,
		"sock_bufsize":	0,
		"sndbuf_actual":	16384,
		"rcvbuf_actual":	131072,
		"test_start":	{
			"protocol":	"TCP",
			"num_streams":	1,
			"blksize":	131072,
			"omit":	0,
			"duration":	10,
			"bytes":	0,
			"blocks":	0,
			"reverse":	0,
			"tos":	0
		}
	},
	"intervals":	[{
			"streams":	[{
					"socket":	5,
					"start":	0,
					"end":	10.000074,
					"seconds":	10.00007438659668,
					"bytes":	1249902592,
					"bits_per_second":	999914635.575329,
					"retransmits":	3,
					"snd_cwnd":	179552,
					"rtt":	473,
					"rttvar":	27,
					"pmtu":	1500,
					"omitted":	false,
					"sender":	true
				}],
			"sum":	{
				"start":	0,
				"end":	10.000074,
				"seconds":	10.00007438659668,
				"bytes":	1249902592,
				"bits_per_second":	999914635.575329,
				"retransmits":	3,
				"omitted":	false,
				"sender":	true
			}
		}],
	"end":	{
		"streams":	[{
				"sender":	{
					"socket":	5,
					"start":	0,
					"end":	10.000074,
					"seconds":	10.000074,
					"bytes":	1249902592,
					"bits_per_second":	999914674.23141074,
					"retransmits":	3,
					"max_snd_cwnd":	179552,
					"max_rtt":	473,
					"min_rtt":	473,
					"mean_rtt":	473,
					"sender":	true
				},
				"receiver":	{
					"socket":	5,
					"start":	0,
					"end":	10.000206,
					"seconds":	10.000074,
					"bytes":	1249902592,
					"bits_per_second":	999901475.629602,
					"sender":	true
				}
			}],
		"sum_sent":	{
			"start":	0,
			"end":	10.000074,
			"seconds":	10.000074,
			"bytes":	1249902592,
			"bits_per_second":	999914674.23141074,
			"retransmits":	3,
			"sender":	true
		},
		"sum_received":	{
			"start":	0,
			"end":	10.000206,
			"seconds":	10.000206,
			"bytes":	1249902592,
			"bits_per_second":	999901475.629602,
			"sender":	true
		},
		"cpu_utilization_percent":	{
			"host_total":	4.72573589933877,
			"host_user":	0,
			"host_system":	4.72573589933877,
			"remote_total":	34.3431971495524,
			"remote_user":	2.5732023548717238,
			"remote_system":	31.769984836158915
		},
		"sender_tcp_congestion":	"cubic",
		"receiver_tcp_congestion":	"reno"
	}
}
