{
	"start":	{
		"connected":	[{
				"socket":	5,
				"local_host":	"10.0.1.1",
				"local_port":	41090,
				"remote_host":	"10.0.0.1",
				"remote_port":	5201
			}],
		"version":	"iperf 3.9+",
		"system_info":	"Linux han-3 5.10.0 #9 SMP PREEMPT Tue Feb 23 15:01:43 PST 2021 x86_64",
		"timestamp":	{
			"time":	"Sat, 20 May 2023 17:09:49 GMT",
			"timesecs":	1684602589
		},
		"connecting_to":	{
			"host":	"10.0.0.1",
			"port":	5201
		},
		"cookie":	"6mtmazycsvigxig7valnp2ju6mjz7lno3bgx",
		"tcp_mss_default":	1448,
		"target_bitrate":	5000000000,
		"sock_bufsize":	0,
		"sndbuf_actual":	16384,
		"rcvbuf_actual":	131072,
		"test_start":	{
			"protocol":	"TCP",
			"num_streams":	1,
			"blksize":	131072,
			"omit":	0,
			"duration":	100,
			"bytes":	0,
			"blocks":	0,
			"reverse":	0,
			"tos":	0
		}
	},
	"intervals":	[{
			"streams":	[{
					"socket":	5,
					"start":	0,
					"end":	60.000076,
					"seconds":	60.000076293945312,
					"bytes":	37499699200,
					"bits_per_second":	4999953535.56364,
					"retransmits":	9033,
					"snd_cwnd":	459016,
					"rtt":	710,
					"rttvar":	23,
					"pmtu":	1500,
					"omitted":	false,
					"sender":	true
				}],
			"sum":	{
				"start":	0,
				"end":	60.000076,
				"seconds":	60.000076293945312,
				"bytes":	37499699200,
				"bits_per_second":	4999953535.56364,
				"retransmits":	9033,
				"omitted":	false,
				"sender":	true
			}
		}, {
			"streams":	[{
					"socket":	5,
					"start":	60.000076,
					"end":	100.000076,
					"seconds":	40,
					"bytes":	25000017920,
					"bits_per_second":	5000003584,
					"retransmits":	6938,
					"snd_cwnd":	531416,
					"rtt":	630,
					"rttvar":	16,
					"pmtu":	1500,
					"omitted":	false,
					"sender":	true
				}],
			"sum":	{
				"start":	60.000076,
				"end":	100.000076,
				"seconds":	40,
				"bytes":	25000017920,
				"bits_per_second":	5000003584,
				"retransmits":	6938,
				"omitted":	false,
				"sender":	true
			}
		}],
	"end":	{
		"streams":	[{
				"sender":	{
					"socket":	5,
					"start":	0,
					"end":	100.000076,
					"seconds":	100.000076,
					"bytes":	62499717120,
					"bits_per_second":	4999973569.6200867,
					"retransmits":	15971,
					"max_snd_cwnd":	531416,
					"max_rtt":	710,
					"min_rtt":	630,
					"mean_rtt":	670,
					"sender":	true
				},
				"receiver":	{
					"socket":	5,
					"start":	0,
					"end":	100.000183,
					"seconds":	100.000076,
					"bytes":	62499717120,
					"bits_per_second":	4999968219.6581573,
					"sender":	true
				}
			}],
		"sum_sent":	{
			"start":	0,
			"end":	100.000076,
			"seconds":	100.000076,
			"bytes":	62499717120,
			"bits_per_second":	4999973569.6200867,
			"retransmits":	15971,
			"sender":	true
		},
		"sum_received":	{
			"start":	0,
			"end":	100.000183,
			"seconds":	100.000183,
			"bytes":	62499717120,
			"bits_per_second":	4999968219.6581573,
			"sender":	true
		},
		"cpu_utilization_percent":	{
			"host_total":	33.770798114156051,
			"host_user":	1.1223947808579191,
			"host_system":	32.6484023333215,
			"remote_total":	72.2234503583832,
			"remote_user":	1.3089275956357891,
			"remote_system":	70.914521763179167
		},
		"sender_tcp_congestion":	"cubic",
		"receiver_tcp_congestion":	"reno"
	}
}
