{
	"start":	{
		"connected":	[{
				"socket":	5,
				"local_host":	"10.0.1.1",
				"local_port":	41940,
				"remote_host":	"10.0.0.1",
				"remote_port":	5201
			}],
		"version":	"iperf 3.9+",
		"system_info":	"Linux han-3 5.10.0 #9 SMP PREEMPT Tue Feb 23 15:01:43 PST 2021 x86_64",
		"timestamp":	{
			"time":	"Sat, 20 May 2023 20:04:57 GMT",
			"timesecs":	1684613097
		},
		"connecting_to":	{
			"host":	"10.0.0.1",
			"port":	5201
		},
		"cookie":	"bh4bc5er2oprrmgngr2rtdzcfxl5uqcwfzis",
		"tcp_mss_default":	1448,
		"target_bitrate":	10000000000,
		"sock_bufsize":	0,
		"sndbuf_actual":	16384,
		"rcvbuf_actual":	131072,
		"test_start":	{
			"protocol":	"TCP",
			"num_streams":	1,
			"blksize":	131072,
			"omit":	0,
			"duration":	100,
			"bytes":	0,
			"blocks":	0,
			"reverse":	0,
			"tos":	0
		}
	},
	"intervals":	[{
			"streams":	[{
					"socket":	5,
					"start":	0,
					"end":	60.00001,
					"seconds":	60.0000114440918,
					"bytes":	59333541888,
					"bits_per_second":	7911137409.4702883,
					"retransmits":	18497,
					"snd_cwnd":	1119304,
					"rtt":	928,
					"rttvar":	14,
					"pmtu":	1500,
					"omitted":	false,
					"sender":	true
				}],
			"sum":	{
				"start":	0,
				"end":	60.00001,
				"seconds":	60.0000114440918,
				"bytes":	59333541888,
				"bits_per_second":	7911137409.4702883,
				"retransmits":	18497,
				"omitted":	false,
				"sender":	true
			}
		}, {
			"streams":	[{
					"socket":	5,
					"start":	60.00001,
					"end":	100.000129,
					"seconds":	40.000118255615234,
					"bytes":	37695127552,
					"bits_per_second":	7539003222.163393,
					"retransmits":	16162,
					"snd_cwnd":	709520,
					"rtt":	602,
					"rttvar":	49,
					"pmtu":	1500,
					"omitted":	false,
					"sender":	true
				}],
			"sum":	{
				"start":	60.00001,
				"end":	100.000129,
				"seconds":	40.000118255615234,
				"bytes":	37695127552,
				"bits_per_second":	7539003222.163393,
				"retransmits":	16162,
				"omitted":	false,
				"sender":	true
			}
		}],
	"end":	{
		"streams":	[{
				"sender":	{
					"socket":	5,
					"start":	0,
					"end":	100.000129,
					"seconds":	100.000129,
					"bytes":	97028669440,
					"bits_per_second":	7762283541.85423,
					"retransmits":	34659,
					"max_snd_cwnd":	1119304,
					"max_rtt":	928,
					"min_rtt":	602,
					"mean_rtt":	765,
					"sender":	true
				},
				"receiver":	{
					"socket":	5,
					"start":	0,
					"end":	100.000828,
					"seconds":	100.000129,
					"bytes":	97026765296,
					"bits_per_second":	7762076953.6828232,
					"sender":	true
				}
			}],
		"sum_sent":	{
			"start":	0,
			"end":	100.000129,
			"seconds":	100.000129,
			"bytes":	97028669440,
			"bits_per_second":	7762283541.85423,
			"retransmits":	34659,
			"sender":	true
		},
		"sum_received":	{
			"start":	0,
			"end":	100.000828,
			"seconds":	100.000828,
			"bytes":	97026765296,
			"bits_per_second":	7762076953.6828232,
			"sender":	true
		},
		"cpu_utilization_percent":	{
			"host_total":	45.000170746918016,
			"host_user":	1.7016312855552957,
			"host_system":	43.298538461380772,
			"remote_total":	90.3058372491456,
			"remote_user":	0.91348022202968182,
			"remote_system":	89.3923570271159
		},
		"sender_tcp_congestion":	"cubic",
		"receiver_tcp_congestion":	"reno"
	}
}
