{
	"start":	{
		"connected":	[{
				"socket":	5,
				"local_host":	"10.0.1.1",
				"local_port":	40402,
				"remote_host":	"10.0.0.1",
				"remote_port":	5201
			}],
		"version":	"iperf 3.9+",
		"system_info":	"Linux han-3 5.10.0 #9 SMP PREEMPT Tue Feb 23 15:01:43 PST 2021 x86_64",
		"timestamp":	{
			"time":	"Sat, 20 May 2023 14:33:41 GMT",
			"timesecs":	1684593221
		},
		"connecting_to":	{
			"host":	"10.0.0.1",
			"port":	5201
		},
		"cookie":	"pgx6jdo4oilrltc5mgvkwcy4ygti6lrxmalh",
		"tcp_mss_default":	1448,
		"target_bitrate":	5000000000,
		"sock_bufsize":	0,
		"sndbuf_actual":	16384,
		"rcvbuf_actual":	131072,
		"test_start":	{
			"protocol":	"TCP",
			"num_streams":	1,
			"blksize":	131072,
			"omit":	0,
			"duration":	20,
			"bytes":	0,
			"blocks":	0,
			"reverse":	0,
			"tos":	0
		}
	},
	"intervals":	[{
			"streams":	[{
					"socket":	5,
					"start":	0,
					"end":	20.000096,
					"seconds":	20.000095367431641,
					"bytes":	12499550208,
					"bits_per_second":	4999796242.3136826,
					"retransmits":	2320,
					"snd_cwnd":	347520,
					"rtt":	438,
					"rttvar":	23,
					"pmtu":	1500,
					"omitted":	false,
					"sender":	true
				}],
			"sum":	{
				"start":	0,
				"end":	20.000096,
				"seconds":	20.000095367431641,
				"bytes":	12499550208,
				"bits_per_second":	4999796242.3136826,
				"retransmits":	2320,
				"omitted":	false,
				"sender":	true
			}
		}],
	"end":	{
		"streams":	[{
				"sender":	{
					"socket":	5,
					"start":	0,
					"end":	20.000096,
					"seconds":	20.000096,
					"bytes":	12499550208,
					"bits_per_second":	4999796084.1787958,
					"retransmits":	2320,
					"max_snd_cwnd":	347520,
					"max_rtt":	438,
					"min_rtt":	438,
					"mean_rtt":	438,
					"sender":	true
				},
				"receiver":	{
					"socket":	5,
					"start":	0,
					"end":	20.000819,
					"seconds":	20.000096,
					"bytes":	12499550208,
					"bits_per_second":	4999615348.95146,
					"sender":	true
				}
			}],
		"sum_sent":	{
			"start":	0,
			"end":	20.000096,
			"seconds":	20.000096,
			"bytes":	12499550208,
			"bits_per_second":	4999796084.1787958,
			"retransmits":	2320,
			"sender":	true
		},
		"sum_received":	{
			"start":	0,
			"end":	20.000819,
			"seconds":	20.000819,
			"bytes":	12499550208,
			"bits_per_second":	4999615348.95146,
			"sender":	true
		},
		"cpu_utilization_percent":	{
			"host_total":	20.0208755450359,
			"host_user":	0.4354987853428437,
			"host_system":	19.585376759693059,
			"remote_total":	67.9417284904628,
			"remote_user":	0,
			"remote_system":	67.9417384639866
		},
		"sender_tcp_congestion":	"cubic",
		"receiver_tcp_congestion":	"reno"
	}
}
