{
	"start":	{
		"connected":	[{
				"socket":	5,
				"local_host":	"10.0.1.1",
				"local_port":	41584,
				"remote_host":	"10.0.0.1",
				"remote_port":	5201
			}],
		"version":	"iperf 3.9+",
		"system_info":	"Linux han-3 5.10.0 #9 SMP PREEMPT Tue Feb 23 15:01:43 PST 2021 x86_64",
		"timestamp":	{
			"time":	"Sat, 20 May 2023 18:23:54 GMT",
			"timesecs":	1684607034
		},
		"connecting_to":	{
			"host":	"10.0.0.1",
			"port":	5201
		},
		"cookie":	"qdlkhmsi77ljhl4u42wglvys6hzz5uxfiozo",
		"tcp_mss_default":	1448,
		"target_bitrate":	10000000000,
		"sock_bufsize":	0,
		"sndbuf_actual":	16384,
		"rcvbuf_actual":	131072,
		"test_start":	{
			"protocol":	"TCP",
			"num_streams":	1,
			"blksize":	131072,
			"omit":	0,
			"duration":	60,
			"bytes":	0,
			"blocks":	0,
			"reverse":	0,
			"tos":	0
		}
	},
	"intervals":	[{
			"streams":	[{
					"socket":	5,
					"start":	0,
					"end":	60.000194,
					"seconds":	60.000194549560547,
					"bytes":	58568867840,
					"bits_per_second":	7809157057.5321035,
					"retransmits":	23356,
					"snd_cwnd":	505352,
					"rtt":	617,
					"rttvar":	22,
					"pmtu":	1500,
					"omitted":	false,
					"sender":	true
				}],
			"sum":	{
				"start":	0,
				"end":	60.000194,
				"seconds":	60.000194549560547,
				"bytes":	58568867840,
				"bits_per_second":	7809157057.5321035,
				"retransmits":	23356,
				"omitted":	false,
				"sender":	true
			}
		}],
	"end":	{
		"streams":	[{
				"sender":	{
					"socket":	5,
					"start":	0,
					"end":	60.000194,
					"seconds":	60.000194,
					"bytes":	58568867840,
					"bits_per_second":	7809157129.0586157,
					"retransmits":	23356,
					"max_snd_cwnd":	505352,
					"max_rtt":	617,
					"min_rtt":	617,
					"mean_rtt":	617,
					"sender":	true
				},
				"receiver":	{
					"socket":	5,
					"start":	0,
					"end":	60.00049,
					"seconds":	60.000194,
					"bytes":	58565477248,
					"bits_per_second":	7808666528.95668,
					"sender":	true
				}
			}],
		"sum_sent":	{
			"start":	0,
			"end":	60.000194,
			"seconds":	60.000194,
			"bytes":	58568867840,
			"bits_per_second":	7809157129.0586157,
			"retransmits":	23356,
			"sender":	true
		},
		"sum_received":	{
			"start":	0,
			"end":	60.00049,
			"seconds":	60.00049,
			"bytes":	58565477248,
			"bits_per_second":	7808666528.95668,
			"sender":	true
		},
		"cpu_utilization_percent":	{
			"host_total":	43.53660639345312,
			"host_user":	1.54070562661433,
			"host_system":	41.995900766838787,
			"remote_total":	89.8599029235228,
			"remote_user":	0.768284229341004,
			"remote_system":	89.091617028730724
		},
		"sender_tcp_congestion":	"cubic",
		"receiver_tcp_congestion":	"reno"
	}
}
