{
	"start":	{
		"connected":	[{
				"socket":	5,
				"local_host":	"10.0.1.1",
				"local_port":	41776,
				"remote_host":	"10.0.0.1",
				"remote_port":	5201
			}],
		"version":	"iperf 3.9+",
		"system_info":	"Linux han-3 5.10.0 #9 SMP PREEMPT Tue Feb 23 15:01:43 PST 2021 x86_64",
		"timestamp":	{
			"time":	"Sat, 20 May 2023 19:12:36 GMT",
			"timesecs":	1684609956
		},
		"connecting_to":	{
			"host":	"10.0.0.1",
			"port":	5201
		},
		"cookie":	"fjelg3au6qymzo4tajt7nv324nun663ank4m",
		"tcp_mss_default":	1448,
		"target_bitrate":	10000000000,
		"sock_bufsize":	0,
		"sndbuf_actual":	16384,
		"rcvbuf_actual":	131072,
		"test_start":	{
			"protocol":	"TCP",
			"num_streams":	1,
			"blksize":	131072,
			"omit":	0,
			"duration":	80,
			"bytes":	0,
			"blocks":	0,
			"reverse":	0,
			"tos":	0
		}
	},
	"intervals":	[{
			"streams":	[{
					"socket":	5,
					"start":	0,
					"end":	60.00011,
					"seconds":	60.0001106262207,
					"bytes":	53446574080,
					"bits_per_second":	7126196738.263114,
					"retransmits":	29675,
					"snd_cwnd":	330144,
					"rtt":	342,
					"rttvar":	15,
					"pmtu":	1500,
					"omitted":	false,
					"sender":	true
				}],
			"sum":	{
				"start":	0,
				"end":	60.00011,
				"seconds":	60.0001106262207,
				"bytes":	53446574080,
				"bits_per_second":	7126196738.263114,
				"retransmits":	29675,
				"omitted":	false,
				"sender":	true
			}
		}, {
			"streams":	[{
					"socket":	5,
					"start":	60.00011,
					"end":	80.000043,
					"seconds":	19.999933242797852,
					"bytes":	18103271424,
					"bits_per_second":	7241332740.1556778,
					"retransmits":	10731,
					"snd_cwnd":	640016,
					"rtt":	609,
					"rttvar":	22,
					"pmtu":	1500,
					"omitted":	false,
					"sender":	true
				}],
			"sum":	{
				"start":	60.00011,
				"end":	80.000043,
				"seconds":	19.999933242797852,
				"bytes":	18103271424,
				"bits_per_second":	7241332740.1556778,
				"retransmits":	10731,
				"omitted":	false,
				"sender":	true
			}
		}],
	"end":	{
		"streams":	[{
				"sender":	{
					"socket":	5,
					"start":	0,
					"end":	80.000043,
					"seconds":	80.000043,
					"bytes":	71549845504,
					"bits_per_second":	7154980704.59787,
					"retransmits":	40406,
					"max_snd_cwnd":	640016,
					"max_rtt":	609,
					"min_rtt":	342,
					"mean_rtt":	475,
					"sender":	true
				},
				"receiver":	{
					"socket":	5,
					"start":	0,
					"end":	80.000429,
					"seconds":	80.000043,
					"bytes":	71547068832,
					"bits_per_second":	7154668516.290082,
					"sender":	true
				}
			}],
		"sum_sent":	{
			"start":	0,
			"end":	80.000043,
			"seconds":	80.000043,
			"bytes":	71549845504,
			"bits_per_second":	7154980704.59787,
			"retransmits":	40406,
			"sender":	true
		},
		"sum_received":	{
			"start":	0,
			"end":	80.000429,
			"seconds":	80.000429,
			"bytes":	71547068832,
			"bits_per_second":	7154668516.290082,
			"sender":	true
		},
		"cpu_utilization_percent":	{
			"host_total":	37.857247353992278,
			"host_user":	1.5958743843873107,
			"host_system":	36.261370469680337,
			"remote_total":	94.129136945908741,
			"remote_user":	0.76653984080277937,
			"remote_system":	93.362599603834141
		},
		"sender_tcp_congestion":	"cubic",
		"receiver_tcp_congestion":	"reno"
	}
}
