{
	"start":	{
		"connected":	[{
				"socket":	5,
				"local_host":	"10.0.1.1",
				"local_port":	40018,
				"remote_host":	"10.0.0.1",
				"remote_port":	5201
			}],
		"version":	"iperf 3.9+",
		"system_info":	"Linux han-3 5.10.0 #9 SMP PREEMPT Tue Feb 23 15:01:43 PST 2021 x86_64",
		"timestamp":	{
			"time":	"Sat, 20 May 2023 13:02:57 GMT",
			"timesecs":	1684587777
		},
		"connecting_to":	{
			"host":	"10.0.0.1",
			"port":	5201
		},
		"cookie":	"pl3qqev7r6fucy3b3shkrk4yuexqzsrvej4q",
		"tcp_mss_default":	1448,
		"target_bitrate":	1000000000,
		"sock_bufsize":	0,
		"sndbuf_actual":	16384,
		"rcvbuf_actual":	131072,
		"test_start":	{
			"protocol":	"TCP",
			"num_streams":	1,
			"blksize":	131072,
			"omit":	0,
			"duration":	80,
			"bytes":	0,
			"blocks":	0,
			"reverse":	0,
			"tos":	0
		}
	},
	"intervals":	[{
			"streams":	[{
					"socket":	5,
					"start":	0,
					"end":	60.000042,
					"seconds":	60.000041961669922,
					"bytes":	7499939840,
					"bits_per_second":	999991279.31160021,
					"retransmits":	56,
					"snd_cwnd":	264984,
					"rtt":	448,
					"rttvar":	50,
					"pmtu":	1500,
					"omitted":	false,
					"sender":	true
				}],
			"sum":	{
				"start":	0,
				"end":	60.000042,
				"seconds":	60.000041961669922,
				"bytes":	7499939840,
				"bits_per_second":	999991279.31160021,
				"retransmits":	56,
				"omitted":	false,
				"sender":	true
			}
		}, {
			"streams":	[{
					"socket":	5,
					"start":	60.000042,
					"end":	80.00004,
					"seconds":	19.999998092651367,
					"bytes":	2500067328,
					"bits_per_second":	1000027026.5700091,
					"retransmits":	3,
					"snd_cwnd":	264984,
					"rtt":	376,
					"rttvar":	36,
					"pmtu":	1500,
					"omitted":	false,
					"sender":	true
				}],
			"sum":	{
				"start":	60.000042,
				"end":	80.00004,
				"seconds":	19.999998092651367,
				"bytes":	2500067328,
				"bits_per_second":	1000027026.5700091,
				"retransmits":	3,
				"omitted":	false,
				"sender":	true
			}
		}],
	"end":	{
		"streams":	[{
				"sender":	{
					"socket":	5,
					"start":	0,
					"end":	80.00004,
					"seconds":	80.00004,
					"bytes":	10000007168,
					"bits_per_second":	1000000216.7998916,
					"retransmits":	59,
					"max_snd_cwnd":	264984,
					"max_rtt":	448,
					"min_rtt":	376,
					"mean_rtt":	412,
					"sender":	true
				},
				"receiver":	{
					"socket":	5,
					"start":	0,
					"end":	80.000193,
					"seconds":	80.00004,
					"bytes":	10000007168,
					"bits_per_second":	999998304.304091,
					"sender":	true
				}
			}],
		"sum_sent":	{
			"start":	0,
			"end":	80.00004,
			"seconds":	80.00004,
			"bytes":	10000007168,
			"bits_per_second":	1000000216.7998916,
			"retransmits":	59,
			"sender":	true
		},
		"sum_received":	{
			"start":	0,
			"end":	80.000193,
			"seconds":	80.000193,
			"bytes":	10000007168,
			"bits_per_second":	999998304.304091,
			"sender":	true
		},
		"cpu_utilization_percent":	{
			"host_total":	7.8805862384015866,
			"host_user":	0,
			"host_system":	7.8805874883619316,
			"remote_total":	35.8993098893935,
			"remote_user":	0,
			"remote_system":	35.899311138550658
		},
		"sender_tcp_congestion":	"cubic",
		"receiver_tcp_congestion":	"reno"
	}
}
