{
	"start":	{
		"connected":	[{
				"socket":	5,
				"local_host":	"10.0.1.1",
				"local_port":	40966,
				"remote_host":	"10.0.0.1",
				"remote_port":	5201
			}],
		"version":	"iperf 3.9+",
		"system_info":	"Linux han-3 5.10.0 #9 SMP PREEMPT Tue Feb 23 15:01:43 PST 2021 x86_64",
		"timestamp":	{
			"time":	"Sat, 20 May 2023 16:27:57 GMT",
			"timesecs":	1684600077
		},
		"connecting_to":	{
			"host":	"10.0.0.1",
			"port":	5201
		},
		"cookie":	"3f3dprxnsobsm5fpr6ownjgp5ki5ppyyzrea",
		"tcp_mss_default":	1448,
		"target_bitrate":	5000000000,
		"sock_bufsize":	0,
		"sndbuf_actual":	16384,
		"rcvbuf_actual":	131072,
		"test_start":	{
			"protocol":	"TCP",
			"num_streams":	1,
			"blksize":	131072,
			"omit":	0,
			"duration":	90,
			"bytes":	0,
			"blocks":	0,
			"reverse":	0,
			"tos":	0
		}
	},
	"intervals":	[{
			"streams":	[{
					"socket":	5,
					"start":	0,
					"end":	60.000107,
					"seconds":	60.000106811523438,
					"bytes":	37499568128,
					"bits_per_second":	4999933516.2247343,
					"retransmits":	5915,
					"snd_cwnd":	395304,
					"rtt":	489,
					"rttvar":	31,
					"pmtu":	1500,
					"omitted":	false,
					"sender":	true
				}],
			"sum":	{
				"start":	0,
				"end":	60.000107,
				"seconds":	60.000106811523438,
				"bytes":	37499568128,
				"bits_per_second":	4999933516.2247343,
				"retransmits":	5915,
				"omitted":	false,
				"sender":	true
			}
		}, {
			"streams":	[{
					"socket":	5,
					"start":	60.000107,
					"end":	90.000096,
					"seconds":	29.9999885559082,
					"bytes":	18750242816,
					"bits_per_second":	5000066658.307394,
					"retransmits":	2624,
					"snd_cwnd":	519832,
					"rtt":	562,
					"rttvar":	20,
					"pmtu":	1500,
					"omitted":	false,
					"sender":	true
				}],
			"sum":	{
				"start":	60.000107,
				"end":	90.000096,
				"seconds":	29.9999885559082,
				"bytes":	18750242816,
				"bits_per_second":	5000066658.307394,
				"retransmits":	2624,
				"omitted":	false,
				"sender":	true
			}
		}],
	"end":	{
		"streams":	[{
				"sender":	{
					"socket":	5,
					"start":	0,
					"end":	90.000096,
					"seconds":	90.000096,
					"bytes":	56249810944,
					"bits_per_second":	4999977861.7125034,
					"retransmits":	8539,
					"max_snd_cwnd":	519832,
					"max_rtt":	562,
					"min_rtt":	489,
					"mean_rtt":	525,
					"sender":	true
				},
				"receiver":	{
					"socket":	5,
					"start":	0,
					"end":	90.000281,
					"seconds":	90.000096,
					"bytes":	56249692904,
					"bits_per_second":	4999957091.6006365,
					"sender":	true
				}
			}],
		"sum_sent":	{
			"start":	0,
			"end":	90.000096,
			"seconds":	90.000096,
			"bytes":	56249810944,
			"bits_per_second":	4999977861.7125034,
			"retransmits":	8539,
			"sender":	true
		},
		"sum_received":	{
			"start":	0,
			"end":	90.000281,
			"seconds":	90.000281,
			"bytes":	56249692904,
			"bits_per_second":	4999957091.6006365,
			"sender":	true
		},
		"cpu_utilization_percent":	{
			"host_total":	43.652755487051834,
			"host_user":	2.6255559478064074,
			"host_system":	41.027198428158137,
			"remote_total":	64.780174150566666,
			"remote_user":	0.77479107056786356,
			"remote_system":	64.0053819695359
		},
		"sender_tcp_congestion":	"cubic",
		"receiver_tcp_congestion":	"reno"
	}
}
