{
	"start":	{
		"connected":	[{
				"socket":	5,
				"local_host":	"10.0.1.1",
				"local_port":	41904,
				"remote_host":	"10.0.0.1",
				"remote_port":	5201
			}],
		"version":	"iperf 3.9+",
		"system_info":	"Linux han-3 5.10.0 #9 SMP PREEMPT Tue Feb 23 15:01:43 PST 2021 x86_64",
		"timestamp":	{
			"time":	"Sat, 20 May 2023 19:52:27 GMT",
			"timesecs":	1684612347
		},
		"connecting_to":	{
			"host":	"10.0.0.1",
			"port":	5201
		},
		"cookie":	"g6kw2rj5nrh6csyibw3nwbhymetnb4k2j47p",
		"tcp_mss_default":	1448,
		"target_bitrate":	10000000000,
		"sock_bufsize":	0,
		"sndbuf_actual":	16384,
		"rcvbuf_actual":	131072,
		"test_start":	{
			"protocol":	"TCP",
			"num_streams":	1,
			"blksize":	131072,
			"omit":	0,
			"duration":	90,
			"bytes":	0,
			"blocks":	0,
			"reverse":	0,
			"tos":	0
		}
	},
	"intervals":	[{
			"streams":	[{
					"socket":	5,
					"start":	0,
					"end":	60.000048,
					"seconds":	60.000049591064453,
					"bytes":	57253429248,
					"bits_per_second":	7633784256.94188,
					"retransmits":	22399,
					"snd_cwnd":	1203288,
					"rtt":	958,
					"rttvar":	36,
					"pmtu":	1500,
					"omitted":	false,
					"sender":	true
				}],
			"sum":	{
				"start":	0,
				"end":	60.000048,
				"seconds":	60.000049591064453,
				"bytes":	57253429248,
				"bits_per_second":	7633784256.94188,
				"retransmits":	22399,
				"omitted":	false,
				"sender":	true
			}
		}, {
			"streams":	[{
					"socket":	5,
					"start":	60.000048,
					"end":	90.000055,
					"seconds":	30.000007629394531,
					"bytes":	32851230720,
					"bits_per_second":	8760325964.1339,
					"retransmits":	3602,
					"snd_cwnd":	1319128,
					"rtt":	1137,
					"rttvar":	20,
					"pmtu":	1500,
					"omitted":	false,
					"sender":	true
				}],
			"sum":	{
				"start":	60.000048,
				"end":	90.000055,
				"seconds":	30.000007629394531,
				"bytes":	32851230720,
				"bits_per_second":	8760325964.1339,
				"retransmits":	3602,
				"omitted":	false,
				"sender":	true
			}
		}],
	"end":	{
		"streams":	[{
				"sender":	{
					"socket":	5,
					"start":	0,
					"end":	90.000055,
					"seconds":	90.000055,
					"bytes":	90104659968,
					"bits_per_second":	8009298213.6955357,
					"retransmits":	26001,
					"max_snd_cwnd":	1319128,
					"max_rtt":	1137,
					"min_rtt":	958,
					"mean_rtt":	1047,
					"sender":	true
				},
				"receiver":	{
					"socket":	5,
					"start":	0,
					"end":	90.001226,
					"seconds":	90.000055,
					"bytes":	90103416368,
					"bits_per_second":	8009083464.5296936,
					"sender":	true
				}
			}],
		"sum_sent":	{
			"start":	0,
			"end":	90.000055,
			"seconds":	90.000055,
			"bytes":	90104659968,
			"bits_per_second":	8009298213.6955357,
			"retransmits":	26001,
			"sender":	true
		},
		"sum_received":	{
			"start":	0,
			"end":	90.001226,
			"seconds":	90.001226,
			"bytes":	90103416368,
			"bits_per_second":	8009083464.5296936,
			"sender":	true
		},
		"cpu_utilization_percent":	{
			"host_total":	45.820708819396359,
			"host_user":	1.6274363566113041,
			"host_system":	44.193272462785046,
			"remote_total":	88.145362201751666,
			"remote_user":	1.098728621701587,
			"remote_system":	87.0466335800501
		},
		"sender_tcp_congestion":	"cubic",
		"receiver_tcp_congestion":	"reno"
	}
}
