{
	"start":	{
		"connected":	[{
				"socket":	5,
				"local_host":	"10.0.1.1",
				"local_port":	40648,
				"remote_host":	"10.0.0.1",
				"remote_port":	5201
			}],
		"version":	"iperf 3.9+",
		"system_info":	"Linux han-3 5.10.0 #9 SMP PREEMPT Tue Feb 23 15:01:43 PST 2021 x86_64",
		"timestamp":	{
			"time":	"Sat, 20 May 2023 15:08:04 GMT",
			"timesecs":	1684595284
		},
		"connecting_to":	{
			"host":	"10.0.0.1",
			"port":	5201
		},
		"cookie":	"a53svbpwf6w64ajhlblnw6hb4b6dc2pvunmt",
		"tcp_mss_default":	1448,
		"target_bitrate":	5000000000,
		"sock_bufsize":	0,
		"sndbuf_actual":	16384,
		"rcvbuf_actual":	131072,
		"test_start":	{
			"protocol":	"TCP",
			"num_streams":	1,
			"blksize":	131072,
			"omit":	0,
			"duration":	50,
			"bytes":	0,
			"blocks":	0,
			"reverse":	0,
			"tos":	0
		}
	},
	"intervals":	[{
			"streams":	[{
					"socket":	5,
					"start":	0,
					"end":	50.000132,
					"seconds":	50.0001335144043,
					"bytes":	31249661952,
					"bits_per_second":	4999932561.05965,
					"retransmits":	7968,
					"snd_cwnd":	456120,
					"rtt":	818,
					"rttvar":	47,
					"pmtu":	1500,
					"omitted":	false,
					"sender":	true
				}],
			"sum":	{
				"start":	0,
				"end":	50.000132,
				"seconds":	50.0001335144043,
				"bytes":	31249661952,
				"bits_per_second":	4999932561.05965,
				"retransmits":	7968,
				"omitted":	false,
				"sender":	true
			}
		}],
	"end":	{
		"streams":	[{
				"sender":	{
					"socket":	5,
					"start":	0,
					"end":	50.000132,
					"seconds":	50.000132,
					"bytes":	31249661952,
					"bits_per_second":	4999932712.49764,
					"retransmits":	7968,
					"max_snd_cwnd":	456120,
					"max_rtt":	818,
					"min_rtt":	818,
					"mean_rtt":	818,
					"sender":	true
				},
				"receiver":	{
					"socket":	5,
					"start":	0,
					"end":	50.000273,
					"seconds":	50.000132,
					"bytes":	31249661952,
					"bits_per_second":	4999918612.7643747,
					"sender":	true
				}
			}],
		"sum_sent":	{
			"start":	0,
			"end":	50.000132,
			"seconds":	50.000132,
			"bytes":	31249661952,
			"bits_per_second":	4999932712.49764,
			"retransmits":	7968,
			"sender":	true
		},
		"sum_received":	{
			"start":	0,
			"end":	50.000273,
			"seconds":	50.000273,
			"bytes":	31249661952,
			"bits_per_second":	4999918612.7643747,
			"sender":	true
		},
		"cpu_utilization_percent":	{
			"host_total":	40.9082661278428,
			"host_user":	1.0980408297316446,
			"host_system":	39.810225298111149,
			"remote_total":	64.2845312691599,
			"remote_user":	0,
			"remote_system":	64.2845312691599
		},
		"sender_tcp_congestion":	"cubic",
		"receiver_tcp_congestion":	"reno"
	}
}
