{
	"start":	{
		"connected":	[{
				"socket":	5,
				"local_host":	"10.0.1.1",
				"local_port":	41434,
				"remote_host":	"10.0.0.1",
				"remote_port":	5201
			}],
		"version":	"iperf 3.9+",
		"system_info":	"Linux han-3 5.10.0 #9 SMP PREEMPT Tue Feb 23 15:01:43 PST 2021 x86_64",
		"timestamp":	{
			"time":	"Sat, 20 May 2023 17:55:52 GMT",
			"timesecs":	1684605352
		},
		"connecting_to":	{
			"host":	"10.0.0.1",
			"port":	5201
		},
		"cookie":	"yvgzdjryxkmt4zmfv3cdupukwk4zleptfipg",
		"tcp_mss_default":	1448,
		"target_bitrate":	10000000000,
		"sock_bufsize":	0,
		"sndbuf_actual":	16384,
		"rcvbuf_actual":	131072,
		"test_start":	{
			"protocol":	"TCP",
			"num_streams":	1,
			"blksize":	131072,
			"omit":	0,
			"duration":	40,
			"bytes":	0,
			"blocks":	0,
			"reverse":	0,
			"tos":	0
		}
	},
	"intervals":	[{
			"streams":	[{
					"socket":	5,
					"start":	0,
					"end":	40.000137,
					"seconds":	40.000137329101562,
					"bytes":	46102478848,
					"bits_per_second":	9220464113.64868,
					"retransmits":	3784,
					"snd_cwnd":	1233696,
					"rtt":	1009,
					"rttvar":	6,
					"pmtu":	1500,
					"omitted":	false,
					"sender":	true
				}],
			"sum":	{
				"start":	0,
				"end":	40.000137,
				"seconds":	40.000137329101562,
				"bytes":	46102478848,
				"bits_per_second":	9220464113.64868,
				"retransmits":	3784,
				"omitted":	false,
				"sender":	true
			}
		}],
	"end":	{
		"streams":	[{
				"sender":	{
					"socket":	5,
					"start":	0,
					"end":	40.000137,
					"seconds":	40.000137,
					"bytes":	46102478848,
					"bits_per_second":	9220464189.51015,
					"retransmits":	3784,
					"max_snd_cwnd":	1233696,
					"max_rtt":	1009,
					"min_rtt":	1009,
					"mean_rtt":	1009,
					"sender":	true
				},
				"receiver":	{
					"socket":	5,
					"start":	0,
					"end":	40.001201,
					"seconds":	40.000137,
					"bytes":	46100950384,
					"bits_per_second":	9219913248.9047,
					"sender":	true
				}
			}],
		"sum_sent":	{
			"start":	0,
			"end":	40.000137,
			"seconds":	40.000137,
			"bytes":	46102478848,
			"bits_per_second":	9220464189.51015,
			"retransmits":	3784,
			"sender":	true
		},
		"sum_received":	{
			"start":	0,
			"end":	40.001201,
			"seconds":	40.001201,
			"bytes":	46100950384,
			"bits_per_second":	9219913248.9047,
			"sender":	true
		},
		"cpu_utilization_percent":	{
			"host_total":	50.5985729365421,
			"host_user":	1.6232349979907117,
			"host_system":	48.975332938767011,
			"remote_total":	81.7293521807862,
			"remote_user":	1.3611704264022844,
			"remote_system":	80.368154282681132
		},
		"sender_tcp_congestion":	"cubic",
		"receiver_tcp_congestion":	"reno"
	}
}
