{
	"start":	{
		"connected":	[{
				"socket":	5,
				"local_host":	"10.0.1.1",
				"local_port":	40478,
				"remote_host":	"10.0.0.1",
				"remote_port":	5201
			}],
		"version":	"iperf 3.9+",
		"system_info":	"Linux han-3 5.10.0 #9 SMP PREEMPT Tue Feb 23 15:01:43 PST 2021 x86_64",
		"timestamp":	{
			"time":	"Sat, 20 May 2023 14:41:22 GMT",
			"timesecs":	1684593682
		},
		"connecting_to":	{
			"host":	"10.0.0.1",
			"port":	5201
		},
		"cookie":	"xpvuibktgrduh7dyjmnmgopxiwccs6jxxx37",
		"tcp_mss_default":	1448,
		"target_bitrate":	5000000000,
		"sock_bufsize":	0,
		"sndbuf_actual":	16384,
		"rcvbuf_actual":	131072,
		"test_start":	{
			"protocol":	"TCP",
			"num_streams":	1,
			"blksize":	131072,
			"omit":	0,
			"duration":	30,
			"bytes":	0,
			"blocks":	0,
			"reverse":	0,
			"tos":	0
		}
	},
	"intervals":	[{
			"streams":	[{
					"socket":	5,
					"start":	0,
					"end":	30.000068,
					"seconds":	30.000068664550781,
					"bytes":	18749718528,
					"bits_per_second":	4999913496.9061928,
					"retransmits":	2524,
					"snd_cwnd":	483632,
					"rtt":	401,
					"rttvar":	18,
					"pmtu":	1500,
					"omitted":	false,
					"sender":	true
				}],
			"sum":	{
				"start":	0,
				"end":	30.000068,
				"seconds":	30.000068664550781,
				"bytes":	18749718528,
				"bits_per_second":	4999913496.9061928,
				"retransmits":	2524,
				"omitted":	false,
				"sender":	true
			}
		}],
	"end":	{
		"streams":	[{
				"sender":	{
					"socket":	5,
					"start":	0,
					"end":	30.000068,
					"seconds":	30.000068,
					"bytes":	18749718528,
					"bits_per_second":	4999913607.66249,
					"retransmits":	2524,
					"max_snd_cwnd":	483632,
					"max_rtt":	401,
					"min_rtt":	401,
					"mean_rtt":	401,
					"sender":	true
				},
				"receiver":	{
					"socket":	5,
					"start":	0,
					"end":	30.000222,
					"seconds":	30.000068,
					"bytes":	18749718528,
					"bits_per_second":	4999887941.6292315,
					"sender":	true
				}
			}],
		"sum_sent":	{
			"start":	0,
			"end":	30.000068,
			"seconds":	30.000068,
			"bytes":	18749718528,
			"bits_per_second":	4999913607.66249,
			"retransmits":	2524,
			"sender":	true
		},
		"sum_received":	{
			"start":	0,
			"end":	30.000222,
			"seconds":	30.000222,
			"bytes":	18749718528,
			"bits_per_second":	4999887941.6292315,
			"sender":	true
		},
		"cpu_utilization_percent":	{
			"host_total":	36.449627858094068,
			"host_user":	0.581469123989516,
			"host_system":	35.868158734104554,
			"remote_total":	65.771432778509066,
			"remote_user":	0,
			"remote_system":	65.771396166257972
		},
		"sender_tcp_congestion":	"cubic",
		"receiver_tcp_congestion":	"reno"
	}
}
