{
	"start":	{
		"connected":	[{
				"socket":	5,
				"local_host":	"10.0.1.1",
				"local_port":	41908,
				"remote_host":	"10.0.0.1",
				"remote_port":	5201
			}],
		"version":	"iperf 3.9+",
		"system_info":	"Linux han-3 5.10.0 #9 SMP PREEMPT Tue Feb 23 15:01:43 PST 2021 x86_64",
		"timestamp":	{
			"time":	"Sat, 20 May 2023 19:53:57 GMT",
			"timesecs":	1684612437
		},
		"connecting_to":	{
			"host":	"10.0.0.1",
			"port":	5201
		},
		"cookie":	"vzwlmgrrlct7fwwm2yxzi6aeed4xflyk7fnk",
		"tcp_mss_default":	1448,
		"target_bitrate":	10000000000,
		"sock_bufsize":	0,
		"sndbuf_actual":	16384,
		"rcvbuf_actual":	131072,
		"test_start":	{
			"protocol":	"TCP",
			"num_streams":	1,
			"blksize":	131072,
			"omit":	0,
			"duration":	90,
			"bytes":	0,
			"blocks":	0,
			"reverse":	0,
			"tos":	0
		}
	},
	"intervals":	[{
			"streams":	[{
					"socket":	5,
					"start":	0,
					"end":	60.000085,
					"seconds":	60.000083923339844,
					"bytes":	64737378304,
					"bits_per_second":	8631638367.268,
					"retransmits":	10632,
					"snd_cwnd":	1518952,
					"rtt":	1290,
					"rttvar":	22,
					"pmtu":	1500,
					"omitted":	false,
					"sender":	true
				}],
			"sum":	{
				"start":	0,
				"end":	60.000085,
				"seconds":	60.000083923339844,
				"bytes":	64737378304,
				"bits_per_second":	8631638367.268,
				"retransmits":	10632,
				"omitted":	false,
				"sender":	true
			}
		}, {
			"streams":	[{
					"socket":	5,
					"start":	60.000085,
					"end":	90.000035,
					"seconds":	29.999950408935547,
					"bytes":	32838123520,
					"bits_per_second":	8756847414.04615,
					"retransmits":	4385,
					"snd_cwnd":	626984,
					"rtt":	587,
					"rttvar":	6,
					"pmtu":	1500,
					"omitted":	false,
					"sender":	true
				}],
			"sum":	{
				"start":	60.000085,
				"end":	90.000035,
				"seconds":	29.999950408935547,
				"bytes":	32838123520,
				"bits_per_second":	8756847414.04615,
				"retransmits":	4385,
				"omitted":	false,
				"sender":	true
			}
		}],
	"end":	{
		"streams":	[{
				"sender":	{
					"socket":	5,
					"start":	0,
					"end":	90.000035,
					"seconds":	90.000035,
					"bytes":	97575501824,
					"bits_per_second":	8673374566.9321136,
					"retransmits":	15017,
					"max_snd_cwnd":	1518952,
					"max_rtt":	1290,
					"min_rtt":	587,
					"mean_rtt":	938,
					"sender":	true
				},
				"receiver":	{
					"socket":	5,
					"start":	0,
					"end":	90.000874,
					"seconds":	90.000035,
					"bytes":	97572976144,
					"bits_per_second":	8673069209.88345,
					"sender":	true
				}
			}],
		"sum_sent":	{
			"start":	0,
			"end":	90.000035,
			"seconds":	90.000035,
			"bytes":	97575501824,
			"bits_per_second":	8673374566.9321136,
			"retransmits":	15017,
			"sender":	true
		},
		"sum_received":	{
			"start":	0,
			"end":	90.000874,
			"seconds":	90.000874,
			"bytes":	97572976144,
			"bits_per_second":	8673069209.88345,
			"sender":	true
		},
		"cpu_utilization_percent":	{
			"host_total":	45.2594987969997,
			"host_user":	1.6476268236319715,
			"host_system":	43.61187197336772,
			"remote_total":	84.654674377724,
			"remote_user":	1.5658920253781294,
			"remote_system":	83.0887834628753
		},
		"sender_tcp_congestion":	"cubic",
		"receiver_tcp_congestion":	"reno"
	}
}
