{
	"start":	{
		"connected":	[{
				"socket":	5,
				"local_host":	"10.0.1.1",
				"local_port":	41294,
				"remote_host":	"10.0.0.1",
				"remote_port":	5201
			}],
		"version":	"iperf 3.9+",
		"system_info":	"Linux han-3 5.10.0 #9 SMP PREEMPT Tue Feb 23 15:01:43 PST 2021 x86_64",
		"timestamp":	{
			"time":	"Sat, 20 May 2023 17:38:31 GMT",
			"timesecs":	1684604311
		},
		"connecting_to":	{
			"host":	"10.0.0.1",
			"port":	5201
		},
		"cookie":	"uxd47g2jnpuzgtrrcy5y4fxgapobuc7dnt3c",
		"tcp_mss_default":	1448,
		"target_bitrate":	10000000000,
		"sock_bufsize":	0,
		"sndbuf_actual":	16384,
		"rcvbuf_actual":	131072,
		"test_start":	{
			"protocol":	"TCP",
			"num_streams":	1,
			"blksize":	131072,
			"omit":	0,
			"duration":	20,
			"bytes":	0,
			"blocks":	0,
			"reverse":	0,
			"tos":	0
		}
	},
	"intervals":	[{
			"streams":	[{
					"socket":	5,
					"start":	0,
					"end":	20.000074,
					"seconds":	20.00007438659668,
					"bytes":	23382196224,
					"bits_per_second":	9352843703.28938,
					"retransmits":	2964,
					"snd_cwnd":	1230800,
					"rtt":	905,
					"rttvar":	15,
					"pmtu":	1500,
					"omitted":	false,
					"sender":	true
				}],
			"sum":	{
				"start":	0,
				"end":	20.000074,
				"seconds":	20.00007438659668,
				"bytes":	23382196224,
				"bits_per_second":	9352843703.28938,
				"retransmits":	2964,
				"omitted":	false,
				"sender":	true
			}
		}],
	"end":	{
		"streams":	[{
				"sender":	{
					"socket":	5,
					"start":	0,
					"end":	20.000074,
					"seconds":	20.000074,
					"bytes":	23382196224,
					"bits_per_second":	9352843884.07763,
					"retransmits":	2964,
					"max_snd_cwnd":	1230800,
					"max_rtt":	905,
					"min_rtt":	905,
					"mean_rtt":	905,
					"sender":	true
				},
				"receiver":	{
					"socket":	5,
					"start":	0,
					"end":	20.001107,
					"seconds":	20.000074,
					"bytes":	23380087408,
					"bits_per_second":	9351517356.7143059,
					"sender":	true
				}
			}],
		"sum_sent":	{
			"start":	0,
			"end":	20.000074,
			"seconds":	20.000074,
			"bytes":	23382196224,
			"bits_per_second":	9352843884.07763,
			"retransmits":	2964,
			"sender":	true
		},
		"sum_received":	{
			"start":	0,
			"end":	20.001107,
			"seconds":	20.001107,
			"bytes":	23380087408,
			"bits_per_second":	9351517356.7143059,
			"sender":	true
		},
		"cpu_utilization_percent":	{
			"host_total":	46.224645850571058,
			"host_user":	1.8085205840372161,
			"host_system":	44.4161302659964,
			"remote_total":	84.213036127252067,
			"remote_user":	1.3641080062431481,
			"remote_system":	82.84892313080195
		},
		"sender_tcp_congestion":	"cubic",
		"receiver_tcp_congestion":	"reno"
	}
}
