{
	"start":	{
		"connected":	[{
				"socket":	5,
				"local_host":	"10.0.1.1",
				"local_port":	40292,
				"remote_host":	"10.0.0.1",
				"remote_port":	5201
			}],
		"version":	"iperf 3.9+",
		"system_info":	"Linux han-3 5.10.0 #9 SMP PREEMPT Tue Feb 23 15:01:43 PST 2021 x86_64",
		"timestamp":	{
			"time":	"Sat, 20 May 2023 14:27:10 GMT",
			"timesecs":	1684592830
		},
		"connecting_to":	{
			"host":	"10.0.0.1",
			"port":	5201
		},
		"cookie":	"icfxhk2uiibwlshmoaspmupxkraa4qzvpu6w",
		"tcp_mss_default":	1448,
		"target_bitrate":	5000000000,
		"sock_bufsize":	0,
		"sndbuf_actual":	16384,
		"rcvbuf_actual":	131072,
		"test_start":	{
			"protocol":	"TCP",
			"num_streams":	1,
			"blksize":	131072,
			"omit":	0,
			"duration":	10,
			"bytes":	0,
			"blocks":	0,
			"reverse":	0,
			"tos":	0
		}
	},
	"intervals":	[{
			"streams":	[{
					"socket":	5,
					"start":	0,
					"end":	10.00014,
					"seconds":	10.000140190124512,
					"bytes":	6249644032,
					"bits_per_second":	4999645135.5125942,
					"retransmits":	866,
					"snd_cwnd":	464808,
					"rtt":	710,
					"rttvar":	14,
					"pmtu":	1500,
					"omitted":	false,
					"sender":	true
				}],
			"sum":	{
				"start":	0,
				"end":	10.00014,
				"seconds":	10.000140190124512,
				"bytes":	6249644032,
				"bits_per_second":	4999645135.5125942,
				"retransmits":	866,
				"omitted":	false,
				"sender":	true
			}
		}],
	"end":	{
		"streams":	[{
				"sender":	{
					"socket":	5,
					"start":	0,
					"end":	10.00014,
					"seconds":	10.00014,
					"bytes":	6249644032,
					"bits_per_second":	4999645230.5667725,
					"retransmits":	866,
					"max_snd_cwnd":	464808,
					"max_rtt":	710,
					"min_rtt":	710,
					"mean_rtt":	710,
					"sender":	true
				},
				"receiver":	{
					"socket":	5,
					"start":	0,
					"end":	10.000244,
					"seconds":	10.00014,
					"bytes":	6249644032,
					"bits_per_second":	4999593235.525053,
					"sender":	true
				}
			}],
		"sum_sent":	{
			"start":	0,
			"end":	10.00014,
			"seconds":	10.00014,
			"bytes":	6249644032,
			"bits_per_second":	4999645230.5667725,
			"retransmits":	866,
			"sender":	true
		},
		"sum_received":	{
			"start":	0,
			"end":	10.000244,
			"seconds":	10.000244,
			"bytes":	6249644032,
			"bits_per_second":	4999593235.525053,
			"sender":	true
		},
		"cpu_utilization_percent":	{
			"host_total":	41.711070305230628,
			"host_user":	0.946895491079065,
			"host_system":	40.764164816522,
			"remote_total":	64.372808474761626,
			"remote_user":	0,
			"remote_system":	64.372708970224551
		},
		"sender_tcp_congestion":	"cubic",
		"receiver_tcp_congestion":	"reno"
	}
}
