{
	"start":	{
		"connected":	[{
				"socket":	5,
				"local_host":	"10.0.1.1",
				"local_port":	41536,
				"remote_host":	"10.0.0.1",
				"remote_port":	5201
			}],
		"version":	"iperf 3.9+",
		"system_info":	"Linux han-3 5.10.0 #9 SMP PREEMPT Tue Feb 23 15:01:43 PST 2021 x86_64",
		"timestamp":	{
			"time":	"Sat, 20 May 2023 18:14:03 GMT",
			"timesecs":	1684606443
		},
		"connecting_to":	{
			"host":	"10.0.0.1",
			"port":	5201
		},
		"cookie":	"tukdg6wci3no73ebilstwk43xfw3yt5f372d",
		"tcp_mss_default":	1448,
		"target_bitrate":	10000000000,
		"sock_bufsize":	0,
		"sndbuf_actual":	16384,
		"rcvbuf_actual":	131072,
		"test_start":	{
			"protocol":	"TCP",
			"num_streams":	1,
			"blksize":	131072,
			"omit":	0,
			"duration":	50,
			"bytes":	0,
			"blocks":	0,
			"reverse":	0,
			"tos":	0
		}
	},
	"intervals":	[{
			"streams":	[{
					"socket":	5,
					"start":	0,
					"end":	50.000198,
					"seconds":	50.000198364257812,
					"bytes":	57556467712,
					"bits_per_second":	9208998299.1977444,
					"retransmits":	6691,
					"snd_cwnd":	1594248,
					"rtt":	1343,
					"rttvar":	19,
					"pmtu":	1500,
					"omitted":	false,
					"sender":	true
				}],
			"sum":	{
				"start":	0,
				"end":	50.000198,
				"seconds":	50.000198364257812,
				"bytes":	57556467712,
				"bits_per_second":	9208998299.1977444,
				"retransmits":	6691,
				"omitted":	false,
				"sender":	true
			}
		}],
	"end":	{
		"streams":	[{
				"sender":	{
					"socket":	5,
					"start":	0,
					"end":	50.000198,
					"seconds":	50.000198,
					"bytes":	57556467712,
					"bits_per_second":	9208998366.28647,
					"retransmits":	6691,
					"max_snd_cwnd":	1594248,
					"max_rtt":	1343,
					"min_rtt":	1343,
					"mean_rtt":	1343,
					"sender":	true
				},
				"receiver":	{
					"socket":	5,
					"start":	0,
					"end":	50.001601,
					"seconds":	50.000198,
					"bytes":	57555450216,
					"bits_per_second":	9208577175.9188271,
					"sender":	true
				}
			}],
		"sum_sent":	{
			"start":	0,
			"end":	50.000198,
			"seconds":	50.000198,
			"bytes":	57556467712,
			"bits_per_second":	9208998366.28647,
			"retransmits":	6691,
			"sender":	true
		},
		"sum_received":	{
			"start":	0,
			"end":	50.001601,
			"seconds":	50.001601,
			"bytes":	57555450216,
			"bits_per_second":	9208577175.9188271,
			"sender":	true
		},
		"cpu_utilization_percent":	{
			"host_total":	50.531323641901146,
			"host_user":	1.70635619653125,
			"host_system":	48.824969445285745,
			"remote_total":	82.087772085711677,
			"remote_user":	1.3079239449015816,
			"remote_system":	80.7798241592567
		},
		"sender_tcp_congestion":	"cubic",
		"receiver_tcp_congestion":	"reno"
	}
}
