{
	"start":	{
		"connected":	[{
				"socket":	5,
				"local_host":	"10.0.1.1",
				"local_port":	39538,
				"remote_host":	"10.0.0.1",
				"remote_port":	5201
			}],
		"version":	"iperf 3.9+",
		"system_info":	"Linux han-3 5.10.0 #9 SMP PREEMPT Tue Feb 23 15:01:43 PST 2021 x86_64",
		"timestamp":	{
			"time":	"Sat, 20 May 2023 11:30:51 GMT",
			"timesecs":	1684582251
		},
		"connecting_to":	{
			"host":	"10.0.0.1",
			"port":	5201
		},
		"cookie":	"haiebyesvffzum3pq5tnqto3rhceayy3zijp",
		"tcp_mss_default":	1448,
		"target_bitrate":	1000000000,
		"sock_bufsize":	0,
		"sndbuf_actual":	16384,
		"rcvbuf_actual":	131072,
		"test_start":	{
			"protocol":	"TCP",
			"num_streams":	1,
			"blksize":	131072,
			"omit":	0,
			"duration":	20,
			"bytes":	0,
			"blocks":	0,
			"reverse":	0,
			"tos":	0
		}
	},
	"intervals":	[{
			"streams":	[{
					"socket":	5,
					"start":	0,
					"end":	20.000088,
					"seconds":	20.000087738037109,
					"bytes":	2499936256,
					"bits_per_second":	999970115.62924433,
					"retransmits":	82,
					"snd_cwnd":	141904,
					"rtt":	369,
					"rttvar":	39,
					"pmtu":	1500,
					"omitted":	false,
					"sender":	true
				}],
			"sum":	{
				"start":	0,
				"end":	20.000088,
				"seconds":	20.000087738037109,
				"bytes":	2499936256,
				"bits_per_second":	999970115.62924433,
				"retransmits":	82,
				"omitted":	false,
				"sender":	true
			}
		}],
	"end":	{
		"streams":	[{
				"sender":	{
					"socket":	5,
					"start":	0,
					"end":	20.000088,
					"seconds":	20.000088,
					"bytes":	2499936256,
					"bits_per_second":	999970102.53154874,
					"retransmits":	82,
					"max_snd_cwnd":	141904,
					"max_rtt":	369,
					"min_rtt":	369,
					"mean_rtt":	369,
					"sender":	true
				},
				"receiver":	{
					"socket":	5,
					"start":	0,
					"end":	20.000236,
					"seconds":	20.000088,
					"bytes":	2499936256,
					"bits_per_second":	999962702.84010649,
					"sender":	true
				}
			}],
		"sum_sent":	{
			"start":	0,
			"end":	20.000088,
			"seconds":	20.000088,
			"bytes":	2499936256,
			"bits_per_second":	999970102.53154874,
			"retransmits":	82,
			"sender":	true
		},
		"sum_received":	{
			"start":	0,
			"end":	20.000236,
			"seconds":	20.000236,
			"bytes":	2499936256,
			"bits_per_second":	999962702.84010649,
			"sender":	true
		},
		"cpu_utilization_percent":	{
			"host_total":	7.53550457821206,
			"host_user":	0,
			"host_system":	7.5355095776246284,
			"remote_total":	32.768005004050323,
			"remote_user":	0,
			"remote_system":	32.768005004050323
		},
		"sender_tcp_congestion":	"cubic",
		"receiver_tcp_congestion":	"reno"
	}
}
