{
	"start":	{
		"connected":	[{
				"socket":	5,
				"local_host":	"10.0.1.1",
				"local_port":	41224,
				"remote_host":	"10.0.0.1",
				"remote_port":	5201
			}],
		"version":	"iperf 3.9+",
		"system_info":	"Linux han-3 5.10.0 #9 SMP PREEMPT Tue Feb 23 15:01:43 PST 2021 x86_64",
		"timestamp":	{
			"time":	"Sat, 20 May 2023 17:33:00 GMT",
			"timesecs":	1684603980
		},
		"connecting_to":	{
			"host":	"10.0.0.1",
			"port":	5201
		},
		"cookie":	"ywoxcsikkxzlk7lbynz5xz6uztj7xrx2puwn",
		"tcp_mss_default":	1448,
		"target_bitrate":	10000000000,
		"sock_bufsize":	0,
		"sndbuf_actual":	16384,
		"rcvbuf_actual":	131072,
		"test_start":	{
			"protocol":	"TCP",
			"num_streams":	1,
			"blksize":	131072,
			"omit":	0,
			"duration":	10,
			"bytes":	0,
			"blocks":	0,
			"reverse":	0,
			"tos":	0
		}
	},
	"intervals":	[{
			"streams":	[{
					"socket":	5,
					"start":	0,
					"end":	10.000074,
					"seconds":	10.00007438659668,
					"bytes":	11571691520,
					"bits_per_second":	9257284354.21224,
					"retransmits":	1086,
					"snd_cwnd":	931064,
					"rtt":	857,
					"rttvar":	25,
					"pmtu":	1500,
					"omitted":	false,
					"sender":	true
				}],
			"sum":	{
				"start":	0,
				"end":	10.000074,
				"seconds":	10.00007438659668,
				"bytes":	11571691520,
				"bits_per_second":	9257284354.21224,
				"retransmits":	1086,
				"omitted":	false,
				"sender":	true
			}
		}],
	"end":	{
		"streams":	[{
				"sender":	{
					"socket":	5,
					"start":	0,
					"end":	10.000074,
					"seconds":	10.000074,
					"bytes":	11571691520,
					"bits_per_second":	9257284712.09313,
					"retransmits":	1086,
					"max_snd_cwnd":	931064,
					"max_rtt":	857,
					"min_rtt":	857,
					"mean_rtt":	857,
					"sender":	true
				},
				"receiver":	{
					"socket":	5,
					"start":	0,
					"end":	10.000927,
					"seconds":	10.000074,
					"bytes":	11569977384,
					"bits_per_second":	9255123957.2091656,
					"sender":	true
				}
			}],
		"sum_sent":	{
			"start":	0,
			"end":	10.000074,
			"seconds":	10.000074,
			"bytes":	11571691520,
			"bits_per_second":	9257284712.09313,
			"retransmits":	1086,
			"sender":	true
		},
		"sum_received":	{
			"start":	0,
			"end":	10.000927,
			"seconds":	10.000927,
			"bytes":	11569977384,
			"bits_per_second":	9255123957.2091656,
			"sender":	true
		},
		"cpu_utilization_percent":	{
			"host_total":	47.708440393755737,
			"host_user":	2.0470619287472482,
			"host_system":	45.66135846928757,
			"remote_total":	80.3801243054956,
			"remote_user":	2.6601909822998158,
			"remote_system":	77.719823781878134
		},
		"sender_tcp_congestion":	"cubic",
		"receiver_tcp_congestion":	"reno"
	}
}
