{
	"start":	{
		"connected":	[{
				"socket":	5,
				"local_host":	"10.0.1.1",
				"local_port":	40562,
				"remote_host":	"10.0.0.1",
				"remote_port":	5201
			}],
		"version":	"iperf 3.9+",
		"system_info":	"Linux han-3 5.10.0 #9 SMP PREEMPT Tue Feb 23 15:01:43 PST 2021 x86_64",
		"timestamp":	{
			"time":	"Sat, 20 May 2023 14:53:03 GMT",
			"timesecs":	1684594383
		},
		"connecting_to":	{
			"host":	"10.0.0.1",
			"port":	5201
		},
		"cookie":	"inqyoejvqgt2yhbccwivgqi6ae7h4utlg2nd",
		"tcp_mss_default":	1448,
		"target_bitrate":	5000000000,
		"sock_bufsize":	0,
		"sndbuf_actual":	16384,
		"rcvbuf_actual":	131072,
		"test_start":	{
			"protocol":	"TCP",
			"num_streams":	1,
			"blksize":	131072,
			"omit":	0,
			"duration":	40,
			"bytes":	0,
			"blocks":	0,
			"reverse":	0,
			"tos":	0
		}
	},
	"intervals":	[{
			"streams":	[{
					"socket":	5,
					"start":	0,
					"end":	40.000107,
					"seconds":	40.000106811523438,
					"bytes":	24999624704,
					"bits_per_second":	4999911589.5956516,
					"retransmits":	5934,
					"snd_cwnd":	505352,
					"rtt":	665,
					"rttvar":	48,
					"pmtu":	1500,
					"omitted":	false,
					"sender":	true
				}],
			"sum":	{
				"start":	0,
				"end":	40.000107,
				"seconds":	40.000106811523438,
				"bytes":	24999624704,
				"bits_per_second":	4999911589.5956516,
				"retransmits":	5934,
				"omitted":	false,
				"sender":	true
			}
		}],
	"end":	{
		"streams":	[{
				"sender":	{
					"socket":	5,
					"start":	0,
					"end":	40.000107,
					"seconds":	40.000107,
					"bytes":	24999624704,
					"bits_per_second":	4999911566.03656,
					"retransmits":	5934,
					"max_snd_cwnd":	505352,
					"max_rtt":	665,
					"min_rtt":	665,
					"mean_rtt":	665,
					"sender":	true
				},
				"receiver":	{
					"socket":	5,
					"start":	0,
					"end":	40.000253,
					"seconds":	40.000107,
					"bytes":	24999624704,
					"bits_per_second":	4999893316.4747734,
					"sender":	true
				}
			}],
		"sum_sent":	{
			"start":	0,
			"end":	40.000107,
			"seconds":	40.000107,
			"bytes":	24999624704,
			"bits_per_second":	4999911566.03656,
			"retransmits":	5934,
			"sender":	true
		},
		"sum_received":	{
			"start":	0,
			"end":	40.000253,
			"seconds":	40.000253,
			"bytes":	24999624704,
			"bits_per_second":	4999893316.4747734,
			"sender":	true
		},
		"cpu_utilization_percent":	{
			"host_total":	24.6833103920389,
			"host_user":	2.24028977277244,
			"host_system":	22.443020619266456,
			"remote_total":	66.295709374031546,
			"remote_user":	2.8722817387371884,
			"remote_system":	63.423430132717826
		},
		"sender_tcp_congestion":	"cubic",
		"receiver_tcp_congestion":	"reno"
	}
}
