{
	"start":	{
		"connected":	[{
				"socket":	5,
				"local_host":	"10.0.1.1",
				"local_port":	41804,
				"remote_host":	"10.0.0.1",
				"remote_port":	5201
			}],
		"version":	"iperf 3.9+",
		"system_info":	"Linux han-3 5.10.0 #9 SMP PREEMPT Tue Feb 23 15:01:43 PST 2021 x86_64",
		"timestamp":	{
			"time":	"Sat, 20 May 2023 19:20:36 GMT",
			"timesecs":	1684610436
		},
		"connecting_to":	{
			"host":	"10.0.0.1",
			"port":	5201
		},
		"cookie":	"f7zgtjoht6snl3xjju5evuldrzz566xz6yql",
		"tcp_mss_default":	1448,
		"target_bitrate":	10000000000,
		"sock_bufsize":	0,
		"sndbuf_actual":	16384,
		"rcvbuf_actual":	131072,
		"test_start":	{
			"protocol":	"TCP",
			"num_streams":	1,
			"blksize":	131072,
			"omit":	0,
			"duration":	80,
			"bytes":	0,
			"blocks":	0,
			"reverse":	0,
			"tos":	0
		}
	},
	"intervals":	[{
			"streams":	[{
					"socket":	5,
					"start":	0,
					"end":	60.000034,
					"seconds":	60.0000343322754,
					"bytes":	57810092032,
					"bits_per_second":	7708007860.3758574,
					"retransmits":	19302,
					"snd_cwnd":	460464,
					"rtt":	488,
					"rttvar":	31,
					"pmtu":	1500,
					"omitted":	false,
					"sender":	true
				}],
			"sum":	{
				"start":	0,
				"end":	60.000034,
				"seconds":	60.0000343322754,
				"bytes":	57810092032,
				"bits_per_second":	7708007860.3758574,
				"retransmits":	19302,
				"omitted":	false,
				"sender":	true
			}
		}, {
			"streams":	[{
					"socket":	5,
					"start":	60.000034,
					"end":	80.000135,
					"seconds":	20.000101089477539,
					"bytes":	18158977024,
					"bits_per_second":	7263554096.1555672,
					"retransmits":	7523,
					"snd_cwnd":	799296,
					"rtt":	598,
					"rttvar":	7,
					"pmtu":	1500,
					"omitted":	false,
					"sender":	true
				}],
			"sum":	{
				"start":	60.000034,
				"end":	80.000135,
				"seconds":	20.000101089477539,
				"bytes":	18158977024,
				"bits_per_second":	7263554096.1555672,
				"retransmits":	7523,
				"omitted":	false,
				"sender":	true
			}
		}],
	"end":	{
		"streams":	[{
				"sender":	{
					"socket":	5,
					"start":	0,
					"end":	80.000135,
					"seconds":	80.000135,
					"bytes":	75969069056,
					"bits_per_second":	7596894085.84123,
					"retransmits":	26825,
					"max_snd_cwnd":	799296,
					"max_rtt":	598,
					"min_rtt":	488,
					"mean_rtt":	543,
					"sender":	true
				},
				"receiver":	{
					"socket":	5,
					"start":	0,
					"end":	80.000747,
					"seconds":	80.000135,
					"bytes":	75967119472,
					"bits_per_second":	7596641013.5645351,
					"sender":	true
				}
			}],
		"sum_sent":	{
			"start":	0,
			"end":	80.000135,
			"seconds":	80.000135,
			"bytes":	75969069056,
			"bits_per_second":	7596894085.84123,
			"retransmits":	26825,
			"sender":	true
		},
		"sum_received":	{
			"start":	0,
			"end":	80.000747,
			"seconds":	80.000747,
			"bytes":	75967119472,
			"bits_per_second":	7596641013.5645351,
			"sender":	true
		},
		"cpu_utilization_percent":	{
			"host_total":	39.6274900079939,
			"host_user":	1.4454589456742835,
			"host_system":	38.182029812354038,
			"remote_total":	90.5208938725599,
			"remote_user":	1.118543780386215,
			"remote_system":	89.402347593564173
		},
		"sender_tcp_congestion":	"cubic",
		"receiver_tcp_congestion":	"reno"
	}
}
