{
	"start":	{
		"connected":	[{
				"socket":	5,
				"local_host":	"10.0.1.1",
				"local_port":	41484,
				"remote_host":	"10.0.0.1",
				"remote_port":	5201
			}],
		"version":	"iperf 3.9+",
		"system_info":	"Linux han-3 5.10.0 #9 SMP PREEMPT Tue Feb 23 15:01:43 PST 2021 x86_64",
		"timestamp":	{
			"time":	"Sat, 20 May 2023 18:04:03 GMT",
			"timesecs":	1684605843
		},
		"connecting_to":	{
			"host":	"10.0.0.1",
			"port":	5201
		},
		"cookie":	"g5p3y2hpfjicecvmicadxuqifefvap7agji5",
		"tcp_mss_default":	1448,
		"target_bitrate":	10000000000,
		"sock_bufsize":	0,
		"sndbuf_actual":	16384,
		"rcvbuf_actual":	131072,
		"test_start":	{
			"protocol":	"TCP",
			"num_streams":	1,
			"blksize":	131072,
			"omit":	0,
			"duration":	50,
			"bytes":	0,
			"blocks":	0,
			"reverse":	0,
			"tos":	0
		}
	},
	"intervals":	[{
			"streams":	[{
					"socket":	5,
					"start":	0,
					"end":	50.000109,
					"seconds":	50.0001106262207,
					"bytes":	57109774336,
					"bits_per_second":	9137543676.72153,
					"retransmits":	6598,
					"snd_cwnd":	1482752,
					"rtt":	1256,
					"rttvar":	16,
					"pmtu":	1500,
					"omitted":	false,
					"sender":	true
				}],
			"sum":	{
				"start":	0,
				"end":	50.000109,
				"seconds":	50.0001106262207,
				"bytes":	57109774336,
				"bits_per_second":	9137543676.72153,
				"retransmits":	6598,
				"omitted":	false,
				"sender":	true
			}
		}],
	"end":	{
		"streams":	[{
				"sender":	{
					"socket":	5,
					"start":	0,
					"end":	50.000109,
					"seconds":	50.000109,
					"bytes":	57109774336,
					"bits_per_second":	9137543973.9141369,
					"retransmits":	6598,
					"max_snd_cwnd":	1482752,
					"max_rtt":	1256,
					"min_rtt":	1256,
					"mean_rtt":	1256,
					"sender":	true
				},
				"receiver":	{
					"socket":	5,
					"start":	0,
					"end":	50.001357,
					"seconds":	50.000109,
					"bytes":	57108550432,
					"bits_per_second":	9137120087.68082,
					"sender":	true
				}
			}],
		"sum_sent":	{
			"start":	0,
			"end":	50.000109,
			"seconds":	50.000109,
			"bytes":	57109774336,
			"bits_per_second":	9137543973.9141369,
			"retransmits":	6598,
			"sender":	true
		},
		"sum_received":	{
			"start":	0,
			"end":	50.001357,
			"seconds":	50.001357,
			"bytes":	57108550432,
			"bits_per_second":	9137120087.68082,
			"sender":	true
		},
		"cpu_utilization_percent":	{
			"host_total":	46.6300275058695,
			"host_user":	1.8007919874493159,
			"host_system":	44.829231518584585,
			"remote_total":	82.745768500262429,
			"remote_user":	0.9458380223435856,
			"remote_system":	81.799930477918849
		},
		"sender_tcp_congestion":	"cubic",
		"receiver_tcp_congestion":	"reno"
	}
}
