{
	"start":	{
		"connected":	[{
				"socket":	5,
				"local_host":	"10.0.1.1",
				"local_port":	40610,
				"remote_host":	"10.0.0.1",
				"remote_port":	5201
			}],
		"version":	"iperf 3.9+",
		"system_info":	"Linux han-3 5.10.0 #9 SMP PREEMPT Tue Feb 23 15:01:43 PST 2021 x86_64",
		"timestamp":	{
			"time":	"Sat, 20 May 2023 15:00:33 GMT",
			"timesecs":	1684594833
		},
		"connecting_to":	{
			"host":	"10.0.0.1",
			"port":	5201
		},
		"cookie":	"anikvd5ifc4k2vbqgx4pq7n5to54oiiuld7f",
		"tcp_mss_default":	1448,
		"target_bitrate":	5000000000,
		"sock_bufsize":	0,
		"sndbuf_actual":	16384,
		"rcvbuf_actual":	131072,
		"test_start":	{
			"protocol":	"TCP",
			"num_streams":	1,
			"blksize":	131072,
			"omit":	0,
			"duration":	50,
			"bytes":	0,
			"blocks":	0,
			"reverse":	0,
			"tos":	0
		}
	},
	"intervals":	[{
			"streams":	[{
					"socket":	5,
					"start":	0,
					"end":	50.000073,
					"seconds":	50.000072479248047,
					"bytes":	31249924096,
					"bits_per_second":	4999980607.4633064,
					"retransmits":	4011,
					"snd_cwnd":	412680,
					"rtt":	298,
					"rttvar":	18,
					"pmtu":	1500,
					"omitted":	false,
					"sender":	true
				}],
			"sum":	{
				"start":	0,
				"end":	50.000073,
				"seconds":	50.000072479248047,
				"bytes":	31249924096,
				"bits_per_second":	4999980607.4633064,
				"retransmits":	4011,
				"omitted":	false,
				"sender":	true
			}
		}],
	"end":	{
		"streams":	[{
				"sender":	{
					"socket":	5,
					"start":	0,
					"end":	50.000073,
					"seconds":	50.000073,
					"bytes":	31249924096,
					"bits_per_second":	4999980555.38839,
					"retransmits":	4011,
					"max_snd_cwnd":	412680,
					"max_rtt":	298,
					"min_rtt":	298,
					"mean_rtt":	298,
					"sender":	true
				},
				"receiver":	{
					"socket":	5,
					"start":	0,
					"end":	50.000714,
					"seconds":	50.000073,
					"bytes":	31249530880,
					"bits_per_second":	4999853542.891407,
					"sender":	true
				}
			}],
		"sum_sent":	{
			"start":	0,
			"end":	50.000073,
			"seconds":	50.000073,
			"bytes":	31249924096,
			"bits_per_second":	4999980555.38839,
			"retransmits":	4011,
			"sender":	true
		},
		"sum_received":	{
			"start":	0,
			"end":	50.000714,
			"seconds":	50.000714,
			"bytes":	31249530880,
			"bits_per_second":	4999853542.891407,
			"sender":	true
		},
		"cpu_utilization_percent":	{
			"host_total":	40.291813656282336,
			"host_user":	1.9505294926024628,
			"host_system":	38.341278163933666,
			"remote_total":	65.3789140079747,
			"remote_user":	0,
			"remote_system":	65.3789160060848
		},
		"sender_tcp_congestion":	"cubic",
		"receiver_tcp_congestion":	"reno"
	}
}
