{
	"start":	{
		"connected":	[{
				"socket":	5,
				"local_host":	"10.0.1.1",
				"local_port":	41524,
				"remote_host":	"10.0.0.1",
				"remote_port":	5201
			}],
		"version":	"iperf 3.9+",
		"system_info":	"Linux han-3 5.10.0 #9 SMP PREEMPT Tue Feb 23 15:01:43 PST 2021 x86_64",
		"timestamp":	{
			"time":	"Sat, 20 May 2023 18:11:33 GMT",
			"timesecs":	1684606293
		},
		"connecting_to":	{
			"host":	"10.0.0.1",
			"port":	5201
		},
		"cookie":	"upjbnpwezoxvxmctcwnfu4iqphadwujqva2u",
		"tcp_mss_default":	1448,
		"target_bitrate":	10000000000,
		"sock_bufsize":	0,
		"sndbuf_actual":	16384,
		"rcvbuf_actual":	131072,
		"test_start":	{
			"protocol":	"TCP",
			"num_streams":	1,
			"blksize":	131072,
			"omit":	0,
			"duration":	50,
			"bytes":	0,
			"blocks":	0,
			"reverse":	0,
			"tos":	0
		}
	},
	"intervals":	[{
			"streams":	[{
					"socket":	5,
					"start":	0,
					"end":	50.000211,
					"seconds":	50.0002098083496,
					"bytes":	54623600640,
					"bits_per_second":	8739739428.9938869,
					"retransmits":	8587,
					"snd_cwnd":	548792,
					"rtt":	417,
					"rttvar":	16,
					"pmtu":	1500,
					"omitted":	false,
					"sender":	true
				}],
			"sum":	{
				"start":	0,
				"end":	50.000211,
				"seconds":	50.0002098083496,
				"bytes":	54623600640,
				"bits_per_second":	8739739428.9938869,
				"retransmits":	8587,
				"omitted":	false,
				"sender":	true
			}
		}],
	"end":	{
		"streams":	[{
				"sender":	{
					"socket":	5,
					"start":	0,
					"end":	50.000211,
					"seconds":	50.000211,
					"bytes":	54623600640,
					"bits_per_second":	8739739220.70049,
					"retransmits":	8587,
					"max_snd_cwnd":	548792,
					"max_rtt":	417,
					"min_rtt":	417,
					"mean_rtt":	417,
					"sender":	true
				},
				"receiver":	{
					"socket":	5,
					"start":	0,
					"end":	50.000697,
					"seconds":	50.000211,
					"bytes":	54621562416,
					"bits_per_second":	8739328160.3254452,
					"sender":	true
				}
			}],
		"sum_sent":	{
			"start":	0,
			"end":	50.000211,
			"seconds":	50.000211,
			"bytes":	54623600640,
			"bits_per_second":	8739739220.70049,
			"retransmits":	8587,
			"sender":	true
		},
		"sum_received":	{
			"start":	0,
			"end":	50.000697,
			"seconds":	50.000697,
			"bytes":	54621562416,
			"bits_per_second":	8739328160.3254452,
			"sender":	true
		},
		"cpu_utilization_percent":	{
			"host_total":	47.833551857401247,
			"host_user":	1.6268730205839272,
			"host_system":	46.206680836732524,
			"remote_total":	83.6862590662359,
			"remote_user":	1.1765427904032264,
			"remote_system":	82.509698289945845
		},
		"sender_tcp_congestion":	"cubic",
		"receiver_tcp_congestion":	"reno"
	}
}
