{
	"start":	{
		"connected":	[{
				"socket":	5,
				"local_host":	"10.0.1.1",
				"local_port":	41062,
				"remote_host":	"10.0.0.1",
				"remote_port":	5201
			}],
		"version":	"iperf 3.9+",
		"system_info":	"Linux han-3 5.10.0 #9 SMP PREEMPT Tue Feb 23 15:01:43 PST 2021 x86_64",
		"timestamp":	{
			"time":	"Sat, 20 May 2023 16:59:48 GMT",
			"timesecs":	1684601988
		},
		"connecting_to":	{
			"host":	"10.0.0.1",
			"port":	5201
		},
		"cookie":	"rhxdmp5ded5thnwdpcskkgbrsrtpxdt5tqre",
		"tcp_mss_default":	1448,
		"target_bitrate":	5000000000,
		"sock_bufsize":	0,
		"sndbuf_actual":	16384,
		"rcvbuf_actual":	131072,
		"test_start":	{
			"protocol":	"TCP",
			"num_streams":	1,
			"blksize":	131072,
			"omit":	0,
			"duration":	100,
			"bytes":	0,
			"blocks":	0,
			"reverse":	0,
			"tos":	0
		}
	},
	"intervals":	[{
			"streams":	[{
					"socket":	5,
					"start":	0,
					"end":	60.000063,
					"seconds":	60.000064849853516,
					"bytes":	37499699200,
					"bits_per_second":	4999954489.2280636,
					"retransmits":	7219,
					"snd_cwnd":	514040,
					"rtt":	567,
					"rttvar":	15,
					"pmtu":	1500,
					"omitted":	false,
					"sender":	true
				}],
			"sum":	{
				"start":	0,
				"end":	60.000063,
				"seconds":	60.000064849853516,
				"bytes":	37499699200,
				"bits_per_second":	4999954489.2280636,
				"retransmits":	7219,
				"omitted":	false,
				"sender":	true
			}
		}, {
			"streams":	[{
					"socket":	5,
					"start":	60.000063,
					"end":	100.000087,
					"seconds":	40.0000228881836,
					"bytes":	24999886848,
					"bits_per_second":	4999974508.5916367,
					"retransmits":	3377,
					"snd_cwnd":	557480,
					"rtt":	721,
					"rttvar":	13,
					"pmtu":	1500,
					"omitted":	false,
					"sender":	true
				}],
			"sum":	{
				"start":	60.000063,
				"end":	100.000087,
				"seconds":	40.0000228881836,
				"bytes":	24999886848,
				"bits_per_second":	4999974508.5916367,
				"retransmits":	3377,
				"omitted":	false,
				"sender":	true
			}
		}],
	"end":	{
		"streams":	[{
				"sender":	{
					"socket":	5,
					"start":	0,
					"end":	100.000087,
					"seconds":	100.000087,
					"bytes":	62499586048,
					"bits_per_second":	4999962533.8725958,
					"retransmits":	10596,
					"max_snd_cwnd":	557480,
					"max_rtt":	721,
					"min_rtt":	567,
					"mean_rtt":	644,
					"sender":	true
				},
				"receiver":	{
					"socket":	5,
					"start":	0,
					"end":	100.000222,
					"seconds":	100.000087,
					"bytes":	62499586048,
					"bits_per_second":	4999955783.93816,
					"sender":	true
				}
			}],
		"sum_sent":	{
			"start":	0,
			"end":	100.000087,
			"seconds":	100.000087,
			"bytes":	62499586048,
			"bits_per_second":	4999962533.8725958,
			"retransmits":	10596,
			"sender":	true
		},
		"sum_received":	{
			"start":	0,
			"end":	100.000222,
			"seconds":	100.000222,
			"bytes":	62499586048,
			"bits_per_second":	4999955783.93816,
			"sender":	true
		},
		"cpu_utilization_percent":	{
			"host_total":	34.800226778915615,
			"host_user":	1.1748656595119138,
			"host_system":	33.625360119426126,
			"remote_total":	66.4947262787133,
			"remote_user":	3.28141147582932,
			"remote_system":	63.213312804014876
		},
		"sender_tcp_congestion":	"cubic",
		"receiver_tcp_congestion":	"reno"
	}
}
