{
	"start":	{
		"connected":	[{
				"socket":	5,
				"local_host":	"10.0.1.1",
				"local_port":	40090,
				"remote_host":	"10.0.0.1",
				"remote_port":	5201
			}],
		"version":	"iperf 3.9+",
		"system_info":	"Linux han-3 5.10.0 #9 SMP PREEMPT Tue Feb 23 15:01:43 PST 2021 x86_64",
		"timestamp":	{
			"time":	"Sat, 20 May 2023 13:24:28 GMT",
			"timesecs":	1684589068
		},
		"connecting_to":	{
			"host":	"10.0.0.1",
			"port":	5201
		},
		"cookie":	"dvmwnz63maavmpa2npcijzcjtc33hpika74e",
		"tcp_mss_default":	1448,
		"target_bitrate":	1000000000,
		"sock_bufsize":	0,
		"sndbuf_actual":	16384,
		"rcvbuf_actual":	131072,
		"test_start":	{
			"protocol":	"TCP",
			"num_streams":	1,
			"blksize":	131072,
			"omit":	0,
			"duration":	90,
			"bytes":	0,
			"blocks":	0,
			"reverse":	0,
			"tos":	0
		}
	},
	"intervals":	[{
			"streams":	[{
					"socket":	5,
					"start":	0,
					"end":	60.000119,
					"seconds":	60.000118255615234,
					"bytes":	7499939840,
					"bits_per_second":	999990007.75944,
					"retransmits":	61,
					"snd_cwnd":	296840,
					"rtt":	377,
					"rttvar":	24,
					"pmtu":	1500,
					"omitted":	false,
					"sender":	true
				}],
			"sum":	{
				"start":	0,
				"end":	60.000119,
				"seconds":	60.000118255615234,
				"bytes":	7499939840,
				"bits_per_second":	999990007.75944,
				"retransmits":	61,
				"omitted":	false,
				"sender":	true
			}
		}, {
			"streams":	[{
					"socket":	5,
					"start":	60.000119,
					"end":	90.000145,
					"seconds":	30.000026702880859,
					"bytes":	3749969920,
					"bits_per_second":	999991088.57857,
					"retransmits":	0,
					"snd_cwnd":	296840,
					"rtt":	409,
					"rttvar":	37,
					"pmtu":	1500,
					"omitted":	false,
					"sender":	true
				}],
			"sum":	{
				"start":	60.000119,
				"end":	90.000145,
				"seconds":	30.000026702880859,
				"bytes":	3749969920,
				"bits_per_second":	999991088.57857,
				"retransmits":	0,
				"omitted":	false,
				"sender":	true
			}
		}],
	"end":	{
		"streams":	[{
				"sender":	{
					"socket":	5,
					"start":	0,
					"end":	90.000145,
					"seconds":	90.000145,
					"bytes":	11249909760,
					"bits_per_second":	999990367.57107449,
					"retransmits":	61,
					"max_snd_cwnd":	296840,
					"max_rtt":	409,
					"min_rtt":	377,
					"mean_rtt":	393,
					"sender":	true
				},
				"receiver":	{
					"socket":	5,
					"start":	0,
					"end":	90.000294,
					"seconds":	90.000145,
					"bytes":	11249909760,
					"bits_per_second":	999988712.036874,
					"sender":	true
				}
			}],
		"sum_sent":	{
			"start":	0,
			"end":	90.000145,
			"seconds":	90.000145,
			"bytes":	11249909760,
			"bits_per_second":	999990367.57107449,
			"retransmits":	61,
			"sender":	true
		},
		"sum_received":	{
			"start":	0,
			"end":	90.000294,
			"seconds":	90.000294,
			"bytes":	11249909760,
			"bits_per_second":	999988712.036874,
			"sender":	true
		},
		"cpu_utilization_percent":	{
			"host_total":	7.6517068955559653,
			"host_user":	1.3262290488647182,
			"host_system":	6.3254756245283321,
			"remote_total":	32.979464412489342,
			"remote_user":	0,
			"remote_system":	32.979464412489342
		},
		"sender_tcp_congestion":	"cubic",
		"receiver_tcp_congestion":	"reno"
	}
}
