{
	"start":	{
		"connected":	[{
				"socket":	5,
				"local_host":	"10.0.1.1",
				"local_port":	40414,
				"remote_host":	"10.0.0.1",
				"remote_port":	5201
			}],
		"version":	"iperf 3.9+",
		"system_info":	"Linux han-3 5.10.0 #9 SMP PREEMPT Tue Feb 23 15:01:43 PST 2021 x86_64",
		"timestamp":	{
			"time":	"Sat, 20 May 2023 14:34:41 GMT",
			"timesecs":	1684593281
		},
		"connecting_to":	{
			"host":	"10.0.0.1",
			"port":	5201
		},
		"cookie":	"miy57m3sztvan2akvt3e3uwxmwgcu2fup3sc",
		"tcp_mss_default":	1448,
		"target_bitrate":	5000000000,
		"sock_bufsize":	0,
		"sndbuf_actual":	16384,
		"rcvbuf_actual":	131072,
		"test_start":	{
			"protocol":	"TCP",
			"num_streams":	1,
			"blksize":	131072,
			"omit":	0,
			"duration":	20,
			"bytes":	0,
			"blocks":	0,
			"reverse":	0,
			"tos":	0
		}
	},
	"intervals":	[{
			"streams":	[{
					"socket":	5,
					"start":	0,
					"end":	20.000079,
					"seconds":	20.000078201293945,
					"bytes":	12499812352,
					"bits_per_second":	4999905390.84644,
					"retransmits":	1602,
					"snd_cwnd":	570512,
					"rtt":	520,
					"rttvar":	25,
					"pmtu":	1500,
					"omitted":	false,
					"sender":	true
				}],
			"sum":	{
				"start":	0,
				"end":	20.000079,
				"seconds":	20.000078201293945,
				"bytes":	12499812352,
				"bits_per_second":	4999905390.84644,
				"retransmits":	1602,
				"omitted":	false,
				"sender":	true
			}
		}],
	"end":	{
		"streams":	[{
				"sender":	{
					"socket":	5,
					"start":	0,
					"end":	20.000079,
					"seconds":	20.000079,
					"bytes":	12499812352,
					"bits_per_second":	4999905191.1744947,
					"retransmits":	1602,
					"max_snd_cwnd":	570512,
					"max_rtt":	520,
					"min_rtt":	520,
					"mean_rtt":	520,
					"sender":	true
				},
				"receiver":	{
					"socket":	5,
					"start":	0,
					"end":	20.00025,
					"seconds":	20.000079,
					"bytes":	12499311232,
					"bits_per_second":	4999661997.0250368,
					"sender":	true
				}
			}],
		"sum_sent":	{
			"start":	0,
			"end":	20.000079,
			"seconds":	20.000079,
			"bytes":	12499812352,
			"bits_per_second":	4999905191.1744947,
			"retransmits":	1602,
			"sender":	true
		},
		"sum_received":	{
			"start":	0,
			"end":	20.00025,
			"seconds":	20.00025,
			"bytes":	12499311232,
			"bits_per_second":	4999661997.0250368,
			"sender":	true
		},
		"cpu_utilization_percent":	{
			"host_total":	34.814102030178553,
			"host_user":	0.66971684570145029,
			"host_system":	34.1443851844771,
			"remote_total":	66.701393165064943,
			"remote_user":	0,
			"remote_system":	66.701333308991863
		},
		"sender_tcp_congestion":	"cubic",
		"receiver_tcp_congestion":	"reno"
	}
}
