{
	"start":	{
		"connected":	[{
				"socket":	5,
				"local_host":	"10.0.1.1",
				"local_port":	40210,
				"remote_host":	"10.0.0.1",
				"remote_port":	5201
			}],
		"version":	"iperf 3.9+",
		"system_info":	"Linux han-3 5.10.0 #9 SMP PREEMPT Tue Feb 23 15:01:43 PST 2021 x86_64",
		"timestamp":	{
			"time":	"Sat, 20 May 2023 14:04:39 GMT",
			"timesecs":	1684591479
		},
		"connecting_to":	{
			"host":	"10.0.0.1",
			"port":	5201
		},
		"cookie":	"yhgqvrq2vfn2xbnbyb2b4opup6mya7ocierd",
		"tcp_mss_default":	1448,
		"target_bitrate":	1000000000,
		"sock_bufsize":	0,
		"sndbuf_actual":	16384,
		"rcvbuf_actual":	131072,
		"test_start":	{
			"protocol":	"TCP",
			"num_streams":	1,
			"blksize":	131072,
			"omit":	0,
			"duration":	100,
			"bytes":	0,
			"blocks":	0,
			"reverse":	0,
			"tos":	0
		}
	},
	"intervals":	[{
			"streams":	[{
					"socket":	5,
					"start":	0,
					"end":	60.000061,
					"seconds":	60.00006103515625,
					"bytes":	7499939840,
					"bits_per_second":	999990961.423257,
					"retransmits":	119,
					"snd_cwnd":	143352,
					"rtt":	381,
					"rttvar":	37,
					"pmtu":	1500,
					"omitted":	false,
					"sender":	true
				}],
			"sum":	{
				"start":	0,
				"end":	60.000061,
				"seconds":	60.00006103515625,
				"bytes":	7499939840,
				"bits_per_second":	999990961.423257,
				"retransmits":	119,
				"omitted":	false,
				"sender":	true
			}
		}, {
			"streams":	[{
					"socket":	5,
					"start":	60.000061,
					"end":	100.000095,
					"seconds":	40.0000343322754,
					"bytes":	5000003584,
					"bits_per_second":	999999858.49323666,
					"retransmits":	0,
					"snd_cwnd":	143352,
					"rtt":	383,
					"rttvar":	36,
					"pmtu":	1500,
					"omitted":	false,
					"sender":	true
				}],
			"sum":	{
				"start":	60.000061,
				"end":	100.000095,
				"seconds":	40.0000343322754,
				"bytes":	5000003584,
				"bits_per_second":	999999858.49323666,
				"retransmits":	0,
				"omitted":	false,
				"sender":	true
			}
		}],
	"end":	{
		"streams":	[{
				"sender":	{
					"socket":	5,
					"start":	0,
					"end":	100.000095,
					"seconds":	100.000095,
					"bytes":	12499943424,
					"bits_per_second":	999994523.92520225,
					"retransmits":	119,
					"max_snd_cwnd":	143352,
					"max_rtt":	383,
					"min_rtt":	381,
					"mean_rtt":	382,
					"sender":	true
				},
				"receiver":	{
					"socket":	5,
					"start":	0,
					"end":	100.000271,
					"seconds":	100.000095,
					"bytes":	12499943424,
					"bits_per_second":	999992763.93960977,
					"sender":	true
				}
			}],
		"sum_sent":	{
			"start":	0,
			"end":	100.000095,
			"seconds":	100.000095,
			"bytes":	12499943424,
			"bits_per_second":	999994523.92520225,
			"retransmits":	119,
			"sender":	true
		},
		"sum_received":	{
			"start":	0,
			"end":	100.000271,
			"seconds":	100.000271,
			"bytes":	12499943424,
			"bits_per_second":	999992763.93960977,
			"sender":	true
		},
		"cpu_utilization_percent":	{
			"host_total":	6.8208810675327776,
			"host_user":	3.4104410337536391,
			"host_system":	3.4104410337536391,
			"remote_total":	31.9630422705088,
			"remote_user":	1.9959264494010396,
			"remote_system":	29.967115821107765
		},
		"sender_tcp_congestion":	"cubic",
		"receiver_tcp_congestion":	"reno"
	}
}
