{
	"start":	{
		"connected":	[{
				"socket":	5,
				"local_host":	"10.0.1.1",
				"local_port":	40844,
				"remote_host":	"10.0.0.1",
				"remote_port":	5201
			}],
		"version":	"iperf 3.9+",
		"system_info":	"Linux han-3 5.10.0 #9 SMP PREEMPT Tue Feb 23 15:01:43 PST 2021 x86_64",
		"timestamp":	{
			"time":	"Sat, 20 May 2023 15:52:46 GMT",
			"timesecs":	1684597966
		},
		"connecting_to":	{
			"host":	"10.0.0.1",
			"port":	5201
		},
		"cookie":	"pns3nbynlkne672gxrst3n2itwzivd66h6kx",
		"tcp_mss_default":	1448,
		"target_bitrate":	5000000000,
		"sock_bufsize":	0,
		"sndbuf_actual":	16384,
		"rcvbuf_actual":	131072,
		"test_start":	{
			"protocol":	"TCP",
			"num_streams":	1,
			"blksize":	131072,
			"omit":	0,
			"duration":	70,
			"bytes":	0,
			"blocks":	0,
			"reverse":	0,
			"tos":	0
		}
	},
	"intervals":	[{
			"streams":	[{
					"socket":	5,
					"start":	0,
					"end":	60.000089,
					"seconds":	60.0000877380371,
					"bytes":	37499568128,
					"bits_per_second":	4999935105.65847,
					"retransmits":	6452,
					"snd_cwnd":	582096,
					"rtt":	784,
					"rttvar":	70,
					"pmtu":	1500,
					"omitted":	false,
					"sender":	true
				}],
			"sum":	{
				"start":	0,
				"end":	60.000089,
				"seconds":	60.0000877380371,
				"bytes":	37499568128,
				"bits_per_second":	4999935105.65847,
				"retransmits":	6452,
				"omitted":	false,
				"sender":	true
			}
		}, {
			"streams":	[{
					"socket":	5,
					"start":	60.000089,
					"end":	70.000077,
					"seconds":	9.9999876022338867,
					"bytes":	6250168320,
					"bits_per_second":	5000140855.0576859,
					"retransmits":	2198,
					"snd_cwnd":	498112,
					"rtt":	635,
					"rttvar":	12,
					"pmtu":	1500,
					"omitted":	false,
					"sender":	true
				}],
			"sum":	{
				"start":	60.000089,
				"end":	70.000077,
				"seconds":	9.9999876022338867,
				"bytes":	6250168320,
				"bits_per_second":	5000140855.0576859,
				"retransmits":	2198,
				"omitted":	false,
				"sender":	true
			}
		}],
	"end":	{
		"streams":	[{
				"sender":	{
					"socket":	5,
					"start":	0,
					"end":	70.000077,
					"seconds":	70.000077,
					"bytes":	43749736448,
					"bits_per_second":	4999964379.81061,
					"retransmits":	8650,
					"max_snd_cwnd":	582096,
					"max_rtt":	784,
					"min_rtt":	635,
					"mean_rtt":	709,
					"sender":	true
				},
				"receiver":	{
					"socket":	5,
					"start":	0,
					"end":	70.000189,
					"seconds":	70.000077,
					"bytes":	43749736448,
					"bits_per_second":	4999956379.8892021,
					"sender":	true
				}
			}],
		"sum_sent":	{
			"start":	0,
			"end":	70.000077,
			"seconds":	70.000077,
			"bytes":	43749736448,
			"bits_per_second":	4999964379.81061,
			"retransmits":	8650,
			"sender":	true
		},
		"sum_received":	{
			"start":	0,
			"end":	70.000189,
			"seconds":	70.000189,
			"bytes":	43749736448,
			"bits_per_second":	4999956379.8892021,
			"sender":	true
		},
		"cpu_utilization_percent":	{
			"host_total":	28.983930214744742,
			"host_user":	1.6362918983380232,
			"host_system":	27.347635459352837,
			"remote_total":	66.275436960716362,
			"remote_user":	4.85165027587364,
			"remote_system":	61.423770981043333
		},
		"sender_tcp_congestion":	"cubic",
		"receiver_tcp_congestion":	"reno"
	}
}
