{
	"start":	{
		"connected":	[{
				"socket":	5,
				"local_host":	"10.0.1.1",
				"local_port":	41854,
				"remote_host":	"10.0.0.1",
				"remote_port":	5201
			}],
		"version":	"iperf 3.9+",
		"system_info":	"Linux han-3 5.10.0 #9 SMP PREEMPT Tue Feb 23 15:01:43 PST 2021 x86_64",
		"timestamp":	{
			"time":	"Sat, 20 May 2023 19:35:56 GMT",
			"timesecs":	1684611356
		},
		"connecting_to":	{
			"host":	"10.0.0.1",
			"port":	5201
		},
		"cookie":	"omz3p5bhkwyizhkt26smswlhmcscb66ibriu",
		"tcp_mss_default":	1448,
		"target_bitrate":	10000000000,
		"sock_bufsize":	0,
		"sndbuf_actual":	16384,
		"rcvbuf_actual":	131072,
		"test_start":	{
			"protocol":	"TCP",
			"num_streams":	1,
			"blksize":	131072,
			"omit":	0,
			"duration":	90,
			"bytes":	0,
			"blocks":	0,
			"reverse":	0,
			"tos":	0
		}
	},
	"intervals":	[{
			"streams":	[{
					"socket":	5,
					"start":	0,
					"end":	60.000135,
					"seconds":	60.0001335144043,
					"bytes":	62923472896,
					"bits_per_second":	8389777716.8637657,
					"retransmits":	14338,
					"snd_cwnd":	654496,
					"rtt":	875,
					"rttvar":	34,
					"pmtu":	1500,
					"omitted":	false,
					"sender":	true
				}],
			"sum":	{
				"start":	0,
				"end":	60.000135,
				"seconds":	60.0001335144043,
				"bytes":	62923472896,
				"bits_per_second":	8389777716.8637657,
				"retransmits":	14338,
				"omitted":	false,
				"sender":	true
			}
		}, {
			"streams":	[{
					"socket":	5,
					"start":	60.000135,
					"end":	90.00021,
					"seconds":	30.00007438659668,
					"bytes":	29218177024,
					"bits_per_second":	7791494553.6412373,
					"retransmits":	12042,
					"snd_cwnd":	528520,
					"rtt":	1037,
					"rttvar":	19,
					"pmtu":	1500,
					"omitted":	false,
					"sender":	true
				}],
			"sum":	{
				"start":	60.000135,
				"end":	90.00021,
				"seconds":	30.00007438659668,
				"bytes":	29218177024,
				"bits_per_second":	7791494553.6412373,
				"retransmits":	12042,
				"omitted":	false,
				"sender":	true
			}
		}],
	"end":	{
		"streams":	[{
				"sender":	{
					"socket":	5,
					"start":	0,
					"end":	90.00021,
					"seconds":	90.00021,
					"bytes":	92141649920,
					"bits_per_second":	8190349770.9616461,
					"retransmits":	26380,
					"max_snd_cwnd":	654496,
					"max_rtt":	1037,
					"min_rtt":	875,
					"mean_rtt":	956,
					"sender":	true
				},
				"receiver":	{
					"socket":	5,
					"start":	0,
					"end":	90.000311,
					"seconds":	90.00021,
					"bytes":	92134783520,
					"bits_per_second":	8189730235.0433,
					"sender":	true
				}
			}],
		"sum_sent":	{
			"start":	0,
			"end":	90.00021,
			"seconds":	90.00021,
			"bytes":	92141649920,
			"bits_per_second":	8190349770.9616461,
			"retransmits":	26380,
			"sender":	true
		},
		"sum_received":	{
			"start":	0,
			"end":	90.000311,
			"seconds":	90.000311,
			"bytes":	92134783520,
			"bits_per_second":	8189730235.0433,
			"sender":	true
		},
		"cpu_utilization_percent":	{
			"host_total":	45.2817275819341,
			"host_user":	1.5622468297325729,
			"host_system":	43.719478530039133,
			"remote_total":	86.701319643087942,
			"remote_user":	1.4069759541028166,
			"remote_system":	85.2943414677639
		},
		"sender_tcp_congestion":	"cubic",
		"receiver_tcp_congestion":	"reno"
	}
}
